# folder, file_index, meas_index, Unix_time_NZ, GPS_lon, GPS_lat, snow_depth
20231116_S01_to_S02, 1, 1000, 1700098391.8689866, 166.8557327753212, -77.87260078796233
20231116_S01_to_S02, 1, 1001, 1700098391.9692376, 166.85572046063822, -77.87260078277977
20231116_S01_to_S02, 1, 1002, 1700098392.069486, 166.85570814627732, -77.87260077759734
20231116_S01_to_S02, 1, 1003, 1700098392.169733, 166.85569583206276, -77.87260077241498
20231116_S01_to_S02, 1, 1004, 1700098392.2699802, 166.85568351784818, -77.87260076723263
20231116_S01_to_S02, 1, 1005, 1700098392.3702385, 166.85567120225707, -77.87260076204969
20231116_S01_to_S02, 1, 1006, 1700098392.4861016, 166.85565696980282, -77.87260075606002
20231116_S01_to_S02, 1, 1007, 1700098392.5863485, 166.85564465561743, -77.87260075087768
20231116_S01_to_S02, 1, 1008, 1700098392.6865969, 166.8556323412563, -77.87260074569525
20231116_S01_to_S02, 1, 1009, 1700098392.786844, 166.85562002704157, -77.87260074051288
20231116_S01_to_S02, 1, 1010, 1700098392.8870919, 166.85560771273907, -77.8726007353305
20231116_S01_to_S02, 1, 1011, 1700098392.9873512, 166.85559539703078, -77.87260073014751
20231116_S01_to_S02, 1, 1012, 1700098393.1032135, 166.85558116466444, -77.87260072415789
20231116_S01_to_S02, 1, 1013, 1700098393.2034626, 166.85556885021558, -77.87260071897543
20231116_S01_to_S02, 1, 1014, 1700098393.303709, 166.85555653608893, -77.8726007137931
20231116_S01_to_S02, 1, 1015, 1700098393.4039574, 166.8555442217281, -77.87260070861069
20231116_S01_to_S02, 1, 1016, 1700098393.5042064, 166.85553190727956, -77.87260070342823
20231116_S01_to_S02, 1, 1017, 1700098393.6044686, 166.8555195912203, -77.8726006982451
20231116_S01_to_S02, 1, 1018, 1700098393.7203326, 166.85550535864965, -77.8726006922554
20231116_S01_to_S02, 1, 1019, 1700098393.8205826, 166.8554930440843, -77.87260068707289
20231116_S01_to_S02, 1, 1020, 1700098393.9273345, 166.8554799308336, -77.87260068155426
20231116_S01_to_S02, 1, 1021, 1700098394.0275834, 166.85546761641513, -77.87260067637183
20231116_S01_to_S02, 1, 1022, 1700098394.1278498, 166.85545529982952, -77.87260067118845
20231116_S01_to_S02, 1, 1023, 1700098394.228118, 166.85544298303915, -77.87260066600503
20231116_S01_to_S02, 1, 1024, 1700098394.3283665, 166.8554306686504, -77.87260066082257
20231116_S01_to_S02, 1, 1025, 1700098394.4286246, 166.85541835309027, -77.87260065563966
20231116_S01_to_S02, 1, 1026, 1700098394.5445213, 166.85540411650857, -77.87260064964828
20231116_S01_to_S02, 1, 1027, 1700098394.6447687, 166.85539180226627, -77.87260064446589
20231116_S01_to_S02, 1, 1028, 1700098394.7450185, 166.855379487731, -77.87260063928339
20231116_S01_to_S02, 1, 1029, 1700098394.845265, 166.85536717360554, -77.87260063410106
20231116_S01_to_S02, 1, 1030, 1700098394.9455218, 166.85535485819125, -77.8726006289182
20231116_S01_to_S02, 1, 1031, 1700098395.0613964, 166.85534062433234, -77.87260062292799
20231116_S01_to_S02, 1, 1032, 1700098395.1616287, 166.8553283119342, -77.87260061774636
20231116_S01_to_S02, 1, 1033, 1700098395.2618766, 166.85531599763235, -77.87260061256396
20231116_S01_to_S02, 1, 1034, 1700098395.3621244, 166.85530368333042, -77.87260060738156
20231116_S01_to_S02, 1, 1035, 1700098395.4623725, 166.85529136899925, -77.87260060219917
20231116_S01_to_S02, 1, 1036, 1700098395.5626335, 166.85527905308652, -77.87260059701607
20231116_S01_to_S02, 1, 1037, 1700098395.6784909, 166.855264821336, -77.87260059102672
20231116_S01_to_S02, 1, 1038, 1700098395.7787397, 166.8552525069171, -77.8726005858443
20231116_S01_to_S02, 1, 1039, 1700098395.8789878, 166.85524019258622, -77.87260058066187
20231116_S01_to_S02, 1, 1040, 1700098395.9792392, 166.8552278778455, -77.87260057547928
20231116_S01_to_S02, 1, 1041, 1700098396.0794969, 166.8552155623434, -77.87260057029638
20231116_S01_to_S02, 1, 1042, 1700098396.1953602, 166.85520132986136, -77.87260056430672
20231116_S01_to_S02, 1, 1043, 1700098396.295608, 166.85518901556011, -77.87260055912432
20231116_S01_to_S02, 1, 1044, 1700098396.3958554, 166.85517670131736, -77.87260055394195
20231116_S01_to_S02, 1, 1045, 1700098396.4961038, 166.85516438695734, -77.87260054875952
20231116_S01_to_S02, 1, 1046, 1700098396.5963504, 166.8551520728022, -77.8726005435772
20231116_S01_to_S02, 1, 1047, 1700098396.696599, 166.8551397584126, -77.87260053839475
20231116_S01_to_S02, 1, 1048, 1700098396.812473, 166.85512552461176, -77.87260053240455
20231116_S01_to_S02, 1, 1049, 1700098396.9127235, 166.85511320998728, -77.87260052722202
20231116_S01_to_S02, 1, 1050, 1700098397.012974, 166.85510089536263, -77.87260052203949
20231116_S01_to_S02, 1, 1051, 1700098397.1132224, 166.85508858100135, -77.87260051685706
20231116_S01_to_S02, 1, 1052, 1700098397.2134821, 166.85507626523423, -77.87260051167407
20231116_S01_to_S02, 1, 1053, 1700098397.3293464, 166.85506203263324, -77.87260050568436
20231116_S01_to_S02, 1, 1054, 1700098397.4295971, 166.85504971797909, -77.8726005005018
20231116_S01_to_S02, 1, 1055, 1700098397.5363505, 166.85503660455163, -77.8726004949831
20231116_S01_to_S02, 1, 1056, 1700098397.636599, 166.85502429016145, -77.87260048980066
20231116_S01_to_S02, 1, 1057, 1700098397.7368653, 166.8550119736044, -77.8726004846173
20231116_S01_to_S02, 1, 1058, 1700098397.8371296, 166.85499965728206, -77.87260047943406
20231116_S01_to_S02, 1, 1059, 1700098397.9373813, 166.8549873425123, -77.87260047425146
20231116_S01_to_S02, 1, 1060, 1700098398.0532734, 166.85497310648714, -77.87260046826032
20231116_S01_to_S02, 1, 1061, 1700098398.1535215, 166.85496079215739, -77.8726004630779
20231116_S01_to_S02, 1, 1062, 1700098398.253769, 166.85494847791554, -77.87260045789552
20231116_S01_to_S02, 1, 1063, 1700098398.3540165, 166.8549361636445, -77.87260045271313
20231116_S01_to_S02, 1, 1064, 1700098398.4542644, 166.85492384934403, -77.87260044753074
20231116_S01_to_S02, 1, 1065, 1700098398.5545216, 166.85491153390115, -77.87260044234785
20231116_S01_to_S02, 1, 1066, 1700098398.6703835, 166.85489730159514, -77.87260043635828
20231116_S01_to_S02, 1, 1067, 1700098398.7706308, 166.85488498735216, -77.87260043117588
20231116_S01_to_S02, 1, 1068, 1700098398.8708787, 166.8548726730501, -77.87260042599348
20231116_S01_to_S02, 1, 1069, 1700098398.9711268, 166.8548603587181, -77.8726004208111
20231116_S01_to_S02, 1, 1070, 1700098399.0713732, 166.85484804459028, -77.87260041562875
20231116_S01_to_S02, 1, 1071, 1700098399.1716316, 166.8548357289973, -77.87260041044583
20231116_S01_to_S02, 1, 1072, 1700098399.287493, 166.85482149674507, -77.87260040445626
20231116_S01_to_S02, 1, 1073, 1700098399.3877397, 166.85480918258605, -77.87260039927394
20231116_S01_to_S02, 1, 1074, 1700098399.4879878, 166.85479686825127, -77.87260039409153
20231116_S01_to_S02, 1, 1075, 1700098399.5882354, 166.85478455397538, -77.87260038890913
20231116_S01_to_S02, 1, 1076, 1700098399.6884937, 166.85477223838225, -77.8726003837262
20231116_S01_to_S02, 1, 1077, 1700098399.8043551, 166.85475800613202, -77.87260037773665
20231116_S01_to_S02, 1, 1078, 1700098399.9046035, 166.85474569177134, -77.87260037255422
20231116_S01_to_S02, 1, 1079, 1700098400.0048509, 166.8547333775291, -77.87260036737185
20231116_S01_to_S02, 1, 1080, 1700098400.1050992, 166.85472106317073, -77.87260036218943
20231116_S01_to_S02, 1, 1081, 1700098400.2053509, 166.85470874840308, -77.87260035700683
20231116_S01_to_S02, 1, 1082, 1700098400.3212192, 166.85469451530912, -77.8726003510169
20231116_S01_to_S02, 1, 1083, 1700098400.4214692, 166.85468220074733, -77.8726003458344
20231116_S01_to_S02, 1, 1084, 1700098400.5217197, 166.854669886127, -77.87260034065187
20231116_S01_to_S02, 1, 1085, 1700098400.6219676, 166.8546575718286, -77.87260033546947
20231116_S01_to_S02, 1, 1086, 1700098400.7222178, 166.85464525723688, -77.87260033028693
20231116_S01_to_S02, 1, 1087, 1700098400.8224773, 166.85463294150233, -77.87260032510395
20231116_S01_to_S02, 1, 1088, 1700098400.9383392, 166.854618709197, -77.87260031911435
20231116_S01_to_S02, 1, 1089, 1700098401.038589, 166.85460639466146, -77.87260031393185
20231116_S01_to_S02, 1, 1090, 1700098401.138838, 166.85459408021313, -77.8726003087494
20231116_S01_to_S02, 1, 1091, 1700098401.2455924, 166.85458096666858, -77.87260030323064
20231116_S01_to_S02, 1, 1092, 1700098401.3458412, 166.85456865224847, -77.8726002980482
20231116_S01_to_S02, 1, 1093, 1700098401.4461093, 166.85455633545587, -77.87260029286473
20231116_S01_to_S02, 1, 1094, 1700098401.546375, 166.85454401895595, -77.87260028768145
20231116_S01_to_S02, 1, 1095, 1700098401.6466348, 166.85453170318803, -77.8726002824984
20231116_S01_to_S02, 1, 1096, 1700098401.7625344, 166.85451746625182, -77.87260027650689
20231116_S01_to_S02, 1, 1097, 1700098401.8627813, 166.85450515206563, -77.87260027132453
20231116_S01_to_S02, 1, 1098, 1700098401.9630337, 166.854492837206, -77.87260026614189
20231116_S01_to_S02, 1, 1099, 1700098402.0632782, 166.85448052331313, -77.87260026095966
20231116_S01_to_S02, 1, 1100, 1700098402.1635258, 166.85446820903965, -77.87260025577727
20231116_S01_to_S02, 1, 1101, 1700098402.2637851, 166.85445589333128, -77.87260025059427
20231116_S01_to_S02, 1, 1102, 1700098402.3796463, 166.85444166111134, -77.87260024460474
20231116_S01_to_S02, 1, 1103, 1700098402.479895, 166.85442934669177, -77.8726002394223
20231116_S01_to_S02, 1, 1104, 1700098402.5845459, 166.8544164915465, -77.87260023401228
20231116_S01_to_S02, 1, 1105, 1700098402.684795, 166.85440417709765, -77.87260022882981
20231116_S01_to_S02, 1, 1106, 1700098402.785042, 166.85439186288312, -77.87260022364745
20231116_S01_to_S02, 1, 1107, 1700098402.885289, 166.8543795486978, -77.8726002184651
20231116_S01_to_S02, 1, 1108, 1700098402.9855459, 166.85436723328243, -77.87260021328225
20231116_S01_to_S02, 1, 1109, 1700098403.1014092, 166.85435300079894, -77.8726002072926
20231116_S01_to_S02, 1, 1110, 1700098403.2016568, 166.8543406865257, -77.8726002021102
20231116_S01_to_S02, 1, 1111, 1700098403.301905, 166.85432837219386, -77.87260019692778
20231116_S01_to_S02, 1, 1112, 1700098403.402152, 166.85431605797925, -77.87260019174543
20231116_S01_to_S02, 1, 1113, 1700098403.5023994, 166.8543037437354, -77.87260018656305
20231116_S01_to_S02, 1, 1114, 1700098403.6026576, 166.85429142817367, -77.87260018138012
20231116_S01_to_S02, 1, 1115, 1700098403.7185209, 166.85427719569043, -77.87260017539046
20231116_S01_to_S02, 1, 1116, 1700098403.8187666, 166.8542648816519, -77.8726001702082
20231116_S01_to_S02, 1, 1117, 1700098403.9190145, 166.85425256734985, -77.87260016502579
20231116_S01_to_S02, 1, 1118, 1700098404.019261, 166.85424025322368, -77.87260015984346
20231116_S01_to_S02, 1, 1119, 1700098404.1195087, 166.85422793892204, -77.87260015466109
20231116_S01_to_S02, 1, 1120, 1700098404.235382, 166.85421370520956, -77.8726001486709
20231116_S01_to_S02, 1, 1121, 1700098404.3356302, 166.85420139087887, -77.87260014348848
20231116_S01_to_S02, 1, 1122, 1700098404.4358768, 166.85418907672405, -77.87260013830614
20231116_S01_to_S02, 1, 1123, 1700098404.5361266, 166.85417676218853, -77.87260013312364
20231116_S01_to_S02, 1, 1124, 1700098404.636377, 166.8541644475652, -77.87260012794111
20231116_S01_to_S02, 1, 1125, 1700098404.736637, 166.85415213177043, -77.87260012275807
20231116_S01_to_S02, 1, 1126, 1700098404.8524988, 166.85413789949348, -77.8726001167685
20231116_S01_to_S02, 1, 1127, 1700098404.9527469, 166.85412558516293, -77.87260011158608
20231116_S01_to_S02, 1, 1128, 1700098405.0529954, 166.85411327077378, -77.87260010640365
20231116_S01_to_S02, 1, 1129, 1700098405.1532457, 166.8541009561796, -77.87260010122111
20231116_S01_to_S02, 1, 1130, 1700098405.2534964, 166.8540886415268, -77.87260009603855
20231116_S01_to_S02, 1, 1131, 1700098405.3537571, 166.85407632564392, -77.8726000908555
20231116_S01_to_S02, 1, 1132, 1700098405.4696221, 166.85406209295675, -77.87260008486575
20231116_S01_to_S02, 1, 1133, 1700098405.5698726, 166.85404977833326, -77.87260007968324
20231116_S01_to_S02, 1, 1134, 1700098405.6766255, 166.85403666496563, -77.87260007416454
20231116_S01_to_S02, 1, 1135, 1700098405.7768736, 166.85402435063506, -77.87260006898214
20231116_S01_to_S02, 1, 1136, 1700098405.877141, 166.8540120339322, -77.87260006379871
20231116_S01_to_S02, 1, 1137, 1700098405.9774067, 166.85399971743445, -77.87260005861539
20231116_S01_to_S02, 1, 1138, 1700098406.0776553, 166.85398740304544, -77.87260005343298
20231116_S01_to_S02, 1, 1139, 1700098406.177913, 166.85397508754343, -77.87260004825006
20231116_S01_to_S02, 1, 1140, 1700098406.2938085, 166.85396085110767, -77.87260004225875
20231116_S01_to_S02, 1, 1141, 1700098406.3940568, 166.85394853674785, -77.87260003707632
20231116_S01_to_S02, 1, 1142, 1700098406.494305, 166.85393622241722, -77.87260003189392
20231116_S01_to_S02, 1, 1143, 1700098406.594552, 166.85392390820365, -77.87260002671154
20231116_S01_to_S02, 1, 1144, 1700098406.6948097, 166.85391159270142, -77.87260002152865
20231116_S01_to_S02, 1, 1145, 1700098406.810671, 166.8538973604533, -77.8726000155391
20231116_S01_to_S02, 1, 1146, 1700098406.910918, 166.85388504626872, -77.87260001035675
20231116_S01_to_S02, 1, 1147, 1700098407.0111666, 166.853872731879, -77.87260000517432
20231116_S01_to_S02, 1, 1148, 1700098407.1114125, 166.85386041781132, -77.872599999992
20231116_S01_to_S02, 1, 1149, 1700098407.2116606, 166.85384810347995, -77.87259999480959
20231116_S01_to_S02, 1, 1150, 1700098407.3119187, 166.85383578791848, -77.87259998962668
20231116_S01_to_S02, 1, 1151, 1700098407.4277797, 166.85382155572816, -77.87259998363713
20231116_S01_to_S02, 1, 1152, 1700098407.5280282, 166.85380924133804, -77.8725999784547
20231116_S01_to_S02, 1, 1153, 1700098407.628276, 166.85379692703575, -77.87259997327232
20231116_S01_to_S02, 1, 1154, 1700098407.7285244, 166.8537846126748, -77.8725999680899
20231116_S01_to_S02, 1, 1155, 1700098407.8287828, 166.85377229708374, -77.87259996290695
20231116_S01_to_S02, 1, 1156, 1700098407.9446466, 166.85375806454172, -77.87259995691724
20231116_S01_to_S02, 1, 1157, 1700098408.0448942, 166.85374575026862, -77.87259995173488
20231116_S01_to_S02, 1, 1158, 1700098408.145143, 166.85373343584897, -77.87259994655241
20231116_S01_to_S02, 1, 1159, 1700098408.2453911, 166.85372112151728, -77.87259994137001
20231116_S01_to_S02, 1, 1160, 1700098408.3456383, 166.85370880730272, -77.87259993618767
20231116_S01_to_S02, 1, 1161, 1700098408.4458992, 166.85369649138954, -77.87259993100456
20231116_S01_to_S02, 1, 1162, 1700098408.5617614, 166.85368225905262, -77.87259992501497
20231116_S01_to_S02, 1, 1163, 1700098408.6620102, 166.85366994463317, -77.87259991983254
20231116_S01_to_S02, 1, 1164, 1700098408.7622592, 166.85365763018441, -77.87259991465007
20231116_S01_to_S02, 1, 1165, 1700098408.862508, 166.85364531576505, -77.87259990946764
20231116_S01_to_S02, 1, 1166, 1700098408.9627573, 166.8536330012871, -77.87259990428515
20231116_S01_to_S02, 1, 1167, 1700098409.0630183, 166.8536206853742, -77.87259989910208
20231116_S01_to_S02, 1, 1168, 1700098409.178883, 166.8536064527155, -77.87259989311235
20231116_S01_to_S02, 1, 1169, 1700098409.2791355, 166.85359413785702, -77.87259988792972
20231116_S01_to_S02, 1, 1170, 1700098409.385889, 166.85358102440082, -77.87259988241098
20231116_S01_to_S02, 1, 1171, 1700098409.4861379, 166.85356870998172, -77.87259987722855
20231116_S01_to_S02, 1, 1172, 1700098409.586387, 166.85355639553313, -77.8725998720461
20231116_S01_to_S02, 1, 1173, 1700098409.686654, 166.8535440788587, -77.87259986686269
20231116_S01_to_S02, 1, 1174, 1700098409.78692, 166.8535317623306, -77.87259986167935
20231116_S01_to_S02, 1, 1175, 1700098409.8871782, 166.85351944676881, -77.87259985649642
20231116_S01_to_S02, 1, 1176, 1700098410.003074, 166.85350521030213, -77.8725998505051
20231116_S01_to_S02, 1, 1177, 1700098410.103323, 166.85349289585298, -77.87259984532263
20231116_S01_to_S02, 1, 1178, 1700098410.2035701, 166.853480581638, -77.87259984014024
20231116_S01_to_S02, 1, 1179, 1700098410.3038192, 166.8534682671888, -77.87259983495781
20231116_S01_to_S02, 1, 1180, 1700098410.4040663, 166.85345595297386, -77.87259982977542
20231116_S01_to_S02, 1, 1181, 1700098410.5043256, 166.85344363726543, -77.87259982459243
20231116_S01_to_S02, 1, 1182, 1700098410.6201878, 166.8534294049284, -77.87259981860285
20231116_S01_to_S02, 1, 1183, 1700098410.720435, 166.8534170907139, -77.87259981342049
20231116_S01_to_S02, 1, 1184, 1700098410.820682, 166.85340477649967, -77.8725998082381
20231116_S01_to_S02, 1, 1185, 1700098410.92093, 166.85339246219783, -77.87259980305572
20231116_S01_to_S02, 1, 1186, 1700098411.021188, 166.8533801466369, -77.87259979787281
20231116_S01_to_S02, 1, 1187, 1700098411.1370497, 166.85336591435973, -77.87259979188322
20231116_S01_to_S02, 1, 1188, 1700098411.2372968, 166.85335360014636, -77.87259978670085
20231116_S01_to_S02, 1, 1189, 1700098411.3375442, 166.8533412859039, -77.8725997815185
20231116_S01_to_S02, 1, 1190, 1700098411.4377933, 166.85332897145634, -77.87259977633603
20231116_S01_to_S02, 1, 1191, 1700098411.5380402, 166.85331665727236, -77.87259977115369
20231116_S01_to_S02, 1, 1192, 1700098411.638289, 166.85330434285407, -77.87259976597124
20231116_S01_to_S02, 1, 1193, 1700098411.754162, 166.85329010917118, -77.87259975998107
20231116_S01_to_S02, 1, 1194, 1700098411.8544095, 166.8532777949283, -77.8725997547987
20231116_S01_to_S02, 1, 1195, 1700098411.954658, 166.85326548053874, -77.87259974961628
20231116_S01_to_S02, 1, 1196, 1700098412.0549068, 166.85325316611969, -77.87259974443381
20231116_S01_to_S02, 1, 1197, 1700098412.1551647, 166.85324085058753, -77.87259973925089
20231116_S01_to_S02, 1, 1198, 1700098412.271028, 166.85322661810426, -77.87259973326125
20231116_S01_to_S02, 1, 1199, 1700098412.3712766, 166.85321430371386, -77.8725997280788
20231116_S01_to_S02, 1, 1200, 1700098412.471525, 166.8532019893526, -77.87259972289638
20231116_S01_to_S02, 1, 1201, 1700098412.5717754, 166.85318967472756, -77.87259971771385
20231116_S01_to_S02, 1, 1202, 1700098412.6720252, 166.85317736019016, -77.87259971253135
20231116_S01_to_S02, 1, 1203, 1700098412.7722862, 166.85316504427615, -77.87259970734827
20231116_S01_to_S02, 1, 1204, 1700098412.8881488, 166.85315081187954, -77.87259970135867
20231116_S01_to_S02, 1, 1205, 1700098412.9883993, 166.85313849725384, -77.87259969617612
20231116_S01_to_S02, 1, 1206, 1700098413.0951512, 166.85312538400095, -77.8725996906575
20231116_S01_to_S02, 1, 1207, 1700098413.1954002, 166.8531130695509, -77.87259968547501
20231116_S01_to_S02, 1, 1208, 1700098413.2956488, 166.85310075515943, -77.87259968029258
20231116_S01_to_S02, 1, 1209, 1700098413.395913, 166.85308843886452, -77.87259967510936
20231116_S01_to_S02, 1, 1210, 1700098413.4961798, 166.85307612221828, -77.87259966992596
20231116_S01_to_S02, 1, 1211, 1700098413.5964384, 166.85306380659728, -77.87259966474299
20231116_S01_to_S02, 1, 1212, 1700098413.712335, 166.85304957001333, -77.87259965875161
20231116_S01_to_S02, 1, 1213, 1700098413.8125844, 166.8530372555353, -77.87259965356915
20231116_S01_to_S02, 1, 1214, 1700098413.9128318, 166.85302494129192, -77.87259964838677
20231116_S01_to_S02, 1, 1215, 1700098414.0130796, 166.85301262699045, -77.87259964320437
20231116_S01_to_S02, 1, 1216, 1700098414.113327, 166.8530003127481, -77.87259963802198
20231116_S01_to_S02, 1, 1217, 1700098414.2135863, 166.8529879970419, -77.87259963283898
20231116_S01_to_S02, 1, 1218, 1700098414.3294477, 166.85297376479568, -77.87259962684945
20231116_S01_to_S02, 1, 1219, 1700098414.429695, 166.85296145058376, -77.87259962166709
20231116_S01_to_S02, 1, 1220, 1700098414.5299442, 166.8529491361083, -77.87259961648462
20231116_S01_to_S02, 1, 1221, 1700098414.6301928, 166.8529368217205, -77.87259961130218
20231116_S01_to_S02, 1, 1222, 1700098414.730451, 166.85292450613167, -77.87259960611924
20231116_S01_to_S02, 1, 1223, 1700098414.8463128, 166.85291027385514, -77.87259960012967
20231116_S01_to_S02, 1, 1224, 1700098414.946565, 166.85289795902648, -77.87259959494708
20231116_S01_to_S02, 1, 1225, 1700098415.0468123, 166.85288564478296, -77.87259958976469
20231116_S01_to_S02, 1, 1226, 1700098415.147061, 166.85287333036322, -77.87259958458225
20231116_S01_to_S02, 1, 1227, 1700098415.2473075, 166.852861016236, -77.87259957939992
20231116_S01_to_S02, 1, 1228, 1700098415.3475654, 166.85284870070268, -77.87259957421699
20231116_S01_to_S02, 1, 1229, 1700098415.4634285, 166.85283446824732, -77.87259956822737
20231116_S01_to_S02, 1, 1230, 1700098415.5636773, 166.85282215382657, -77.87259956304493
20231116_S01_to_S02, 1, 1231, 1700098415.6639366, 166.85280983811714, -77.87259955786193
20231116_S01_to_S02, 1, 1232, 1700098415.764174, 166.8527975251022, -77.87259955268007
20231116_S01_to_S02, 1, 1233, 1700098415.864426, 166.85278521030094, -77.87259954749747
20231116_S01_to_S02, 1, 1234, 1700098415.9646866, 166.8527728944162, -77.87259954231439
20231116_S01_to_S02, 1, 1235, 1700098416.08055, 166.85275866193226, -77.87259953632474
20231116_S01_to_S02, 1, 1236, 1700098416.180799, 166.85274634748316, -77.87259953114228
20231116_S01_to_S02, 1, 1237, 1700098416.2810466, 166.85273403320997, -77.87259952595988
20231116_S01_to_S02, 1, 1238, 1700098416.3812957, 166.8527217187613, -77.87259952077741
20231116_S01_to_S02, 1, 1239, 1700098416.481544, 166.85270940440077, -77.872599515595
20231116_S01_to_S02, 1, 1240, 1700098416.5974185, 166.85269517054164, -77.87259950960475
20231116_S01_to_S02, 1, 1241, 1700098416.69767, 166.85268285580082, -77.87259950442217
20231116_S01_to_S02, 1, 1242, 1700098416.7979198, 166.85267054126527, -77.87259949923967
20231116_S01_to_S02, 1, 1243, 1700098416.9046724, 166.85265742792728, -77.87259949372101
20231116_S01_to_S02, 1, 1244, 1700098417.0049212, 166.85264511350925, -77.87259948853855
20231116_S01_to_S02, 1, 1245, 1700098417.1051884, 166.85263279683628, -77.87259948335515
20231116_S01_to_S02, 1, 1246, 1700098417.2054532, 166.85262048045624, -77.87259947817188
20231116_S01_to_S02, 1, 1247, 1700098417.3057127, 166.85260816472052, -77.87259947298888
20231116_S01_to_S02, 1, 1248, 1700098417.4216123, 166.8525939277875, -77.87259946699736
20231116_S01_to_S02, 1, 1249, 1700098417.5218582, 166.85258161372093, -77.87259946181506
20231116_S01_to_S02, 1, 1250, 1700098417.6221054, 166.85256929950768, -77.87259945663268
20231116_S01_to_S02, 1, 1251, 1700098417.7223532, 166.85255698520643, -77.87259945145028
20231116_S01_to_S02, 1, 1252, 1700098417.8226008, 166.8525446709341, -77.87259944626791
20231116_S01_to_S02, 1, 1253, 1700098417.9228594, 166.85253235531425, -77.87259944108497
20231116_S01_to_S02, 1, 1254, 1700098418.0387204, 166.85251812312384, -77.87259943509542
20231116_S01_to_S02, 1, 1255, 1700098418.1389675, 166.85250580890911, -77.87259942991308
20231116_S01_to_S02, 1, 1256, 1700098418.2392144, 166.85249349472338, -77.87259942473071
20231116_S01_to_S02, 1, 1257, 1700098418.339461, 166.85248118056674, -77.87259941954837
20231116_S01_to_S02, 1, 1258, 1700098418.439709, 166.8524688662636, -77.872599414366
20231116_S01_to_S02, 1, 1259, 1700098418.539968, 166.8524565505838, -77.872599409183
20231116_S01_to_S02, 1, 1260, 1700098418.6558294, 166.85244231833366, -77.87259940319343
20231116_S01_to_S02, 1, 1261, 1700098418.7560787, 166.8524300038546, -77.87259939801098
20231116_S01_to_S02, 1, 1262, 1700098418.8563259, 166.8524176896392, -77.87259939282859
20231116_S01_to_S02, 1, 1263, 1700098418.9565735, 166.85240537536527, -77.8725993876462
20231116_S01_to_S02, 1, 1264, 1700098419.0568337, 166.85239305953925, -77.87259938246316
20231116_S01_to_S02, 1, 1265, 1700098419.1726942, 166.8523788274068, -77.87259937647366
20231116_S01_to_S02, 1, 1266, 1700098419.2729425, 166.85236651304552, -77.87259937129123
20231116_S01_to_S02, 1, 1267, 1700098419.3731914, 166.85235419862593, -77.8725993661088
20231116_S01_to_S02, 1, 1268, 1700098419.4734387, 166.85234188438207, -77.87259936092643
20231116_S01_to_S02, 1, 1269, 1700098419.5736873, 166.8523295699919, -77.87259935574397
20231116_S01_to_S02, 1, 1270, 1700098419.6739461, 166.8523172543425, -77.87259935056103
20231116_S01_to_S02, 1, 1271, 1700098419.7898068, 166.85230302218153, -77.87259934457151
20231116_S01_to_S02, 1, 1272, 1700098419.8900552, 166.85229070782074, -77.87259933938907
20231116_S01_to_S02, 1, 1273, 1700098419.9903061, 166.85227839313788, -77.87259933420651
20231116_S01_to_S02, 1, 1274, 1700098420.090556, 166.85226607860136, -77.87259932902401
20231116_S01_to_S02, 1, 1275, 1700098420.1908169, 166.85225376268832, -77.87259932384094
20231116_S01_to_S02, 1, 1276, 1700098420.306683, 166.8522395298536, -77.87259931785114
20231116_S01_to_S02, 1, 1277, 1700098420.406934, 166.85222721517042, -77.8725993126686
20231116_S01_to_S02, 1, 1278, 1700098420.5071847, 166.85221490051643, -77.87259930748604
20231116_S01_to_S02, 1, 1279, 1700098420.6139383, 166.85220178705958, -77.87259930196731
20231116_S01_to_S02, 1, 1280, 1700098420.7141876, 166.85218947258105, -77.87259929678484
20231116_S01_to_S02, 1, 1281, 1700098420.8144565, 166.85217715570082, -77.87259929160135
20231116_S01_to_S02, 1, 1282, 1700098420.9147227, 166.85216483914255, -77.87259928641798
20231116_S01_to_S02, 1, 1283, 1700098421.0149813, 166.85215252352137, -77.87259928123504
20231116_S01_to_S02, 1, 1284, 1700098421.1308763, 166.8521382871418, -77.87259927524374
20231116_S01_to_S02, 1, 1285, 1700098421.2311232, 166.85212597295566, -77.87259927006141
20231116_S01_to_S02, 1, 1286, 1700098421.331371, 166.85211365865246, -77.872599264879
20231116_S01_to_S02, 1, 1287, 1700098421.4316182, 166.8521013444373, -77.87259925969664
20231116_S01_to_S02, 1, 1288, 1700098421.531865, 166.852089030281, -77.87259925451431
20231116_S01_to_S02, 1, 1289, 1700098421.632123, 166.8520767147192, -77.87259924933136
20231116_S01_to_S02, 1, 1290, 1700098421.747985, 166.85206248241207, -77.87259924334178
20231116_S01_to_S02, 1, 1291, 1700098421.8482435, 166.8520501667927, -77.87259923815884
20231116_S01_to_S02, 1, 1292, 1700098421.9484792, 166.8520378539854, -77.87259923297707
20231116_S01_to_S02, 1, 1293, 1700098422.0487263, 166.8520255397727, -77.87259922779472
20231116_S01_to_S02, 1, 1294, 1700098422.1489847, 166.85201322418385, -77.87259922261177
20231116_S01_to_S02, 1, 1295, 1700098422.2648458, 166.85199899196672, -77.87259921662222
20231116_S01_to_S02, 1, 1296, 1700098422.3650935, 166.85198667769598, -77.87259921143985
20231116_S01_to_S02, 1, 1297, 1700098422.4653428, 166.85197436322017, -77.87259920625736
20231116_S01_to_S02, 1, 1298, 1700098422.5655894, 166.85196204906626, -77.87259920107505
20231116_S01_to_S02, 1, 1299, 1700098422.6658382, 166.8519497346484, -77.87259919589259
20231116_S01_to_S02, 1, 1300, 1700098422.7660966, 166.85193741905863, -77.87259919070962
20231116_S01_to_S02, 1, 1301, 1700098422.8819592, 166.85192318666384, -77.87259918472002
20231116_S01_to_S02, 1, 1302, 1700098422.982211, 166.85191087186345, -77.8725991795374
20231116_S01_to_S02, 1, 1303, 1700098423.0824587, 166.8518985575898, -77.87259917435502
20231116_S01_to_S02, 1, 1304, 1700098423.1827073, 166.85188624319858, -77.87259916917257
20231116_S01_to_S02, 1, 1305, 1700098423.2829556, 166.85187392883637, -77.87259916399016
20231116_S01_to_S02, 1, 1306, 1700098423.383214, 166.85186161324395, -77.87259915880723
20231116_S01_to_S02, 1, 1307, 1700098423.4990768, 166.85184738081742, -77.8725991528176
20231116_S01_to_S02, 1, 1308, 1700098423.5993252, 166.85183506645504, -77.87259914763519
20231116_S01_to_S02, 1, 1309, 1700098423.6995738, 166.85182275206353, -77.87259914245273
20231116_S01_to_S02, 1, 1310, 1700098423.7998233, 166.85181043755517, -77.87259913727024
20231116_S01_to_S02, 1, 1311, 1700098423.900084, 166.85179812167075, -77.87259913208719
20231116_S01_to_S02, 1, 1312, 1700098424.015947, 166.85178388921668, -77.87259912609755
20231116_S01_to_S02, 1, 1313, 1700098424.116197, 166.85177157465134, -77.87259912091503
20231116_S01_to_S02, 1, 1314, 1700098424.2164469, 166.85175926011604, -77.87259911573253
20231116_S01_to_S02, 1, 1315, 1700098424.3231986, 166.85174614689566, -77.8725991102139
20231116_S01_to_S02, 1, 1316, 1700098424.423447, 166.85173383253692, -77.87259910503148
20231116_S01_to_S02, 1, 1317, 1700098424.5236957, 166.8517215181196, -77.87259909984903
20231116_S01_to_S02, 1, 1318, 1700098424.623961, 166.8517092016814, -77.87259909466573
20231116_S01_to_S02, 1, 1319, 1700098424.72421, 166.8516968872343, -77.87259908948324
20231116_S01_to_S02, 1, 1320, 1700098424.8400855, 166.8516826532587, -77.87259908349297
20231116_S01_to_S02, 1, 1321, 1700098424.9403324, 166.85167033907388, -77.87259907831063
20231116_S01_to_S02, 1, 1322, 1700098425.04058, 166.8516580248005, -77.87259907312826
20231116_S01_to_S02, 1, 1323, 1700098425.1408277, 166.85164571052658, -77.87259906794587
20231116_S01_to_S02, 1, 1324, 1700098425.241075, 166.85163339628144, -77.87259906276348
20231116_S01_to_S02, 1, 1325, 1700098425.3413327, 166.85162108077665, -77.87259905758057
20231116_S01_to_S02, 1, 1326, 1700098425.4571943, 166.85160684849626, -77.87259905159102
20231116_S01_to_S02, 1, 1327, 1700098425.5574415, 166.8515945342798, -77.87259904640864
20231116_S01_to_S02, 1, 1328, 1700098425.6576903, 166.85158221985844, -77.87259904122621
20231116_S01_to_S02, 1, 1329, 1700098425.7579372, 166.85156990567157, -77.87259903604385
20231116_S01_to_S02, 1, 1330, 1700098425.8581855, 166.85155759130924, -77.87259903086144
20231116_S01_to_S02, 1, 1331, 1700098425.9584465, 166.85154527539507, -77.87259902567835
20231116_S01_to_S02, 1, 1332, 1700098426.0743093, 166.85153104296958, -77.8725990196887
20231116_S01_to_S02, 1, 1333, 1700098426.1745555, 166.85151872887192, -77.8725990145064
20231116_S01_to_S02, 1, 1334, 1700098426.2748032, 166.8515064145988, -77.87259900932403
20231116_S01_to_S02, 1, 1335, 1700098426.3750503, 166.8514941003844, -77.87259900414168
20231116_S01_to_S02, 1, 1336, 1700098426.4752972, 166.85148178619949, -77.87259899895932
20231116_S01_to_S02, 1, 1337, 1700098426.5911727, 166.85146755222303, -77.87259899296905
20231116_S01_to_S02, 1, 1338, 1700098426.6914206, 166.85145523792113, -77.87259898778663
20231116_S01_to_S02, 1, 1339, 1700098426.7916682, 166.8514429236486, -77.87259898260425
20231116_S01_to_S02, 1, 1340, 1700098426.8919168, 166.8514306092589, -77.87259897742182
20231116_S01_to_S02, 1, 1341, 1700098426.9921668, 166.85141829469345, -77.8725989722393
20231116_S01_to_S02, 1, 1342, 1700098427.0924242, 166.85140597922012, -77.8725989670564
20231116_S01_to_S02, 1, 1343, 1700098427.2082875, 166.85139174673733, -77.87259896106676
20231116_S01_to_S02, 1, 1344, 1700098427.308537, 166.8513794322304, -77.87259895588426
20231116_S01_to_S02, 1, 1345, 1700098427.408786, 166.85136711778208, -77.8725989507018
20231116_S01_to_S02, 1, 1346, 1700098427.5090356, 166.85135480327514, -77.8725989455193
20231116_S01_to_S02, 1, 1347, 1700098427.6092849, 166.85134248879763, -77.87259894033683
20231116_S01_to_S02, 1, 1348, 1700098427.7095351, 166.85133017420287, -77.8725989351543
20231116_S01_to_S02, 1, 1349, 1700098427.8254075, 166.8513159406073, -77.8725989291642
20231116_S01_to_S02, 1, 1350, 1700098427.9256573, 166.85130362607123, -77.8725989239817
20231116_S01_to_S02, 1, 1351, 1700098428.0324092, 166.8512905128203, -77.87259891846307
20231116_S01_to_S02, 1, 1352, 1700098428.1326585, 166.8512781983428, -77.8725989132806
20231116_S01_to_S02, 1, 1353, 1700098428.2329226, 166.85126588204957, -77.87259890809733
20231116_S01_to_S02, 1, 1354, 1700098428.3331878, 166.85125356560994, -77.87259890291405
20231116_S01_to_S02, 1, 1355, 1700098428.433436, 166.851241251279, -77.87259889773165
20231116_S01_to_S02, 1, 1356, 1700098428.5336936, 166.85122893577653, -77.87259889254874
20231116_S01_to_S02, 1, 1357, 1700098428.6495938, 166.8512146987546, -77.87259888655718
20231116_S01_to_S02, 1, 1358, 1700098428.7498407, 166.85120238457003, -77.87259888137483
20231116_S01_to_S02, 1, 1359, 1700098428.8500881, 166.851190070327, -77.87259887619247
20231116_S01_to_S02, 1, 1360, 1700098428.9503393, 166.8511777556153, -77.8725988710099
20231116_S01_to_S02, 1, 1361, 1700098429.0505986, 166.85116543990785, -77.87259886582689
20231116_S01_to_S02, 1, 1362, 1700098429.1664612, 166.85115120751317, -77.87259885983727
20231116_S01_to_S02, 1, 1363, 1700098429.2667074, 166.8511388934165, -77.87259885465497
20231116_S01_to_S02, 1, 1364, 1700098429.3669553, 166.8511265791148, -77.87259884947257
20231116_S01_to_S02, 1, 1365, 1700098429.4672046, 166.8511142646374, -77.87259884429008
20231116_S01_to_S02, 1, 1366, 1700098429.5674524, 166.85110195033567, -77.8725988391077
20231116_S01_to_S02, 1, 1367, 1700098429.6677103, 166.8510896348039, -77.87259883392478
20231116_S01_to_S02, 1, 1368, 1700098429.7835722, 166.85107540249697, -77.87259882793518
20231116_S01_to_S02, 1, 1369, 1700098429.88382, 166.85106308819522, -77.87259882275278
20231116_S01_to_S02, 1, 1370, 1700098429.9840682, 166.85105077386416, -77.87259881757038
20231116_S01_to_S02, 1, 1371, 1700098430.0843146, 166.85103845973808, -77.87259881238805
20231116_S01_to_S02, 1, 1372, 1700098430.1845615, 166.85102614555336, -77.87259880720568
20231116_S01_to_S02, 1, 1373, 1700098430.28482, 166.85101382993346, -77.87259880202274
20231116_S01_to_S02, 1, 1374, 1700098430.400681, 166.8509995977433, -77.87259879603319
20231116_S01_to_S02, 1, 1375, 1700098430.5009308, 166.85098728320685, -77.8725987908507
20231116_S01_to_S02, 1, 1376, 1700098430.601178, 166.85097496899238, -77.87259878566833
20231116_S01_to_S02, 1, 1377, 1700098430.7014256, 166.85096265471913, -77.87259878048596
20231116_S01_to_S02, 1, 1378, 1700098430.8016732, 166.8509503404457, -77.87259877530357
20231116_S01_to_S02, 1, 1379, 1700098430.9175472, 166.8509361066438, -77.87259876931337
20231116_S01_to_S02, 1, 1380, 1700098431.017807, 166.8509237908763, -77.87259876413036
20231116_S01_to_S02, 1, 1381, 1700098431.1180468, 166.85091147756867, -77.87259875894837
20231116_S01_to_S02, 1, 1382, 1700098431.218295, 166.8508991632066, -77.87259875376594
20231116_S01_to_S02, 1, 1383, 1700098431.318544, 166.8508868487858, -77.87259874858348
20231116_S01_to_S02, 1, 1384, 1700098431.418805, 166.85087453287125, -77.87259874340043
20231116_S01_to_S02, 1, 1385, 1700098431.5346684, 166.85086030035683, -77.87259873741074
20231116_S01_to_S02, 1, 1386, 1700098431.6349192, 166.85084798570148, -77.87259873222823
20231116_S01_to_S02, 1, 1387, 1700098431.7416716, 166.85083487238953, -77.87259872670954
20231116_S01_to_S02, 1, 1388, 1700098431.8419218, 166.8508225577926, -77.87259872152703
20231116_S01_to_S02, 1, 1389, 1700098431.942187, 166.85081024135056, -77.87259871634373
20231116_S01_to_S02, 1, 1390, 1700098432.0424542, 166.85079792467428, -77.87259871116035
20231116_S01_to_S02, 1, 1391, 1700098432.142703, 166.85078561025315, -77.8725987059779
20231116_S01_to_S02, 1, 1392, 1700098432.242961, 166.85077329471926, -77.87259870079497
20231116_S01_to_S02, 1, 1393, 1700098432.358858, 166.8507590580757, -77.87259869480357
20231116_S01_to_S02, 1, 1394, 1700098432.4591053, 166.8507467438602, -77.87259868962119
20231116_S01_to_S02, 1, 1395, 1700098432.5593517, 166.85073442973294, -77.8725986844389
20231116_S01_to_S02, 1, 1396, 1700098432.6595993, 166.8507221154595, -77.87259867925647
20231116_S01_to_S02, 1, 1397, 1700098432.759846, 166.85070980130368, -77.87259867407417
20231116_S01_to_S02, 1, 1398, 1700098432.8601034, 166.8506974858303, -77.87259866889126
20231116_S01_to_S02, 1, 1399, 1700098432.9759655, 166.85068325349462, -77.87259866290168
20231116_S01_to_S02, 1, 1400, 1700098433.0762136, 166.8506709391644, -77.87259865771925
20231116_S01_to_S02, 1, 1401, 1700098433.1764636, 166.8506586246002, -77.87259865253675
20231116_S01_to_S02, 1, 1402, 1700098433.2767096, 166.85064631053405, -77.87259864735442
20231116_S01_to_S02, 1, 1403, 1700098433.3769681, 166.8506339949159, -77.87259864217147
20231116_S01_to_S02, 1, 1404, 1700098433.492829, 166.85061976272806, -77.87259863618195
20231116_S01_to_S02, 1, 1405, 1700098433.593077, 166.85060744842795, -77.87259863099955
20231116_S01_to_S02, 1, 1406, 1700098433.6933243, 166.85059513418634, -77.87259862581718
20231116_S01_to_S02, 1, 1407, 1700098433.7935715, 166.85058281997388, -77.8725986206348
20231116_S01_to_S02, 1, 1408, 1700098433.8938184, 166.85057050579047, -77.87259861545245
20231116_S01_to_S02, 1, 1409, 1700098433.9940684, 166.85055819122613, -77.87259861026996
20231116_S01_to_S02, 1, 1410, 1700098434.1099408, 166.85054395763126, -77.87259860427984
20231116_S01_to_S02, 1, 1411, 1700098434.2101889, 166.8505316433003, -77.8725985990974
20231116_S01_to_S02, 1, 1412, 1700098434.310437, 166.850519328969, -77.872598593915
20231116_S01_to_S02, 1, 1413, 1700098434.4106853, 166.8505070146081, -77.87259858873257
20231116_S01_to_S02, 1, 1414, 1700098434.510932, 166.85049470045192, -77.87259858355024
20231116_S01_to_S02, 1, 1415, 1700098434.61119, 166.85048238488977, -77.87259857836732
20231116_S01_to_S02, 1, 1416, 1700098434.727053, 166.85046815246426, -77.87259857237767
20231116_S01_to_S02, 1, 1417, 1700098434.827301, 166.85045583813186, -77.87259856719525
20231116_S01_to_S02, 1, 1418, 1700098434.9275527, 166.85044352336013, -77.87259856201268
20231116_S01_to_S02, 1, 1419, 1700098435.0278006, 166.85043120905692, -77.87259855683027
20231116_S01_to_S02, 1, 1420, 1700098435.1280627, 166.85041889299654, -77.87259855164714
20231116_S01_to_S02, 1, 1421, 1700098435.2439275, 166.85040466033655, -77.87259854565743
20231116_S01_to_S02, 1, 1422, 1700098435.3441772, 166.85039234579912, -77.87259854047491
20231116_S01_to_S02, 1, 1423, 1700098435.4444263, 166.85038003134966, -77.87259853529247
20231116_S01_to_S02, 1, 1424, 1700098435.551178, 166.85036691812675, -77.87259852977384
20231116_S01_to_S02, 1, 1425, 1700098435.6514268, 166.8503546037068, -77.8725985245914
20231116_S01_to_S02, 1, 1426, 1700098435.7516942, 166.85034228700252, -77.87259851940797
20231116_S01_to_S02, 1, 1427, 1700098435.851943, 166.85032997258284, -77.87259851422552
20231116_S01_to_S02, 1, 1428, 1700098435.9522018, 166.8503176569333, -77.87259850904256
20231116_S01_to_S02, 1, 1429, 1700098436.068102, 166.85030341994, -77.87259850305101
20231116_S01_to_S02, 1, 1430, 1700098436.1683478, 166.85029110587215, -77.8725984978687
20231116_S01_to_S02, 1, 1431, 1700098436.2685957, 166.85027879157005, -77.87259849268631
20231116_S01_to_S02, 1, 1432, 1700098436.3688424, 166.8502664774144, -77.87259848750395
20231116_S01_to_S02, 1, 1433, 1700098436.4690902, 166.8502541631123, -77.87259848232158
20231116_S01_to_S02, 1, 1434, 1700098436.569349, 166.85024184746285, -77.87259847713861
20231116_S01_to_S02, 1, 1435, 1700098436.685211, 166.85022761515523, -77.87259847114902
20231116_S01_to_S02, 1, 1436, 1700098436.78546, 166.8502153007062, -77.87259846596656
20231116_S01_to_S02, 1, 1437, 1700098436.8857079, 166.8502029864034, -77.87259846078416
20231116_S01_to_S02, 1, 1438, 1700098436.985957, 166.8501906719539, -77.87259845560169
20231116_S01_to_S02, 1, 1439, 1700098437.0862134, 166.85017835659636, -77.87259845041885
20231116_S01_to_S02, 1, 1440, 1700098437.2020743, 166.85016412440487, -77.87259844442931
20231116_S01_to_S02, 1, 1441, 1700098437.3023248, 166.85015180977948, -77.87259843924679
20231116_S01_to_S02, 1, 1442, 1700098437.4025717, 166.8501394955935, -77.87259843406443
20231116_S01_to_S02, 1, 1443, 1700098437.5028203, 166.85012718120265, -77.87259842888199
20231116_S01_to_S02, 1, 1444, 1700098437.6030679, 166.8501148669292, -77.8725984236996
20231116_S01_to_S02, 1, 1445, 1700098437.7033272, 166.85010255122106, -77.87259841851662
20231116_S01_to_S02, 1, 1446, 1700098437.8191903, 166.85008831876746, -77.87259841252695
20231116_S01_to_S02, 1, 1447, 1700098437.919438, 166.85007600449532, -77.87259840734457
20231116_S01_to_S02, 1, 1448, 1700098438.019687, 166.85006369004788, -77.87259840216213
20231116_S01_to_S02, 1, 1449, 1700098438.1199348, 166.85005137574717, -77.87259839697973
20231116_S01_to_S02, 1, 1450, 1700098438.2201827, 166.85003906144664, -77.87259839179731
20231116_S01_to_S02, 1, 1451, 1700098438.320442, 166.85002674574048, -77.87259838661433
20231116_S01_to_S02, 1, 1452, 1700098438.4363046, 166.85001251334734, -77.87259838062472
20231116_S01_to_S02, 1, 1453, 1700098438.5365524, 166.85000019904683, -77.87259837544231
20231116_S01_to_S02, 1, 1454, 1700098438.636802, 166.84998788454118, -77.87259837025985
20231116_S01_to_S02, 1, 1455, 1700098438.7370508, 166.84997557012304, -77.8725983650774
20231116_S01_to_S02, 1, 1456, 1700098438.837312, 166.84996325418155, -77.8725983598943
20231116_S01_to_S02, 1, 1457, 1700098438.9531755, 166.84994902166937, -77.87259835390462
20231116_S01_to_S02, 1, 1458, 1700098439.0534258, 166.84993670707388, -77.87259834872211
20231116_S01_to_S02, 1, 1459, 1700098439.1536765, 166.84992439241904, -77.87259834353954
20231116_S01_to_S02, 1, 1460, 1700098439.2604287, 166.8499112791364, -77.87259833802091
20231116_S01_to_S02, 1, 1461, 1700098439.3606791, 166.84989896450958, -77.87259833283838
20231116_S01_to_S02, 1, 1462, 1700098439.4609447, 166.84988664803734, -77.87259832765506
20231116_S01_to_S02, 1, 1463, 1700098439.561193, 166.8498743336735, -77.87259832247264
20231116_S01_to_S02, 1, 1464, 1700098439.6614516, 166.8498620180503, -77.87259831728967
20231116_S01_to_S02, 1, 1465, 1700098439.777361, 166.84984777991136, -77.87259831129765
20231116_S01_to_S02, 1, 1466, 1700098439.8775976, 166.84983546698297, -77.87259830611583
20231116_S01_to_S02, 1, 1467, 1700098439.9778438, 166.8498231528835, -77.87259830093353
20231116_S01_to_S02, 1, 1468, 1700098440.0780926, 166.84981083846216, -77.87259829575108
20231116_S01_to_S02, 1, 1469, 1700098440.1783383, 166.84979852442197, -77.87259829056877
20231116_S01_to_S02, 1, 1470, 1700098440.2785966, 166.8497862088299, -77.87259828538583
20231116_S01_to_S02, 1, 1471, 1700098440.394457, 166.84977197669724, -77.87259827939634
20231116_S01_to_S02, 1, 1472, 1700098440.494706, 166.8497596622774, -77.87259827421389
20231116_S01_to_S02, 1, 1473, 1700098440.5949533, 166.84974734803367, -77.87259826903153
20231116_S01_to_S02, 1, 1474, 1700098440.6952012, 166.8497350337317, -77.87259826384913
20231116_S01_to_S02, 1, 1475, 1700098440.7954483, 166.8497227195179, -77.87259825866677
20231116_S01_to_S02, 1, 1476, 1700098440.8957055, 166.84971040407436, -77.87259825348387
20231116_S01_to_S02, 1, 1477, 1700098441.01157, 166.84969617144614, -77.87259824749415
20231116_S01_to_S02, 1, 1478, 1700098441.1118178, 166.84968385714524, -77.87259824231175
20231116_S01_to_S02, 1, 1479, 1700098441.212065, 166.84967154293238, -77.87259823712941
20231116_S01_to_S02, 1, 1480, 1700098441.3123152, 166.84965922833868, -77.87259823194687
20231116_S01_to_S02, 1, 1481, 1700098441.4125729, 166.84964691283704, -77.87259822676397
20231116_S01_to_S02, 1, 1482, 1700098441.5284338, 166.84963268064809, -77.87259822077444
20231116_S01_to_S02, 1, 1483, 1700098441.628682, 166.84962036631737, -77.87259821559203
20231116_S01_to_S02, 1, 1484, 1700098441.7289302, 166.84960805195706, -77.8725982104096
20231116_S01_to_S02, 1, 1485, 1700098441.8291771, 166.84959573777198, -77.87259820522725
20231116_S01_to_S02, 1, 1486, 1700098441.929426, 166.8495834233521, -77.8725982000448
20231116_S01_to_S02, 1, 1487, 1700098442.0296855, 166.84957110761385, -77.8725981948618
20231116_S01_to_S02, 1, 1488, 1700098442.1455476, 166.84955687527557, -77.8725981888722
20231116_S01_to_S02, 1, 1489, 1700098442.2457957, 166.84954456094243, -77.87259818368979
20231116_S01_to_S02, 1, 1490, 1700098442.3460464, 166.84953224628694, -77.87259817850723
20231116_S01_to_S02, 1, 1491, 1700098442.4462945, 166.84951993195358, -77.87259817332485
20231116_S01_to_S02, 1, 1492, 1700098442.5465424, 166.84950761764946, -77.87259816814245
20231116_S01_to_S02, 1, 1493, 1700098442.646803, 166.84949530179327, -77.87259816295938
20231116_S01_to_S02, 1, 1494, 1700098442.7626672, 166.84948106919117, -77.87259815696966
20231116_S01_to_S02, 1, 1495, 1700098442.862917, 166.84946875465351, -77.87259815178716
20231116_S01_to_S02, 1, 1496, 1700098442.96967, 166.8494556412547, -77.87259814626847
20231116_S01_to_S02, 1, 1497, 1700098443.0699193, 166.84944332677628, -77.872598141086
20231116_S01_to_S02, 1, 1498, 1700098443.1701674, 166.84943101244448, -77.87259813590357
20231116_S01_to_S02, 1, 1499, 1700098443.2704327, 166.8494186960043, -77.87259813072029
20231116_S01_to_S02, 1, 1500, 1700098443.3706815, 166.84940638158503, -77.87259812553783
20231116_S01_to_S02, 1, 1501, 1700098443.4709396, 166.8493940660237, -77.8725981203549
20231116_S01_to_S02, 1, 1502, 1700098443.5868382, 166.84937982920653, -77.87259811436343
20231116_S01_to_S02, 1, 1503, 1700098443.6870866, 166.84936751484614, -77.872598109181
20231116_S01_to_S02, 1, 1504, 1700098443.7873342, 166.8493552005736, -77.87259810399861
20231116_S01_to_S02, 1, 1505, 1700098443.8875818, 166.84934288630103, -77.87259809881621
20231116_S01_to_S02, 1, 1506, 1700098443.9878323, 166.84933057167694, -77.87259809363368
20231116_S01_to_S02, 1, 1507, 1700098444.1037052, 166.84931633802245, -77.87259808764354
20231116_S01_to_S02, 1, 1508, 1700098444.203952, 166.84930402383733, -77.8725980824612
20231116_S01_to_S02, 1, 1509, 1700098444.3041992, 166.8492917096228, -77.87259807727885
20231116_S01_to_S02, 1, 1510, 1700098444.4044456, 166.84927939549607, -77.87259807209651
20231116_S01_to_S02, 1, 1511, 1700098444.504693, 166.84926708125226, -77.87259806691415
20231116_S01_to_S02, 1, 1512, 1700098444.6049418, 166.8492547668328, -77.8725980617317
20231116_S01_to_S02, 1, 1513, 1700098444.7208142, 166.84924053323684, -77.87259805574156
20231116_S01_to_S02, 1, 1514, 1700098444.8210614, 166.84922821902282, -77.8725980505592
20231116_S01_to_S02, 1, 1515, 1700098444.9213088, 166.84921590477987, -77.87259804537683
20231116_S01_to_S02, 1, 1516, 1700098445.0215576, 166.84920359036138, -77.87259804019439
20231116_S01_to_S02, 1, 1517, 1700098445.121804, 166.849191276236, -77.87259803501206
20231116_S01_to_S02, 1, 1518, 1700098445.2220616, 166.84917896073426, -77.87259802982916
20231116_S01_to_S02, 1, 1519, 1700098445.3379235, 166.84916472842826, -77.87259802383959
20231116_S01_to_S02, 1, 1520, 1700098445.438171, 166.8491524141858, -77.8725980186572
20231116_S01_to_S02, 1, 1521, 1700098445.5384214, 166.84914009956253, -77.87259801347467
20231116_S01_to_S02, 1, 1522, 1700098445.6386688, 166.8491277853198, -77.8725980082923
20231116_S01_to_S02, 1, 1523, 1700098445.7388213, 166.84911548273308, -77.87259800311483
20231116_S01_to_S02, 1, 1524, 1700098445.8390718, 166.849103168109, -77.87259799793227
20231116_S01_to_S02, 1, 1525, 1700098445.9549537, 166.84908893334136, -77.87259799194167
20231116_S01_to_S02, 1, 1526, 1700098446.0552013, 166.84907661906797, -77.87259798675927
20231116_S01_to_S02, 1, 1527, 1700098446.155451, 166.84906430453074, -77.87259798157679
20231116_S01_to_S02, 1, 1528, 1700098446.2557003, 166.84905199005186, -77.87259797639432
20231116_S01_to_S02, 1, 1529, 1700098446.355943, 166.8490396763928, -77.87259797121219
20231116_S01_to_S02, 1, 1530, 1700098446.4718103, 166.84902544341028, -77.87259796522231
20231116_S01_to_S02, 1, 1531, 1700098446.5720708, 166.84901312755449, -77.87259796003927
20231116_S01_to_S02, 1, 1532, 1700098446.6723373, 166.84900081096652, -77.87259795485592
20231116_S01_to_S02, 1, 1533, 1700098446.7791076, 166.8489876954586, -77.87259794933634
20231116_S01_to_S02, 1, 1534, 1700098446.8793898, 166.84897537693777, -77.87259794415215
20231116_S01_to_S02, 1, 1535, 1700098446.979672, 166.84896305841704, -77.87259793896797
20231116_S01_to_S02, 1, 1536, 1700098447.0799558, 166.84895073969142, -77.87259793378372
20231116_S01_to_S02, 1, 1537, 1700098447.1802092, 166.84893842471445, -77.87259792860104
20231116_S01_to_S02, 1, 1538, 1700098447.2960968, 166.84892418924275, -77.87259792261014
20231116_S01_to_S02, 1, 1539, 1700098447.3963554, 166.84891187362152, -77.8725979174272
20231116_S01_to_S02, 1, 1540, 1700098447.496604, 166.84889955923015, -77.87259791224474
20231116_S01_to_S02, 1, 1541, 1700098447.5968516, 166.84888724495585, -77.87259790706234
20231116_S01_to_S02, 1, 1542, 1700098447.6970882, 166.8488749320286, -77.8725979018805
20231116_S01_to_S02, 1, 1543, 1700098447.7973459, 166.84886261652395, -77.87259789669763
20231116_S01_to_S02, 1, 1544, 1700098447.913219, 166.84884838283773, -77.87259789070745
20231116_S01_to_S02, 1, 1545, 1700098448.0134654, 166.84883606870915, -77.87259788552512
20231116_S01_to_S02, 1, 1546, 1700098448.1137128, 166.84882375446324, -77.87259788034274
20231116_S01_to_S02, 1, 1547, 1700098448.2139616, 166.8488114400417, -77.87259787516031
20231116_S01_to_S02, 1, 1548, 1700098448.314207, 166.84879912603012, -77.872597869978
20231116_S01_to_S02, 1, 1549, 1700098448.4144557, 166.8487868116381, -77.8725978647956
20231116_S01_to_S02, 1, 1550, 1700098448.5303302, 166.8487725777764, -77.87259785880532
20231116_S01_to_S02, 1, 1551, 1700098448.6305723, 166.8487602641757, -77.87259785362323
20231116_S01_to_S02, 1, 1552, 1700098448.7308264, 166.84874794911104, -77.87259784844053
20231116_S01_to_S02, 1, 1553, 1700098448.8310761, 166.84873563457407, -77.87259784325802
20231116_S01_to_S02, 1, 1554, 1700098448.9313226, 166.84872332044762, -77.87259783807569
20231116_S01_to_S02, 1, 1555, 1700098449.0471964, 166.8487090866768, -77.87259783208552
20231116_S01_to_S02, 1, 1556, 1700098449.1474435, 166.84869677246405, -77.87259782690315
20231116_S01_to_S02, 1, 1557, 1700098449.2476923, 166.84868445804696, -77.87259782172069
20231116_S01_to_S02, 1, 1558, 1700098449.34793, 166.8486721450069, -77.87259781653884
20231116_S01_to_S02, 1, 1559, 1700098449.4481883, 166.84865982941912, -77.87259781135589
20231116_S01_to_S02, 1, 1560, 1700098449.5484357, 166.84864751517867, -77.87259780617352
20231116_S01_to_S02, 1, 1561, 1700098449.664312, 166.84863328111763, -77.8725978001832
20231116_S01_to_S02, 1, 1562, 1700098449.7645605, 166.84862096673027, -77.87259779500076
20231116_S01_to_S02, 1, 1563, 1700098449.8648098, 166.84860865225454, -77.87259778981827
20231116_S01_to_S02, 1, 1564, 1700098449.9650567, 166.8485963380711, -77.87259778463594
20231116_S01_to_S02, 1, 1565, 1700098450.0652983, 166.84858402453136, -77.87259777945387
20231116_S01_to_S02, 1, 1566, 1700098450.1655545, 166.84857170920458, -77.87259777427103
20231116_S01_to_S02, 1, 1567, 1700098450.2814288, 166.84855747537418, -77.87259776828083
20231116_S01_to_S02, 1, 1568, 1700098450.381696, 166.84854515869912, -77.8725977630974
20231116_S01_to_S02, 1, 1569, 1700098450.4884734, 166.84853204231302, -77.87259775757745
20231116_S01_to_S02, 1, 1570, 1700098450.5887241, 166.84851972765813, -77.87259775239492
20231116_S01_to_S02, 1, 1571, 1700098450.6890001, 166.84850740989845, -77.87259774721105
20231116_S01_to_S02, 1, 1572, 1700098450.7892823, 166.84849509137703, -77.87259774202685
20231116_S01_to_S02, 1, 1573, 1700098450.8895488, 166.84848277478847, -77.8725977368435
20231116_S01_to_S02, 1, 1574, 1700098450.9898143, 166.84847045831688, -77.8725977316602
20231116_S01_to_S02, 1, 1575, 1700098451.1057215, 166.84845622044236, -77.87259772566829
20231116_S01_to_S02, 1, 1576, 1700098451.2059684, 166.84844390625503, -77.87259772048593
20231116_S01_to_S02, 1, 1577, 1700098451.306214, 166.8484315922142, -77.87259771530364
20231116_S01_to_S02, 1, 1578, 1700098451.4064639, 166.84841927767565, -77.87259771012114
20231116_S01_to_S02, 1, 1579, 1700098451.506711, 166.84840696345947, -77.87259770493878
20231116_S01_to_S02, 1, 1580, 1700098451.6225736, 166.84839273106232, -77.87259769894916
20231116_S01_to_S02, 1, 1581, 1700098451.7228332, 166.84838041532376, -77.87259769376617
20231116_S01_to_S02, 1, 1582, 1700098451.8230803, 166.8483681011085, -77.87259768858381
20231116_S01_to_S02, 1, 1583, 1700098451.9233189, 166.84835578794798, -77.87259768340189
20231116_S01_to_S02, 1, 1584, 1700098452.0235755, 166.84834347256205, -77.87259767821902
20231116_S01_to_S02, 1, 1585, 1700098452.1238217, 166.84833115846504, -77.8725976730367
20231116_S01_to_S02, 1, 1586, 1700098452.239694, 166.8483169248696, -77.87259766704658
20231116_S01_to_S02, 1, 1587, 1700098452.3399417, 166.84830461059752, -77.87259766186422
20231116_S01_to_S02, 1, 1588, 1700098452.4401882, 166.84829229647195, -77.87259765668188
20231116_S01_to_S02, 1, 1589, 1700098452.540438, 166.84827998193646, -77.87259765149938
20231116_S01_to_S02, 1, 1590, 1700098452.6406841, 166.8482676678404, -77.87259764631708
20231116_S01_to_S02, 1, 1591, 1700098452.7409322, 166.84825535350993, -77.87259764113466
20231116_S01_to_S02, 1, 1592, 1700098452.8568048, 166.8482411198858, -77.87259763514453
20231116_S01_to_S02, 1, 1593, 1700098452.9570537, 166.84822880546733, -77.87259762996207
20231116_S01_to_S02, 1, 1594, 1700098453.0573008, 166.84821649125377, -77.87259762477969
20231116_S01_to_S02, 1, 1595, 1700098453.1575491, 166.84820417689357, -77.87259761959729
20231116_S01_to_S02, 1, 1596, 1700098453.2577868, 166.84819186385113, -77.87259761441543
20231116_S01_to_S02, 1, 1597, 1700098453.3580434, 166.84817954846548, -77.87259760923256
20231116_S01_to_S02, 1, 1598, 1700098453.4739194, 166.8481653144301, -77.87259760324226
20231116_S01_to_S02, 1, 1599, 1700098453.574167, 166.84815300015683, -77.87259759805985
20231116_S01_to_S02, 1, 1600, 1700098453.674406, 166.84814068693763, -77.87259759287791
20231116_S01_to_S02, 1, 1601, 1700098453.7746663, 166.84812837111153, -77.87259758769488
20231116_S01_to_S02, 1, 1602, 1700098453.8749146, 166.8481160567495, -77.87259758251246
20231116_S01_to_S02, 1, 1603, 1700098453.9907906, 166.84810182271215, -77.87259757652214
20231116_S01_to_S02, 1, 1604, 1700098454.091058, 166.84808950600632, -77.87259757133873
20231116_S01_to_S02, 1, 1605, 1700098454.1978345, 166.8480763897357, -77.87259756581884
20231116_S01_to_S02, 1, 1606, 1700098454.2981093, 166.84806407212125, -77.87259756063504
20231116_S01_to_S02, 1, 1607, 1700098454.3983898, 166.84805175380376, -77.87259755545097
20231116_S01_to_S02, 1, 1608, 1700098454.4986732, 166.84803943513484, -77.87259755026673
20231116_S01_to_S02, 1, 1609, 1700098454.5989575, 166.84802711634885, -77.87259754508244
20231116_S01_to_S02, 1, 1610, 1700098454.699213, 166.84801480110684, -77.87259753989963
20231116_S01_to_S02, 1, 1611, 1700098454.8151057, 166.84800056501896, -77.87259753390848
20231116_S01_to_S02, 1, 1612, 1700098454.9153633, 166.84798824951446, -77.87259752872555
20231116_S01_to_S02, 1, 1613, 1700098455.0156102, 166.8479759353285, -77.8725975235432
20231116_S01_to_S02, 1, 1614, 1700098455.115849, 166.84796362213874, -77.87259751836127
20231116_S01_to_S02, 1, 1615, 1700098455.2161057, 166.84795130675295, -77.87259751317842
20231116_S01_to_S02, 1, 1616, 1700098455.3163536, 166.84793899245122, -77.87259750799603
20231116_S01_to_S02, 1, 1617, 1700098455.4322262, 166.84792475882676, -77.87259750200587
20231116_S01_to_S02, 1, 1618, 1700098455.5324748, 166.84791244443784, -77.87259749682343
20231116_S01_to_S02, 1, 1619, 1700098455.632713, 166.84790013130856, -77.87259749164156
20231116_S01_to_S02, 1, 1620, 1700098455.732973, 166.84788781551427, -77.87259748645852
20231116_S01_to_S02, 1, 1621, 1700098455.83321, 166.847875502561, -77.8725974812767
20231116_S01_to_S02, 1, 1622, 1700098455.9334683, 166.84786318697198, -77.87259747609376
20231116_S01_to_S02, 1, 1623, 1700098456.04934, 166.8478489534659, -77.87259747010366
20231116_S01_to_S02, 1, 1624, 1700098456.149588, 166.84783663913612, -77.87259746492124
20231116_S01_to_S02, 1, 1625, 1700098456.249825, 166.84782432618275, -77.87259745973941
20231116_S01_to_S02, 1, 1626, 1700098456.350082, 166.84781201076908, -77.87259745455655
20231116_S01_to_S02, 1, 1627, 1700098456.4503305, 166.84779969638018, -77.87259744937413
20231116_S01_to_S02, 1, 1628, 1700098456.5662036, 166.84778546269712, -77.87259744338395
20231116_S01_to_S02, 1, 1629, 1700098456.6664522, 166.8477731483074, -77.87259743820154
20231116_S01_to_S02, 1, 1630, 1700098456.766702, 166.8477608337707, -77.87259743301902
20231116_S01_to_S02, 1, 1631, 1700098456.8669403, 166.84774852063927, -77.87259742783715
20231116_S01_to_S02, 1, 1632, 1700098456.9671984, 166.84773620507633, -77.8725974226542
20231116_S01_to_S02, 1, 1633, 1700098457.067446, 166.8477238908016, -77.8725974174718
20231116_S01_to_S02, 1, 1634, 1700098457.1833181, 166.84770965723231, -77.87259741148168
20231116_S01_to_S02, 1, 1635, 1700098457.2834961, 166.84769735150877, -77.87259740630292
20231116_S01_to_S02, 1, 1636, 1700098457.383744, 166.84768503720403, -77.87259740112049
20231116_S01_to_S02, 1, 1637, 1700098457.4839938, 166.847672722665, -77.87259739593799
20231116_S01_to_S02, 1, 1638, 1700098457.5842426, 166.84766040824317, -77.8725973907555
20231116_S01_to_S02, 1, 1639, 1700098457.6845033, 166.84764809235733, -77.87259738557246
20231116_S01_to_S02, 1, 1640, 1700098457.8003685, 166.8476338596378, -77.87259737958269
20231116_S01_to_S02, 1, 1641, 1700098457.9006195, 166.84762154495357, -77.87259737440012
20231116_S01_to_S02, 1, 1642, 1700098458.0073714, 166.84760843170127, -77.87259736888149
20231116_S01_to_S02, 1, 1643, 1700098458.1076255, 166.84759611663722, -77.87259736369876
20231116_S01_to_S02, 1, 1644, 1700098458.2078907, 166.84758380019704, -77.87259735851548
20231116_S01_to_S02, 1, 1645, 1700098458.308155, 166.84757148387425, -77.87259735333222
20231116_S01_to_S02, 1, 1646, 1700098458.4084046, 166.84755916936749, -77.87259734814974
20231116_S01_to_S02, 1, 1647, 1700098458.5086634, 166.84754685371868, -77.8725973429668
20231116_S01_to_S02, 1, 1648, 1700098458.624562, 166.84753261690187, -77.8725973369753
20231116_S01_to_S02, 1, 1649, 1700098458.7248225, 166.84752030104818, -77.87259733179225
20231116_S01_to_S02, 1, 1650, 1700098458.8250594, 166.84750798809387, -77.87259732661042
20231116_S01_to_S02, 1, 1651, 1700098458.925307, 166.84749567382153, -77.87259732142805
20231116_S01_to_S02, 1, 1652, 1700098459.025555, 166.84748335951974, -77.87259731624563
20231116_S01_to_S02, 1, 1653, 1700098459.1258032, 166.84747104515915, -77.87259731106323
20231116_S01_to_S02, 1, 1654, 1700098459.2416754, 166.8474568115923, -77.87259730507311
20231116_S01_to_S02, 1, 1655, 1700098459.3419242, 166.84744449717263, -77.87259729989067
20231116_S01_to_S02, 1, 1656, 1700098459.442173, 166.8474321827528, -77.87259729470823
20231116_S01_to_S02, 1, 1657, 1700098459.5424201, 166.84741986853786, -77.87259728952586
20231116_S01_to_S02, 1, 1658, 1700098459.6426787, 166.84740755291708, -77.8725972843429
20231116_S01_to_S02, 1, 1659, 1700098459.7585416, 166.84739332049176, -77.87259727835327
20231116_S01_to_S02, 1, 1660, 1700098459.8587883, 166.84738100633538, -77.87259727317094
20231116_S01_to_S02, 1, 1661, 1700098459.9590385, 166.84736869173975, -77.87259726798843
20231116_S01_to_S02, 1, 1662, 1700098460.0592856, 166.84735637752485, -77.87259726280605
20231116_S01_to_S02, 1, 1663, 1700098460.159533, 166.84734406328062, -77.87259725762368
20231116_S01_to_S02, 1, 1664, 1700098460.259792, 166.84733174760123, -77.8725972524407
20231116_S01_to_S02, 1, 1665, 1700098460.3756552, 166.84731751514647, -77.87259724645105
20231116_S01_to_S02, 1, 1666, 1700098460.475902, 166.84730520096045, -77.8725972412687
20231116_S01_to_S02, 1, 1667, 1700098460.5761497, 166.84729288668638, -77.87259723608634
20231116_S01_to_S02, 1, 1668, 1700098460.6763968, 166.84728057247054, -77.87259723090396
20231116_S01_to_S02, 1, 1669, 1700098460.776645, 166.8472682581373, -77.87259722572156
20231116_S01_to_S02, 1, 1670, 1700098460.8769045, 166.84725594239788, -77.87259722053855
20231116_S01_to_S02, 1, 1671, 1700098460.9927673, 166.84724170997043, -77.87259721454893
20231116_S01_to_S02, 1, 1672, 1700098461.093015, 166.84722939569474, -77.87259720936653
20231116_S01_to_S02, 1, 1673, 1700098461.1932638, 166.84721708127248, -77.87259720418409
20231116_S01_to_S02, 1, 1674, 1700098461.2935119, 166.84720476693798, -77.87259719900167
20231116_S01_to_S02, 1, 1675, 1700098461.3937721, 166.84719245110995, -77.87259719381863
20231116_S01_to_S02, 1, 1676, 1700098461.5096357, 166.84717821859428, -77.87259718782897
20231116_S01_to_S02, 1, 1677, 1700098461.6098864, 166.8471659039381, -77.87259718264642
20231116_S01_to_S02, 1, 1678, 1700098461.7101347, 166.84715358957516, -77.87259717746399
20231116_S01_to_S02, 1, 1679, 1700098461.8168864, 166.84714047635117, -77.87259717194536
20231116_S01_to_S02, 1, 1680, 1700098461.9171379, 166.84712816160854, -77.87259716676279
20231116_S01_to_S02, 1, 1681, 1700098462.0174036, 166.84711584510924, -77.87259716157946
20231116_S01_to_S02, 1, 1682, 1700098462.1176717, 166.8471035283175, -77.872597156396
20231116_S01_to_S02, 1, 1683, 1700098462.21793, 166.84709121272695, -77.87259715121307
20231116_S01_to_S02, 1, 1684, 1700098462.3338268, 166.84707697614442, -77.87259714522168
20231116_S01_to_S02, 1, 1685, 1700098462.4340744, 166.84706466187254, -77.87259714003929
20231116_S01_to_S02, 1, 1686, 1700098462.534321, 166.84705234771806, -77.87259713485693
20231116_S01_to_S02, 1, 1687, 1700098462.6345682, 166.84704003350527, -77.87259712967459
20231116_S01_to_S02, 1, 1688, 1700098462.7348158, 166.84702771923398, -77.8725971244922
20231116_S01_to_S02, 1, 1689, 1700098462.8350744, 166.84701540361561, -77.87259711930925
20231116_S01_to_S02, 1, 1690, 1700098462.950935, 166.84700117148597, -77.87259711331974
20231116_S01_to_S02, 1, 1691, 1700098463.051182, 166.84698885727337, -77.87259710813737
20231116_S01_to_S02, 1, 1692, 1700098463.1514304, 166.8469765429143, -77.87259710295496
20231116_S01_to_S02, 1, 1693, 1700098463.2516773, 166.84696422873068, -77.8725970977726
20231116_S01_to_S02, 1, 1694, 1700098463.351924, 166.84695191457624, -77.87259709259028
20231116_S01_to_S02, 1, 1695, 1700098463.4521825, 166.84693959895705, -77.87259708740731
20231116_S01_to_S02, 1, 1696, 1700098463.568045, 166.84692536659176, -77.87259708141771
20231116_S01_to_S02, 1, 1697, 1700098463.6682947, 166.8469130520554, -77.87259707623521
20231116_S01_to_S02, 1, 1698, 1700098463.7685418, 166.84690073784077, -77.87259707105285
20231116_S01_to_S02, 1, 1699, 1700098463.8687885, 166.8468884236841, -77.87259706587051
20231116_S01_to_S02, 1, 1700, 1700098463.9690356, 166.8468761094683, -77.87259706068816
20231116_S01_to_S02, 1, 1701, 1700098464.0692968, 166.84686379352382, -77.87259705550507
20231116_S01_to_S02, 1, 1702, 1700098464.1851585, 166.84684956124227, -77.87259704951552
20231116_S01_to_S02, 1, 1703, 1700098464.285406, 166.84683724696578, -77.87259704433312
20231116_S01_to_S02, 1, 1704, 1700098464.3856528, 166.84682493280613, -77.87259703915079
20231116_S01_to_S02, 1, 1705, 1700098464.4859009, 166.84681261847058, -77.87259703396835
20231116_S01_to_S02, 1, 1706, 1700098464.5861595, 166.8468003028466, -77.8725970287854
20231116_S01_to_S02, 1, 1707, 1700098464.7020235, 166.84678607027166, -77.87259702279572
20231116_S01_to_S02, 1, 1708, 1700098464.8022716, 166.84677375593742, -77.87259701761329
20231116_S01_to_S02, 1, 1709, 1700098464.902521, 166.8467614414577, -77.8725970124308
20231116_S01_to_S02, 1, 1710, 1700098465.0027723, 166.84674912671525, -77.87259700724823
20231116_S01_to_S02, 1, 1711, 1700098465.1030204, 166.84673681238354, -77.87259700206583
20231116_S01_to_S02, 1, 1712, 1700098465.2032816, 166.8467244964416, -77.87259699688272
20231116_S01_to_S02, 1, 1713, 1700098465.319146, 166.8467102638423, -77.87259699089302
20231116_S01_to_S02, 1, 1714, 1700098465.4193974, 166.84669794910198, -77.87259698571043
20231116_S01_to_S02, 1, 1715, 1700098465.52615, 166.84668483576402, -77.87259698019176
20231116_S01_to_S02, 1, 1716, 1700098465.626398, 166.8466725214338, -77.87259697500934
20231116_S01_to_S02, 1, 1717, 1700098465.7266462, 166.8466602071033, -77.87259696982694
20231116_S01_to_S02, 1, 1718, 1700098465.8269117, 166.84664789063459, -77.87259696464362
20231116_S01_to_S02, 1, 1719, 1700098465.9271805, 166.84663557375535, -77.87259695946014
20231116_S01_to_S02, 1, 1720, 1700098466.027439, 166.84662325813505, -77.87259695427718
20231116_S01_to_S02, 1, 1721, 1700098466.1433392, 166.84660902114106, -77.87259694828562
20231116_S01_to_S02, 1, 1722, 1700098466.243587, 166.84659670683803, -77.87259694310322
20231116_S01_to_S02, 1, 1723, 1700098466.3438344, 166.84658439259334, -77.87259693792085
20231116_S01_to_S02, 1, 1724, 1700098466.444083, 166.84657207820214, -77.87259693273842
20231116_S01_to_S02, 1, 1725, 1700098466.5443313, 166.84655976384016, -77.87259692755597
20231116_S01_to_S02, 1, 1726, 1700098466.6445882, 166.84654744842393, -77.87259692237313
20231116_S01_to_S02, 1, 1727, 1700098466.7604496, 166.84653321617384, -77.87259691638356
20231116_S01_to_S02, 1, 1728, 1700098466.8606975, 166.8465209018709, -77.87259691120117
20231116_S01_to_S02, 1, 1729, 1700098466.9609475, 166.8465085873045, -77.87259690601869
20231116_S01_to_S02, 1, 1730, 1700098467.061197, 166.84649627279677, -77.87259690083619
20231116_S01_to_S02, 1, 1731, 1700098467.1614528, 166.84648395752774, -77.87259689565339
20231116_S01_to_S02, 1, 1732, 1700098467.2773151, 166.84646972516128, -77.87259688966377
20231116_S01_to_S02, 1, 1733, 1700098467.3775623, 166.8464574109465, -77.87259688448141
20231116_S01_to_S02, 1, 1734, 1700098467.4778101, 166.84644509664366, -77.872596879299
20231116_S01_to_S02, 1, 1735, 1700098467.5780578, 166.84643278236996, -77.87259687411662
20231116_S01_to_S02, 1, 1736, 1700098467.6783066, 166.84642046794949, -77.87259686893418
20231116_S01_to_S02, 1, 1737, 1700098467.7785656, 166.84640815226933, -77.8725968637512
20231116_S01_to_S02, 1, 1738, 1700098467.894428, 166.84639391990115, -77.8725968577616
20231116_S01_to_S02, 1, 1739, 1700098467.994676, 166.84638160556736, -77.87259685257918
20231116_S01_to_S02, 1, 1740, 1700098468.0949244, 166.84636929120396, -77.87259684739676
20231116_S01_to_S02, 1, 1741, 1700098468.1951756, 166.84635697648892, -77.87259684221418
20231116_S01_to_S02, 1, 1742, 1700098468.2954342, 166.846344660866, -77.87259683703125
20231116_S01_to_S02, 1, 1743, 1700098468.411297, 166.8463304284382, -77.8725968310416
20231116_S01_to_S02, 1, 1744, 1700098468.5115469, 166.8463181138991, -77.87259682585912
20231116_S01_to_S02, 1, 1745, 1700098468.611795, 166.84630579956522, -77.87259682067669
20231116_S01_to_S02, 1, 1746, 1700098468.7120447, 166.84629348502673, -77.87259681549419
20231116_S01_to_S02, 1, 1747, 1700098468.8122938, 166.84628117057665, -77.87259681031173
20231116_S01_to_S02, 1, 1748, 1700098468.9125547, 166.84626885466278, -77.87259680512865
20231116_S01_to_S02, 1, 1749, 1700098469.028419, 166.84625462206236, -77.87259679913896
20231116_S01_to_S02, 1, 1750, 1700098469.128669, 166.84624230749733, -77.87259679395646
20231116_S01_to_S02, 1, 1751, 1700098469.2354226, 166.84622919404268, -77.87259678843773
20231116_S01_to_S02, 1, 1752, 1700098469.3356717, 166.84621687959643, -77.87259678325528
20231116_S01_to_S02, 1, 1753, 1700098469.4359202, 166.8462045652093, -77.87259677807283
20231116_S01_to_S02, 1, 1754, 1700098469.5361857, 166.84619224874314, -77.87259677288952
20231116_S01_to_S02, 1, 1755, 1700098469.6364372, 166.84617993400516, -77.87259676770694
20231116_S01_to_S02, 1, 1756, 1700098469.736696, 166.84616761835937, -77.87259676252397
20231116_S01_to_S02, 1, 1757, 1700098469.8525925, 166.8461533818094, -77.8725967565326
20231116_S01_to_S02, 1, 1758, 1700098469.952841, 166.84614106742254, -77.87259675135016
20231116_S01_to_S02, 1, 1759, 1700098470.0530884, 166.8461287531819, -77.8725967461678
20231116_S01_to_S02, 1, 1760, 1700098470.1533353, 166.8461164389996, -77.87259674098546
20231116_S01_to_S02, 1, 1761, 1700098470.2535934, 166.84610412344048, -77.8725967358025
20231116_S01_to_S02, 1, 1762, 1700098470.3694565, 166.8460898909892, -77.87259672981286
20231116_S01_to_S02, 1, 1763, 1700098470.4697037, 166.84607757677676, -77.8725967246305
20231116_S01_to_S02, 1, 1764, 1700098470.5699506, 166.8460652625934, -77.87259671944815
20231116_S01_to_S02, 1, 1765, 1700098470.6701984, 166.8460529482927, -77.87259671426575
20231116_S01_to_S02, 1, 1766, 1700098470.7704456, 166.8460406340796, -77.8725967090834
20231116_S01_to_S02, 1, 1767, 1700098470.8707035, 166.8460283185484, -77.87259670390048
20231116_S01_to_S02, 1, 1768, 1700098470.9865658, 166.84601408618335, -77.87259669791086
20231116_S01_to_S02, 1, 1769, 1700098471.0868144, 166.8460017717939, -77.87259669272844
20231116_S01_to_S02, 1, 1770, 1700098471.1870615, 166.84598945757998, -77.87259668754608
20231116_S01_to_S02, 1, 1771, 1700098471.2873073, 166.84597714354155, -77.87259668236376
20231116_S01_to_S02, 1, 1772, 1700098471.387565, 166.84596482803863, -77.87259667718088
20231116_S01_to_S02, 1, 1773, 1700098471.503428, 166.8459505955846, -77.87259667119125
20231116_S01_to_S02, 1, 1774, 1700098471.6036751, 166.84593828136997, -77.87259666600887
20231116_S01_to_S02, 1, 1775, 1700098471.703924, 166.84592596695012, -77.87259666082642
20231116_S01_to_S02, 1, 1776, 1700098471.804176, 166.8459136521201, -77.87259665564379
20231116_S01_to_S02, 1, 1777, 1700098471.904421, 166.84590133816855, -77.87259665046153
20231116_S01_to_S02, 1, 1778, 1700098472.0046797, 166.84588902254745, -77.87259664527859
20231116_S01_to_S02, 1, 1779, 1700098472.1205418, 166.84587479020954, -77.872596639289
20231116_S01_to_S02, 1, 1780, 1700098472.2207906, 166.84586247578898, -77.87259663410654
20231116_S01_to_S02, 1, 1781, 1700098472.3210404, 166.8458501612511, -77.87259662892403
20231116_S01_to_S02, 1, 1782, 1700098472.4212894, 166.84583784680106, -77.8725966237416
20231116_S01_to_S02, 1, 1783, 1700098472.5215507, 166.84582553085724, -77.8725966185585
20231116_S01_to_S02, 1, 1784, 1700098472.6374145, 166.84581129831358, -77.87259661256883
20231116_S01_to_S02, 1, 1785, 1700098472.7376633, 166.84579898389242, -77.87259660738636
20231116_S01_to_S02, 1, 1786, 1700098472.8379133, 166.8457866693248, -77.87259660220386
20231116_S01_to_S02, 1, 1787, 1700098472.944665, 166.84577355610062, -77.87259659668524
20231116_S01_to_S02, 1, 1788, 1700098473.0449138, 166.84576124167918, -77.87259659150277
20231116_S01_to_S02, 1, 1789, 1700098473.1451807, 166.84574892503193, -77.8725965863194
20231116_S01_to_S02, 1, 1790, 1700098473.245447, 166.84573660847252, -77.87259658113605
20231116_S01_to_S02, 1, 1791, 1700098473.3457053, 166.84572429287942, -77.8725965759531
20231116_S01_to_S02, 1, 1792, 1700098473.4616027, 166.84571005620563, -77.8725965699617
20231116_S01_to_S02, 1, 1793, 1700098473.5618482, 166.84569774219398, -77.8725965647794
20231116_S01_to_S02, 1, 1794, 1700098473.6620963, 166.8456854278601, -77.87259655959699
20231116_S01_to_S02, 1, 1795, 1700098473.7623444, 166.84567311352626, -77.87259655441459
20231116_S01_to_S02, 1, 1796, 1700098473.8625927, 166.84566079916306, -77.87259654923216
20231116_S01_to_S02, 1, 1797, 1700098473.9628503, 166.84564848365767, -77.87259654404924
20231116_S01_to_S02, 1, 1798, 1700098474.0787127, 166.84563425128886, -77.87259653805964
20231116_S01_to_S02, 1, 1799, 1700098474.17896, 166.8456219370428, -77.87259653287728
20231116_S01_to_S02, 1, 1800, 1700098474.2792091, 166.84560962259172, -77.87259652769481
20231116_S01_to_S02, 1, 1801, 1700098474.3794584, 166.84559730811134, -77.87259652251232
20231116_S01_to_S02, 1, 1802, 1700098474.4797056, 166.8455849938946, -77.87259651732995
20231116_S01_to_S02, 1, 1803, 1700098474.5799627, 166.8455726784478, -77.87259651214708
20231116_S01_to_S02, 1, 1804, 1700098474.695825, 166.8455584460791, -77.87259650615748
20231116_S01_to_S02, 1, 1805, 1700098474.796073, 166.84554613177457, -77.87259650097508
20231116_S01_to_S02, 1, 1806, 1700098474.8963203, 166.84553381752866, -77.8725964957927
20231116_S01_to_S02, 1, 1807, 1700098474.9965682, 166.84552150322423, -77.87259649061029
20231116_S01_to_S02, 1, 1808, 1700098475.096816, 166.84550918891983, -77.87259648542789
20231116_S01_to_S02, 1, 1809, 1700098475.1970737, 166.84549687341476, -77.872596480245
20231116_S01_to_S02, 1, 1810, 1700098475.312936, 166.84548264104643, -77.87259647425539
20231116_S01_to_S02, 1, 1811, 1700098475.4131832, 166.84547032683014, -77.87259646907303
20231116_S01_to_S02, 1, 1812, 1700098475.5134323, 166.8454580123796, -77.87259646389057
20231116_S01_to_S02, 1, 1813, 1700098475.6136808, 166.84544569798774, -77.87259645870813
20231116_S01_to_S02, 1, 1814, 1700098475.7139394, 166.8454333823659, -77.87259645352518
20231116_S01_to_S02, 1, 1815, 1700098475.8298028, 166.84541914988097, -77.87259644753553
20231116_S01_to_S02, 1, 1816, 1700098475.9300508, 166.84540683554798, -77.87259644235313
20231116_S01_to_S02, 1, 1817, 1700098476.0303, 166.845394521098, -77.87259643717067
20231116_S01_to_S02, 1, 1818, 1700098476.1305487, 166.84538220667739, -77.8725964319882
20231116_S01_to_S02, 1, 1819, 1700098476.2307968, 166.84536989234476, -77.87259642680579
20231116_S01_to_S02, 1, 1820, 1700098476.331056, 166.84535757663573, -77.8725964216228
20231116_S01_to_S02, 1, 1821, 1700098476.4469206, 166.84534334400513, -77.8725964156331
20231116_S01_to_S02, 1, 1822, 1700098476.5471716, 166.8453310293214, -77.87259641045053
20231116_S01_to_S02, 1, 1823, 1700098476.6539233, 166.84531791609857, -77.8725964049319
20231116_S01_to_S02, 1, 1824, 1700098476.7541733, 166.84530560153223, -77.87259639974943
20231116_S01_to_S02, 1, 1825, 1700098476.8544214, 166.84529328720026, -77.87259639456697
20231116_S01_to_S02, 1, 1826, 1700098476.9546885, 166.84528097052547, -77.87259638938359
20231116_S01_to_S02, 1, 1827, 1700098477.0549533, 166.8452686541436, -77.8725963842003
20231116_S01_to_S02, 1, 1828, 1700098477.1552134, 166.84525633834758, -77.87259637901727
20231116_S01_to_S02, 1, 1829, 1700098477.2711117, 166.8452421015591, -77.8725963730258
20231116_S01_to_S02, 1, 1830, 1700098477.3713596, 166.84522978725678, -77.87259636784341
20231116_S01_to_S02, 1, 1831, 1700098477.4716074, 166.8452174729544, -77.872596362661
20231116_S01_to_S02, 1, 1832, 1700098477.5718558, 166.8452051585935, -77.8725963574786
20231116_S01_to_S02, 1, 1833, 1700098477.6721022, 166.8451928444667, -77.87259635229624
20231116_S01_to_S02, 1, 1834, 1700098477.772363, 166.8451805285827, -77.87259634711319
20231116_S01_to_S02, 1, 1835, 1700098477.8882227, 166.84516629653837, -77.87259634112374
20231116_S01_to_S02, 1, 1836, 1700098477.98847, 166.8451539822942, -77.87259633594137
20231116_S01_to_S02, 1, 1837, 1700098478.0887172, 166.84514166807918, -77.87259633075901
20231116_S01_to_S02, 1, 1838, 1700098478.1889648, 166.84512935380553, -77.87259632557662
20231116_S01_to_S02, 1, 1839, 1700098478.2892122, 166.84511703956113, -77.87259632039422
20231116_S01_to_S02, 1, 1840, 1700098478.3894706, 166.84510472396954, -77.8725963152113
20231116_S01_to_S02, 1, 1841, 1700098478.505334, 166.8450904914854, -77.87259630922163
20231116_S01_to_S02, 1, 1842, 1700098478.605582, 166.8450781771531, -77.87259630403923
20231116_S01_to_S02, 1, 1843, 1700098478.7058299, 166.84506586285016, -77.87259629885682
20231116_S01_to_S02, 1, 1844, 1700098478.8060777, 166.8450535485473, -77.87259629367445
20231116_S01_to_S02, 1, 1845, 1700098478.9063358, 166.84504123298512, -77.87259628849151
20231116_S01_to_S02, 1, 1846, 1700098479.0221977, 166.84502700067708, -77.87259628250192
20231116_S01_to_S02, 1, 1847, 1700098479.122445, 166.8450146864331, -77.87259627731954
20231116_S01_to_S02, 1, 1848, 1700098479.2226915, 166.84500237230637, -77.87259627213722
20231116_S01_to_S02, 1, 1849, 1700098479.32294, 166.8449900579162, -77.8725962669548
20231116_S01_to_S02, 1, 1850, 1700098479.4231868, 166.84497774376027, -77.87259626177244
20231116_S01_to_S02, 1, 1851, 1700098479.523447, 166.84496542793505, -77.87259625658939
20231116_S01_to_S02, 1, 1852, 1700098479.639309, 166.8449511956275, -77.8725962505998
20231116_S01_to_S02, 1, 1853, 1700098479.7395597, 166.84493888097367, -77.87259624541724
20231116_S01_to_S02, 1, 1854, 1700098479.8398094, 166.84492656643687, -77.87259624023476
20231116_S01_to_S02, 1, 1855, 1700098479.9400592, 166.84491425189998, -77.87259623505226
20231116_S01_to_S02, 1, 1856, 1700098480.0403085, 166.84490193742155, -77.8725962298698
20231116_S01_to_S02, 1, 1857, 1700098480.1405709, 166.84488962133213, -77.87259622468663
20231116_S01_to_S02, 1, 1858, 1700098480.2564352, 166.844875388731, -77.87259621869693
20231116_S01_to_S02, 1, 1859, 1700098480.3566852, 166.84486307416444, -77.87259621351444
20231116_S01_to_S02, 1, 1860, 1700098480.463438, 166.844849960795, -77.87259620799574
20231116_S01_to_S02, 1, 1861, 1700098480.5636878, 166.8448376462577, -77.87259620281324
20231116_S01_to_S02, 1, 1862, 1700098480.6639545, 166.84482532964097, -77.87259619762985
20231116_S01_to_S02, 1, 1863, 1700098480.7642205, 166.84481301311217, -77.87259619244654
20231116_S01_to_S02, 1, 1864, 1700098480.8644805, 166.84480069731555, -77.8725961872635
20231116_S01_to_S02, 1, 1865, 1700098480.9647472, 166.844788380699, -77.87259618208012
20231116_S01_to_S02, 1, 1866, 1700098481.0806284, 166.84477414601858, -77.87259617608954
20231116_S01_to_S02, 1, 1867, 1700098481.1808763, 166.84476183171577, -77.87259617090716
20231116_S01_to_S02, 1, 1868, 1700098481.2811239, 166.84474951744218, -77.87259616572479
20231116_S01_to_S02, 1, 1869, 1700098481.3813705, 166.84473720328575, -77.87259616054244
20231116_S01_to_S02, 1, 1870, 1700098481.4816296, 166.84472488760636, -77.87259615535946
20231116_S01_to_S02, 1, 1871, 1700098481.5974915, 166.844710655298, -77.87259614936987
20231116_S01_to_S02, 1, 1872, 1700098481.6977398, 166.8446983409363, -77.87259614418744
20231116_S01_to_S02, 1, 1873, 1700098481.7979863, 166.8446860268088, -77.87259613900513
20231116_S01_to_S02, 1, 1874, 1700098481.8982334, 166.8446737125933, -77.87259613382277
20231116_S01_to_S02, 1, 1875, 1700098481.9984837, 166.84466139799696, -77.87259612864023
20231116_S01_to_S02, 1, 1876, 1700098482.0987413, 166.84464908249265, -77.87259612345733
20231116_S01_to_S02, 1, 1877, 1700098482.214603, 166.84463485021297, -77.87259611746776
20231116_S01_to_S02, 1, 1878, 1700098482.314851, 166.84462253588018, -77.87259611228535
20231116_S01_to_S02, 1, 1879, 1700098482.4150991, 166.8446102215474, -77.87259610710295
20231116_S01_to_S02, 1, 1880, 1700098482.515346, 166.84459790736116, -77.87259610192056
20231116_S01_to_S02, 1, 1881, 1700098482.6155965, 166.84458559273585, -77.87259609673805
20231116_S01_to_S02, 1, 1882, 1700098482.7158544, 166.84457327720284, -77.87259609155515
20231116_S01_to_S02, 1, 1883, 1700098482.8317163, 166.84455904489482, -77.87259608556558
20231116_S01_to_S02, 1, 1884, 1700098482.9319646, 166.8445467305338, -77.87259608038312
20231116_S01_to_S02, 1, 1885, 1700098483.0322125, 166.8445344162316, -77.87259607520073
20231116_S01_to_S02, 1, 1886, 1700098483.132459, 166.84452210210526, -77.87259607001842
20231116_S01_to_S02, 1, 1887, 1700098483.2327185, 166.84450978636815, -77.8725960648354
20231116_S01_to_S02, 1, 1888, 1700098483.3485851, 166.84449555347516, -77.87259605884557
20231116_S01_to_S02, 1, 1889, 1700098483.448831, 166.8444832394073, -77.87259605366329
20231116_S01_to_S02, 1, 1890, 1700098483.54908, 166.8444709249877, -77.87259604848083
20231116_S01_to_S02, 1, 1891, 1700098483.6493292, 166.8444586105093, -77.87259604329836
20231116_S01_to_S02, 1, 1892, 1700098483.7495773, 166.84444629617695, -77.87259603811594
20231116_S01_to_S02, 1, 1893, 1700098483.849841, 166.8444339799112, -77.87259603293272
20231116_S01_to_S02, 1, 1894, 1700098483.965704, 166.84441974748447, -77.87259602694309
20231116_S01_to_S02, 1, 1895, 1700098484.0659535, 166.84440743297472, -77.8725960217606
20231116_S01_to_S02, 1, 1896, 1700098484.166202, 166.8443951185814, -77.87259601657816
20231116_S01_to_S02, 1, 1897, 1700098484.2729547, 166.844382005238, -77.87259601105949
20231116_S01_to_S02, 1, 1898, 1700098484.3732042, 166.84436969072655, -77.872596005877
20231116_S01_to_S02, 1, 1899, 1700098484.4734707, 166.8443573741356, -77.87259600069363
20231116_S01_to_S02, 1, 1900, 1700098484.5737195, 166.84434505971197, -77.87259599551118
20231116_S01_to_S02, 1, 1901, 1700098484.6739776, 166.8443327441465, -77.87259599032826
20231116_S01_to_S02, 1, 1902, 1700098484.7898753, 166.84431850744224, -77.87259598433683
20231116_S01_to_S02, 1, 1903, 1700098484.890123, 166.84430619316686, -77.87259597915441
20231116_S01_to_S02, 1, 1904, 1700098484.99037, 166.84429387895096, -77.87259597397207
20231116_S01_to_S02, 1, 1905, 1700098485.0906317, 166.84428156294933, -77.87259596878896
20231116_S01_to_S02, 1, 1906, 1700098485.1908677, 166.84426925011127, -77.87259596360717
20231116_S01_to_S02, 1, 1907, 1700098485.2911267, 166.84425693443293, -77.87259595842418
20231116_S01_to_S02, 1, 1908, 1700098485.4069893, 166.8442427020386, -77.87259595243457
20231116_S01_to_S02, 1, 1909, 1700098485.5072381, 166.84423038762034, -77.87259594725214
20231116_S01_to_S02, 1, 1910, 1700098485.607487, 166.8442180732022, -77.87259594206968
20231116_S01_to_S02, 1, 1911, 1700098485.7077343, 166.84420575895982, -77.87259593688731
20231116_S01_to_S02, 1, 1912, 1700098485.807982, 166.8441934446881, -77.87259593170492
20231116_S01_to_S02, 1, 1913, 1700098485.9082391, 166.84418112924465, -77.87259592652204
20231116_S01_to_S02, 1, 1914, 1700098486.0241005, 166.84416689699665, -77.87259592053249
20231116_S01_to_S02, 1, 1915, 1700098486.1243474, 166.84415458281208, -77.87259591535015
20231116_S01_to_S02, 1, 1916, 1700098486.2245948, 166.84414226856862, -77.87259591016777
20231116_S01_to_S02, 1, 1917, 1700098486.3248446, 166.84412995403204, -77.87259590498527
20231116_S01_to_S02, 1, 1918, 1700098486.425092, 166.84411763978804, -77.87259589980289
20231116_S01_to_S02, 1, 1919, 1700098486.5253513, 166.8441053240795, -77.87259589461992
20231116_S01_to_S02, 1, 1920, 1700098486.6412132, 166.84409109177105, -77.87259588863031
20231116_S01_to_S02, 1, 1921, 1700098486.7414641, 166.84407877708693, -77.87259588344776
20231116_S01_to_S02, 1, 1922, 1700098486.8417113, 166.84406646287115, -77.87259587826541
20231116_S01_to_S02, 1, 1923, 1700098486.9419584, 166.84405414865503, -77.87259587308306
20231116_S01_to_S02, 1, 1924, 1700098487.0422194, 166.84404183274006, -77.87259586789995
20231116_S01_to_S02, 1, 1925, 1700098487.1580815, 166.84402760040095, -77.87259586191036
20231116_S01_to_S02, 1, 1926, 1700098487.2583315, 166.844015285833, -77.87259585672784
20231116_S01_to_S02, 1, 1927, 1700098487.358581, 166.84400297132362, -77.87259585154537
20231116_S01_to_S02, 1, 1928, 1700098487.4588294, 166.84399065696064, -77.87259584636294
20231116_S01_to_S02, 1, 1929, 1700098487.559079, 166.84397834245138, -77.87259584118044
20231116_S01_to_S02, 1, 1930, 1700098487.659329, 166.8439660278837, -77.87259583599793
20231116_S01_to_S02, 1, 1931, 1700098487.7752078, 166.84395179349508, -77.87259583000747
20231116_S01_to_S02, 1, 1932, 1700098487.8754585, 166.84393947884016, -77.87259582482494
20231116_S01_to_S02, 1, 1933, 1700098487.982211, 166.84392636549993, -77.87259581930628
20231116_S01_to_S02, 1, 1934, 1700098488.08246, 166.84391405107985, -77.8725958141238
20231116_S01_to_S02, 1, 1935, 1700098488.1827087, 166.84390173666003, -77.87259580894137
20231116_S01_to_S02, 1, 1936, 1700098488.2829747, 166.84388942013166, -77.87259580375802
20231116_S01_to_S02, 1, 1937, 1700098488.3832395, 166.84387710374986, -77.87259579857475
20231116_S01_to_S02, 1, 1938, 1700098488.4834988, 166.84386478804166, -77.87259579339175
20231116_S01_to_S02, 1, 1939, 1700098488.5993958, 166.84385055142872, -77.87259578740036
20231116_S01_to_S02, 1, 1940, 1700098488.6996439, 166.84383823709686, -77.87259578221796
20231116_S01_to_S02, 1, 1941, 1700098488.799893, 166.84382592264768, -77.87259577703549
20231116_S01_to_S02, 1, 1942, 1700098488.9001403, 166.84381360840337, -77.8725957718531
20231116_S01_to_S02, 1, 1943, 1700098489.0003915, 166.84380129369012, -77.87259576667053
20231116_S01_to_S02, 1, 1944, 1700098489.1006439, 166.84378897883008, -77.87259576148789
20231116_S01_to_S02, 1, 1945, 1700098489.2165065, 166.84377474643284, -77.87259575549827
20231116_S01_to_S02, 1, 1946, 1700098489.3167562, 166.84376243189442, -77.87259575031578
20231116_S01_to_S02, 1, 1947, 1700098489.4170055, 166.8437501174145, -77.87259574513331
20231116_S01_to_S02, 1, 1948, 1700098489.517253, 166.843737803169, -77.87259573995092
20231116_S01_to_S02, 1, 1949, 1700098489.617512, 166.8437254874887, -77.87259573476797
20231116_S01_to_S02, 1, 1950, 1700098489.7333746, 166.84371125509207, -77.87259572877835
20231116_S01_to_S02, 1, 1951, 1700098489.8336322, 166.8436989395886, -77.87259572359544
20231116_S01_to_S02, 1, 1952, 1700098489.9338696, 166.8436866265752, -77.87259571841359
20231116_S01_to_S02, 1, 1953, 1700098490.0341167, 166.8436743123616, -77.87259571323122
20231116_S01_to_S02, 1, 1954, 1700098490.1343665, 166.8436619978263, -77.87259570804872
20231116_S01_to_S02, 1, 1955, 1700098490.2346244, 166.84364968229556, -77.87259570286582
20231116_S01_to_S02, 1, 1956, 1700098490.3504865, 166.84363544996066, -77.87259569687623
20231116_S01_to_S02, 1, 1957, 1700098490.450733, 166.84362313583563, -77.87259569169389
20231116_S01_to_S02, 1, 1958, 1700098490.5509803, 166.84361082159324, -77.87259568651153
20231116_S01_to_S02, 1, 1959, 1700098490.6512275, 166.84359850737968, -77.87259568132916
20231116_S01_to_S02, 1, 1960, 1700098490.7514763, 166.84358619296054, -77.8725956761467
20231116_S01_to_S02, 1, 1961, 1700098490.8517373, 166.84357387704705, -77.87259567096363
20231116_S01_to_S02, 1, 1962, 1700098490.9675984, 166.84355964482583, -77.87259566497409
20231116_S01_to_S02, 1, 1963, 1700098491.0678475, 166.84354733037503, -77.87259565979163
20231116_S01_to_S02, 1, 1964, 1700098491.1680956, 166.84353501604082, -77.87259565460921
20231116_S01_to_S02, 1, 1965, 1700098491.2683446, 166.84352270158902, -77.87259564942674
20231116_S01_to_S02, 1, 1966, 1700098491.3685975, 166.84351038666833, -77.87259564424407
20231116_S01_to_S02, 1, 1967, 1700098491.4688551, 166.8434980711618, -77.87259563906119
20231116_S01_to_S02, 1, 1968, 1700098491.5847194, 166.84348383855746, -77.87259563307148
20231116_S01_to_S02, 1, 1969, 1700098491.6849694, 166.84347152398828, -77.87259562788897
20231116_S01_to_S02, 1, 1970, 1700098491.7917213, 166.84345841073366, -77.87259562237033
20231116_S01_to_S02, 1, 1971, 1700098491.891971, 166.84344609619458, -77.87259561718783
20231116_S01_to_S02, 1, 1972, 1700098491.9922383, 166.84343377951805, -77.87259561200443
20231116_S01_to_S02, 1, 1973, 1700098492.092503, 166.84342146313477, -77.87259560682115
20231116_S01_to_S02, 1, 1974, 1700098492.1927512, 166.84340914880195, -77.87259560163875
20231116_S01_to_S02, 1, 1975, 1700098492.293012, 166.84339683291716, -77.87259559645568
20231116_S01_to_S02, 1, 1976, 1700098492.4089108, 166.84338259606926, -77.87259559046419
20231116_S01_to_S02, 1, 1977, 1700098492.509158, 166.84337028185413, -77.87259558528184
20231116_S01_to_S02, 1, 1978, 1700098492.6094053, 166.84335796760976, -77.87259558009947
20231116_S01_to_S02, 1, 1979, 1700098492.7096524, 166.84334565339464, -77.87259557491709
20231116_S01_to_S02, 1, 1980, 1700098492.8098996, 166.8433333391794, -77.87259556973473
20231116_S01_to_S02, 1, 1981, 1700098492.9257739, 166.84331910534783, -77.87259556374451
20231116_S01_to_S02, 1, 1982, 1700098493.0260203, 166.8433067912201, -77.8725955585622
20231116_S01_to_S02, 1, 1983, 1700098493.126267, 166.84329447706293, -77.87259555337984
20231116_S01_to_S02, 1, 1984, 1700098493.2265136, 166.8432821629056, -77.87259554819751
20231116_S01_to_S02, 1, 1985, 1700098493.3267639, 166.843269848309, -77.87259554301498
20231116_S01_to_S02, 1, 1986, 1700098493.4270198, 166.8432575330094, -77.87259553783217
20231116_S01_to_S02, 1, 1987, 1700098493.5428808, 166.84324330081725, -77.87259553184265
20231116_S01_to_S02, 1, 1988, 1700098493.6431272, 166.84323098668915, -77.8725955266603
20231116_S01_to_S02, 1, 1989, 1700098493.7433746, 166.84321867244398, -77.87259552147792
20231116_S01_to_S02, 1, 1990, 1700098493.8436224, 166.84320635814038, -77.87259551629553
20231116_S01_to_S02, 1, 1991, 1700098493.9438698, 166.8431940438954, -77.87259551111316
20231116_S01_to_S02, 1, 1992, 1700098494.0441291, 166.8431817281862, -77.87259550593015
20231116_S01_to_S02, 1, 1993, 1700098494.1599905, 166.84316749593626, -77.87259549994062
20231116_S01_to_S02, 1, 1994, 1700098494.2602382, 166.84315518166258, -77.87259549475823
20231116_S01_to_S02, 1, 1995, 1700098494.3604848, 166.84314286750612, -77.87259548957587
20231116_S01_to_S02, 1, 1996, 1700098494.460733, 166.843130553174, -77.87259548439347
20231116_S01_to_S02, 1, 1997, 1700098494.560992, 166.84311823749465, -77.87259547921049
20231116_S01_to_S02, 1, 1998, 1700098494.6768553, 166.84310400501064, -77.87259547322084
20231116_S01_to_S02, 1, 1999, 1700098494.7771049, 166.8430916905025, -77.87259546803834
20231116_S01_to_S02, 1, 2000, 1700098494.8773532, 166.84307937614057, -77.87259546285593
20231116_S01_to_S02, 1, 2001, 1700098494.977603, 166.84306706160268, -77.87259545767343
20231116_S01_to_S02, 1, 2002, 1700098495.0778515, 166.8430547472111, -77.872595452491
20231116_S01_to_S02, 1, 2003, 1700098495.178111, 166.8430424314722, -77.87259544730797
20231116_S01_to_S02, 1, 2004, 1700098495.293975, 166.84302819889945, -77.8725954413183
20231116_S01_to_S02, 1, 2005, 1700098495.394226, 166.843015884215, -77.8725954361357
20231116_S01_to_S02, 1, 2006, 1700098495.5009785, 166.84300277090372, -77.87259543061707
20231116_S01_to_S02, 1, 2007, 1700098495.6012275, 166.8429904564541, -77.8725954254346
20231116_S01_to_S02, 1, 2008, 1700098495.7014923, 166.84297814007192, -77.87259542025132
20231116_S01_to_S02, 1, 2009, 1700098495.8017569, 166.84296582371945, -77.87259541506805
20231116_S01_to_S02, 1, 2010, 1700098495.9020095, 166.84295350883184, -77.8725954098854
20231116_S01_to_S02, 1, 2011, 1700098496.0022676, 166.84294119327114, -77.87259540470248
20231116_S01_to_S02, 1, 2012, 1700098496.1181643, 166.8429269566892, -77.8725953987111
20231116_S01_to_S02, 1, 2013, 1700098496.2184114, 166.84291464247627, -77.87259539352874
20231116_S01_to_S02, 1, 2014, 1700098496.318659, 166.84290232820484, -77.87259538834635
20231116_S01_to_S02, 1, 2015, 1700098496.4189065, 166.8428900139627, -77.87259538316398
20231116_S01_to_S02, 1, 2016, 1700098496.5191545, 166.8428776996325, -77.87259537798158
20231116_S01_to_S02, 1, 2017, 1700098496.6194122, 166.84286538413053, -77.87259537279867
20231116_S01_to_S02, 1, 2018, 1700098496.735275, 166.84285115170664, -77.87259536680905
20231116_S01_to_S02, 1, 2019, 1700098496.8355215, 166.8428388375802, -77.87259536162674
20231116_S01_to_S02, 1, 2020, 1700098496.9357688, 166.84282652333593, -77.87259535644435
20231116_S01_to_S02, 1, 2021, 1700098497.0360153, 166.84281420920826, -77.87259535126204
20231116_S01_to_S02, 1, 2022, 1700098497.136273, 166.84280189370364, -77.87259534607912
20231116_S01_to_S02, 1, 2023, 1700098497.2521355, 166.842787661306, -77.87259534008949
20231116_S01_to_S02, 1, 2024, 1700098497.3523827, 166.84277534708926, -77.87259533490712
20231116_S01_to_S02, 1, 2025, 1700098497.4526293, 166.84276303293103, -77.87259532972479
20231116_S01_to_S02, 1, 2026, 1700098497.552878, 166.84275071853847, -77.87259532454233
20231116_S01_to_S02, 1, 2027, 1700098497.6531243, 166.8427384044095, -77.87259531936002
20231116_S01_to_S02, 1, 2028, 1700098497.7533832, 166.84272608875776, -77.87259531417706
20231116_S01_to_S02, 1, 2029, 1700098497.869244, 166.84271185656502, -77.8725953081875
20231116_S01_to_S02, 1, 2030, 1700098497.9694922, 166.84269954223186, -77.87259530300511
20231116_S01_to_S02, 1, 2031, 1700098498.069741, 166.84268722781093, -77.87259529782266
20231116_S01_to_S02, 1, 2032, 1700098498.1699882, 166.84267491359535, -77.8725952926403
20231116_S01_to_S02, 1, 2033, 1700098498.2702355, 166.84266259935063, -77.87259528745794
20231116_S01_to_S02, 1, 2034, 1700098498.3704941, 166.84265028372945, -77.87259528227497
20231116_S01_to_S02, 1, 2035, 1700098498.486357, 166.8426360513038, -77.87259527628535
20231116_S01_to_S02, 1, 2036, 1700098498.586606, 166.84262373685414, -77.8725952711029
20231116_S01_to_S02, 1, 2037, 1700098498.6868548, 166.84261142243378, -77.87259526592047
20231116_S01_to_S02, 1, 2038, 1700098498.787104, 166.84259910798397, -77.872595260738
20231116_S01_to_S02, 1, 2039, 1700098498.8873634, 166.84258679224538, -77.872595255555
20231116_S01_to_S02, 1, 2040, 1700098499.003228, 166.842572559614, -77.87259524956526
20231116_S01_to_S02, 1, 2041, 1700098499.1034791, 166.84256024489997, -77.87259524438271
20231116_S01_to_S02, 1, 2042, 1700098499.210232, 166.8425471315291, -77.87259523886402
20231116_S01_to_S02, 1, 2043, 1700098499.3104808, 166.84253481710732, -77.87259523368157
20231116_S01_to_S02, 1, 2044, 1700098499.4107287, 166.84252250280255, -77.87259522849915
20231116_S01_to_S02, 1, 2045, 1700098499.5109956, 166.84251018615475, -77.87259522331576
20231116_S01_to_S02, 1, 2046, 1700098499.6112437, 166.84249787182074, -77.87259521813334
20231116_S01_to_S02, 1, 2047, 1700098499.7115023, 166.8424855561981, -77.87259521295037
20231116_S01_to_S02, 1, 2048, 1700098499.8274004, 166.84247131943658, -77.87259520695893
20231116_S01_to_S02, 1, 2049, 1700098499.927647, 166.84245900527893, -77.87259520177658
20231116_S01_to_S02, 1, 2050, 1700098500.0278974, 166.84244669068227, -77.87259519659406
20231116_S01_to_S02, 1, 2051, 1700098500.1281445, 166.84243437646663, -77.8725951914117
20231116_S01_to_S02, 1, 2052, 1700098500.2283916, 166.8424220622512, -77.87259518622933
20231116_S01_to_S02, 1, 2053, 1700098500.3286495, 166.84240974671803, -77.87259518104642
20231116_S01_to_S02, 1, 2054, 1700098500.4445107, 166.84239551449767, -77.87259517505689
20231116_S01_to_S02, 1, 2055, 1700098500.5447571, 166.8423832003706, -77.87259516987454
20231116_S01_to_S02, 1, 2056, 1700098500.6450043, 166.84237088615575, -77.87259516469219
20231116_S01_to_S02, 1, 2057, 1700098500.7452524, 166.84235857182387, -77.87259515950977
20231116_S01_to_S02, 1, 2058, 1700098500.8455107, 166.84234625623264, -77.87259515432683
20231116_S01_to_S02, 1, 2059, 1700098500.9613717, 166.84233202404195, -77.87259514833731
20231116_S01_to_S02, 1, 2060, 1700098501.0616193, 166.84231970976862, -77.87259514315492
20231116_S01_to_S02, 1, 2061, 1700098501.16187, 166.8423073951146, -77.8725951379724
20231116_S01_to_S02, 1, 2062, 1700098501.2621167, 166.84229508095837, -77.87259513279005
20231116_S01_to_S02, 1, 2063, 1700098501.3623652, 166.84228276656782, -77.87259512760761
20231116_S01_to_S02, 1, 2064, 1700098501.4626236, 166.84227045097643, -77.87259512242466
20231116_S01_to_S02, 1, 2065, 1700098501.578485, 166.84225621872687, -77.87259511643511
20231116_S01_to_S02, 1, 2066, 1700098501.6787326, 166.84224390445328, -77.87259511125274
20231116_S01_to_S02, 1, 2067, 1700098501.7789803, 166.84223159017955, -77.87259510607034
20231116_S01_to_S02, 1, 2068, 1700098501.8792284, 166.84221927584719, -77.87259510088792
20231116_S01_to_S02, 1, 2069, 1700098501.9794767, 166.84220696148535, -77.87259509570549
20231116_S01_to_S02, 1, 2070, 1700098502.09535, 166.8421927277709, -77.87259508971532
20231116_S01_to_S02, 1, 2071, 1700098502.1955981, 166.84218041343826, -77.87259508453293
20231116_S01_to_S02, 1, 2072, 1700098502.2958462, 166.84216809910555, -77.8725950793505
20231116_S01_to_S02, 1, 2073, 1700098502.3960953, 166.84215578465563, -77.87259507416805
20231116_S01_to_S02, 1, 2074, 1700098502.4963439, 166.84214347026423, -77.87259506898559
20231116_S01_to_S02, 1, 2075, 1700098502.596604, 166.8421311544378, -77.87259506380255
20231116_S01_to_S02, 1, 2076, 1700098502.7124672, 166.84211692198247, -77.87259505781292
20231116_S01_to_S02, 1, 2077, 1700098502.812717, 166.8421046074447, -77.87259505263043
20231116_S01_to_S02, 1, 2078, 1700098502.9129667, 166.8420922929069, -77.8725950474479
20231116_S01_to_S02, 1, 2079, 1700098503.0197182, 166.8420791797128, -77.87259504192932
20231116_S01_to_S02, 1, 2080, 1700098503.1199675, 166.84206686523368, -77.87259503674683
20231116_S01_to_S02, 1, 2081, 1700098503.220234, 166.84205454864593, -77.87259503156348
20231116_S01_to_S02, 1, 2082, 1700098503.3204832, 166.8420422341668, -77.87259502638098
20231116_S01_to_S02, 1, 2083, 1700098503.4207413, 166.84202991860406, -77.87259502119805
20231116_S01_to_S02, 1, 2084, 1700098503.5366383, 166.8420156819901, -77.87259501520668
20231116_S01_to_S02, 1, 2085, 1700098503.6368852, 166.84200336780378, -77.87259501002431
20231116_S01_to_S02, 1, 2086, 1700098503.737133, 166.84199105350032, -77.87259500484191
20231116_S01_to_S02, 1, 2087, 1700098503.8373837, 166.84197873884534, -77.87259499965937
20231116_S01_to_S02, 1, 2088, 1700098503.9376295, 166.84196642480535, -77.87259499447707
20231116_S01_to_S02, 1, 2089, 1700098504.0378876, 166.84195410924235, -77.87259498929416
20231116_S01_to_S02, 1, 2090, 1700098504.1537502, 166.84193987684532, -77.87259498330454
20231116_S01_to_S02, 1, 2091, 1700098504.253998, 166.8419275625415, -77.87259497812214
20231116_S01_to_S02, 1, 2092, 1700098504.354246, 166.84191524823763, -77.87259497293975
20231116_S01_to_S02, 1, 2093, 1700098504.4544933, 166.84190293399223, -77.87259496775738
20231116_S01_to_S02, 1, 2094, 1700098504.5547523, 166.84189061831165, -77.87259496257441
20231116_S01_to_S02, 1, 2095, 1700098504.670614, 166.8418763860313, -77.87259495658483
20231116_S01_to_S02, 1, 2096, 1700098504.770862, 166.84186407169776, -77.87259495140242
20231116_S01_to_S02, 1, 2097, 1700098504.87111, 166.8418517573934, -77.87259494622002
20231116_S01_to_S02, 1, 2098, 1700098504.9713588, 166.8418394429718, -77.87259494103758
20231116_S01_to_S02, 1, 2099, 1700098505.071606, 166.84182712875523, -77.87259493585522
20231116_S01_to_S02, 1, 2100, 1700098505.171863, 166.84181481330864, -77.87259493067234
20231116_S01_to_S02, 1, 2101, 1700098505.2877262, 166.8418005808523, -77.87259492468269
20231116_S01_to_S02, 1, 2102, 1700098505.387974, 166.84178826654812, -77.8725949195003
20231116_S01_to_S02, 1, 2103, 1700098505.488223, 166.84177595209766, -77.87259491431783
20231116_S01_to_S02, 1, 2104, 1700098505.5884717, 166.841763637706, -77.87259490913539
20231116_S01_to_S02, 1, 2105, 1700098505.6887293, 166.8417513222017, -77.87259490395249
20231116_S01_to_S02, 1, 2106, 1700098505.8045921, 166.84173708977602, -77.87259489796286
20231116_S01_to_S02, 1, 2107, 1700098505.90484, 166.8417247754732, -77.87259489278046
20231116_S01_to_S02, 1, 2108, 1700098506.0050898, 166.8417124609365, -77.87259488759796
20231116_S01_to_S02, 1, 2109, 1700098506.1053388, 166.84170014648782, -77.87259488241548
20231116_S01_to_S02, 1, 2110, 1700098506.205588, 166.84168783200997, -77.87259487723301
20231116_S01_to_S02, 1, 2111, 1700098506.3058467, 166.84167551639, -77.87259487205007
20231116_S01_to_S02, 1, 2112, 1700098506.4217114, 166.84166128373116, -77.87259486606033
20231116_S01_to_S02, 1, 2113, 1700098506.5219612, 166.84164896919444, -77.87259486087781
20231116_S01_to_S02, 1, 2114, 1700098506.622212, 166.84163665454034, -77.87259485569528
20231116_S01_to_S02, 1, 2115, 1700098506.728964, 166.84162354125874, -77.87259485017665
20231116_S01_to_S02, 1, 2116, 1700098506.8292127, 166.8416112268672, -77.8725948449942
20231116_S01_to_S02, 1, 2117, 1700098506.9294791, 166.84159891027866, -77.87259483981084
20231116_S01_to_S02, 1, 2118, 1700098507.029744, 166.8415865938946, -77.87259483462758
20231116_S01_to_S02, 1, 2119, 1700098507.1300023, 166.8415742783009, -77.87259482944462
20231116_S01_to_S02, 1, 2120, 1700098507.245898, 166.84156004183117, -77.8725948234533
20231116_S01_to_S02, 1, 2121, 1700098507.3461447, 166.8415477276722, -77.87259481827095
20231116_S01_to_S02, 1, 2122, 1700098507.4463916, 166.84153541348402, -77.87259481308858
20231116_S01_to_S02, 1, 2123, 1700098507.5466423, 166.84152309882748, -77.87259480790604
20231116_S01_to_S02, 1, 2124, 1700098507.6468875, 166.8415107848448, -77.87259480272377
20231116_S01_to_S02, 1, 2125, 1700098507.7471356, 166.84149847051117, -77.87259479754137
20231116_S01_to_S02, 1, 2126, 1700098507.8630073, 166.8414842370012, -77.87259479155126
20231116_S01_to_S02, 1, 2127, 1700098507.9632561, 166.84147192258104, -77.87259478636884
20231116_S01_to_S02, 1, 2128, 1700098508.0635026, 166.84145960845433, -77.8725947811865
20231116_S01_to_S02, 1, 2129, 1700098508.16375, 166.84144729421095, -77.87259477600414
20231116_S01_to_S02, 1, 2130, 1700098508.2640078, 166.84143497867927, -77.87259477082122
20231116_S01_to_S02, 1, 2131, 1700098508.3798683, 166.84142074654852, -77.87259476483172
20231116_S01_to_S02, 1, 2132, 1700098508.4801161, 166.8414084322473, -77.8725947596493
20231116_S01_to_S02, 1, 2133, 1700098508.5803626, 166.8413961181219, -77.872594754467
20231116_S01_to_S02, 1, 2134, 1700098508.6806111, 166.84138380373275, -77.87259474928456
20231116_S01_to_S02, 1, 2135, 1700098508.780859, 166.8413714894313, -77.87259474410214
20231116_S01_to_S02, 1, 2136, 1700098508.8811169, 166.84135917389952, -77.87259473891923
20231116_S01_to_S02, 1, 2137, 1700098508.99698, 166.84134494144573, -77.8725947329296
20231116_S01_to_S02, 1, 2138, 1700098509.097227, 166.84133262723088, -77.87259472774724
20231116_S01_to_S02, 1, 2139, 1700098509.197475, 166.8413203129275, -77.87259472256483
20231116_S01_to_S02, 1, 2140, 1700098509.2977252, 166.84130799833085, -77.8725947173823
20231116_S01_to_S02, 1, 2141, 1700098509.3979723, 166.84129568411467, -77.87259471219993
20231116_S01_to_S02, 1, 2142, 1700098509.4982314, 166.84128336843398, -77.87259470701694
20231116_S01_to_S02, 1, 2143, 1700098509.6140938, 166.8412691360657, -77.87259470102734
20231116_S01_to_S02, 1, 2144, 1700098509.7143438, 166.84125682149818, -77.87259469584481
20231116_S01_to_S02, 1, 2145, 1700098509.814593, 166.84124450701898, -77.87259469066234
20231116_S01_to_S02, 1, 2146, 1700098509.9148417, 166.84123219262813, -77.87259468547991
20231116_S01_to_S02, 1, 2147, 1700098510.0150924, 166.84121987797423, -77.87259468029737
20231116_S01_to_S02, 1, 2148, 1700098510.1153522, 166.84120756220779, -77.87259467511436
20231116_S01_to_S02, 1, 2149, 1700098510.2312157, 166.84119332969578, -77.87259466912468
20231116_S01_to_S02, 1, 2150, 1700098510.331467, 166.84118101498402, -77.87259466394212
20231116_S01_to_S02, 1, 2151, 1700098510.4382195, 166.84116790164524, -77.87259465842345
20231116_S01_to_S02, 1, 2152, 1700098510.5384686, 166.8411555871969, -77.872594653241
20231116_S01_to_S02, 1, 2153, 1700098510.638734, 166.8411432707274, -77.87259464805767
20231116_S01_to_S02, 1, 2154, 1700098510.7390006, 166.8411309541404, -77.87259464287433
20231116_S01_to_S02, 1, 2155, 1700098510.8392484, 166.84111863983722, -77.87259463769192
20231116_S01_to_S02, 1, 2156, 1700098510.939507, 166.84110632421547, -77.87259463250896
20231116_S01_to_S02, 1, 2157, 1700098511.0554051, 166.84109208745383, -77.87259462651751
20231116_S01_to_S02, 1, 2158, 1700098511.1556518, 166.84107977329532, -77.8725946213352
20231116_S01_to_S02, 1, 2159, 1700098511.2558987, 166.84106745910714, -77.87259461615281
20231116_S01_to_S02, 1, 2160, 1700098511.3561466, 166.8410551448016, -77.87259461097042
20231116_S01_to_S02, 1, 2161, 1700098511.456406, 166.8410428290609, -77.8725946057874
20231116_S01_to_S02, 1, 2162, 1700098511.5722675, 166.84102859680812, -77.87259459979786
20231116_S01_to_S02, 1, 2163, 1700098511.6725156, 166.84101628247336, -77.87259459461545
20231116_S01_to_S02, 1, 2164, 1700098511.772762, 166.8410039683439, -77.87259458943312
20231116_S01_to_S02, 1, 2165, 1700098511.8730106, 166.84099165395122, -77.87259458425069
20231116_S01_to_S02, 1, 2166, 1700098511.973258, 166.84097933970537, -77.87259457906829
20231116_S01_to_S02, 1, 2167, 1700098512.0891314, 166.8409651059902, -77.87259457307813
20231116_S01_to_S02, 1, 2168, 1700098512.1893778, 166.8409527918624, -77.8725945678958
20231116_S01_to_S02, 1, 2169, 1700098512.2896256, 166.84094047755917, -77.87259456271342
20231116_S01_to_S02, 1, 2170, 1700098512.3898733, 166.84092816328547, -77.87259455753102
20231116_S01_to_S02, 1, 2171, 1700098512.4901211, 166.8409158489827, -77.87259455234862
20231116_S01_to_S02, 1, 2172, 1700098512.5903788, 166.84090353347923, -77.8725945471657
20231116_S01_to_S02, 1, 2173, 1700098512.7062395, 166.84088930131787, -77.87259454117618
20231116_S01_to_S02, 1, 2174, 1700098512.806487, 166.84087698704462, -77.8725945359938
20231116_S01_to_S02, 1, 2175, 1700098512.9067342, 166.84086467282992, -77.87259453081144
20231116_S01_to_S02, 1, 2176, 1700098513.0069818, 166.84085235855665, -77.87259452562905
20231116_S01_to_S02, 1, 2177, 1700098513.1072304, 166.84084004416604, -77.87259452044661
20231116_S01_to_S02, 1, 2178, 1700098513.20749, 166.84082772842822, -77.8725945152636
20231116_S01_to_S02, 1, 2179, 1700098513.3233528, 166.84081349600288, -77.87259450927398
20231116_S01_to_S02, 1, 2180, 1700098513.4236004, 166.84080118172915, -77.8725945040916
20231116_S01_to_S02, 1, 2181, 1700098513.523851, 166.84078886710387, -77.87259449890907
20231116_S01_to_S02, 1, 2182, 1700098513.6241007, 166.8407765525663, -77.87259449372657
20231116_S01_to_S02, 1, 2183, 1700098513.724353, 166.84076423770637, -77.87259448854392
20231116_S01_to_S02, 1, 2184, 1700098513.8402252, 166.84075000413793, -77.8725944825538
20231116_S01_to_S02, 1, 2185, 1700098513.9404762, 166.8407376894534, -77.87259447737125
20231116_S01_to_S02, 1, 2186, 1700098514.0407286, 166.8407253745929, -77.87259447218862
20231116_S01_to_S02, 1, 2187, 1700098514.1474807, 166.84071226131, -77.87259446666997
20231116_S01_to_S02, 1, 2188, 1700098514.24773, 166.84069994682983, -77.87259446148751
20231116_S01_to_S02, 1, 2189, 1700098514.3479946, 166.84068763047506, -77.87259445630423
20231116_S01_to_S02, 1, 2190, 1700098514.4482625, 166.84067531371025, -77.87259445112079
20231116_S01_to_S02, 1, 2191, 1700098514.5485115, 166.84066299925905, -77.87259444593833
20231116_S01_to_S02, 1, 2192, 1700098514.648763, 166.84065068451505, -77.87259444075576
20231116_S01_to_S02, 1, 2193, 1700098514.764664, 166.84063644740175, -77.87259443476414
20231116_S01_to_S02, 1, 2194, 1700098514.8649118, 166.8406241330973, -77.87259442958174
20231116_S01_to_S02, 1, 2195, 1700098514.9651587, 166.8406118189102, -77.87259442439941
20231116_S01_to_S02, 1, 2196, 1700098515.0654058, 166.84059950469396, -77.87259441921702
20231116_S01_to_S02, 1, 2197, 1700098515.1656647, 166.8405871890429, -77.87259441403405
20231116_S01_to_S02, 1, 2198, 1700098515.265911, 166.840574874915, -77.87259440885174
20231116_S01_to_S02, 1, 2199, 1700098515.381772, 166.84056064272335, -77.8725944028622
20231116_S01_to_S02, 1, 2200, 1700098515.4820209, 166.84054832830307, -77.87259439767975
20231116_S01_to_S02, 1, 2201, 1700098515.582269, 166.8405360139709, -77.87259439249733
20231116_S01_to_S02, 1, 2202, 1700098515.6825166, 166.84052369969748, -77.87259438731495
20231116_S01_to_S02, 1, 2203, 1700098515.7827756, 166.84051138401864, -77.87259438213198
20231116_S01_to_S02, 1, 2204, 1700098515.8986366, 166.84049715182843, -77.87259437614244
20231116_S01_to_S02, 1, 2205, 1700098515.9988835, 166.8404848376437, -77.8725943709601
20231116_S01_to_S02, 1, 2206, 1700098516.0991306, 166.84047252342978, -77.87259436577773
20231116_S01_to_S02, 1, 2207, 1700098516.1993775, 166.84046020924512, -77.87259436059537
20231116_S01_to_S02, 1, 2208, 1700098516.2996247, 166.84044789503116, -77.87259435541303
20231116_S01_to_S02, 1, 2209, 1700098516.3998835, 166.84043557938196, -77.87259435023005
20231116_S01_to_S02, 1, 2210, 1700098516.5157454, 166.84042134707443, -77.87259434424048
20231116_S01_to_S02, 1, 2211, 1700098516.6159928, 166.8404090328303, -77.8725943390581
20231116_S01_to_S02, 1, 2212, 1700098516.7162411, 166.84039671846853, -77.87259433387567
20231116_S01_to_S02, 1, 2213, 1700098516.816489, 166.8403844041648, -77.87259432869327
20231116_S01_to_S02, 1, 2214, 1700098516.9167366, 166.84037208988977, -77.87259432351087
20231116_S01_to_S02, 1, 2215, 1700098517.0169983, 166.84035977388623, -77.87259431832778
20231116_S01_to_S02, 1, 2216, 1700098517.1328619, 166.84034554137017, -77.8725943123381
20231116_S01_to_S02, 1, 2217, 1700098517.2331111, 166.84033322688884, -77.87259430715562
20231116_S01_to_S02, 1, 2218, 1700098517.3333597, 166.84032091249532, -77.8725943019732
20231116_S01_to_S02, 1, 2219, 1700098517.4336095, 166.8403085979554, -77.8725942967907
20231116_S01_to_S02, 1, 2220, 1700098517.5338576, 166.8402962836207, -77.87259429160828
20231116_S01_to_S02, 1, 2221, 1700098517.649734, 166.84028204952352, -77.87259428561795
20231116_S01_to_S02, 1, 2222, 1700098517.749984, 166.84026973495537, -77.87259428043541
20231116_S01_to_S02, 1, 2223, 1700098517.8502336, 166.84025742044662, -77.87259427525296
20231116_S01_to_S02, 1, 2224, 1700098517.9569852, 166.84024430722357, -77.87259426973432
20231116_S01_to_S02, 1, 2225, 1700098518.0572336, 166.84023199286258, -77.8725942645519
20231116_S01_to_S02, 1, 2226, 1700098518.157501, 166.8402196761592, -77.87259425936851
20231116_S01_to_S02, 1, 2227, 1700098518.2577662, 166.8402073597197, -77.87259425418519
20231116_S01_to_S02, 1, 2228, 1700098518.3580146, 166.84019504535985, -77.87259424900276
20231116_S01_to_S02, 1, 2229, 1700098518.458272, 166.8401827298872, -77.87259424381988
20231116_S01_to_S02, 1, 2230, 1700098518.5741684, 166.84016849333435, -77.87259423782851
20231116_S01_to_S02, 1, 2231, 1700098518.674417, 166.8401561789451, -77.87259423264607
20231116_S01_to_S02, 1, 2232, 1700098518.7746654, 166.84014386458483, -77.87259422746364
20231116_S01_to_S02, 1, 2233, 1700098518.8749125, 166.84013155037064, -77.87259422228128
20231116_S01_to_S02, 1, 2234, 1700098518.9751704, 166.84011923483794, -77.87259421709835
20231116_S01_to_S02, 1, 2235, 1700098519.0754082, 166.84010692176466, -77.87259421191648
20231116_S01_to_S02, 1, 2236, 1700098519.1912785, 166.84009268842988, -77.87259420592646
20231116_S01_to_S02, 1, 2237, 1700098519.2915275, 166.84008037397854, -77.872594200744
20231116_S01_to_S02, 1, 2238, 1700098519.3917732, 166.84006805993678, -77.87259419556173
20231116_S01_to_S02, 1, 2239, 1700098519.4920216, 166.84005574557267, -77.8725941903793
20231116_S01_to_S02, 1, 2240, 1700098519.5922792, 166.84004343006643, -77.8725941851964
20231116_S01_to_S02, 1, 2241, 1700098519.7081435, 166.84002919746263, -77.87259417920669
20231116_S01_to_S02, 1, 2242, 1700098519.8083897, 166.840016883363, -77.87259417402437
20231116_S01_to_S02, 1, 2243, 1700098519.9086387, 166.84000456891272, -77.87259416884193
20231116_S01_to_S02, 1, 2244, 1700098520.0088868, 166.83999225458027, -77.87259416365949
20231116_S01_to_S02, 1, 2245, 1700098520.1091347, 166.83997994027777, -77.8725941584771
20231116_S01_to_S02, 1, 2246, 1700098520.2093935, 166.83996762462846, -77.87259415329414
20231116_S01_to_S02, 1, 2247, 1700098520.325255, 166.83995339238004, -77.87259414730458
20231116_S01_to_S02, 1, 2248, 1700098520.4255025, 166.8399410781075, -77.8725941421222
20231116_S01_to_S02, 1, 2249, 1700098520.5257506, 166.83992876377624, -77.87259413693978
20231116_S01_to_S02, 1, 2250, 1700098520.6259978, 166.8399164495618, -77.87259413175741
20231116_S01_to_S02, 1, 2251, 1700098520.7262459, 166.8399041352297, -77.872594126575
20231116_S01_to_S02, 1, 2252, 1700098520.8265054, 166.8398918194912, -77.87259412139198
20231116_S01_to_S02, 1, 2253, 1700098520.9423678, 166.83987758712274, -77.87259411540238
20231116_S01_to_S02, 1, 2254, 1700098521.0426173, 166.83986527261263, -77.8725941102199
20231116_S01_to_S02, 1, 2255, 1700098521.1428647, 166.8398529583655, -77.87259410503755
20231116_S01_to_S02, 1, 2256, 1700098521.243115, 166.83984064376645, -77.87259409985501
20231116_S01_to_S02, 1, 2257, 1700098521.3433633, 166.83982832940146, -77.87259409467258
20231116_S01_to_S02, 1, 2258, 1700098521.4436252, 166.83981601336703, -77.87259408948945
20231116_S01_to_S02, 1, 2259, 1700098521.559489, 166.83980178082047, -77.8725940834998
20231116_S01_to_S02, 1, 2260, 1700098521.6597393, 166.83978946622136, -77.87259407831726
20231116_S01_to_S02, 1, 2261, 1700098521.7664943, 166.8397763525854, -77.87259407279848
20231116_S01_to_S02, 1, 2262, 1700098521.8667436, 166.83976403810442, -77.87259406761599
20231116_S01_to_S02, 1, 2263, 1700098521.9670124, 166.83975172122254, -77.87259406243253
20231116_S01_to_S02, 1, 2264, 1700098522.067278, 166.83973940475119, -77.87259405724922
20231116_S01_to_S02, 1, 2265, 1700098522.1675365, 166.8397270891295, -77.87259405206625
20231116_S01_to_S02, 1, 2266, 1700098522.2834337, 166.8397128524862, -77.87259404607484
20231116_S01_to_S02, 1, 2267, 1700098522.383682, 166.83970053812433, -77.87259404089241
20231116_S01_to_S02, 1, 2268, 1700098522.4839303, 166.8396882237625, -77.87259403570998
20231116_S01_to_S02, 1, 2269, 1700098522.5841784, 166.8396759094299, -77.87259403052757
20231116_S01_to_S02, 1, 2270, 1700098522.684425, 166.8396635952728, -77.87259402534522
20231116_S01_to_S02, 1, 2271, 1700098522.784673, 166.83965128096904, -77.87259402016285
20231116_S01_to_S02, 1, 2272, 1700098522.9005456, 166.83963704734134, -77.8725940141727
20231116_S01_to_S02, 1, 2273, 1700098523.0007944, 166.83962473291956, -77.87259400899025
20231116_S01_to_S02, 1, 2274, 1700098523.1010425, 166.83961241858532, -77.87259400380783
20231116_S01_to_S02, 1, 2275, 1700098523.20129, 166.8396001043387, -77.87259399862543
20231116_S01_to_S02, 1, 2276, 1700098523.301536, 166.83958779023848, -77.87259399344315
20231116_S01_to_S02, 1, 2277, 1700098523.401795, 166.83957547458596, -77.87259398826018
20231116_S01_to_S02, 1, 2278, 1700098523.5176578, 166.8395612421579, -77.87259398227054
20231116_S01_to_S02, 1, 2279, 1700098523.6179059, 166.8395489278237, -77.87259397708814
20231116_S01_to_S02, 1, 2280, 1700098523.7181528, 166.83953661363608, -77.87259397190579
20231116_S01_to_S02, 1, 2281, 1700098523.818402, 166.83952429915604, -77.87259396672331
20231116_S01_to_S02, 1, 2282, 1700098523.9186502, 166.8395119848229, -77.87259396154089
20231116_S01_to_S02, 1, 2283, 1700098524.0189078, 166.83949966931885, -77.87259395635799
20231116_S01_to_S02, 1, 2284, 1700098524.134769, 166.83948543709886, -77.87259395036843
20231116_S01_to_S02, 1, 2285, 1700098524.235018, 166.83947312265056, -77.87259394518597
20231116_S01_to_S02, 1, 2286, 1700098524.335265, 166.8394608084664, -77.87259394000361
20231116_S01_to_S02, 1, 2287, 1700098524.435513, 166.83944849413606, -77.8725939348212
20231116_S01_to_S02, 1, 2288, 1700098524.5357723, 166.83943617842937, -77.87259392963821
20231116_S01_to_S02, 1, 2289, 1700098524.6516345, 166.83942194609406, -77.87259392364862
20231116_S01_to_S02, 1, 2290, 1700098524.7518835, 166.8394096316463, -77.87259391846615
20231116_S01_to_S02, 1, 2291, 1700098524.8521328, 166.8393973171689, -77.87259391328371
20231116_S01_to_S02, 1, 2292, 1700098524.9523811, 166.83938500280792, -77.87259390810127
20231116_S01_to_S02, 1, 2293, 1700098525.0526302, 166.83937268835854, -77.87259390291881
20231116_S01_to_S02, 1, 2294, 1700098525.1528897, 166.83936037262, -77.87259389773581
20231116_S01_to_S02, 1, 2295, 1700098525.2687552, 166.8393461398714, -77.87259389174605
20231116_S01_to_S02, 1, 2296, 1700098525.3690052, 166.83933382530358, -77.87259388656352
20231116_S01_to_S02, 1, 2297, 1700098525.4692574, 166.83932151047202, -77.87259388138091
20231116_S01_to_S02, 1, 2298, 1700098525.5760202, 166.83930839587094, -77.87259387586171
20231116_S01_to_S02, 1, 2299, 1700098525.676276, 166.8392960805999, -77.87259387067891
20231116_S01_to_S02, 1, 2300, 1700098525.7765408, 166.839283764216, -77.87259386549562
20231116_S01_to_S02, 1, 2301, 1700098525.8768077, 166.8392714475687, -77.87259386031226
20231116_S01_to_S02, 1, 2302, 1700098525.9770672, 166.83925913182944, -77.87259385512922
20231116_S01_to_S02, 1, 2303, 1700098526.0929646, 166.83924489515618, -77.87259384913783
20231116_S01_to_S02, 1, 2304, 1700098526.193211, 166.83923258102806, -77.8725938439555
20231116_S01_to_S02, 1, 2305, 1700098526.293459, 166.83922026672428, -77.87259383877307
20231116_S01_to_S02, 1, 2306, 1700098526.3937063, 166.8392079524792, -77.87259383359071
20231116_S01_to_S02, 1, 2307, 1700098526.4939542, 166.83919563817557, -77.8725938284083
20231116_S01_to_S02, 1, 2308, 1700098526.5942016, 166.83918332393057, -77.87259382322593
20231116_S01_to_S02, 1, 2309, 1700098526.7100768, 166.83916908998145, -77.87259381723565
20231116_S01_to_S02, 1, 2310, 1700098526.8103244, 166.83915677570712, -77.87259381205327
20231116_S01_to_S02, 1, 2311, 1700098526.9105725, 166.83914446137416, -77.87259380687084
20231116_S01_to_S02, 1, 2312, 1700098527.0108213, 166.8391321469533, -77.8725938016884
20231116_S01_to_S02, 1, 2313, 1700098527.111068, 166.83911983279597, -77.87259379650605
20231116_S01_to_S02, 1, 2314, 1700098527.2113256, 166.8391075172915, -77.87259379132315
20231116_S01_to_S02, 1, 2315, 1700098527.3271875, 166.83909328498243, -77.87259378533358
20231116_S01_to_S02, 1, 2316, 1700098527.4274335, 166.83908097091307, -77.87259378015129
20231116_S01_to_S02, 1, 2317, 1700098527.5276806, 166.8390686566974, -77.87259377496892
20231116_S01_to_S02, 1, 2318, 1700098527.6279285, 166.83905634239403, -77.87259376978653
20231116_S01_to_S02, 1, 2319, 1700098527.728176, 166.83904402812007, -77.87259376460415
20231116_S01_to_S02, 1, 2320, 1700098527.844049, 166.83902979446452, -77.87259375861402
20231116_S01_to_S02, 1, 2321, 1700098527.944298, 166.83901748001523, -77.87259375343154
20231116_S01_to_S02, 1, 2322, 1700098528.044546, 166.8390051657125, -77.87259374824914
20231116_S01_to_S02, 1, 2323, 1700098528.144793, 166.83899285149778, -77.87259374306677
20231116_S01_to_S02, 1, 2324, 1700098528.2450407, 166.83898053722444, -77.8725937378844
20231116_S01_to_S02, 1, 2325, 1700098528.3453007, 166.83896822142822, -77.87259373270136
20231116_S01_to_S02, 1, 2326, 1700098528.4611628, 166.83895398909095, -77.87259372671178
20231116_S01_to_S02, 1, 2327, 1700098528.5614126, 166.83894167455384, -77.87259372152927
20231116_S01_to_S02, 1, 2328, 1700098528.6616623, 166.83892936001652, -77.87259371634677
20231116_S01_to_S02, 1, 2329, 1700098528.7619107, 166.83891704565468, -77.87259371116434
20231116_S01_to_S02, 1, 2330, 1700098528.8621593, 166.83890473126326, -77.8725937059819
20231116_S01_to_S02, 1, 2331, 1700098528.9624217, 166.83889241517284, -77.87259370079875
20231116_S01_to_S02, 1, 2332, 1700098529.0782847, 166.83887818271654, -77.87259369480911
20231116_S01_to_S02, 1, 2333, 1700098529.1785345, 166.83886586817732, -77.87259368962658
20231116_S01_to_S02, 1, 2334, 1700098529.2852879, 166.83885275474702, -77.87259368410788
20231116_S01_to_S02, 1, 2335, 1700098529.385537, 166.83884044029503, -77.87259367892541
20231116_S01_to_S02, 1, 2336, 1700098529.4857852, 166.83882812593077, -77.87259367374301
20231116_S01_to_S02, 1, 2337, 1700098529.5860531, 166.83881580916494, -77.87259366855957
20231116_S01_to_S02, 1, 2338, 1700098529.6863184, 166.83880349272127, -77.87259366337625
20231116_S01_to_S02, 1, 2339, 1700098529.786577, 166.8387911770979, -77.87259365819331
20231116_S01_to_S02, 1, 2340, 1700098529.902477, 166.83877694010113, -77.87259365220174
20231116_S01_to_S02, 1, 2341, 1700098530.0027254, 166.83876462573775, -77.87259364701934
20231116_S01_to_S02, 1, 2342, 1700098530.1029725, 166.8387523115211, -77.87259364183696
20231116_S01_to_S02, 1, 2343, 1700098530.2032204, 166.83873999721678, -77.87259363665456
20231116_S01_to_S02, 1, 2344, 1700098530.3034675, 166.83872768300057, -77.87259363147221
20231116_S01_to_S02, 1, 2345, 1700098530.4037251, 166.83871536749575, -77.8725936262893
20231116_S01_to_S02, 1, 2346, 1700098530.5195858, 166.83870113533283, -77.87259362029978
20231116_S01_to_S02, 1, 2347, 1700098530.619834, 166.83868882099964, -77.87259361511738
20231116_S01_to_S02, 1, 2348, 1700098530.7200816, 166.83867650672497, -77.872593609935
20231116_S01_to_S02, 1, 2349, 1700098530.8203287, 166.83866419250884, -77.87259360475262
20231116_S01_to_S02, 1, 2350, 1700098530.9205859, 166.83865187706252, -77.87259359956975
20231116_S01_to_S02, 1, 2351, 1700098531.036447, 166.83863764484065, -77.87259359358019
20231116_S01_to_S02, 1, 2352, 1700098531.136695, 166.8386253305364, -77.8725935883978
20231116_S01_to_S02, 1, 2353, 1700098531.236941, 166.83861301643714, -77.87259358321549
20231116_S01_to_S02, 1, 2354, 1700098531.3371887, 166.83860070216224, -77.8725935780331
20231116_S01_to_S02, 1, 2355, 1700098531.4374366, 166.83858838785807, -77.8725935728507
20231116_S01_to_S02, 1, 2356, 1700098531.5376976, 166.83857607194327, -77.87259356766762
20231116_S01_to_S02, 1, 2357, 1700098531.653559, 166.83856183969257, -77.87259356167809
20231116_S01_to_S02, 1, 2358, 1700098531.753807, 166.83854952535967, -77.87259355649564
20231116_S01_to_S02, 1, 2359, 1700098531.854055, 166.83853721105635, -77.87259355131327
20231116_S01_to_S02, 1, 2360, 1700098531.9543037, 166.83852489663624, -77.87259354613082
20231116_S01_to_S02, 1, 2361, 1700098532.0545514, 166.83851258236274, -77.87259354094843
20231116_S01_to_S02, 1, 2362, 1700098532.15481, 166.83850026674222, -77.87259353576547
20231116_S01_to_S02, 1, 2363, 1700098532.2706735, 166.83848603422956, -77.87259352977581
20231116_S01_to_S02, 1, 2364, 1700098532.3709228, 166.83847371975153, -77.87259352459334
20231116_S01_to_S02, 1, 2365, 1700098532.471171, 166.83846140542, -77.87259351941091
20231116_S01_to_S02, 1, 2366, 1700098532.5714204, 166.83844909091272, -77.87259351422844
20231116_S01_to_S02, 1, 2367, 1700098532.6716695, 166.83843677646396, -77.87259350904598
20231116_S01_to_S02, 1, 2368, 1700098532.7719295, 166.83842446066788, -77.87259350386293
20231116_S01_to_S02, 1, 2369, 1700098532.8877928, 166.83841022818433, -77.87259349787331
20231116_S01_to_S02, 1, 2370, 1700098532.988044, 166.8383979134715, -77.87259349269073
20231116_S01_to_S02, 1, 2371, 1700098533.0947952, 166.83838480030715, -77.87259348717213
20231116_S01_to_S02, 1, 2372, 1700098533.1950433, 166.8383724859747, -77.87259348198968
20231116_S01_to_S02, 1, 2373, 1700098533.2953074, 166.83836016967993, -77.87259347680647
20231116_S01_to_S02, 1, 2374, 1700098533.3955724, 166.8383478532677, -77.87259347162318
20231116_S01_to_S02, 1, 2375, 1700098533.495821, 166.8383355388762, -77.87259346644076
20231116_S01_to_S02, 1, 2376, 1700098533.5960798, 166.8383232232251, -77.87259346125776
20231116_S01_to_S02, 1, 2377, 1700098533.7119772, 166.8383089865518, -77.87259345526635
20231116_S01_to_S02, 1, 2378, 1700098533.8122249, 166.83829667227684, -77.87259345008395
20231116_S01_to_S02, 1, 2379, 1700098533.912471, 166.83828435817745, -77.87259344490165
20231116_S01_to_S02, 1, 2380, 1700098534.012719, 166.83827204387282, -77.87259343971925
20231116_S01_to_S02, 1, 2381, 1700098534.1129773, 166.83825972827938, -77.87259343453628
20231116_S01_to_S02, 1, 2382, 1700098534.228839, 166.83824549599814, -77.87259342854672
20231116_S01_to_S02, 1, 2383, 1700098534.3290865, 166.8382331817224, -77.87259342336434
20231116_S01_to_S02, 1, 2384, 1700098534.4293342, 166.83822086744664, -77.87259341818195
20231116_S01_to_S02, 1, 2385, 1700098534.529585, 166.83820855279026, -77.8725934129994
20231116_S01_to_S02, 1, 2386, 1700098534.629832, 166.83819623857335, -77.87259340781705
20231116_S01_to_S02, 1, 2387, 1700098534.7300887, 166.83818392318517, -77.87259340263418
20231116_S01_to_S02, 1, 2388, 1700098534.84595, 166.83816969096338, -77.87259339664463
20231116_S01_to_S02, 1, 2389, 1700098534.9461977, 166.8381573766596, -77.87259339146223
20231116_S01_to_S02, 1, 2390, 1700098535.0464458, 166.83814506232687, -77.87259338627982
20231116_S01_to_S02, 1, 2391, 1700098535.1466925, 166.8381327481702, -77.87259338109747
20231116_S01_to_S02, 1, 2392, 1700098535.2469397, 166.83812043395514, -77.87259337591513
20231116_S01_to_S02, 1, 2393, 1700098535.3471982, 166.83810811833445, -77.87259337073215
20231116_S01_to_S02, 1, 2394, 1700098535.4630604, 166.8380938859972, -77.87259336474257
20231116_S01_to_S02, 1, 2395, 1700098535.5633073, 166.83808157181167, -77.8725933595602
20231116_S01_to_S02, 1, 2396, 1700098535.6635547, 166.83806925756758, -77.87259335437783
20231116_S01_to_S02, 1, 2397, 1700098535.7638025, 166.8380569432648, -77.87259334919544
20231116_S01_to_S02, 1, 2398, 1700098535.8640506, 166.83804462893255, -77.87259334401303
20231116_S01_to_S02, 1, 2399, 1700098535.964309, 166.83803231334076, -77.87259333883009
20231116_S01_to_S02, 1, 2400, 1700098536.0801704, 166.83801808109058, -77.87259333284054
20231116_S01_to_S02, 1, 2401, 1700098536.1804197, 166.83800576661122, -77.87259332765808
20231116_S01_to_S02, 1, 2402, 1700098536.280669, 166.83799345213168, -77.8725933224756
20231116_S01_to_S02, 1, 2403, 1700098536.3809192, 166.83798113753474, -77.87259331729308
20231116_S01_to_S02, 1, 2404, 1700098536.4811776, 166.83796882194184, -77.87259331211013
20231116_S01_to_S02, 1, 2405, 1700098536.5970407, 166.8379545894853, -77.87259330612048
20231116_S01_to_S02, 1, 2406, 1700098536.6972914, 166.83794227482906, -77.87259330093792
20231116_S01_to_S02, 1, 2407, 1700098536.804044, 166.8379291614869, -77.87259329541926
20231116_S01_to_S02, 1, 2408, 1700098536.904293, 166.83791684703522, -77.8725932902368
20231116_S01_to_S02, 1, 2409, 1700098537.0045614, 166.83790453021118, -77.87259328505334
20231116_S01_to_S02, 1, 2410, 1700098537.1048276, 166.83789221365063, -77.87259327987
20231116_S01_to_S02, 1, 2411, 1700098537.2050757, 166.83787989931585, -77.87259327468759
20231116_S01_to_S02, 1, 2412, 1700098537.3053339, 166.83786758375118, -77.87259326950463
20231116_S01_to_S02, 1, 2413, 1700098537.4212303, 166.83785334719371, -77.87259326351325
20231116_S01_to_S02, 1, 2414, 1700098537.5214796, 166.8378410327132, -77.87259325833081
20231116_S01_to_S02, 1, 2415, 1700098537.6217275, 166.83782871840873, -77.87259325314841
20231116_S01_to_S02, 1, 2416, 1700098537.721976, 166.83781640401693, -77.87259324796598
20231116_S01_to_S02, 1, 2417, 1700098537.822234, 166.83780408848344, -77.87259324278304
20231116_S01_to_S02, 1, 2418, 1700098537.9380963, 166.83778985611684, -77.87259323679343
20231116_S01_to_S02, 1, 2419, 1700098538.0383432, 166.83777754193187, -77.8725932316111
20231116_S01_to_S02, 1, 2420, 1700098538.1385899, 166.83776522777654, -77.87259322642878
20231116_S01_to_S02, 1, 2421, 1700098538.2388365, 166.8377529136215, -77.87259322124642
20231116_S01_to_S02, 1, 2422, 1700098538.339084, 166.83774059937878, -77.87259321606405
20231116_S01_to_S02, 1, 2423, 1700098538.4393423, 166.83772828378883, -77.8725932108811
20231116_S01_to_S02, 1, 2424, 1700098538.5552046, 166.83771405142372, -77.87259320489152
20231116_S01_to_S02, 1, 2425, 1700098538.655452, 166.8377017371806, -77.87259319970916
20231116_S01_to_S02, 1, 2426, 1700098538.7556992, 166.8376894229663, -77.8725931945268
20231116_S01_to_S02, 1, 2427, 1700098538.855947, 166.8376771086636, -77.87259318934437
20231116_S01_to_S02, 1, 2428, 1700098538.9561942, 166.83766479444813, -77.87259318416203
20231116_S01_to_S02, 1, 2429, 1700098539.0564518, 166.8376524789432, -77.87259317897912
20231116_S01_to_S02, 1, 2430, 1700098539.1723127, 166.83763824674955, -77.87259317298957
20231116_S01_to_S02, 1, 2431, 1700098539.272563, 166.83762593215067, -77.87259316780704
20231116_S01_to_S02, 1, 2432, 1700098539.3728096, 166.8376136179906, -77.87259316262471
20231116_S01_to_S02, 1, 2433, 1700098539.473058, 166.8376013036251, -77.87259315744227
20231116_S01_to_S02, 1, 2434, 1700098539.573317, 166.83758898794176, -77.87259315225928
20231116_S01_to_S02, 1, 2435, 1700098539.68918, 166.83757475551212, -77.87259314626965
20231116_S01_to_S02, 1, 2436, 1700098539.789427, 166.837562441294, -77.8725931410873
20231116_S01_to_S02, 1, 2437, 1700098539.889678, 166.83755012660822, -77.87259313590475
20231116_S01_to_S02, 1, 2438, 1700098539.9899266, 166.837537812216, -77.87259313072231
20231116_S01_to_S02, 1, 2439, 1700098540.0901775, 166.8375254975317, -77.87259312553975
20231116_S01_to_S02, 1, 2440, 1700098540.1904361, 166.83751318191074, -77.87259312035678
20231116_S01_to_S02, 1, 2441, 1700098540.3063045, 166.83749894881205, -77.87259311436688
20231116_S01_to_S02, 1, 2442, 1700098540.406556, 166.8374866340704, -77.8725931091843
20231116_S01_to_S02, 1, 2443, 1700098540.5133095, 166.83747352061383, -77.87259310366557
20231116_S01_to_S02, 1, 2444, 1700098540.6135592, 166.83746120607705, -77.87259309848307
20231116_S01_to_S02, 1, 2445, 1700098540.7138205, 166.83744889013425, -77.87259309329997
20231116_S01_to_S02, 1, 2446, 1700098540.8140874, 166.83743657348816, -77.8725930881166
20231116_S01_to_S02, 1, 2447, 1700098540.9143531, 166.83742425698787, -77.87259308293326
20231116_S01_to_S02, 1, 2448, 1700098541.0146127, 166.83741194124855, -77.87259307775025
20231116_S01_to_S02, 1, 2449, 1700098541.1305108, 166.83739770448668, -77.87259307175879
20231116_S01_to_S02, 1, 2450, 1700098541.230757, 166.8373853903867, -77.87259306657647
20231116_S01_to_S02, 1, 2451, 1700098541.3310049, 166.83737307608166, -77.87259306139408
20231116_S01_to_S02, 1, 2452, 1700098541.4312525, 166.8373607618058, -77.87259305621168
20231116_S01_to_S02, 1, 2453, 1700098541.5315008, 166.83734844744225, -77.87259305102928
20231116_S01_to_S02, 1, 2454, 1700098541.6317492, 166.83733613307888, -77.87259304584686
20231116_S01_to_S02, 1, 2455, 1700098541.7476213, 166.83732189950956, -77.87259303985675
20231116_S01_to_S02, 1, 2456, 1700098541.8478684, 166.83730958529347, -77.87259303467438
20231116_S01_to_S02, 1, 2457, 1700098541.9481153, 166.83729727110727, -77.87259302949205
20231116_S01_to_S02, 1, 2458, 1700098542.0483634, 166.837284956775, -77.87259302430962
20231116_S01_to_S02, 1, 2459, 1700098542.148621, 166.8372726412716, -77.87259301912671
20231116_S01_to_S02, 1, 2460, 1700098542.2644825, 166.8372584090225, -77.87259301313718
20231116_S01_to_S02, 1, 2461, 1700098542.3647325, 166.83724609445656, -77.87259300795465
20231116_S01_to_S02, 1, 2462, 1700098542.4649808, 166.83723378009554, -77.87259300277222
20231116_S01_to_S02, 1, 2463, 1700098542.5652273, 166.83722146596867, -77.8725929975899
20231116_S01_to_S02, 1, 2464, 1700098542.6654751, 166.83720915166575, -77.87259299240748
20231116_S01_to_S02, 1, 2465, 1700098542.765733, 166.83719683613234, -77.87259298722455
20231116_S01_to_S02, 1, 2466, 1700098542.881596, 166.83718260367655, -77.87259298123492
20231116_S01_to_S02, 1, 2467, 1700098542.981845, 166.83717028925486, -77.87259297605247
20231116_S01_to_S02, 1, 2468, 1700098543.0820923, 166.83715797500844, -77.8725929708701
20231116_S01_to_S02, 1, 2469, 1700098543.1823413, 166.83714566055664, -77.87259296568763
20231116_S01_to_S02, 1, 2470, 1700098543.2825894, 166.8371333462217, -77.87259296050522
20231116_S01_to_S02, 1, 2471, 1700098543.3828466, 166.8371210307737, -77.87259295532233
20231116_S01_to_S02, 1, 2472, 1700098543.498711, 166.83710679813987, -77.87259294933263
20231116_S01_to_S02, 1, 2473, 1700098543.5989616, 166.83709448351186, -77.87259294415007
20231116_S01_to_S02, 1, 2474, 1700098543.6992102, 166.8370821691183, -77.87259293896763
20231116_S01_to_S02, 1, 2475, 1700098543.79946, 166.83706985457863, -77.87259293378516
20231116_S01_to_S02, 1, 2476, 1700098543.8997185, 166.83705753895563, -77.8725929286022
20231116_S01_to_S02, 1, 2477, 1700098544.0155845, 166.83704330614756, -77.87259292261241
20231116_S01_to_S02, 1, 2478, 1700098544.1158352, 166.8370309914922, -77.87259291742987
20231116_S01_to_S02, 1, 2479, 1700098544.2225885, 166.83701787806382, -77.87259291191116
20231116_S01_to_S02, 1, 2480, 1700098544.3228366, 166.8370055637317, -77.87259290672873
20231116_S01_to_S02, 1, 2481, 1700098544.4231024, 166.8369932472327, -77.87259290154542
20231116_S01_to_S02, 1, 2482, 1700098544.523352, 166.8369809327254, -77.87259289636292
20231116_S01_to_S02, 1, 2483, 1700098544.6236, 166.83696861839385, -77.87259289118052
20231116_S01_to_S02, 1, 2484, 1700098544.7238586, 166.8369563027737, -77.87259288599758
20231116_S01_to_S02, 1, 2485, 1700098544.8397396, 166.83694206812285, -77.872592880007
20231116_S01_to_S02, 1, 2486, 1700098544.9399865, 166.83692975393708, -77.87259287482465
20231116_S01_to_S02, 1, 2487, 1700098545.0402334, 166.8369174397509, -77.8725928696423
20231116_S01_to_S02, 1, 2488, 1700098545.140481, 166.83690512547656, -77.87259286445992
20231116_S01_to_S02, 1, 2489, 1700098545.2407289, 166.83689281117267, -77.8725928592775
20231116_S01_to_S02, 1, 2490, 1700098545.3409874, 166.83688049555073, -77.87259285409456
20231116_S01_to_S02, 1, 2491, 1700098545.4568503, 166.83686626312382, -77.87259284810493
20231116_S01_to_S02, 1, 2492, 1700098545.5570977, 166.83685394887812, -77.87259284292254
20231116_S01_to_S02, 1, 2493, 1700098545.657345, 166.8368416346323, -77.87259283774017
20231116_S01_to_S02, 1, 2494, 1700098545.757593, 166.83682932032798, -77.87259283255777
20231116_S01_to_S02, 1, 2495, 1700098545.8578408, 166.83681700602367, -77.87259282737536
20231116_S01_to_S02, 1, 2496, 1700098545.973713, 166.83680277245466, -77.87259282138525
20231116_S01_to_S02, 1, 2497, 1700098546.0739605, 166.83679045817982, -77.87259281620288
20231116_S01_to_S02, 1, 2498, 1700098546.1742082, 166.83677814390506, -77.87259281102051
20231116_S01_to_S02, 1, 2499, 1700098546.2744548, 166.83676582974746, -77.87259280583814
20231116_S01_to_S02, 1, 2500, 1700098546.374703, 166.8367535154141, -77.87259280065572
20231116_S01_to_S02, 1, 2501, 1700098546.4749627, 166.83674119964576, -77.87259279547273
20231116_S01_to_S02, 1, 2502, 1700098546.5908267, 166.8367269670726, -77.87259278948304
20231116_S01_to_S02, 1, 2503, 1700098546.6910748, 166.83671465273915, -77.87259278430062
20231116_S01_to_S02, 1, 2504, 1700098546.791321, 166.83670233863995, -77.8725927791183
20231116_S01_to_S02, 1, 2505, 1700098546.891569, 166.8366900243356, -77.8725927739359
20231116_S01_to_S02, 1, 2506, 1700098546.9918187, 166.83667770979693, -77.87259276875342
20231116_S01_to_S02, 1, 2507, 1700098547.092079, 166.8366653939694, -77.87259276357035
20231116_S01_to_S02, 1, 2508, 1700098547.2079406, 166.83665116168856, -77.87259275758079
20231116_S01_to_S02, 1, 2509, 1700098547.3081918, 166.83663884697387, -77.87259275239823
20231116_S01_to_S02, 1, 2510, 1700098547.4084396, 166.8366265326692, -77.87259274721582
20231116_S01_to_S02, 1, 2511, 1700098547.508689, 166.83661421818877, -77.87259274203335
20231116_S01_to_S02, 1, 2512, 1700098547.6089377, 166.83660190376693, -77.8725927368509
20231116_S01_to_S02, 1, 2513, 1700098547.7248116, 166.83658766999227, -77.87259273086069
20231116_S01_to_S02, 1, 2514, 1700098547.8250608, 166.83657535551194, -77.87259272567823
20231116_S01_to_S02, 1, 2515, 1700098547.925311, 166.83656304091446, -77.87259272049572
20231116_S01_to_S02, 1, 2516, 1700098548.0320652, 166.83654992739704, -77.87259271497696
20231116_S01_to_S02, 1, 2517, 1700098548.1323142, 166.8365376129462, -77.87259270979449
20231116_S01_to_S02, 1, 2518, 1700098548.232579, 166.83652529656243, -77.87259270461124
20231116_S01_to_S02, 1, 2519, 1700098548.3328443, 166.83651298012023, -77.8725926994279
20231116_S01_to_S02, 1, 2520, 1700098548.4330935, 166.83650066564036, -77.87259269424543
20231116_S01_to_S02, 1, 2521, 1700098548.5489864, 166.83648642952355, -77.87259268825427
20231116_S01_to_S02, 1, 2522, 1700098548.6492333, 166.8364741153368, -77.8725926830719
20231116_S01_to_S02, 1, 2523, 1700098548.7494807, 166.83646180109164, -77.87259267788953
20231116_S01_to_S02, 1, 2524, 1700098548.8497286, 166.8364494867881, -77.87259267270714
20231116_S01_to_S02, 1, 2525, 1700098548.949976, 166.83643717254324, -77.87259266752476
20231116_S01_to_S02, 1, 2526, 1700098549.050234, 166.83642485698067, -77.87259266234182
20231116_S01_to_S02, 1, 2527, 1700098549.166098, 166.8364106244087, -77.87259265635214
20231116_S01_to_S02, 1, 2528, 1700098549.2663453, 166.8363983101937, -77.87259265116978
20231116_S01_to_S02, 1, 2529, 1700098549.3665934, 166.83638599586146, -77.87259264598735
20231116_S01_to_S02, 1, 2530, 1700098549.4668407, 166.8363736816171, -77.87259264080498
20231116_S01_to_S02, 1, 2531, 1700098549.5671008, 166.83636136582027, -77.87259263562196
20231116_S01_to_S02, 1, 2532, 1700098549.6829624, 166.83634713354056, -77.87259262963238
20231116_S01_to_S02, 1, 2533, 1700098549.7832096, 166.83633481932438, -77.87259262445005
20231116_S01_to_S02, 1, 2534, 1700098549.8834577, 166.8363225049905, -77.87259261926764
20231116_S01_to_S02, 1, 2535, 1700098549.9837065, 166.83631019056816, -77.87259261408519
20231116_S01_to_S02, 1, 2536, 1700098550.0839539, 166.83629787632114, -77.8725926089028
20231116_S01_to_S02, 1, 2537, 1700098550.1842132, 166.83628556060944, -77.87259260371982
20231116_S01_to_S02, 1, 2538, 1700098550.3000743, 166.8362713283855, -77.87259259773028
20231116_S01_to_S02, 1, 2539, 1700098550.4003208, 166.8362590142552, -77.87259259254792
20231116_S01_to_S02, 1, 2540, 1700098550.5005686, 166.8362466999494, -77.87259258736555
20231116_S01_to_S02, 1, 2541, 1700098550.600819, 166.83623438532172, -77.872592582183
20231116_S01_to_S02, 1, 2542, 1700098550.7010772, 166.83622206975733, -77.87259257700006
20231116_S01_to_S02, 1, 2543, 1700098550.81694, 166.83620783733022, -77.87259257101044
20231116_S01_to_S02, 1, 2544, 1700098550.917189, 166.83619552290952, -77.87259256582799
20231116_S01_to_S02, 1, 2545, 1700098551.0174382, 166.8361832084309, -77.8725925606455
20231116_S01_to_S02, 1, 2546, 1700098551.1176867, 166.83617089404066, -77.87259255546307
20231116_S01_to_S02, 1, 2547, 1700098551.2179358, 166.83615857959222, -77.8725925502806
20231116_S01_to_S02, 1, 2548, 1700098551.3181949, 166.83614626391403, -77.87259254509762
20231116_S01_to_S02, 1, 2549, 1700098551.4340594, 166.8361320312851, -77.8725925391079
20231116_S01_to_S02, 1, 2550, 1700098551.5343099, 166.83611971666124, -77.87259253392537
20231116_S01_to_S02, 1, 2551, 1700098551.6410646, 166.8361066030587, -77.87259252840659
20231116_S01_to_S02, 1, 2552, 1700098551.7413135, 166.8360942886393, -77.87259252322414
20231116_S01_to_S02, 1, 2553, 1700098551.841563, 166.83608197413147, -77.87259251804166
20231116_S01_to_S02, 1, 2554, 1700098551.9418314, 166.83606965730934, -77.87259251285819
20231116_S01_to_S02, 1, 2555, 1700098552.0420966, 166.83605734086737, -77.87259250767491
20231116_S01_to_S02, 1, 2556, 1700098552.142346, 166.83604502638713, -77.87259250249242
20231116_S01_to_S02, 1, 2557, 1700098552.2582357, 166.83603079064991, -77.8725924965014
20231116_S01_to_S02, 1, 2558, 1700098552.3584838, 166.83601847631525, -77.872592491319
20231116_S01_to_S02, 1, 2559, 1700098552.458732, 166.83600616198024, -77.87259248613658
20231116_S01_to_S02, 1, 2560, 1700098552.5589828, 166.8359938472935, -77.872592480954
20231116_S01_to_S02, 1, 2561, 1700098552.659243, 166.83598153146454, -77.872592475771
20231116_S01_to_S02, 1, 2562, 1700098552.7751029, 166.83596729941604, -77.8725924697815
20231116_S01_to_S02, 1, 2563, 1700098552.87535, 166.83595498519773, -77.87259246459917
20231116_S01_to_S02, 1, 2564, 1700098552.9755979, 166.83594267089157, -77.87259245941677
20231116_S01_to_S02, 1, 2565, 1700098553.0758457, 166.83593035658544, -77.87259245423435
20231116_S01_to_S02, 1, 2566, 1700098553.1760929, 166.8359180423673, -77.87259244905198
20231116_S01_to_S02, 1, 2567, 1700098553.2763517, 166.83590572671426, -77.87259244386902
20231116_S01_to_S02, 1, 2568, 1700098553.3922236, 166.83589149317282, -77.87259243787894
20231116_S01_to_S02, 1, 2569, 1700098553.4924593, 166.83587918036102, -77.87259243269715
20231116_S01_to_S02, 1, 2570, 1700098553.5927057, 166.83586686623164, -77.87259242751482
20231116_S01_to_S02, 1, 2571, 1700098553.6929543, 166.83585455183896, -77.87259242233237
20231116_S01_to_S02, 1, 2572, 1700098553.7932022, 166.83584223753448, -77.87259241714995
20231116_S01_to_S02, 1, 2573, 1700098553.893451, 166.83582992311318, -77.87259241196749
20231116_S01_to_S02, 1, 2574, 1700098554.0093231, 166.8358156895448, -77.8725924059774
20231116_S01_to_S02, 1, 2575, 1700098554.1095715, 166.83580337518305, -77.87259240079496
20231116_S01_to_S02, 1, 2576, 1700098554.2098186, 166.83579106096823, -77.8725923956126
20231116_S01_to_S02, 1, 2577, 1700098554.310067, 166.83577874660736, -77.87259239043019
20231116_S01_to_S02, 1, 2578, 1700098554.410326, 166.83576643092886, -77.87259238524719
20231116_S01_to_S02, 1, 2579, 1700098554.5261886, 166.83575219853404, -77.87259237925757
20231116_S01_to_S02, 1, 2580, 1700098554.6264362, 166.83573988426159, -77.87259237407518
20231116_S01_to_S02, 1, 2581, 1700098554.7266881, 166.83572756946197, -77.87259236889258
20231116_S01_to_S02, 1, 2582, 1700098554.8269367, 166.83571525507222, -77.87259236371015
20231116_S01_to_S02, 1, 2583, 1700098554.9271839, 166.83570294085797, -77.87259235852781
20231116_S01_to_S02, 1, 2584, 1700098555.0274467, 166.83569062471045, -77.87259235334461
20231116_S01_to_S02, 1, 2585, 1700098555.1433096, 166.83567639228536, -77.872592347355
20231116_S01_to_S02, 1, 2586, 1700098555.24356, 166.8356640776602, -77.87259234217245
20231116_S01_to_S02, 1, 2587, 1700098555.3503122, 166.83565096437826, -77.87259233665382
20231116_S01_to_S02, 1, 2588, 1700098555.450564, 166.83563864960595, -77.8725923314712
20231116_S01_to_S02, 1, 2589, 1700098555.550813, 166.83562633515544, -77.87259232628877
20231116_S01_to_S02, 1, 2590, 1700098555.6510806, 166.83561401842016, -77.87259232110534
20231116_S01_to_S02, 1, 2591, 1700098555.7513313, 166.83560170376387, -77.8725923159228
20231116_S01_to_S02, 1, 2592, 1700098555.8515902, 166.83558938811134, -77.87259231073982
20231116_S01_to_S02, 1, 2593, 1700098555.9674873, 166.8355751514654, -77.87259230474841
20231116_S01_to_S02, 1, 2594, 1700098556.0677345, 166.8355628372472, -77.87259229956604
20231116_S01_to_S02, 1, 2595, 1700098556.1679826, 166.8355505229117, -77.87259229438364
20231116_S01_to_S02, 1, 2596, 1700098556.2682297, 166.8355382086933, -77.87259228920126
20231116_S01_to_S02, 1, 2597, 1700098556.3684783, 166.8355258942991, -77.87259228401885
20231116_S01_to_S02, 1, 2598, 1700098556.4687374, 166.83551357861649, -77.87259227883587
20231116_S01_to_S02, 1, 2599, 1700098556.5845985, 166.8354993463927, -77.8725922728463
20231116_S01_to_S02, 1, 2600, 1700098556.684848, 166.8354870318822, -77.87259226766382
20231116_S01_to_S02, 1, 2601, 1700098556.7850962, 166.83547471754787, -77.8725922624814
20231116_S01_to_S02, 1, 2602, 1700098556.8853443, 166.8354624032141, -77.87259225729899
20231116_S01_to_S02, 1, 2603, 1700098556.9856045, 166.8354500873873, -77.87259225211595
20231116_S01_to_S02, 1, 2604, 1700098557.1014657, 166.8354358551664, -77.87259224612642
20231116_S01_to_S02, 1, 2605, 1700098557.2017117, 166.83542354109778, -77.87259224094412
20231116_S01_to_S02, 1, 2606, 1700098557.3019593, 166.8354112268244, -77.87259223576173
20231116_S01_to_S02, 1, 2607, 1700098557.4022064, 166.83539891260972, -77.87259223057937
20231116_S01_to_S02, 1, 2608, 1700098557.5024543, 166.83538659830728, -77.87259222539697
20231116_S01_to_S02, 1, 2609, 1700098557.6027129, 166.83537428268693, -77.87259222021402
20231116_S01_to_S02, 1, 2610, 1700098557.7185748, 166.83536005037908, -77.87259221422441
20231116_S01_to_S02, 1, 2611, 1700098557.818822, 166.8353477361641, -77.87259220904204
20231116_S01_to_S02, 1, 2612, 1700098557.9190702, 166.83533542180243, -77.87259220385964
20231116_S01_to_S02, 1, 2613, 1700098558.0193183, 166.8353231074697, -77.87259219867721
20231116_S01_to_S02, 1, 2614, 1700098558.1195774, 166.83531079178945, -77.87259219349424
20231116_S01_to_S02, 1, 2615, 1700098558.2198243, 166.83529847760258, -77.87259218831188
20231116_S01_to_S02, 1, 2616, 1700098558.3356876, 166.83528424511698, -77.87259218232222
20231116_S01_to_S02, 1, 2617, 1700098558.4359362, 166.83527193072456, -77.8725921771398
20231116_S01_to_S02, 1, 2618, 1700098558.536185, 166.83525961630266, -77.87259217195734
20231116_S01_to_S02, 1, 2619, 1700098558.6364377, 166.83524730141193, -77.8725921667747
20231116_S01_to_S02, 1, 2620, 1700098558.7366962, 166.83523498578884, -77.87259216159173
20231116_S01_to_S02, 1, 2621, 1700098558.852562, 166.83522075300925, -77.87259215560194
20231116_S01_to_S02, 1, 2622, 1700098558.9528124, 166.83520843838164, -77.87259215041941
20231116_S01_to_S02, 1, 2623, 1700098559.0595944, 166.83519532143654, -77.87259214489922
20231116_S01_to_S02, 1, 2624, 1700098559.1598508, 166.83518300607653, -77.87259213971637
20231116_S01_to_S02, 1, 2625, 1700098559.2601, 166.83517069162446, -77.87259213453393
20231116_S01_to_S02, 1, 2626, 1700098559.3603656, 166.83515837512226, -77.87259212935061
20231116_S01_to_S02, 1, 2627, 1700098559.4606311, 166.83514605864946, -77.8725921241673
20231116_S01_to_S02, 1, 2628, 1700098559.5608907, 166.8351337429089, -77.87259211898429
20231116_S01_to_S02, 1, 2629, 1700098559.6767914, 166.83511950582425, -77.87259211299269
20231116_S01_to_S02, 1, 2630, 1700098559.777038, 166.83510719166574, -77.87259210781036
20231116_S01_to_S02, 1, 2631, 1700098559.8772855, 166.83509487741975, -77.87259210262798
20231116_S01_to_S02, 1, 2632, 1700098559.9775329, 166.83508256317413, -77.87259209744563
20231116_S01_to_S02, 1, 2633, 1700098560.0777807, 166.83507024887018, -77.87259209226322
20231116_S01_to_S02, 1, 2634, 1700098560.178039, 166.8350579332779, -77.87259208708029
20231116_S01_to_S02, 1, 2635, 1700098560.2939014, 166.83504370091052, -77.87259208109069
20231116_S01_to_S02, 1, 2636, 1700098560.3941483, 166.83503138672444, -77.87259207590832
20231116_S01_to_S02, 1, 2637, 1700098560.4943957, 166.83501907247992, -77.87259207072596
20231116_S01_to_S02, 1, 2638, 1700098560.5946438, 166.83500675814753, -77.87259206554353
20231116_S01_to_S02, 1, 2639, 1700098560.6948924, 166.8349944437567, -77.87259206036109
20231116_S01_to_S02, 1, 2640, 1700098560.8107657, 166.8349802100426, -77.87259205437093
20231116_S01_to_S02, 1, 2641, 1700098560.9110153, 166.83496789553456, -77.87259204918844
20231116_S01_to_S02, 1, 2642, 1700098561.0112627, 166.83495558129, -77.87259204400607
20231116_S01_to_S02, 1, 2643, 1700098561.1115115, 166.83494326686954, -77.8725920388236
20231116_S01_to_S02, 1, 2644, 1700098561.2117584, 166.83493095268332, -77.87259203364125
20231116_S01_to_S02, 1, 2645, 1700098561.312018, 166.83491863694476, -77.87259202845826
20231116_S01_to_S02, 1, 2646, 1700098561.4278772, 166.8349044049578, -77.87259202246882
20231116_S01_to_S02, 1, 2647, 1700098561.5281236, 166.83489209082967, -77.87259201728651
20231116_S01_to_S02, 1, 2648, 1700098561.628373, 166.83487977634994, -77.87259201210401
20231116_S01_to_S02, 1, 2649, 1700098561.7286215, 166.8348674619579, -77.8725920069216
20231116_S01_to_S02, 1, 2650, 1700098561.8288689, 166.834855147712, -77.8725920017392
20231116_S01_to_S02, 1, 2651, 1700098561.9291284, 166.83484283197225, -77.87259199655618
20231116_S01_to_S02, 1, 2652, 1700098562.044993, 166.83482859933966, -77.87259199056645
20231116_S01_to_S02, 1, 2653, 1700098562.145242, 166.83481628488826, -77.87259198538399
20231116_S01_to_S02, 1, 2654, 1700098562.2454908, 166.83480397046617, -77.87259198020156
20231116_S01_to_S02, 1, 2655, 1700098562.3457386, 166.8347916561612, -77.87259197501915
20231116_S01_to_S02, 1, 2656, 1700098562.4459875, 166.83477934173914, -77.8725919698367
20231116_S01_to_S02, 1, 2657, 1700098562.5462387, 166.83476702702433, -77.8725919646541
20231116_S01_to_S02, 1, 2658, 1700098562.662114, 166.8347527930742, -77.87259195866386
20231116_S01_to_S02, 1, 2659, 1700098562.7623653, 166.83474047833064, -77.87259195348126
20231116_S01_to_S02, 1, 2660, 1700098562.8691175, 166.83472736504817, -77.8725919479626
20231116_S01_to_S02, 1, 2661, 1700098562.9693673, 166.8347150505103, -77.87259194278012
20231116_S01_to_S02, 1, 2662, 1700098563.0696316, 166.83470273418632, -77.87259193759688
20231116_S01_to_S02, 1, 2663, 1700098563.1698961, 166.8346904178332, -77.87259193241361
20231116_S01_to_S02, 1, 2664, 1700098563.2701447, 166.83467810344249, -77.87259192723117
20231116_S01_to_S02, 1, 2665, 1700098563.3704023, 166.83466578793892, -77.87259192204827
20231116_S01_to_S02, 1, 2666, 1700098563.4862995, 166.83465155129628, -77.87259191605686
20231116_S01_to_S02, 1, 2667, 1700098563.5865471, 166.83463923702257, -77.87259191087446
20231116_S01_to_S02, 1, 2668, 1700098563.6867948, 166.83462692274867, -77.87259190569208
20231116_S01_to_S02, 1, 2669, 1700098563.787042, 166.8346146085331, -77.87259190050972
20231116_S01_to_S02, 1, 2670, 1700098563.887289, 166.8346022943171, -77.87259189532736
20231116_S01_to_S02, 1, 2671, 1700098563.9875472, 166.83458997875348, -77.87259189014442
20231116_S01_to_S02, 1, 2672, 1700098564.1034088, 166.83457574647235, -77.87259188415486
20231116_S01_to_S02, 1, 2673, 1700098564.2036562, 166.83456343222545, -77.87259187897247
20231116_S01_to_S02, 1, 2674, 1700098564.3039033, 166.83455111800734, -77.87259187379011
20231116_S01_to_S02, 1, 2675, 1700098564.4041505, 166.83453880378886, -77.87259186860774
20231116_S01_to_S02, 1, 2676, 1700098564.5044086, 166.83452648822296, -77.87259186342482
20231116_S01_to_S02, 1, 2677, 1700098564.6202693, 166.83451225605694, -77.8725918574353
20231116_S01_to_S02, 1, 2678, 1700098564.7205162, 166.8344999418676, -77.87259185225295
20231116_S01_to_S02, 1, 2679, 1700098564.8207638, 166.83448762759065, -77.87259184707057
20231116_S01_to_S02, 1, 2680, 1700098564.9210126, 166.8344753131677, -77.87259184188811
20231116_S01_to_S02, 1, 2681, 1700098565.0212622, 166.83446299865727, -77.87259183670561
20231116_S01_to_S02, 1, 2682, 1700098565.12152, 166.8344506831222, -77.87259183152271
20231116_S01_to_S02, 1, 2683, 1700098565.2373812, 166.8344364508999, -77.87259182553315
20231116_S01_to_S02, 1, 2684, 1700098565.337632, 166.8344241362442, -77.8725918203506
20231116_S01_to_S02, 1, 2685, 1700098565.4378765, 166.83441182235035, -77.8725918151684
20231116_S01_to_S02, 1, 2686, 1700098565.538125, 166.8343995079589, -77.87259180998595
20231116_S01_to_S02, 1, 2687, 1700098565.6383824, 166.83438719248412, -77.87259180480308
20231116_S01_to_S02, 1, 2688, 1700098565.7386296, 166.8343748782689, -77.87259179962071
20231116_S01_to_S02, 1, 2689, 1700098565.8544924, 166.83436064584373, -77.87259179363109
20231116_S01_to_S02, 1, 2690, 1700098565.9547405, 166.83434833151185, -77.87259178844867
20231116_S01_to_S02, 1, 2691, 1700098566.05499, 166.8343360170044, -77.87259178326617
20231116_S01_to_S02, 1, 2692, 1700098566.1552374, 166.83432370276054, -77.8725917780838
20231116_S01_to_S02, 1, 2693, 1700098566.2555003, 166.83431138661302, -77.87259177290063
20231116_S01_to_S02, 1, 2694, 1700098566.371364, 166.83429715407073, -77.87259176691094
20231116_S01_to_S02, 1, 2695, 1700098566.4716144, 166.83428483947495, -77.87259176172843
20231116_S01_to_S02, 1, 2696, 1700098566.5718646, 166.8342725248788, -77.8725917565459
20231116_S01_to_S02, 1, 2697, 1700098566.6786168, 166.83425941159643, -77.87259175102727
20231116_S01_to_S02, 1, 2698, 1700098566.7788658, 166.8342470971457, -77.8725917458448
20231116_S01_to_S02, 1, 2699, 1700098566.879131, 166.83423478070273, -77.87259174066149
20231116_S01_to_S02, 1, 2700, 1700098566.9794, 166.83422246381988, -77.87259173547803
20231116_S01_to_S02, 1, 2701, 1700098567.0796602, 166.8342101479908, -77.87259173029497
20231116_S01_to_S02, 1, 2702, 1700098567.1955562, 166.83419591149047, -77.87259172430363
20231116_S01_to_S02, 1, 2703, 1700098567.2958038, 166.8341835972131, -77.87259171912122
20231116_S01_to_S02, 1, 2704, 1700098567.3960514, 166.83417128293576, -77.87259171393886
20231116_S01_to_S02, 1, 2705, 1700098567.496298, 166.83415896877568, -77.87259170875652
20231116_S01_to_S02, 1, 2706, 1700098567.5965488, 166.83414665411803, -77.87259170357396
20231116_S01_to_S02, 1, 2707, 1700098567.6967943, 166.83413434010515, -77.87259169839169
20231116_S01_to_S02, 1, 2708, 1700098567.8126655, 166.83412010665222, -77.87259169240163
20231116_S01_to_S02, 1, 2709, 1700098567.912914, 166.83410779226008, -77.8725916872192
20231116_S01_to_S02, 1, 2710, 1700098568.0131617, 166.83409547798584, -77.8725916820368
20231116_S01_to_S02, 1, 2711, 1700098568.1134088, 166.83408316377069, -77.87259167685443
20231116_S01_to_S02, 1, 2712, 1700098568.2136662, 166.83407084829668, -77.87259167167154
20231116_S01_to_S02, 1, 2713, 1700098568.3295267, 166.834056616165, -77.87259166568205
20231116_S01_to_S02, 1, 2714, 1700098568.4297729, 166.8340443020679, -77.87259166049971
20231116_S01_to_S02, 1, 2715, 1700098568.530019, 166.83403198797083, -77.87259165531741
20231116_S01_to_S02, 1, 2716, 1700098568.6302671, 166.83401967363935, -77.872591650135
20231116_S01_to_S02, 1, 2717, 1700098568.7305152, 166.8340073593076, -77.87259164495259
20231116_S01_to_S02, 1, 2718, 1700098568.830774, 166.83399504365747, -77.87259163976962
20231116_S01_to_S02, 1, 2719, 1700098568.9466355, 166.83398081140706, -77.87259163378005
20231116_S01_to_S02, 1, 2720, 1700098569.046884, 166.83396849701495, -77.87259162859762
20231116_S01_to_S02, 1, 2721, 1700098569.147134, 166.83395618244623, -77.87259162341509
20231116_S01_to_S02, 1, 2722, 1700098569.247379, 166.83394386849176, -77.87259161823286
20231116_S01_to_S02, 1, 2723, 1700098569.3476367, 166.83393155298435, -77.87259161304993
20231116_S01_to_S02, 1, 2724, 1700098569.463499, 166.83391732061287, -77.87259160706034
20231116_S01_to_S02, 1, 2725, 1700098569.5637472, 166.83390500627647, -77.87259160187791
20231116_S01_to_S02, 1, 2726, 1700098569.6639962, 166.83389269182302, -77.87259159669546
20231116_S01_to_S02, 1, 2727, 1700098569.764245, 166.83388037739923, -77.872591591513
20231116_S01_to_S02, 1, 2728, 1700098569.864493, 166.83386806309315, -77.8725915863306
20231116_S01_to_S02, 1, 2729, 1700098569.9647534, 166.83385574723556, -77.87259158114755
20231116_S01_to_S02, 1, 2730, 1700098570.0806167, 166.8338415147496, -77.8725915751579
20231116_S01_to_S02, 1, 2731, 1700098570.1808665, 166.8338292002112, -77.8725915699754
20231116_S01_to_S02, 1, 2732, 1700098570.2876189, 166.8338160868997, -77.87259156445673
20231116_S01_to_S02, 1, 2733, 1700098570.3878708, 166.83380377209863, -77.87259155927411
20231116_S01_to_S02, 1, 2734, 1700098570.4881198, 166.83379145764926, -77.87259155409167
20231116_S01_to_S02, 1, 2735, 1700098570.5883865, 166.83377914103292, -77.87259154890829
20231116_S01_to_S02, 1, 2736, 1700098570.6886551, 166.8337668241824, -77.87259154372482
20231116_S01_to_S02, 1, 2737, 1700098570.7889142, 166.83375450850343, -77.87259153854183
20231116_S01_to_S02, 1, 2738, 1700098570.9048116, 166.8337402718319, -77.87259153255042
20231116_S01_to_S02, 1, 2739, 1700098571.005059, 166.8337279575879, -77.87259152736806
20231116_S01_to_S02, 1, 2740, 1700098571.1053078, 166.8337156431681, -77.87259152218562
20231116_S01_to_S02, 1, 2741, 1700098571.2055557, 166.8337033288653, -77.87259151700322
20231116_S01_to_S02, 1, 2742, 1700098571.3058035, 166.8336910145623, -77.87259151182081
20231116_S01_to_S02, 1, 2743, 1700098571.4060607, 166.83367869911703, -77.87259150663795
20231116_S01_to_S02, 1, 2744, 1700098571.5219219, 166.83366446689612, -77.87259150064838
20231116_S01_to_S02, 1, 2745, 1700098571.6221685, 166.83365215273898, -77.87259149546604
20231116_S01_to_S02, 1, 2746, 1700098571.7224154, 166.83363983855224, -77.87259149028368
20231116_S01_to_S02, 1, 2747, 1700098571.8226635, 166.83362752421885, -77.87259148510128
20231116_S01_to_S02, 1, 2748, 1700098571.9229226, 166.83361520853794, -77.87259147991831
20231116_S01_to_S02, 1, 2749, 1700098572.038785, 166.83360097616904, -77.87259147392868
20231116_S01_to_S02, 1, 2750, 1700098572.1390328, 166.8335886618641, -77.87259146874628
20231116_S01_to_S02, 1, 2751, 1700098572.23928, 166.8335763476469, -77.87259146356391
20231116_S01_to_S02, 1, 2752, 1700098572.3395286, 166.83356403325394, -77.87259145838146
20231116_S01_to_S02, 1, 2753, 1700098572.4397736, 166.83355171930023, -77.87259145319922
20231116_S01_to_S02, 1, 2754, 1700098572.5400324, 166.833539403648, -77.87259144801625
20231116_S01_to_S02, 1, 2755, 1700098572.6558926, 166.83352517154245, -77.87259144202675
20231116_S01_to_S02, 1, 2756, 1700098572.756142, 166.83351285706203, -77.87259143684427
20231116_S01_to_S02, 1, 2757, 1700098572.8563905, 166.8335005426697, -77.87259143166186
20231116_S01_to_S02, 1, 2758, 1700098572.9566383, 166.83348822836555, -77.87259142647943
20231116_S01_to_S02, 1, 2759, 1700098573.056886, 166.83347591409094, -77.87259142129705
20231116_S01_to_S02, 1, 2760, 1700098573.157145, 166.83346359841073, -77.87259141611409
20231116_S01_to_S02, 1, 2761, 1700098573.2730083, 166.83344936592601, -77.87259141012443
20231116_S01_to_S02, 1, 2762, 1700098573.373257, 166.83343705153464, -77.872591404942
20231116_S01_to_S02, 1, 2763, 1700098573.4735045, 166.83342473726046, -77.87259139975961
20231116_S01_to_S02, 1, 2764, 1700098573.5737543, 166.83341242272257, -77.87259139457711
20231116_S01_to_S02, 1, 2765, 1700098573.6740143, 166.83340010692527, -77.87259138939409
20231116_S01_to_S02, 1, 2766, 1700098573.7898793, 166.83338587423515, -77.87259138340436
20231116_S01_to_S02, 1, 2767, 1700098573.8901298, 166.83337355960887, -77.87259137822181
20231116_S01_to_S02, 1, 2768, 1700098573.9903805, 166.83336124495298, -77.87259137303927
20231116_S01_to_S02, 1, 2769, 1700098574.0971334, 166.83334813158163, -77.87259136752058
20231116_S01_to_S02, 1, 2770, 1700098574.1973822, 166.83333581715922, -77.87259136233811
20231116_S01_to_S02, 1, 2771, 1700098574.297647, 166.8333235007742, -77.87259135715486
20231116_S01_to_S02, 1, 2772, 1700098574.397914, 166.83331118412534, -77.87259135197147
20231116_S01_to_S02, 1, 2773, 1700098574.4981735, 166.8332988683841, -77.87259134678845
20231116_S01_to_S02, 1, 2774, 1700098574.614068, 166.83328463205953, -77.87259134079719
20231116_S01_to_S02, 1, 2775, 1700098574.7143152, 166.8332723178409, -77.87259133561483
20231116_S01_to_S02, 1, 2776, 1700098574.8145618, 166.8332600036809, -77.8725913304325
20231116_S01_to_S02, 1, 2777, 1700098574.914809, 166.83324768946224, -77.87259132525011
20231116_S01_to_S02, 1, 2778, 1700098575.0150561, 166.83323537524376, -77.87259132006777
20231116_S01_to_S02, 1, 2779, 1700098575.1153154, 166.83322305953175, -77.87259131488479
20231116_S01_to_S02, 1, 2780, 1700098575.2311766, 166.83320882730774, -77.87259130889524
20231116_S01_to_S02, 1, 2781, 1700098575.331424, 166.83319651306047, -77.87259130371285
20231116_S01_to_S02, 1, 2782, 1700098575.431671, 166.83318419887198, -77.8725912985305
20231116_S01_to_S02, 1, 2783, 1700098575.5319185, 166.83317188459597, -77.87259129334812
20231116_S01_to_S02, 1, 2784, 1700098575.6321669, 166.8331595702324, -77.87259128816571
20231116_S01_to_S02, 1, 2785, 1700098575.7324255, 166.83314725460977, -77.87259128298274
20231116_S01_to_S02, 1, 2786, 1700098575.848287, 166.8331330223293, -77.87259127699318
20231116_S01_to_S02, 1, 2787, 1700098575.9485352, 166.8331207079962, -77.87259127181075
20231116_S01_to_S02, 1, 2788, 1700098576.0487823, 166.83310839378055, -77.87259126662839
20231116_S01_to_S02, 1, 2789, 1700098576.1490312, 166.83309607936016, -77.87259126144596
20231116_S01_to_S02, 1, 2790, 1700098576.2492783, 166.8330837651449, -77.87259125626358
20231116_S01_to_S02, 1, 2791, 1700098576.3495371, 166.83307144949464, -77.87259125108062
20231116_S01_to_S02, 1, 2792, 1700098576.465399, 166.83305721718614, -77.87259124509102
20231116_S01_to_S02, 1, 2793, 1700098576.5656478, 166.8330449027657, -77.87259123990856
20231116_S01_to_S02, 1, 2794, 1700098576.665895, 166.83303258855008, -77.8725912347262
20231116_S01_to_S02, 1, 2795, 1700098576.766143, 166.833020274217, -77.87259122954377
20231116_S01_to_S02, 1, 2796, 1700098576.8663898, 166.8330079600593, -77.87259122436144
20231116_S01_to_S02, 1, 2797, 1700098576.9666514, 166.83299564405596, -77.87259121917833
20231116_S01_to_S02, 1, 2798, 1700098577.082513, 166.83298141177468, -77.87259121318876
20231116_S01_to_S02, 1, 2799, 1700098577.1827607, 166.83296909749888, -77.87259120800638
20231116_S01_to_S02, 1, 2800, 1700098577.2830088, 166.8329567831644, -77.87259120282395
20231116_S01_to_S02, 1, 2801, 1700098577.383258, 166.8329444686836, -77.87259119764148
20231116_S01_to_S02, 1, 2802, 1700098577.483521, 166.83293215253357, -77.87259119245829
20231116_S01_to_S02, 1, 2803, 1700098577.599383, 166.83291792019415, -77.87259118646871
20231116_S01_to_S02, 1, 2804, 1700098577.6996346, 166.8329056054508, -77.87259118128614
20231116_S01_to_S02, 1, 2805, 1700098577.8063867, 166.83289249216875, -77.87259117576748
20231116_S01_to_S02, 1, 2806, 1700098577.9066355, 166.83288017774885, -77.87259117058504
20231116_S01_to_S02, 1, 2807, 1700098578.006884, 166.8328678633588, -77.87259116540262
20231116_S01_to_S02, 1, 2808, 1700098578.1071513, 166.83285554668487, -77.8725911602192
20231116_S01_to_S02, 1, 2809, 1700098578.2074153, 166.83284323039197, -77.87259115503598
20231116_S01_to_S02, 1, 2810, 1700098578.307675, 166.83283091465563, -77.87259114985295
20231116_S01_to_S02, 1, 2811, 1700098578.4235728, 166.83281667792684, -77.87259114386153
20231116_S01_to_S02, 1, 2812, 1700098578.5238206, 166.83280436362529, -77.87259113867913
20231116_S01_to_S02, 1, 2813, 1700098578.6240678, 166.83279204941113, -77.87259113349674
20231116_S01_to_S02, 1, 2814, 1700098578.7243152, 166.83277973516712, -77.87259112831438
20231116_S01_to_S02, 1, 2815, 1700098578.8245618, 166.83276742101023, -77.87259112313205
20231116_S01_to_S02, 1, 2816, 1700098578.9248202, 166.8327551054174, -77.87259111794911
20231116_S01_to_S02, 1, 2817, 1700098579.0406823, 166.83274087307694, -77.87259111195951
20231116_S01_to_S02, 1, 2818, 1700098579.1409304, 166.83272855874094, -77.87259110677711
20231116_S01_to_S02, 1, 2819, 1700098579.2411768, 166.83271624460863, -77.87259110159475
20231116_S01_to_S02, 1, 2820, 1700098579.3414245, 166.8327039303291, -77.87259109641238
20231116_S01_to_S02, 1, 2821, 1700098579.4416847, 166.83269161449678, -77.87259109122934
20231116_S01_to_S02, 1, 2822, 1700098579.557548, 166.83267738200527, -77.87259108523966
20231116_S01_to_S02, 1, 2823, 1700098579.6577938, 166.8326650679597, -77.87259108005739
20231116_S01_to_S02, 1, 2824, 1700098579.758042, 166.83265275359267, -77.87259107487495
20231116_S01_to_S02, 1, 2825, 1700098579.8582904, 166.8326404392268, -77.87259106969253
20231116_S01_to_S02, 1, 2826, 1700098579.9585376, 166.8326281250085, -77.87259106451016
20231116_S01_to_S02, 1, 2827, 1700098580.058785, 166.83261581076218, -77.87259105932779
20231116_S01_to_S02, 1, 2828, 1700098580.1746569, 166.8326015772227, -77.8725910533377
20231116_S01_to_S02, 1, 2829, 1700098580.2749047, 166.8325892629195, -77.87259104815529
20231116_S01_to_S02, 1, 2830, 1700098580.3751533, 166.83257694852895, -77.87259104297286
20231116_S01_to_S02, 1, 2831, 1700098580.4754007, 166.83256463428515, -77.87259103779051
20231116_S01_to_S02, 1, 2832, 1700098580.575648, 166.83255232004146, -77.87259103260811
20231116_S01_to_S02, 1, 2833, 1700098580.6759064, 166.83254000445044, -77.87259102742519
20231116_S01_to_S02, 1, 2834, 1700098580.7917688, 166.8325257720838, -77.87259102143558
20231116_S01_to_S02, 1, 2835, 1700098580.8920176, 166.8325134576634, -77.87259101625312
20231116_S01_to_S02, 1, 2836, 1700098580.9922667, 166.83250114321314, -77.87259101107067
20231116_S01_to_S02, 1, 2837, 1700098581.0925155, 166.83248882879172, -77.87259100588821
20231116_S01_to_S02, 1, 2838, 1700098581.192767, 166.83247651404776, -77.87259100070563
20231116_S01_to_S02, 1, 2839, 1700098581.2930264, 166.83246419830786, -77.87259099552263
20231116_S01_to_S02, 1, 2840, 1700098581.4088893, 166.83244996587993, -77.87259098953298
20231116_S01_to_S02, 1, 2841, 1700098581.5091403, 166.83243765119417, -77.87259098435044
20231116_S01_to_S02, 1, 2842, 1700098581.615892, 166.83242453796905, -77.87259097883181
20231116_S01_to_S02, 1, 2843, 1700098581.7161531, 166.83241222202415, -77.87259097364873
20231116_S01_to_S02, 1, 2844, 1700098581.8164084, 166.83239990681167, -77.87259096846593
20231116_S01_to_S02, 1, 2845, 1700098581.916674, 166.8323875903403, -77.87259096328262
20231116_S01_to_S02, 1, 2846, 1700098582.0169225, 166.83237527594855, -77.87259095810018
20231116_S01_to_S02, 1, 2847, 1700098582.11718, 166.83236296044413, -77.87259095291725
20231116_S01_to_S02, 1, 2848, 1700098582.2330775, 166.83234872377145, -77.87259094692584
20231116_S01_to_S02, 1, 2849, 1700098582.333327, 166.832336409263, -77.87259094174335
20231116_S01_to_S02, 1, 2850, 1700098582.4335744, 166.83232409501807, -77.87259093656097
20231116_S01_to_S02, 1, 2851, 1700098582.5338223, 166.8323117807145, -77.8725909313786
20231116_S01_to_S02, 1, 2852, 1700098582.6340704, 166.83229946638122, -77.87259092619614
20231116_S01_to_S02, 1, 2853, 1700098582.7343185, 166.8322871520478, -77.87259092101375
20231116_S01_to_S02, 1, 2854, 1700098582.8501897, 166.83227291859535, -77.8725909150237
20231116_S01_to_S02, 1, 2855, 1700098582.9504383, 166.83226060420236, -77.87259090984126
20231116_S01_to_S02, 1, 2856, 1700098583.0506847, 166.83224829007253, -77.87259090465894
20231116_S01_to_S02, 1, 2857, 1700098583.1509326, 166.8322359757667, -77.87259089947653
20231116_S01_to_S02, 1, 2858, 1700098583.2511907, 166.83222366020132, -77.8725908942936
20231116_S01_to_S02, 1, 2859, 1700098583.3514373, 166.8322113460417, -77.87259088911125
20231116_S01_to_S02, 1, 2860, 1700098583.4673002, 166.83219711361266, -77.87259088312163
20231116_S01_to_S02, 1, 2861, 1700098583.56755, 166.8321847990725, -77.87259087793913
20231116_S01_to_S02, 1, 2862, 1700098583.6677985, 166.83217248467898, -77.87259087275669
20231116_S01_to_S02, 1, 2863, 1700098583.7680454, 166.83216017049085, -77.87259086757436
20231116_S01_to_S02, 1, 2864, 1700098583.868303, 166.83214785498518, -77.87259086239145
20231116_S01_to_S02, 1, 2865, 1700098583.9841645, 166.832133622734, -77.8725908564019
20231116_S01_to_S02, 1, 2866, 1700098584.084411, 166.83212130860616, -77.87259085121957
20231116_S01_to_S02, 1, 2867, 1700098584.1846588, 166.83210899430333, -77.87259084603716
20231116_S01_to_S02, 1, 2868, 1700098584.2849064, 166.83209668003045, -77.87259084085477
20231116_S01_to_S02, 1, 2869, 1700098584.3851545, 166.83208436569933, -77.87259083567237
20231116_S01_to_S02, 1, 2870, 1700098584.4854136, 166.83207205002117, -77.87259083048939
20231116_S01_to_S02, 1, 2871, 1700098584.6012762, 166.83205781762635, -77.87259082449978
20231116_S01_to_S02, 1, 2872, 1700098584.7015254, 166.83204550314844, -77.8725908193173
20231116_S01_to_S02, 1, 2873, 1700098584.801773, 166.83203318887493, -77.87259081413488
20231116_S01_to_S02, 1, 2874, 1700098584.9020233, 166.83202087427856, -77.87259080895238
20231116_S01_to_S02, 1, 2875, 1700098585.002284, 166.83200855839263, -77.87259080376931
20231116_S01_to_S02, 1, 2876, 1700098585.1181467, 166.83199432599395, -77.8725907977797
20231116_S01_to_S02, 1, 2877, 1700098585.2183976, 166.83198201130742, -77.87259079259714
20231116_S01_to_S02, 1, 2878, 1700098585.3186476, 166.83196969673753, -77.87259078741461
20231116_S01_to_S02, 1, 2879, 1700098585.425401, 166.83195658330564, -77.87259078189591
20231116_S01_to_S02, 1, 2880, 1700098585.52565, 166.83194426885234, -77.87259077671347
20231116_S01_to_S02, 1, 2881, 1700098585.625917, 166.83193195220238, -77.87259077153007
20231116_S01_to_S02, 1, 2882, 1700098585.7261846, 166.83191963546452, -77.87259076634666
20231116_S01_to_S02, 1, 2883, 1700098585.8264449, 166.83190731963467, -77.87259076116362
20231116_S01_to_S02, 1, 2884, 1700098585.9423277, 166.8318930847448, -77.87259075517296
20231116_S01_to_S02, 1, 2885, 1700098586.0425737, 166.83188077067274, -77.87259074999064
20231116_S01_to_S02, 1, 2886, 1700098586.1428213, 166.83186845639585, -77.87259074480825
20231116_S01_to_S02, 1, 2887, 1700098586.2430685, 166.83185614217786, -77.87259073962589
20231116_S01_to_S02, 1, 2888, 1700098586.3433166, 166.83184382784302, -77.87259073444349
20231116_S01_to_S02, 1, 2889, 1700098586.443575, 166.83183151224915, -77.87259072926054
20231116_S01_to_S02, 1, 2890, 1700098586.5594382, 166.83181727976287, -77.87259072327089
20231116_S01_to_S02, 1, 2891, 1700098586.6596854, 166.83180496554624, -77.87259071808852
20231116_S01_to_S02, 1, 2892, 1700098586.759932, 166.8317926513885, -77.87259071290617
20231116_S01_to_S02, 1, 2893, 1700098586.86018, 166.83178033708472, -77.87259070772377
20231116_S01_to_S02, 1, 2894, 1700098586.9604301, 166.83176802248843, -77.87259070254126
20231116_S01_to_S02, 1, 2895, 1700098587.060688, 166.83175570695525, -77.87259069735833
20231116_S01_to_S02, 1, 2896, 1700098587.176548, 166.83174147488137, -77.87259069136886
20231116_S01_to_S02, 1, 2897, 1700098587.2767951, 166.83172916066647, -77.87259068618647
20231116_S01_to_S02, 1, 2898, 1700098587.3770435, 166.8317168463053, -77.87259068100407
20231116_S01_to_S02, 1, 2899, 1700098587.4772906, 166.83170453209055, -77.87259067582168
20231116_S01_to_S02, 1, 2900, 1700098587.577538, 166.83169221784647, -77.87259067063931
20231116_S01_to_S02, 1, 2901, 1700098587.6934211, 166.8316779829318, -77.87259066464863
20231116_S01_to_S02, 1, 2902, 1700098587.793657, 166.83166567009314, -77.87259065946684
20231116_S01_to_S02, 1, 2903, 1700098587.8939052, 166.8316533557606, -77.87259065428444
20231116_S01_to_S02, 1, 2904, 1700098587.9941523, 166.8316410415449, -77.87259064910208
20231116_S01_to_S02, 1, 2905, 1700098588.0943995, 166.8316287273289, -77.87259064391972
20231116_S01_to_S02, 1, 2906, 1700098588.1946588, 166.83161641161902, -77.87259063873672
20231116_S01_to_S02, 1, 2907, 1700098588.310521, 166.83160217927983, -77.8725906327471
20231116_S01_to_S02, 1, 2908, 1700098588.41077, 166.83158986482889, -77.87259062756466
20231116_S01_to_S02, 1, 2909, 1700098588.5110188, 166.83157755040696, -77.87259062238219
20231116_S01_to_S02, 1, 2910, 1700098588.6112676, 166.8315652359849, -77.87259061719973
20231116_S01_to_S02, 1, 2911, 1700098588.7115161, 166.83155292159205, -77.8725906120173
20231116_S01_to_S02, 1, 2912, 1700098588.8117764, 166.83154060576402, -77.87259060683427
20231116_S01_to_S02, 1, 2913, 1700098588.9276392, 166.83152637333598, -77.87259060084463
20231116_S01_to_S02, 1, 2914, 1700098589.0278888, 166.8315140588257, -77.87259059566215
20231116_S01_to_S02, 1, 2915, 1700098589.1281378, 166.83150174437395, -77.87259059047969
20231116_S01_to_S02, 1, 2916, 1700098589.2348928, 166.8314886307385, -77.8725905849609
20231116_S01_to_S02, 1, 2917, 1700098589.3351417, 166.83147631631607, -77.87259057977846
20231116_S01_to_S02, 1, 2918, 1700098589.4354079, 166.83146399975567, -77.8725905745951
20231116_S01_to_S02, 1, 2919, 1700098589.5356734, 166.83145168328332, -77.87259056941178
20231116_S01_to_S02, 1, 2920, 1700098589.6359224, 166.83143936883184, -77.87259056422933
20231116_S01_to_S02, 1, 2921, 1700098589.7518144, 166.83142513283116, -77.87259055823822
20231116_S01_to_S02, 1, 2922, 1700098589.8520622, 166.83141281852647, -77.87259055305582
20231116_S01_to_S02, 1, 2923, 1700098589.9523106, 166.83140050416347, -77.87259054787341
20231116_S01_to_S02, 1, 2924, 1700098590.0525582, 166.83138818988834, -77.872590542691
20231116_S01_to_S02, 1, 2925, 1700098590.1528053, 166.83137587567194, -77.87259053750863
20231116_S01_to_S02, 1, 2926, 1700098590.253064, 166.83136356004982, -77.87259053232572
20231116_S01_to_S02, 1, 2927, 1700098590.3689256, 166.83134932776935, -77.87259052633611
20231116_S01_to_S02, 1, 2928, 1700098590.4691741, 166.83133701337712, -77.87259052115365
20231116_S01_to_S02, 1, 2929, 1700098590.5694199, 166.83132469933625, -77.87259051597138
20231116_S01_to_S02, 1, 2930, 1700098590.6696663, 166.83131238520733, -77.87259051078904
20231116_S01_to_S02, 1, 2931, 1700098590.7699146, 166.8313000708439, -77.87259050560664
20231116_S01_to_S02, 1, 2932, 1700098590.8701735, 166.83128775519154, -77.87259050042368
20231116_S01_to_S02, 1, 2933, 1700098590.9860356, 166.831273522851, -77.87259049443406
20231116_S01_to_S02, 1, 2934, 1700098591.0862832, 166.83126120857455, -77.87259048925166
20231116_S01_to_S02, 1, 2935, 1700098591.1865304, 166.83124889435658, -77.8725904840693
20231116_S01_to_S02, 1, 2936, 1700098591.286778, 166.83123658007997, -77.8725904788869
20231116_S01_to_S02, 1, 2937, 1700098591.3870263, 166.8312242657156, -77.87259047370449
20231116_S01_to_S02, 1, 2938, 1700098591.487285, 166.83121195009193, -77.87259046852151
20231116_S01_to_S02, 1, 2939, 1700098591.6031468, 166.83119771778075, -77.87259046253193
20231116_S01_to_S02, 1, 2940, 1700098591.7033947, 166.8311854034756, -77.87259045734955
20231116_S01_to_S02, 1, 2941, 1700098591.8036454, 166.83117308881938, -77.872590452167
20231116_S01_to_S02, 1, 2942, 1700098591.9038918, 166.83116077469077, -77.87259044698467
20231116_S01_to_S02, 1, 2943, 1700098592.0041533, 166.83114845871754, -77.87259044180155
20231116_S01_to_S02, 1, 2944, 1700098592.1200159, 166.8311342263208, -77.87259043581196
20231116_S01_to_S02, 1, 2945, 1700098592.2202659, 166.83112191175405, -77.87259043062944
20231116_S01_to_S02, 1, 2946, 1700098592.3205147, 166.83110959733395, -77.872590425447
20231116_S01_to_S02, 1, 2947, 1700098592.4207635, 166.83109728291402, -77.87259042026456
20231116_S01_to_S02, 1, 2948, 1700098592.5210125, 166.83108496846486, -77.8725904150821
20231116_S01_to_S02, 1, 2949, 1700098592.6212735, 166.83107265255128, -77.87259040989902
20231116_S01_to_S02, 1, 2950, 1700098592.7371361, 166.83105842015524, -77.87259040390938
20231116_S01_to_S02, 1, 2951, 1700098592.837386, 166.83104610561787, -77.87259039872689
20231116_S01_to_S02, 1, 2952, 1700098592.9441402, 166.8310329920724, -77.87259039320813
20231116_S01_to_S02, 1, 2953, 1700098593.044389, 166.8310206776517, -77.87259038802567
20231116_S01_to_S02, 1, 2954, 1700098593.1446486, 166.83100836191284, -77.87259038284267
20231116_S01_to_S02, 1, 2955, 1700098593.244914, 166.83099604544162, -77.87259037765936
20231116_S01_to_S02, 1, 2956, 1700098593.3451612, 166.83098373122516, -77.87259037247699
20231116_S01_to_S02, 1, 2957, 1700098593.4454193, 166.83097141566134, -77.87259036729405
20231116_S01_to_S02, 1, 2958, 1700098593.5613163, 166.83095717904584, -77.87259036130266
20231116_S01_to_S02, 1, 2959, 1700098593.6615634, 166.83094486482878, -77.8725903561203
20231116_S01_to_S02, 1, 2960, 1700098593.7618115, 166.83093255049437, -77.87259035093788
20231116_S01_to_S02, 1, 2961, 1700098593.8620605, 166.8309202360426, -77.87259034575541
20231116_S01_to_S02, 1, 2962, 1700098593.9623196, 166.8309079203606, -77.87259034057243
20231116_S01_to_S02, 1, 2963, 1700098594.078184, 166.83089368775632, -77.87259033458272
20231116_S01_to_S02, 1, 2964, 1700098594.1784284, 166.83088137386054, -77.87259032940051
20231116_S01_to_S02, 1, 2965, 1700098594.2786753, 166.83086905967167, -77.87259032421817
20231116_S01_to_S02, 1, 2966, 1700098594.3789237, 166.83085674530707, -77.87259031903572
20231116_S01_to_S02, 1, 2967, 1700098594.4791706, 166.83084443111824, -77.87259031385337
20231116_S01_to_S02, 1, 2968, 1700098594.5794303, 166.8308321153481, -77.8725903086704
20231116_S01_to_S02, 1, 2969, 1700098594.6952925, 166.83081788300743, -77.87259030268078
20231116_S01_to_S02, 1, 2970, 1700098594.7955403, 166.83080556870215, -77.87259029749839
20231116_S01_to_S02, 1, 2971, 1700098594.8957865, 166.83079325460218, -77.87259029231606
20231116_S01_to_S02, 1, 2972, 1700098594.9960358, 166.83078094012185, -77.8725902871336
20231116_S01_to_S02, 1, 2973, 1700098595.096283, 166.83076862590536, -77.87259028195122
20231116_S01_to_S02, 1, 2974, 1700098595.1965423, 166.83075631019543, -77.87259027676822
20231116_S01_to_S02, 1, 2975, 1700098595.3124025, 166.83074207809094, -77.87259027077873
20231116_S01_to_S02, 1, 2976, 1700098595.4126496, 166.8307297638749, -77.87259026559637
20231116_S01_to_S02, 1, 2977, 1700098595.5128973, 166.83071744960014, -77.87259026041397
20231116_S01_to_S02, 1, 2978, 1700098595.6131458, 166.83070513520818, -77.87259025523154
20231116_S01_to_S02, 1, 2979, 1700098595.7133927, 166.83069282102102, -77.8725902500492
20231116_S01_to_S02, 1, 2980, 1700098595.8292646, 166.83067858748078, -77.8725902440591
20231116_S01_to_S02, 1, 2981, 1700098595.9295137, 166.83066627302935, -77.87259023887664
20231116_S01_to_S02, 1, 2982, 1700098596.029763, 166.83065395854837, -77.87259023369415
20231116_S01_to_S02, 1, 2983, 1700098596.1300135, 166.8306416439207, -77.8725902285116
20231116_S01_to_S02, 1, 2984, 1700098596.23026, 166.83062932979084, -77.87259022332931
20231116_S01_to_S02, 1, 2985, 1700098596.3305192, 166.83061701407937, -77.87259021814629
20231116_S01_to_S02, 1, 2986, 1700098596.4463837, 166.83060278144578, -77.87259021215658
20231116_S01_to_S02, 1, 2987, 1700098596.546633, 166.83059046696445, -77.87259020697411
20231116_S01_to_S02, 1, 2988, 1700098596.6533873, 166.83057735341677, -77.87259020145537
20231116_S01_to_S02, 1, 2989, 1700098596.7536364, 166.83056503896515, -77.8725901962729
20231116_S01_to_S02, 1, 2990, 1700098596.853885, 166.8305527245724, -77.87259019109044
20231116_S01_to_S02, 1, 2991, 1700098596.9541492, 166.83054040824715, -77.8725901859072
20231116_S01_to_S02, 1, 2992, 1700098597.054416, 166.83052809162928, -77.87259018072385
20231116_S01_to_S02, 1, 2993, 1700098597.1546736, 166.83051577612454, -77.87259017554092
20231116_S01_to_S02, 1, 2994, 1700098597.27057, 166.8305015395689, -77.87259016954957
20231116_S01_to_S02, 1, 2995, 1700098597.3708193, 166.83048922508976, -77.87259016436708
20231116_S01_to_S02, 1, 2996, 1700098597.4710643, 166.83047691113794, -77.87259015918484
20231116_S01_to_S02, 1, 2997, 1700098597.571312, 166.83046459686406, -77.87259015400245
20231116_S01_to_S02, 1, 2998, 1700098597.6715605, 166.83045228247312, -77.87259014882
20231116_S01_to_S02, 1, 2999, 1700098597.7718184, 166.83043996693993, -77.87259014363705
20231116_S01_to_S02, 1, 3000, 1700098597.8876803, 166.8304257346316, -77.8725901376475
20231116_S01_to_S02, 1, 3001, 1700098597.9879286, 166.83041342026993, -77.87259013246506
20231116_S01_to_S02, 1, 3002, 1700098598.0881872, 166.83040110464876, -77.87259012728212
20231116_S01_to_S02, 1, 3003, 1700098598.1884236, 166.83038879175115, -77.8725901221003
20231116_S01_to_S02, 1, 3004, 1700098598.2886734, 166.83037647721326, -77.8725901169178
20231116_S01_to_S02, 1, 3005, 1700098598.388929, 166.83036416197226, -77.87259011173501
20231116_S01_to_S02, 1, 3006, 1700098598.5047915, 166.8303499295747, -77.87259010574539
20231116_S01_to_S02, 1, 3007, 1700098598.6050391, 166.83033761529944, -77.872590100563
20231116_S01_to_S02, 1, 3008, 1700098598.7052872, 166.83032530096523, -77.8725900953806
20231116_S01_to_S02, 1, 3009, 1700098598.8055418, 166.83031298583978, -77.87259009019786
20231116_S01_to_S02, 1, 3010, 1700098598.9057918, 166.8303006712703, -77.87259008501533
20231116_S01_to_S02, 1, 3011, 1700098599.00605, 166.8302883556752, -77.87259007983239
20231116_S01_to_S02, 1, 3012, 1700098599.1219106, 166.83027412353792, -77.87259007384289
20231116_S01_to_S02, 1, 3013, 1700098599.222158, 166.83026180928874, -77.87259006866051
20231116_S01_to_S02, 1, 3014, 1700098599.322405, 166.8302494950686, -77.87259006347819
20231116_S01_to_S02, 1, 3015, 1700098599.4226537, 166.83023718067244, -77.87259005829573
20231116_S01_to_S02, 1, 3016, 1700098599.5229118, 166.83022486510484, -77.87259005311279
20231116_S01_to_S02, 1, 3017, 1700098599.638773, 166.83021063287876, -77.87259004712325
20231116_S01_to_S02, 1, 3018, 1700098599.7390227, 166.8301983183372, -77.87259004194078
20231116_S01_to_S02, 1, 3019, 1700098599.839271, 166.83018600397205, -77.87259003675833
20231116_S01_to_S02, 1, 3020, 1700098599.9395216, 166.8301736893443, -77.8725900315758
20231116_S01_to_S02, 1, 3021, 1700098600.0397704, 166.83016137492234, -77.87259002639334
20231116_S01_to_S02, 1, 3022, 1700098600.1400313, 166.83014905900745, -77.87259002121026
20231116_S01_to_S02, 1, 3023, 1700098600.2558947, 166.8301348265228, -77.87259001522062
20231116_S01_to_S02, 1, 3024, 1700098600.3561442, 166.83012251201464, -77.87259001003811
20231116_S01_to_S02, 1, 3025, 1700098600.4628966, 166.8301093987039, -77.87259000451945
20231116_S01_to_S02, 1, 3026, 1700098600.5631468, 166.83009708410816, -77.87258999933694
20231116_S01_to_S02, 1, 3027, 1700098600.663396, 166.8300847696587, -77.87258999415448
20231116_S01_to_S02, 1, 3028, 1700098600.7636623, 166.830072453071, -77.8725899889711
20231116_S01_to_S02, 1, 3029, 1700098600.8639107, 166.83006013870875, -77.87258998378869
20231116_S01_to_S02, 1, 3030, 1700098600.964168, 166.83004782323303, -77.8725899786058
20231116_S01_to_S02, 1, 3031, 1700098601.0800655, 166.83003358655898, -77.87258997261436
20231116_S01_to_S02, 1, 3032, 1700098601.180313, 166.83002127228318, -77.87258996743198
20231116_S01_to_S02, 1, 3033, 1700098601.2805598, 166.8300089581243, -77.87258996224965
20231116_S01_to_S02, 1, 3034, 1700098601.3808079, 166.82999664378949, -77.87258995706723
20231116_S01_to_S02, 1, 3035, 1700098601.481055, 166.82998432957172, -77.87258995188486
20231116_S01_to_S02, 1, 3036, 1700098601.581314, 166.82997201388963, -77.87258994670188
20231116_S01_to_S02, 1, 3037, 1700098601.697175, 166.82995778169558, -77.87258994071236
20231116_S01_to_S02, 1, 3038, 1700098601.797434, 166.8299454660138, -77.87258993552939
20231116_S01_to_S02, 1, 3039, 1700098601.8976707, 166.82993315308522, -77.87258993034757
20231116_S01_to_S02, 1, 3040, 1700098601.9979203, 166.82992083857545, -77.87258992516509
20231116_S01_to_S02, 1, 3041, 1700098602.0981815, 166.82990852263075, -77.87258991998199
20231116_S01_to_S02, 1, 3042, 1700098602.2140405, 166.82989429067203, -77.87258991399254
20231116_S01_to_S02, 1, 3043, 1700098602.314289, 166.8298819762796, -77.87258990881011
20231116_S01_to_S02, 1, 3044, 1700098602.4145358, 166.82986966212135, -77.87258990362776
20231116_S01_to_S02, 1, 3045, 1700098602.5147839, 166.82985734778725, -77.87258989844536
20231116_S01_to_S02, 1, 3046, 1700098602.6150315, 166.82984503351136, -77.87258989326297
20231116_S01_to_S02, 1, 3047, 1700098602.7152894, 166.82983271797582, -77.87258988808004
20231116_S01_to_S02, 1, 3048, 1700098602.8311505, 166.82981848575193, -77.87258988209052
20231116_S01_to_S02, 1, 3049, 1700098602.9314103, 166.829806169981, -77.87258987690748
20231116_S01_to_S02, 1, 3050, 1700098603.0316484, 166.8297938568748, -77.87258987172557
20231116_S01_to_S02, 1, 3051, 1700098603.1318965, 166.82978154253826, -77.87258986654318
20231116_S01_to_S02, 1, 3052, 1700098603.2321548, 166.82976922694223, -77.87258986136023
20231116_S01_to_S02, 1, 3053, 1700098603.3324032, 166.82975691257622, -77.8725898561778
20231116_S01_to_S02, 1, 3054, 1700098603.4482663, 166.8297426801165, -77.87258985018816
20231116_S01_to_S02, 1, 3055, 1700098603.5485144, 166.8297303657802, -77.87258984500573
20231116_S01_to_S02, 1, 3056, 1700098603.648763, 166.82971805138575, -77.87258983982329
20231116_S01_to_S02, 1, 3057, 1700098603.7490115, 166.8297057369919, -77.87258983464086
20231116_S01_to_S02, 1, 3058, 1700098603.8492713, 166.8296934212222, -77.87258982945784
20231116_S01_to_S02, 1, 3059, 1700098603.9651356, 166.8296791886194, -77.87258982346815
20231116_S01_to_S02, 1, 3060, 1700098604.0653856, 166.82966687405244, -77.87258981828563
20231116_S01_to_S02, 1, 3061, 1700098604.1721435, 166.8296537600689, -77.87258981276669
20231116_S01_to_S02, 1, 3062, 1700098604.2723923, 166.82964144565054, -77.87258980758423
20231116_S01_to_S02, 1, 3063, 1700098604.3726404, 166.82962913132064, -77.87258980240183
20231116_S01_to_S02, 1, 3064, 1700098604.4729059, 166.82961681485307, -77.87258979721851
20231116_S01_to_S02, 1, 3065, 1700098604.5731711, 166.82960449841462, -77.87258979203521
20231116_S01_to_S02, 1, 3066, 1700098604.67343, 166.82959218276648, -77.87258978685226
20231116_S01_to_S02, 1, 3067, 1700098604.7893114, 166.8295779480579, -77.87258978086167
20231116_S01_to_S02, 1, 3068, 1700098604.8895586, 166.82956563384255, -77.87258977567932
20231116_S01_to_S02, 1, 3069, 1700098604.9898067, 166.82955331950876, -77.8725897704969
20231116_S01_to_S02, 1, 3070, 1700098605.0900538, 166.829541005291, -77.87258976531453
20231116_S01_to_S02, 1, 3071, 1700098605.1903007, 166.82952869110173, -77.87258976013219
20231116_S01_to_S02, 1, 3072, 1700098605.2905586, 166.82951637556468, -77.87258975494927
20231116_S01_to_S02, 1, 3073, 1700098605.4064214, 166.82950214313405, -77.87258974895963
20231116_S01_to_S02, 1, 3074, 1700098605.5066698, 166.82948982876795, -77.87258974377721
20231116_S01_to_S02, 1, 3075, 1700098605.6069171, 166.82947751451917, -77.87258973859484
20231116_S01_to_S02, 1, 3076, 1700098605.7071657, 166.82946520012428, -77.87258973341238
20231116_S01_to_S02, 1, 3077, 1700098605.8074136, 166.8294528858179, -77.87258972823
20231116_S01_to_S02, 1, 3078, 1700098605.9076731, 166.82944057007717, -77.87258972304697
20231116_S01_to_S02, 1, 3079, 1700098606.0235343, 166.82942633785476, -77.87258971705745
20231116_S01_to_S02, 1, 3080, 1700098606.1237817, 166.8294140236093, -77.87258971187507
20231116_S01_to_S02, 1, 3081, 1700098606.22403, 166.82940170924726, -77.87258970669264
20231116_S01_to_S02, 1, 3082, 1700098606.324278, 166.82938939491478, -77.87258970151024
20231116_S01_to_S02, 1, 3083, 1700098606.4245253, 166.82937708069971, -77.87258969632786
20231116_S01_to_S02, 1, 3084, 1700098606.524783, 166.8293647651961, -77.87258969114497
20231116_S01_to_S02, 1, 3085, 1700098606.640645, 166.82935053285846, -77.87258968515538
20231116_S01_to_S02, 1, 3086, 1700098606.7408922, 166.82933821864307, -77.87258967997302
20231116_S01_to_S02, 1, 3087, 1700098606.84114, 166.82932590433938, -77.8725896747906
20231116_S01_to_S02, 1, 3088, 1700098606.941388, 166.82931359003524, -77.8725896696082
20231116_S01_to_S02, 1, 3089, 1700098607.0416412, 166.829301275057, -77.87258966442553
20231116_S01_to_S02, 1, 3090, 1700098607.15751, 166.82928704189692, -77.8725896584356
20231116_S01_to_S02, 1, 3091, 1700098607.2577586, 166.8292747275036, -77.87258965325317
20231116_S01_to_S02, 1, 3092, 1700098607.3580074, 166.82926241308064, -77.87258964807073
20231116_S01_to_S02, 1, 3093, 1700098607.4582565, 166.82925009862822, -77.87258964288824
20231116_S01_to_S02, 1, 3094, 1700098607.558506, 166.82923778411708, -77.87258963770576
20231116_S01_to_S02, 1, 3095, 1700098607.658769, 166.82922546796576, -77.87258963252256
20231116_S01_to_S02, 1, 3096, 1700098607.7746325, 166.82921123544867, -77.87258962653291
20231116_S01_to_S02, 1, 3097, 1700098607.8748832, 166.82919892079101, -77.87258962135036
20231116_S01_to_S02, 1, 3098, 1700098607.9751327, 166.82918660627988, -77.87258961616786
20231116_S01_to_S02, 1, 3099, 1700098608.0818858, 166.829173492878, -77.87258961064916
20231116_S01_to_S02, 1, 3100, 1700098608.1821356, 166.8291611783378, -77.87258960546666
20231116_S01_to_S02, 1, 3101, 1700098608.282401, 166.82914886186484, -77.87258960028335
20231116_S01_to_S02, 1, 3102, 1700098608.3826666, 166.82913654539195, -77.87258959510002
20231116_S01_to_S02, 1, 3103, 1700098608.4829247, 166.82912422982722, -77.87258958991711
20231116_S01_to_S02, 1, 3104, 1700098608.5988219, 166.8291099931818, -77.8725895839257
20231116_S01_to_S02, 1, 3105, 1700098608.6990685, 166.82909767902314, -77.87258957874334
20231116_S01_to_S02, 1, 3106, 1700098608.7993162, 166.82908536474758, -77.87258957356096
20231116_S01_to_S02, 1, 3107, 1700098608.8995647, 166.82907305035505, -77.87258956837853
20231116_S01_to_S02, 1, 3108, 1700098608.9998126, 166.82906073605062, -77.87258956319613
20231116_S01_to_S02, 1, 3109, 1700098609.1000717, 166.8290484203699, -77.87258955801315
20231116_S01_to_S02, 1, 3110, 1700098609.2159326, 166.82903418817762, -77.8725895520236
20231116_S01_to_S02, 1, 3111, 1700098609.3161802, 166.8290218739031, -77.8725895468412
20231116_S01_to_S02, 1, 3112, 1700098609.4164286, 166.8290095595408, -77.87258954165883
20231116_S01_to_S02, 1, 3113, 1700098609.516676, 166.82899724529554, -77.87258953647644
20231116_S01_to_S02, 1, 3114, 1700098609.6169236, 166.8289849310209, -77.87258953129405
20231116_S01_to_S02, 1, 3115, 1700098609.717172, 166.82897261665806, -77.87258952611164
20231116_S01_to_S02, 1, 3116, 1700098609.8330443, 166.82895838305924, -77.87258952012152
20231116_S01_to_S02, 1, 3117, 1700098609.9332917, 166.82894606881268, -77.87258951493914
20231116_S01_to_S02, 1, 3118, 1700098610.0335402, 166.82893375441932, -77.87258950975671
20231116_S01_to_S02, 1, 3119, 1700098610.1337862, 166.8289214403478, -77.87258950457439
20231116_S01_to_S02, 1, 3120, 1700098610.2340443, 166.82890912478237, -77.87258949939144
20231116_S01_to_S02, 1, 3121, 1700098610.3499064, 166.82889489244116, -77.87258949340188
20231116_S01_to_S02, 1, 3122, 1700098610.4501538, 166.82888257819351, -77.8725894882195
20231116_S01_to_S02, 1, 3123, 1700098610.5504012, 166.82887026394593, -77.87258948303712
20231116_S01_to_S02, 1, 3124, 1700098610.6506493, 166.82885794961064, -77.87258947785472
20231116_S01_to_S02, 1, 3125, 1700098610.750897, 166.82884563533412, -77.87258947267232
20231116_S01_to_S02, 1, 3126, 1700098610.851154, 166.82883331988648, -77.87258946748943
20231116_S01_to_S02, 1, 3127, 1700098610.967018, 166.82881908734143, -77.87258946149973
20231116_S01_to_S02, 1, 3128, 1700098611.0672677, 166.82880677280244, -77.87258945631724
20231116_S01_to_S02, 1, 3129, 1700098611.1675174, 166.82879445826367, -77.87258945113473
20231116_S01_to_S02, 1, 3130, 1700098611.2677672, 166.8287821437252, -77.87258944595223
20231116_S01_to_S02, 1, 3131, 1700098611.368026, 166.82876982807397, -77.87258944076927
20231116_S01_to_S02, 1, 3132, 1700098611.4682763, 166.82875751347726, -77.87258943558676
20231116_S01_to_S02, 1, 3133, 1700098611.5841405, 166.82874328087513, -77.87258942959704
20231116_S01_to_S02, 1, 3134, 1700098611.684392, 166.82873096613213, -77.87258942441446
20231116_S01_to_S02, 1, 3135, 1700098611.7911458, 166.82871785264481, -77.87258941889573
20231116_S01_to_S02, 1, 3136, 1700098611.8913946, 166.82870553822386, -77.87258941371327
20231116_S01_to_S02, 1, 3137, 1700098611.9916654, 166.8286932211084, -77.87258940852969
20231116_S01_to_S02, 1, 3138, 1700098612.091929, 166.82868090487145, -77.87258940334648
20231116_S01_to_S02, 1, 3139, 1700098612.1921763, 166.82866859062582, -77.8725893981641
20231116_S01_to_S02, 1, 3140, 1700098612.292434, 166.82865627512066, -77.87258939298118
20231116_S01_to_S02, 1, 3141, 1700098612.4083152, 166.82864204043824, -77.87258938699061
20231116_S01_to_S02, 1, 3142, 1700098612.5085628, 166.82862972616263, -77.87258938180823
20231116_S01_to_S02, 1, 3143, 1700098612.6088095, 166.8286174120039, -77.87258937662588
20231116_S01_to_S02, 1, 3144, 1700098612.7090561, 166.8286050978449, -77.87258937144355
20231116_S01_to_S02, 1, 3145, 1700098612.8093143, 166.82859278227977, -77.87258936626063
20231116_S01_to_S02, 1, 3146, 1700098612.9251752, 166.82857855008484, -77.87258936027109
20231116_S01_to_S02, 1, 3147, 1700098613.0254228, 166.82856623580756, -77.8725893550887
20231116_S01_to_S02, 1, 3148, 1700098613.1256711, 166.82855392144222, -77.87258934990628
20231116_S01_to_S02, 1, 3149, 1700098613.2259219, 166.8285416067839, -77.87258934472374
20231116_S01_to_S02, 1, 3150, 1700098613.3261664, 166.82852929288703, -77.8725893395415
20231116_S01_to_S02, 1, 3151, 1700098613.426425, 166.8285169772622, -77.87258933435854
20231116_S01_to_S02, 1, 3152, 1700098613.5422862, 166.82850274503747, -77.87258932836899
20231116_S01_to_S02, 1, 3153, 1700098613.6425352, 166.82849043058465, -77.87258932318653
20231116_S01_to_S02, 1, 3154, 1700098613.742783, 166.8284781162786, -77.87258931800415
20231116_S01_to_S02, 1, 3155, 1700098613.8430312, 166.8284658019437, -77.87258931282172
20231116_S01_to_S02, 1, 3156, 1700098613.943278, 166.82845348775575, -77.87258930763937
20231116_S01_to_S02, 1, 3157, 1700098614.0435371, 166.82844117207483, -77.87258930245639
20231116_S01_to_S02, 1, 3158, 1700098614.1593986, 166.82842693982434, -77.87258929646684
20231116_S01_to_S02, 1, 3159, 1700098614.2596471, 166.8284146254335, -77.8725892912844
20231116_S01_to_S02, 1, 3160, 1700098614.3598945, 166.82840231118962, -77.87258928610201
20231116_S01_to_S02, 1, 3161, 1700098614.460147, 166.82838999633088, -77.8725892809194
20231116_S01_to_S02, 1, 3162, 1700098614.560402, 166.82837768115002, -77.87258927573664
20231116_S01_to_S02, 1, 3163, 1700098614.676264, 166.8283634488129, -77.87258926974702
20231116_S01_to_S02, 1, 3164, 1700098614.776513, 166.8283511343634, -77.87258926456458
20231116_S01_to_S02, 1, 3165, 1700098614.876762, 166.82833881994236, -77.87258925938211
20231116_S01_to_S02, 1, 3166, 1700098614.9770117, 166.82832650540342, -77.87258925419961
20231116_S01_to_S02, 1, 3167, 1700098615.0772612, 166.82831419089305, -77.87258924901712
20231116_S01_to_S02, 1, 3168, 1700098615.177522, 166.82830187500562, -77.87258924383404
20231116_S01_to_S02, 1, 3169, 1700098615.2933855, 166.8282876424885, -77.8725892378444
20231116_S01_to_S02, 1, 3170, 1700098615.3980565, 166.82827478484953, -77.87258923243334
20231116_S01_to_S02, 1, 3171, 1700098615.498306, 166.828262470338, -77.87258922725083
20231116_S01_to_S02, 1, 3172, 1700098615.5985548, 166.8282501559146, -77.8725892220684
20231116_S01_to_S02, 1, 3173, 1700098615.698803, 166.82823784157927, -77.87258921688597
20231116_S01_to_S02, 1, 3174, 1700098615.7990537, 166.82822552692238, -77.87258921170343
20231116_S01_to_S02, 1, 3175, 1700098615.899313, 166.82821321121182, -77.87258920652043
20231116_S01_to_S02, 1, 3176, 1700098616.0151782, 166.8281989784922, -77.87258920053068
20231116_S01_to_S02, 1, 3177, 1700098616.1154294, 166.8281866637786, -77.87258919534813
20231116_S01_to_S02, 1, 3178, 1700098616.2156808, 166.82817434903603, -77.87258919016553
20231116_S01_to_S02, 1, 3179, 1700098616.3224328, 166.82816123578377, -77.87258918464688
20231116_S01_to_S02, 1, 3180, 1700098616.422681, 166.82814892142218, -77.87258917946447
20231116_S01_to_S02, 1, 3181, 1700098616.5229475, 166.82813660483464, -77.8725891742811
20231116_S01_to_S02, 1, 3182, 1700098616.6231961, 166.8281242904434, -77.87258916909866
20231116_S01_to_S02, 1, 3183, 1700098616.7234554, 166.82811197473384, -77.87258916391569
20231116_S01_to_S02, 1, 3184, 1700098616.8393536, 166.82809773797229, -77.87258915792422
20231116_S01_to_S02, 1, 3185, 1700098616.9396021, 166.82808542357927, -77.8725891527418
20231116_S01_to_S02, 1, 3186, 1700098617.0398493, 166.82807310936136, -77.87258914755941
20231116_S01_to_S02, 1, 3187, 1700098617.1400955, 166.82806079526, -77.8725891423771
20231116_S01_to_S02, 1, 3188, 1700098617.2403414, 166.82804848118752, -77.8725891371948
20231116_S01_to_S02, 1, 3189, 1700098617.3405998, 166.82803616559178, -77.87258913201185
20231116_S01_to_S02, 1, 3190, 1700098617.4564607, 166.8280219333955, -77.8725891260223
20231116_S01_to_S02, 1, 3191, 1700098617.5567079, 166.82800961917576, -77.87258912083995
20231116_S01_to_S02, 1, 3192, 1700098617.6569555, 166.82799730489745, -77.87258911565756
20231116_S01_to_S02, 1, 3193, 1700098617.7572029, 166.82798499064845, -77.87258911047518
20231116_S01_to_S02, 1, 3194, 1700098617.8574507, 166.82797267634106, -77.87258910529279
20231116_S01_to_S02, 1, 3195, 1700098617.9577098, 166.8279603606574, -77.8725891001098
20231116_S01_to_S02, 1, 3196, 1700098618.07357, 166.82794612854968, -77.87258909412031
20231116_S01_to_S02, 1, 3197, 1700098618.1738174, 166.82793381430167, -77.87258908893794
20231116_S01_to_S02, 1, 3198, 1700098618.2740645, 166.82792150008333, -77.87258908375557
20231116_S01_to_S02, 1, 3199, 1700098618.3743126, 166.82790918574818, -77.87258907857317
20231116_S01_to_S02, 1, 3200, 1700098618.4745715, 166.82789687009543, -77.87258907339022
20231116_S01_to_S02, 1, 3201, 1700098618.5904348, 166.8278826376089, -77.87258906740054
20231116_S01_to_S02, 1, 3202, 1700098618.6906812, 166.82787032347997, -77.87258906221822
20231116_S01_to_S02, 1, 3203, 1700098618.7909284, 166.82785800926354, -77.87258905703585
20231116_S01_to_S02, 1, 3204, 1700098618.891177, 166.82784569487183, -77.87258905185342
20231116_S01_to_S02, 1, 3205, 1700098618.9914236, 166.82783338071494, -77.8725890466711
20231116_S01_to_S02, 1, 3206, 1700098619.0916843, 166.82782106483052, -77.872589041488
20231116_S01_to_S02, 1, 3207, 1700098619.207546, 166.8278068325522, -77.87258903549845
20231116_S01_to_S02, 1, 3208, 1700098619.3077939, 166.82779451825016, -77.87258903031605
20231116_S01_to_S02, 1, 3209, 1700098619.4080427, 166.8277822038311, -77.87258902513359
20231116_S01_to_S02, 1, 3210, 1700098619.5082939, 166.82776988911905, -77.87258901995102
20231116_S01_to_S02, 1, 3211, 1700098619.6085446, 166.8277575744652, -77.87258901476847
20231116_S01_to_S02, 1, 3212, 1700098619.7087932, 166.8277452600745, -77.87258900958604
20231116_S01_to_S02, 1, 3213, 1700098619.8246677, 166.8277310262131, -77.87258900359578
20231116_S01_to_S02, 1, 3214, 1700098619.9249177, 166.82771871164488, -77.8725889984133
20231116_S01_to_S02, 1, 3215, 1700098620.0316718, 166.82770559812613, -77.87258899289455
20231116_S01_to_S02, 1, 3216, 1700098620.1319208, 166.82769328367326, -77.87258898771206
20231116_S01_to_S02, 1, 3217, 1700098620.2321863, 166.82768096719903, -77.87258898252878
20231116_S01_to_S02, 1, 3218, 1700098620.3324518, 166.82766865072423, -77.87258897734546
20231116_S01_to_S02, 1, 3219, 1700098620.432701, 166.82765633624075, -77.87258897216297
20231116_S01_to_S02, 1, 3220, 1700098620.5485938, 166.8276421001488, -77.87258896617182
20231116_S01_to_S02, 1, 3221, 1700098620.6488416, 166.827629785841, -77.8725889609894
20231116_S01_to_S02, 1, 3222, 1700098620.7490888, 166.82761747162132, -77.87258895580705
20231116_S01_to_S02, 1, 3223, 1700098620.8493364, 166.82760515734347, -77.87258895062466
20231116_S01_to_S02, 1, 3224, 1700098620.949585, 166.82759284294897, -77.87258894544222
20231116_S01_to_S02, 1, 3225, 1700098621.0498426, 166.8275805274421, -77.8725889402593
20231116_S01_to_S02, 1, 3226, 1700098621.1657047, 166.8275662951014, -77.87258893426971
20231116_S01_to_S02, 1, 3227, 1700098621.265952, 166.82755398085476, -77.87258892908733
20231116_S01_to_S02, 1, 3228, 1700098621.3661993, 166.82754166663776, -77.87258892390497
20231116_S01_to_S02, 1, 3229, 1700098621.4664474, 166.8275293523039, -77.87258891872256
20231116_S01_to_S02, 1, 3230, 1700098621.5666945, 166.82751703808748, -77.8725889135402
20231116_S01_to_S02, 1, 3231, 1700098621.6669524, 166.82750472255324, -77.87258890835727
20231116_S01_to_S02, 1, 3232, 1700098621.7828255, 166.8274904888673, -77.87258890236713
20231116_S01_to_S02, 1, 3233, 1700098621.8830633, 166.82747817579352, -77.87258889718524
20231116_S01_to_S02, 1, 3234, 1700098621.9833121, 166.8274658613726, -77.87258889200277
20231116_S01_to_S02, 1, 3235, 1700098622.083559, 166.827453547186, -77.87258888682042
20231116_S01_to_S02, 1, 3236, 1700098622.1838055, 166.82744123305795, -77.87258888163811
20231116_S01_to_S02, 1, 3237, 1700098622.2840633, 166.8274289175241, -77.8725888764552
20231116_S01_to_S02, 1, 3238, 1700098622.3999255, 166.82741468518543, -77.87258887046558
20231116_S01_to_S02, 1, 3239, 1700098622.5001755, 166.82740237061785, -77.87258886528306
20231116_S01_to_S02, 1, 3240, 1700098622.6004221, 166.82739005646013, -77.87258886010072
20231116_S01_to_S02, 1, 3241, 1700098622.700672, 166.82737774192145, -77.87258885491822
20231116_S01_to_S02, 1, 3242, 1700098622.800931, 166.82736542624048, -77.87258884973525
20231116_S01_to_S02, 1, 3243, 1700098622.9167929, 166.82735119393007, -77.87258884374566
20231116_S01_to_S02, 1, 3244, 1700098623.0170455, 166.82733887903925, -77.87258883856302
20231116_S01_to_S02, 1, 3245, 1700098623.117292, 166.8273265649097, -77.87258883338069
20231116_S01_to_S02, 1, 3246, 1700098623.2175415, 166.82731425039918, -77.8725888281982
20231116_S01_to_S02, 1, 3247, 1700098623.3177898, 166.827301936035, -77.87258882301579
20231116_S01_to_S02, 1, 3248, 1700098623.418049, 166.82728962032348, -77.87258881783278
20231116_S01_to_S02, 1, 3249, 1700098623.5339136, 166.82727538768967, -77.87258881184309
20231116_S01_to_S02, 1, 3250, 1700098623.634165, 166.82726307294442, -77.87258880666053
20231116_S01_to_S02, 1, 3251, 1700098623.740917, 166.82724995968897, -77.87258880114187
20231116_S01_to_S02, 1, 3252, 1700098623.841166, 166.82723764523647, -77.8725887959594
20231116_S01_to_S02, 1, 3253, 1700098623.941414, 166.82722533090114, -77.872588790777
20231116_S01_to_S02, 1, 3254, 1700098624.0416799, 166.8272130143986, -77.87258878559368
20231116_S01_to_S02, 1, 3255, 1700098624.141946, 166.82720069783755, -77.87258878041033
20231116_S01_to_S02, 1, 3256, 1700098624.2422044, 166.82718838224298, -77.87258877522738
20231116_S01_to_S02, 1, 3257, 1700098624.3581493, 166.8271741397395, -77.87258876923349
20231116_S01_to_S02, 1, 3258, 1700098624.4584076, 166.82716182414515, -77.87258876405055
20231116_S01_to_S02, 1, 3259, 1700098624.558655, 166.82714950989813, -77.87258875886816
20231116_S01_to_S02, 1, 3260, 1700098624.6588936, 166.82713719673484, -77.87258875368623
20231116_S01_to_S02, 1, 3261, 1700098624.7591429, 166.8271248822538, -77.87258874850377
20231116_S01_to_S02, 1, 3262, 1700098624.8594024, 166.82711256651356, -77.87258874332078
20231116_S01_to_S02, 1, 3263, 1700098624.9752727, 166.82709833317784, -77.87258873733074
20231116_S01_to_S02, 1, 3264, 1700098625.0755205, 166.82708601887288, -77.87258873214834
20231116_S01_to_S02, 1, 3265, 1700098625.1757696, 166.82707370442162, -77.8725887269659
20231116_S01_to_S02, 1, 3266, 1700098625.2760155, 166.8270613903511, -77.8725887217836
20231116_S01_to_S02, 1, 3267, 1700098625.3762517, 166.82704907748132, -77.8725887166018
20231116_S01_to_S02, 1, 3268, 1700098625.4765103, 166.82703676185855, -77.87258871141883
20231116_S01_to_S02, 1, 3269, 1700098625.5923822, 166.8270225283179, -77.87258870542875
20231116_S01_to_S02, 1, 3270, 1700098625.6926315, 166.82701021383707, -77.8725887002463
20231116_S01_to_S02, 1, 3271, 1700098625.7928712, 166.82699790052752, -77.8725886950643
20231116_S01_to_S02, 1, 3272, 1700098625.893128, 166.82698558513843, -77.87258868988144
20231116_S01_to_S02, 1, 3273, 1700098625.9933765, 166.82697327074493, -77.872588684699
20231116_S01_to_S02, 1, 3274, 1700098626.109248, 166.82695903726184, -77.87258867870894
20231116_S01_to_S02, 1, 3275, 1700098626.2094958, 166.82694672295597, -77.87258867352652
20231116_S01_to_S02, 1, 3276, 1700098626.309744, 166.82693440862087, -77.87258866834411
20231116_S01_to_S02, 1, 3277, 1700098626.409991, 166.82692209440305, -77.87258866316174
20231116_S01_to_S02, 1, 3278, 1700098626.510239, 166.8269097800975, -77.87258865797935
20231116_S01_to_S02, 1, 3279, 1700098626.6104867, 166.82689746579223, -77.87258865279694
20231116_S01_to_S02, 1, 3280, 1700098626.7263608, 166.826883231988, -77.87258864680672
20231116_S01_to_S02, 1, 3281, 1700098626.8266132, 166.82687091712705, -77.87258864162409
20231116_S01_to_S02, 1, 3282, 1700098626.9268613, 166.82685860279378, -77.87258863644168
20231116_S01_to_S02, 1, 3283, 1700098627.027112, 166.8268462881387, -77.87258863125913
20231116_S01_to_S02, 1, 3284, 1700098627.1273599, 166.82683397383542, -77.87258862607672
20231116_S01_to_S02, 1, 3285, 1700098627.2432323, 166.8268197402384, -77.87258862008662
20231116_S01_to_S02, 1, 3286, 1700098627.3434975, 166.82680742379736, -77.87258861490331
20231116_S01_to_S02, 1, 3287, 1700098627.4437635, 166.82679510726845, -77.87258860971998
20231116_S01_to_S02, 1, 3288, 1700098627.550534, 166.82678199173148, -77.87258860420037
20231116_S01_to_S02, 1, 3289, 1700098627.650816, 166.82676967323985, -77.87258859901623
20231116_S01_to_S02, 1, 3290, 1700098627.7510962, 166.82675735495272, -77.87258859383213
20231116_S01_to_S02, 1, 3291, 1700098627.851381, 166.8267450361086, -77.87258858864782
20231116_S01_to_S02, 1, 3292, 1700098627.951647, 166.82673271957754, -77.87258858346448
20231116_S01_to_S02, 1, 3293, 1700098628.0675416, 166.8267184832536, -77.87258857747321
20231116_S01_to_S02, 1, 3294, 1700098628.167801, 166.82670616754143, -77.87258857229023
20231116_S01_to_S02, 1, 3295, 1700098628.268047, 166.82669385343976, -77.87258856710793
20231116_S01_to_S02, 1, 3296, 1700098628.3682952, 166.8266815391035, -77.8725885619255
20231116_S01_to_S02, 1, 3297, 1700098628.4685452, 166.82666922453276, -77.872588556743
20231116_S01_to_S02, 1, 3298, 1700098628.5687823, 166.8266569115434, -77.87258855156115
20231116_S01_to_S02, 1, 3299, 1700098628.6846654, 166.8266426766236, -77.87258854557047
20231116_S01_to_S02, 1, 3300, 1700098628.7849123, 166.82663036243366, -77.87258854038812
20231116_S01_to_S02, 1, 3301, 1700098628.8851514, 166.8266180492103, -77.87258853520618
20231116_S01_to_S02, 1, 3302, 1700098628.9854097, 166.82660573361508, -77.87258853002324
20231116_S01_to_S02, 1, 3303, 1700098629.085657, 166.8265934193967, -77.87258852484088
20231116_S01_to_S02, 1, 3304, 1700098629.201519, 166.8265791870559, -77.87258851885129
20231116_S01_to_S02, 1, 3305, 1700098629.3017766, 166.82656687154986, -77.87258851366838
20231116_S01_to_S02, 1, 3306, 1700098629.4020243, 166.82655455727433, -77.87258850848598
20231116_S01_to_S02, 1, 3307, 1700098629.5022721, 166.82654224296994, -77.87258850330359
20231116_S01_to_S02, 1, 3308, 1700098629.602521, 166.82652992854878, -77.87258849812113
20231116_S01_to_S02, 1, 3309, 1700098629.7027688, 166.82651761424512, -77.87258849293875
20231116_S01_to_S02, 1, 3310, 1700098629.8186412, 166.8265033806477, -77.87258848694862
20231116_S01_to_S02, 1, 3311, 1700098629.918889, 166.8264910663446, -77.87258848176621
20231116_S01_to_S02, 1, 3312, 1700098630.0191362, 166.82647875212953, -77.87258847658386
20231116_S01_to_S02, 1, 3313, 1700098630.1193748, 166.826466438969, -77.87258847140194
20231116_S01_to_S02, 1, 3314, 1700098630.2196205, 166.8264541249298, -77.87258846621963
20231116_S01_to_S02, 1, 3315, 1700098630.3198698, 166.82644181045123, -77.87258846103715
20231116_S01_to_S02, 1, 3316, 1700098630.4357529, 166.82642757553634, -77.87258845504647
20231116_S01_to_S02, 1, 3317, 1700098630.5360036, 166.82641526088167, -77.87258844986394
20231116_S01_to_S02, 1, 3318, 1700098630.636253, 166.82640294637304, -77.87258844468144
20231116_S01_to_S02, 1, 3319, 1700098630.7365022, 166.82639063192255, -77.87258843949897
20231116_S01_to_S02, 1, 3320, 1700098630.83675, 166.826378317618, -77.87258843431658
20231116_S01_to_S02, 1, 3321, 1700098630.9526258, 166.82636408360852, -77.87258842832628
20231116_S01_to_S02, 1, 3322, 1700098631.0528922, 166.82635176701834, -77.87258842314291
20231116_S01_to_S02, 1, 3323, 1700098631.1531496, 166.82633945154072, -77.87258841796002
20231116_S01_to_S02, 1, 3324, 1700098631.259914, 166.82632633676184, -77.87258841244076
20231116_S01_to_S02, 1, 3325, 1700098631.3601882, 166.82631401920423, -77.872588407257
20231116_S01_to_S02, 1, 3326, 1700098631.460465, 166.82630170135363, -77.87258840207309
20231116_S01_to_S02, 1, 3327, 1700098631.5607479, 166.82628938274158, -77.87258839688889
20231116_S01_to_S02, 1, 3328, 1700098631.6610043, 166.8262770673805, -77.87258839170605
20231116_S01_to_S02, 1, 3329, 1700098631.7768946, 166.82626283158288, -77.87258838571499
20231116_S01_to_S02, 1, 3330, 1700098631.8771532, 166.82625051595866, -77.87258838053201
20231116_S01_to_S02, 1, 3331, 1700098631.977393, 166.82623820264857, -77.87258837535003
20231116_S01_to_S02, 1, 3332, 1700098632.0776408, 166.82622588834303, -77.87258837016763
20231116_S01_to_S02, 1, 3333, 1700098632.177897, 166.82621357301267, -77.8725883649848
20231116_S01_to_S02, 1, 3334, 1700098632.278145, 166.8262012586784, -77.8725883598024
20231116_S01_to_S02, 1, 3335, 1700098632.3940175, 166.82618702507926, -77.87258835381226
20231116_S01_to_S02, 1, 3336, 1700098632.494267, 166.8261747105696, -77.87258834862978
20231116_S01_to_S02, 1, 3337, 1700098632.5945048, 166.82616239749512, -77.8725883434479
20231116_S01_to_S02, 1, 3338, 1700098632.6947534, 166.82615008310282, -77.87258833826546
20231116_S01_to_S02, 1, 3339, 1700098632.7950153, 166.8261377670704, -77.87258833308233
20231116_S01_to_S02, 1, 3340, 1700098632.9108775, 166.82612353473112, -77.87258832709273
20231116_S01_to_S02, 1, 3341, 1700098633.0111272, 166.82611122019233, -77.87258832191023
20231116_S01_to_S02, 1, 3342, 1700098633.1113758, 166.8260989057999, -77.8725883167278
20231116_S01_to_S02, 1, 3343, 1700098633.211626, 166.82608659120237, -77.87258831154529
20231116_S01_to_S02, 1, 3344, 1700098633.3118834, 166.82607427572614, -77.87258830636239
20231116_S01_to_S02, 1, 3345, 1700098633.4273684, 166.82606008971834, -77.8725883003923
20231116_S01_to_S02, 1, 3346, 1700098633.5323317, 166.82604719617493, -77.8725882949661
20231116_S01_to_S02, 1, 3347, 1700098633.6325839, 166.8260348813425, -77.8725882897835
20231116_S01_to_S02, 1, 3348, 1700098633.7328317, 166.82602256703703, -77.87258828460108
20231116_S01_to_S02, 1, 3349, 1700098633.8330696, 166.82601025396139, -77.87258827941922
20231116_S01_to_S02, 1, 3350, 1700098633.9333174, 166.8259979396554, -77.8725882742368
20231116_S01_to_S02, 1, 3351, 1700098634.033576, 166.82598562403126, -77.87258826905385
20231116_S01_to_S02, 1, 3352, 1700098634.1494377, 166.82597139174806, -77.87258826306429
20231116_S01_to_S02, 1, 3353, 1700098634.2496977, 166.82595907594757, -77.87258825788128
20231116_S01_to_S02, 1, 3354, 1700098634.3499463, 166.82594676155264, -77.87258825269883
20231116_S01_to_S02, 1, 3355, 1700098634.4501936, 166.82593444730404, -77.87258824751645
20231116_S01_to_S02, 1, 3356, 1700098634.550441, 166.82592213305543, -77.87258824233407
20231116_S01_to_S02, 1, 3357, 1700098634.6663146, 166.8259078993073, -77.87258823634389
20231116_S01_to_S02, 1, 3358, 1700098634.7665527, 166.82589558620117, -77.87258823116198
20231116_S01_to_S02, 1, 3359, 1700098634.8668134, 166.8258832703131, -77.87258822597893
20231116_S01_to_S02, 1, 3360, 1700098634.9670537, 166.82587095694404, -77.87258822079691
20231116_S01_to_S02, 1, 3361, 1700098635.0673022, 166.82585864255023, -77.87258821561446
20231116_S01_to_S02, 1, 3362, 1700098635.1675618, 166.82584632680962, -77.87258821043147
20231116_S01_to_S02, 1, 3363, 1700098635.2834368, 166.8258320928879, -77.8725882044412
20231116_S01_to_S02, 1, 3364, 1700098635.3837018, 166.82581977647425, -77.87258819925792
20231116_S01_to_S02, 1, 3365, 1700098635.4904895, 166.8258066588272, -77.87258819373744
20231116_S01_to_S02, 1, 3366, 1700098635.5907729, 166.82579434015904, -77.87258818855321
20231116_S01_to_S02, 1, 3367, 1700098635.6910553, 166.8257820216082, -77.872588183369
20231116_S01_to_S02, 1, 3368, 1700098635.7913282, 166.82576970422912, -77.87258817818532
20231116_S01_to_S02, 1, 3369, 1700098635.8915768, 166.82575738983752, -77.87258817300288
20231116_S01_to_S02, 1, 3370, 1700098635.991834, 166.8257450743917, -77.87258816782
20231116_S01_to_S02, 1, 3371, 1700098636.1077414, 166.82573083648902, -77.87258816182808
20231116_S01_to_S02, 1, 3372, 1700098636.2079864, 166.82571852253693, -77.87258815664582
20231116_S01_to_S02, 1, 3373, 1700098636.3082323, 166.82570620846775, -77.87258815146353
20231116_S01_to_S02, 1, 3374, 1700098636.4084797, 166.82569389422267, -77.87258814628112
20231116_S01_to_S02, 1, 3375, 1700098636.508719, 166.8256815809732, -77.87258814109919
20231116_S01_to_S02, 1, 3376, 1700098636.6089766, 166.8256692654684, -77.87258813591629
20231116_S01_to_S02, 1, 3377, 1700098636.72485, 166.82565503175277, -77.87258812992611
20231116_S01_to_S02, 1, 3378, 1700098636.8250973, 166.82564271750653, -77.87258812474371
20231116_S01_to_S02, 1, 3379, 1700098636.9253469, 166.82563040299635, -77.87258811956123
20231116_S01_to_S02, 1, 3380, 1700098637.025596, 166.8256180885443, -77.87258811437876
20231116_S01_to_S02, 1, 3381, 1700098637.1258447, 166.82560577412133, -77.87258810919634
20231116_S01_to_S02, 1, 3382, 1700098637.2417178, 166.82559154043284, -77.87258810320616
20231116_S01_to_S02, 1, 3383, 1700098637.3419657, 166.82557922612648, -77.87258809802375
20231116_S01_to_S02, 1, 3384, 1700098637.4422033, 166.82556691307937, -77.8725880928419
20231116_S01_to_S02, 1, 3385, 1700098637.5424614, 166.82555459751364, -77.87258808765897
20231116_S01_to_S02, 1, 3386, 1700098637.6427088, 166.8255422832658, -77.8725880824766
20231116_S01_to_S02, 1, 3387, 1700098637.7585816, 166.82552804960645, -77.87258807648644
20231116_S01_to_S02, 1, 3388, 1700098637.85883, 166.82551573524182, -77.87258807130401
20231116_S01_to_S02, 1, 3389, 1700098637.9590795, 166.825503420731, -77.87258806612152
20231116_S01_to_S02, 1, 3390, 1700098638.0593176, 166.8254911076262, -77.87258806093963
20231116_S01_to_S02, 1, 3391, 1700098638.1595738, 166.82547879229568, -77.87258805575678
20231116_S01_to_S02, 1, 3392, 1700098638.259822, 166.82546647796116, -77.87258805057438
20231116_S01_to_S02, 1, 3393, 1700098638.3756957, 166.825452244186, -77.87258804458418
20231116_S01_to_S02, 1, 3394, 1700098638.4759443, 166.82543992979305, -77.87258803940173
20231116_S01_to_S02, 1, 3395, 1700098638.5761926, 166.8254276154295, -77.8725880342193
20231116_S01_to_S02, 1, 3396, 1700098638.6764424, 166.82541530089026, -77.87258802903683
20231116_S01_to_S02, 1, 3397, 1700098638.7766824, 166.82540298755166, -77.87258802385482
20231116_S01_to_S02, 1, 3398, 1700098638.876941, 166.82539067192872, -77.87258801867186
20231116_S01_to_S02, 1, 3399, 1700098638.9928164, 166.82537643794856, -77.87258801268158
20231116_S01_to_S02, 1, 3400, 1700098639.0930853, 166.82536412106603, -77.87258800749811
20231116_S01_to_S02, 1, 3401, 1700098639.1998582, 166.8253510052339, -77.87258800197836
20231116_S01_to_S02, 1, 3402, 1700098639.300138, 166.8253386870039, -77.87258799679432
20231116_S01_to_S02, 1, 3403, 1700098639.4004152, 166.82532636909588, -77.8725879916104
20231116_S01_to_S02, 1, 3404, 1700098639.5006962, 166.82531405071924, -77.8725879864263
20231116_S01_to_S02, 1, 3405, 1700098639.6009595, 166.8253017345098, -77.87258798124309
20231116_S01_to_S02, 1, 3406, 1700098639.7012234, 166.82528941824177, -77.87258797605986
20231116_S01_to_S02, 1, 3407, 1700098639.8171227, 166.8252751813322, -77.87258797006834
20231116_S01_to_S02, 1, 3408, 1700098639.9173608, 166.82526286822718, -77.87258796488642
20231116_S01_to_S02, 1, 3409, 1700098640.0176167, 166.82525055292587, -77.87258795970362
20231116_S01_to_S02, 1, 3410, 1700098640.1178672, 166.82523823829808, -77.87258795452108
20231116_S01_to_S02, 1, 3411, 1700098640.2181127, 166.82522592428543, -77.87258794933881
20231116_S01_to_S02, 1, 3412, 1700098640.3339841, 166.82521169080266, -77.87258794334873
20231116_S01_to_S02, 1, 3413, 1700098640.4342313, 166.8251993765851, -77.87258793816636
20231116_S01_to_S02, 1, 3414, 1700098640.53448, 166.82518706216243, -77.87258793298392
20231116_S01_to_S02, 1, 3415, 1700098640.6347175, 166.82517474914562, -77.87258792780206
20231116_S01_to_S02, 1, 3416, 1700098640.7349749, 166.82516243366862, -77.87258792261915
20231116_S01_to_S02, 1, 3417, 1700098640.835212, 166.82515012068103, -77.87258791743731
20231116_S01_to_S02, 1, 3418, 1700098640.9510949, 166.82513588579255, -77.87258791144666
20231116_S01_to_S02, 1, 3419, 1700098641.0513406, 166.82512357175057, -77.87258790626439
20231116_S01_to_S02, 1, 3420, 1700098641.15159, 166.82511125724, -77.8725879010819
20231116_S01_to_S02, 1, 3421, 1700098641.251839, 166.82509894281716, -77.87258789589944
20231116_S01_to_S02, 1, 3422, 1700098641.3520854, 166.82508662868722, -77.87258789071711
20231116_S01_to_S02, 1, 3423, 1700098641.4679484, 166.82507239622936, -77.87258788472748
20231116_S01_to_S02, 1, 3424, 1700098641.568207, 166.8250600806057, -77.87258787954453
20231116_S01_to_S02, 1, 3425, 1700098641.6684551, 166.82504776627067, -77.87258787436211
20231116_S01_to_S02, 1, 3426, 1700098641.7686932, 166.82503545316564, -77.87258786918021
20231116_S01_to_S02, 1, 3427, 1700098641.8689513, 166.82502313760045, -77.87258786399727
20231116_S01_to_S02, 1, 3428, 1700098641.9692006, 166.82501082311887, -77.87258785881478
20231116_S01_to_S02, 1, 3429, 1700098642.0850704, 166.82499658984082, -77.8725878528248
20231116_S01_to_S02, 1, 3430, 1700098642.1853201, 166.8249842753007, -77.8725878476423
20231116_S01_to_S02, 1, 3431, 1700098642.285568, 166.82497196099496, -77.8725878424599
20231116_S01_to_S02, 1, 3432, 1700098642.3858063, 166.8249596478608, -77.872587837278
20231116_S01_to_S02, 1, 3433, 1700098642.4860642, 166.82494733232517, -77.87258783209505
20231116_S01_to_S02, 1, 3434, 1700098642.586311, 166.8249350181369, -77.8725878269127
20231116_S01_to_S02, 1, 3435, 1700098642.7021863, 166.82492078418596, -77.87258782092245
20231116_S01_to_S02, 1, 3436, 1700098642.802452, 166.82490846768437, -77.87258781573911
20231116_S01_to_S02, 1, 3437, 1700098642.9027193, 166.82489615100732, -77.87258781055571
20231116_S01_to_S02, 1, 3438, 1700098643.009489, 166.82488303555684, -77.87258780503616
20231116_S01_to_S02, 1, 3439, 1700098643.1097698, 166.82487071721073, -77.87258779985206
20231116_S01_to_S02, 1, 3440, 1700098643.2100513, 166.82485839877683, -77.87258779466792
20231116_S01_to_S02, 1, 3441, 1700098643.310337, 166.82484607981567, -77.87258778948356
20231116_S01_to_S02, 1, 3442, 1700098643.4106016, 166.82483376346102, -77.8725877843003
20231116_S01_to_S02, 1, 3443, 1700098643.526499, 166.82481952678694, -77.8725877783089
20231116_S01_to_S02, 1, 3444, 1700098643.6267567, 166.82480721128113, -77.87258777312599
20231116_S01_to_S02, 1, 3445, 1700098643.7270048, 166.82479489694649, -77.87258776794357
20231116_S01_to_S02, 1, 3446, 1700098643.8272526, 166.82478258264072, -77.87258776276117
20231116_S01_to_S02, 1, 3447, 1700098643.9274893, 166.824770269711, -77.87258775757937
20231116_S01_to_S02, 1, 3448, 1700098644.0277472, 166.82475795417426, -77.87258775239646
20231116_S01_to_S02, 1, 3449, 1700098644.1436195, 166.82474372057223, -77.87258774640634
20231116_S01_to_S02, 1, 3450, 1700098644.2438672, 166.82473140629355, -77.87258774122394
20231116_S01_to_S02, 1, 3451, 1700098644.3441062, 166.82471909306892, -77.872587736042
20231116_S01_to_S02, 1, 3452, 1700098644.4443648, 166.82470677744266, -77.87258773085902
20231116_S01_to_S02, 1, 3453, 1700098644.5446022, 166.82469446442315, -77.87258772567716
20231116_S01_to_S02, 1, 3454, 1700098644.6448495, 166.82468215017406, -77.87258772049479
20231116_S01_to_S02, 1, 3455, 1700098644.7607317, 166.82466791537186, -77.87258771450416
20231116_S01_to_S02, 1, 3456, 1700098644.86098, 166.8246556010075, -77.87258770932172
20231116_S01_to_S02, 1, 3457, 1700098644.9612262, 166.82464328690796, -77.87258770413942
20231116_S01_to_S02, 1, 3458, 1700098645.0614753, 166.82463097245784, -77.87258769895696
20231116_S01_to_S02, 1, 3459, 1700098645.1617126, 166.82461865944356, -77.87258769377509
20231116_S01_to_S02, 1, 3460, 1700098645.2775846, 166.824604425906, -77.87258768778499
20231116_S01_to_S02, 1, 3461, 1700098645.3778448, 166.82459211008106, -77.87258768260196
20231116_S01_to_S02, 1, 3462, 1700098645.4780927, 166.8245797957791, -77.87258767741955
20231116_S01_to_S02, 1, 3463, 1700098645.578333, 166.82456748241412, -77.87258767223754
20231116_S01_to_S02, 1, 3464, 1700098645.6785793, 166.82455516828733, -77.87258766705521
20231116_S01_to_S02, 1, 3465, 1700098645.7788374, 166.82454285272482, -77.87258766187227
20231116_S01_to_S02, 1, 3466, 1700098645.8947108, 166.82452861900947, -77.8725876558821
20231116_S01_to_S02, 1, 3467, 1700098645.9949586, 166.82451630470447, -77.87258765069973
20231116_S01_to_S02, 1, 3468, 1700098646.0952077, 166.82450399025223, -77.87258764551726
20231116_S01_to_S02, 1, 3469, 1700098646.1954575, 166.82449167571153, -77.87258764033474
20231116_S01_to_S02, 1, 3470, 1700098646.2957041, 166.8244793615512, -77.87258763515241
20231116_S01_to_S02, 1, 3471, 1700098646.3959541, 166.82446704698054, -77.8725876299699
20231116_S01_to_S02, 1, 3472, 1700098646.5118284, 166.8244528131445, -77.87258762397968
20231116_S01_to_S02, 1, 3473, 1700098646.6120958, 166.82444049643593, -77.87258761879626
20231116_S01_to_S02, 1, 3474, 1700098646.7188818, 166.82442737899157, -77.87258761327587
20231116_S01_to_S02, 1, 3475, 1700098646.8191493, 166.8244150622837, -77.87258760809246
20231116_S01_to_S02, 1, 3476, 1700098646.9194148, 166.82440274581057, -77.87258760290914
20231116_S01_to_S02, 1, 3477, 1700098647.0196862, 166.8243904286059, -77.87258759772553
20231116_S01_to_S02, 1, 3478, 1700098647.1199605, 166.82437811105018, -77.87258759254176
20231116_S01_to_S02, 1, 3479, 1700098647.2202225, 166.82436579501766, -77.87258758735864
20231116_S01_to_S02, 1, 3480, 1700098647.336127, 166.8243515574654, -77.87258758136684
20231116_S01_to_S02, 1, 3481, 1700098647.436376, 166.82433924301478, -77.87258757618436
20231116_S01_to_S02, 1, 3482, 1700098647.5366237, 166.82432692873988, -77.872587571002
20231116_S01_to_S02, 1, 3483, 1700098647.6368718, 166.82431461440638, -77.87258756581957
20231116_S01_to_S02, 1, 3484, 1700098647.7371202, 166.82430230004334, -77.87258756063714
20231116_S01_to_S02, 1, 3485, 1700098647.8529813, 166.82428806782085, -77.87258755464757
20231116_S01_to_S02, 1, 3486, 1700098647.953239, 166.82427575231497, -77.8725875494647
20231116_S01_to_S02, 1, 3487, 1700098648.053486, 166.82426343809735, -77.87258754428231
20231116_S01_to_S02, 1, 3488, 1700098648.1537244, 166.82425112496307, -77.87258753910042
20231116_S01_to_S02, 1, 3489, 1700098648.2539823, 166.82423880942696, -77.87258753391748
20231116_S01_to_S02, 1, 3490, 1700098648.3542295, 166.8242264952086, -77.87258752873514
20231116_S01_to_S02, 1, 3491, 1700098648.470101, 166.82421226169538, -77.87258752274504
20231116_S01_to_S02, 1, 3492, 1700098648.5703492, 166.8241999473594, -77.87258751756264
20231116_S01_to_S02, 1, 3493, 1700098648.670598, 166.82418763293543, -77.87258751238019
20231116_S01_to_S02, 1, 3494, 1700098648.7708347, 166.82417532000497, -77.87258750719836
20231116_S01_to_S02, 1, 3495, 1700098648.8709164, 166.82416302611097, -77.87258750202456
20231116_S01_to_S02, 1, 3496, 1700098648.9867883, 166.82414879256788, -77.87258749603447
20231116_S01_to_S02, 1, 3497, 1700098649.0870366, 166.82413647820215, -77.87258749085203
20231116_S01_to_S02, 1, 3498, 1700098649.1872861, 166.82412416369007, -77.87258748566956
20231116_S01_to_S02, 1, 3499, 1700098649.2875223, 166.8241118508181, -77.87258748048777
20231116_S01_to_S02, 1, 3500, 1700098649.38778, 166.82409953531047, -77.87258747530485
20231116_S01_to_S02, 1, 3501, 1700098649.4880316, 166.82408722053515, -77.87258747012227
20231116_S01_to_S02, 1, 3502, 1700098649.6039052, 166.82407298678785, -77.8725874641321
20231116_S01_to_S02, 1, 3503, 1700098649.7041533, 166.82406067245242, -77.87258745894967
20231116_S01_to_S02, 1, 3504, 1700098649.8044035, 166.82404835785383, -77.87258745376714
20231116_S01_to_S02, 1, 3505, 1700098649.9046519, 166.82403604348994, -77.87258744858471
20231116_S01_to_S02, 1, 3506, 1700098650.0048995, 166.82402372921436, -77.87258744340232
20231116_S01_to_S02, 1, 3507, 1700098650.1207736, 166.82400949541065, -77.87258743741211
20231116_S01_to_S02, 1, 3508, 1700098650.2210379, 166.82399717908558, -77.87258743222884
20231116_S01_to_S02, 1, 3509, 1700098650.3213038, 166.8239848625557, -77.87258742704552
20231116_S01_to_S02, 1, 3510, 1700098650.4280772, 166.82397174666664, -77.87258742152578
20231116_S01_to_S02, 1, 3511, 1700098650.5283585, 166.82395942826258, -77.87258741634164
20231116_S01_to_S02, 1, 3512, 1700098650.62864, 166.82394710982913, -77.8725874111575
20231116_S01_to_S02, 1, 3513, 1700098650.7289262, 166.8239347908099, -77.87258740597312
20231116_S01_to_S02, 1, 3514, 1700098650.8291895, 166.82392247460197, -77.87258740078991
20231116_S01_to_S02, 1, 3515, 1700098650.9450717, 166.8239082398025, -77.8725873947993
20231116_S01_to_S02, 1, 3516, 1700098651.0453296, 166.82389592426765, -77.87258738961637
20231116_S01_to_S02, 1, 3517, 1700098651.145575, 166.8238836102555, -77.87258738443411
20231116_S01_to_S02, 1, 3518, 1700098651.245823, 166.82387129595023, -77.87258737925171
20231116_S01_to_S02, 1, 3519, 1700098651.346072, 166.82385898149835, -77.87258737406924
20231116_S01_to_S02, 1, 3520, 1700098651.4463172, 166.82384666751486, -77.87258736888698
20231116_S01_to_S02, 1, 3521, 1700098651.5621927, 166.8238324335339, -77.87258736289671
20231116_S01_to_S02, 1, 3522, 1700098651.6624398, 166.82382011931577, -77.87258735771432
20231116_S01_to_S02, 1, 3523, 1700098651.7626772, 166.8238078062983, -77.87258735253249
20231116_S01_to_S02, 1, 3524, 1700098651.8629246, 166.82379549205066, -77.8725873473501
20231116_S01_to_S02, 1, 3525, 1700098651.9631839, 166.8237831763386, -77.87258734216711
20231116_S01_to_S02, 1, 3526, 1700098652.0790572, 166.8237689426206, -77.87258733617693
20231116_S01_to_S02, 1, 3527, 1700098652.1793036, 166.82375662848995, -77.87258733099459
20231116_S01_to_S02, 1, 3528, 1700098652.2795508, 166.8237443142715, -77.87258732581223
20231116_S01_to_S02, 1, 3529, 1700098652.3798018, 166.82373199958457, -77.87258732062966
20231116_S01_to_S02, 1, 3530, 1700098652.4800496, 166.82371968527846, -77.87258731544728
20231116_S01_to_S02, 1, 3531, 1700098652.5802982, 166.82370737088465, -77.87258731026483
20231116_S01_to_S02, 1, 3532, 1700098652.6961696, 166.82369313740173, -77.87258730427475
20231116_S01_to_S02, 1, 3533, 1700098652.7964175, 166.82368082309628, -77.87258729909236
20231116_S01_to_S02, 1, 3534, 1700098652.8966663, 166.823668508674, -77.8725872939099
20231116_S01_to_S02, 1, 3535, 1700098652.9969144, 166.8236561943398, -77.87258728872747
20231116_S01_to_S02, 1, 3536, 1700098653.0971606, 166.8236438802402, -77.87258728354516
20231116_S01_to_S02, 1, 3537, 1700098653.2130232, 166.82362964784235, -77.87258727755554
20231116_S01_to_S02, 1, 3538, 1700098653.3132832, 166.82361733204436, -77.8725872723725
20231116_S01_to_S02, 1, 3539, 1700098653.4135313, 166.82360501771075, -77.87258726719008
20231116_S01_to_S02, 1, 3540, 1700098653.5137694, 166.82359270460728, -77.8725872620082
20231116_S01_to_S02, 1, 3541, 1700098653.614028, 166.82358038898494, -77.87258725682523
20231116_S01_to_S02, 1, 3542, 1700098653.7142656, 166.8235680759398, -77.87258725164337
20231116_S01_to_S02, 1, 3543, 1700098653.8301525, 166.82355384055433, -77.87258724565251
20231116_S01_to_S02, 1, 3544, 1700098653.9304204, 166.82354152378923, -77.87258724046904
20231116_S01_to_S02, 1, 3545, 1700098654.0371952, 166.82352840772305, -77.87258723494925
20231116_S01_to_S02, 1, 3546, 1700098654.1374624, 166.82351609104512, -77.87258722976587
20231116_S01_to_S02, 1, 3547, 1700098654.2377384, 166.82350377328322, -77.872587224582
20231116_S01_to_S02, 1, 3548, 1700098654.3380103, 166.82349145601884, -77.87258721939835
20231116_S01_to_S02, 1, 3549, 1700098654.4382863, 166.82347913825632, -77.8725872142145
20231116_S01_to_S02, 1, 3550, 1700098654.5385516, 166.82346682181156, -77.8725872090312
20231116_S01_to_S02, 1, 3551, 1700098654.654448, 166.82345258525214, -77.87258720303983
20231116_S01_to_S02, 1, 3552, 1700098654.7547066, 166.82344026962735, -77.87258719785687
20231116_S01_to_S02, 1, 3553, 1700098654.8549547, 166.82342795529132, -77.87258719267446
20231116_S01_to_S02, 1, 3554, 1700098654.9552054, 166.8234156406332, -77.8725871874919
20231116_S01_to_S02, 1, 3555, 1700098655.055451, 166.82340332661957, -77.87258718230963
20231116_S01_to_S02, 1, 3556, 1700098655.1557, 166.82339101216687, -77.87258717712717
20231116_S01_to_S02, 1, 3557, 1700098655.2715697, 166.82337677888847, -77.87258717113717
20231116_S01_to_S02, 1, 3558, 1700098655.371819, 166.8233644644069, -77.87258716595471
20231116_S01_to_S02, 1, 3559, 1700098655.4720685, 166.8233521498962, -77.87258716077221
20231116_S01_to_S02, 1, 3560, 1700098655.5723164, 166.82333983559082, -77.87258715558981
20231116_S01_to_S02, 1, 3561, 1700098655.6725657, 166.8233275211099, -77.87258715040734
20231116_S01_to_S02, 1, 3562, 1700098655.7884285, 166.82331328868216, -77.87258714441771
20231116_S01_to_S02, 1, 3563, 1700098655.8886862, 166.8233009731768, -77.87258713923481
20231116_S01_to_S02, 1, 3564, 1700098655.9889345, 166.8232886588139, -77.87258713405238
20231116_S01_to_S02, 1, 3565, 1700098656.0891726, 166.82327634571055, -77.87258712887048
20231116_S01_to_S02, 1, 3566, 1700098656.1894298, 166.82326403026437, -77.8725871236876
20231116_S01_to_S02, 1, 3567, 1700098656.2894552, 166.82325174328534, -77.8725871185167
20231116_S01_to_S02, 1, 3568, 1700098656.4053175, 166.82323751091764, -77.87258711252709
20231116_S01_to_S02, 1, 3569, 1700098656.5055647, 166.82322519670188, -77.87258710734473
20231116_S01_to_S02, 1, 3570, 1700098656.6058128, 166.823212882369, -77.8725871021623
20231116_S01_to_S02, 1, 3571, 1700098656.706061, 166.82320056803616, -77.8725870969799
20231116_S01_to_S02, 1, 3572, 1700098656.8063087, 166.8231882537325, -77.8725870917975
20231116_S01_to_S02, 1, 3573, 1700098656.9065568, 166.82317593939948, -77.87258708661508
20231116_S01_to_S02, 1, 3574, 1700098657.0224302, 166.8231617056844, -77.8725870806249
20231116_S01_to_S02, 1, 3575, 1700098657.12268, 166.82314939114622, -77.87258707544241
20231116_S01_to_S02, 1, 3576, 1700098657.222929, 166.82313707669576, -77.87258707025995
20231116_S01_to_S02, 1, 3577, 1700098657.3231778, 166.82312476227452, -77.87258706507751
20231116_S01_to_S02, 1, 3578, 1700098657.4234262, 166.82311244791174, -77.87258705989507
20231116_S01_to_S02, 1, 3579, 1700098657.5236871, 166.82310013199668, -77.872587054712
20231116_S01_to_S02, 1, 3580, 1700098657.6395504, 166.823085899511, -77.87258704872234
20231116_S01_to_S02, 1, 3581, 1700098657.739801, 166.82307358488438, -77.8725870435398
20231116_S01_to_S02, 1, 3582, 1700098657.846554, 166.82306047148404, -77.87258703802108
20231116_S01_to_S02, 1, 3583, 1700098657.9468026, 166.82304815709156, -77.87258703283865
20231116_S01_to_S02, 1, 3584, 1700098658.0470676, 166.8230358406782, -77.87258702765538
20231116_S01_to_S02, 1, 3585, 1700098658.1473336, 166.8230235241476, -77.87258702247205
20231116_S01_to_S02, 1, 3586, 1700098658.2475908, 166.82301120870056, -77.87258701728919
20231116_S01_to_S02, 1, 3587, 1700098658.363491, 166.82299697167477, -77.8725870112976
20231116_S01_to_S02, 1, 3588, 1700098658.4637384, 166.82298465742832, -77.87258700611524
20231116_S01_to_S02, 1, 3589, 1700098658.5639875, 166.82297234297675, -77.87258700093277
20231116_S01_to_S02, 1, 3590, 1700098658.6642356, 166.8229600286423, -77.87258699575034
20231116_S01_to_S02, 1, 3591, 1700098658.7644825, 166.82294771445424, -77.872586990568
20231116_S01_to_S02, 1, 3592, 1700098658.8647385, 166.8229353991532, -77.87258698538517
20231116_S01_to_S02, 1, 3593, 1700098658.9806008, 166.82292116678354, -77.87258697939556
20231116_S01_to_S02, 1, 3594, 1700098659.0808485, 166.8229088525074, -77.87258697421318
20231116_S01_to_S02, 1, 3595, 1700098659.1810951, 166.82289653834835, -77.87258696903085
20231116_S01_to_S02, 1, 3596, 1700098659.2813427, 166.82288422407206, -77.87258696384845
20231116_S01_to_S02, 1, 3597, 1700098659.3815892, 166.82287190994217, -77.87258695866613
20231116_S01_to_S02, 1, 3598, 1700098659.481849, 166.82285959417217, -77.87258695348312
20231116_S01_to_S02, 1, 3599, 1700098659.59771, 166.82284536197784, -77.87258694749357
20231116_S01_to_S02, 1, 3600, 1700098659.6979616, 166.82283304720346, -77.87258694231097
20231116_S01_to_S02, 1, 3601, 1700098659.798209, 166.8228207329562, -77.87258693712862
20231116_S01_to_S02, 1, 3602, 1700098659.8984559, 166.82280841876747, -77.87258693194626
20231116_S01_to_S02, 1, 3603, 1700098659.9987135, 166.8227961032607, -77.87258692676335
20231116_S01_to_S02, 1, 3604, 1700098660.1145751, 166.82278187097825, -77.87258692077378
20231116_S01_to_S02, 1, 3605, 1700098660.2148242, 166.8227695565257, -77.87258691559131
20231116_S01_to_S02, 1, 3606, 1700098660.3150728, 166.82275724213181, -77.8725869104089
20231116_S01_to_S02, 1, 3607, 1700098660.4153209, 166.82274492779646, -77.87258690522648
20231116_S01_to_S02, 1, 3608, 1700098660.5155673, 166.82273261366595, -77.87258690004414
20231116_S01_to_S02, 1, 3609, 1700098660.6158273, 166.82272029786617, -77.87258689486112
20231116_S01_to_S02, 1, 3610, 1700098660.73169, 166.8227060654662, -77.8725868888715
20231116_S01_to_S02, 1, 3611, 1700098660.8319385, 166.82269375107205, -77.87258688368904
20231116_S01_to_S02, 1, 3612, 1700098660.9321873, 166.8226814366486, -77.8725868785066
20231116_S01_to_S02, 1, 3613, 1700098661.0324357, 166.8226691222837, -77.87258687332418
20231116_S01_to_S02, 1, 3614, 1700098661.1326828, 166.82265680806515, -77.87258686814181
20231116_S01_to_S02, 1, 3615, 1700098661.2329419, 166.8226444923823, -77.87258686295885
20231116_S01_to_S02, 1, 3616, 1700098661.3488088, 166.82263025945494, -77.87258685696898
20231116_S01_to_S02, 1, 3617, 1700098661.4490585, 166.8226179449142, -77.87258685178651
20231116_S01_to_S02, 1, 3618, 1700098661.5558128, 166.82260483136537, -77.87258684626775
20231116_S01_to_S02, 1, 3619, 1700098661.656062, 166.8225925169124, -77.87258684108528
20231116_S01_to_S02, 1, 3620, 1700098661.7563307, 166.82258020002865, -77.87258683590179
20231116_S01_to_S02, 1, 3621, 1700098661.8565972, 166.82256788343773, -77.87258683071843
20231116_S01_to_S02, 1, 3622, 1700098661.9568584, 166.82255556749107, -77.87258682553534
20231116_S01_to_S02, 1, 3623, 1700098662.0727575, 166.82254133060982, -77.87258681954383
20231116_S01_to_S02, 1, 3624, 1700098662.173003, 166.82252901659612, -77.87258681436155
20231116_S01_to_S02, 1, 3625, 1700098662.27325, 166.82251670237733, -77.87258680917918
20231116_S01_to_S02, 1, 3626, 1700098662.3734982, 166.82250438804144, -77.87258680399678
20231116_S01_to_S02, 1, 3627, 1700098662.4737456, 166.82249207379337, -77.8725867988144
20231116_S01_to_S02, 1, 3628, 1700098662.5740032, 166.82247975828597, -77.8725867936315
20231116_S01_to_S02, 1, 3629, 1700098662.689866, 166.82246552585627, -77.87258678764186
20231116_S01_to_S02, 1, 3630, 1700098662.7901134, 166.8224532116082, -77.87258678245949
20231116_S01_to_S02, 1, 3631, 1700098662.890362, 166.8224408972137, -77.87258677727706
20231116_S01_to_S02, 1, 3632, 1700098662.9906087, 166.82242858305347, -77.87258677209472
20231116_S01_to_S02, 1, 3633, 1700098663.0908563, 166.82241626877612, -77.87258676691232
20231116_S01_to_S02, 1, 3634, 1700098663.1911159, 166.82240395303438, -77.87258676172931
20231116_S01_to_S02, 1, 3635, 1700098663.3069773, 166.8223897207804, -77.87258675573977
20231116_S01_to_S02, 1, 3636, 1700098663.4072244, 166.8223774065616, -77.87258675055739
20231116_S01_to_S02, 1, 3637, 1700098663.5074732, 166.82236509213783, -77.87258674537495
20231116_S01_to_S02, 1, 3638, 1700098663.607721, 166.8223527778312, -77.87258674019256
20231116_S01_to_S02, 1, 3639, 1700098663.7079775, 166.82234046247027, -77.8725867350097
20231116_S01_to_S02, 1, 3640, 1700098663.8238401, 166.82232623006985, -77.87258672902009
20231116_S01_to_S02, 1, 3641, 1700098663.9240901, 166.82231391549968, -77.87258672383757
20231116_S01_to_S02, 1, 3642, 1700098664.0243385, 166.82230160113457, -77.87258671865516
20231116_S01_to_S02, 1, 3643, 1700098664.124587, 166.82228928674013, -77.87258671347271
20231116_S01_to_S02, 1, 3644, 1700098664.2248344, 166.82227697249215, -77.87258670829033
20231116_S01_to_S02, 1, 3645, 1700098664.3250935, 166.82226465680918, -77.87258670310733
20231116_S01_to_S02, 1, 3646, 1700098664.4409583, 166.82225042414538, -77.87258669711761
20231116_S01_to_S02, 1, 3647, 1700098664.5412076, 166.8222381096633, -77.87258669193515
20231116_S01_to_S02, 1, 3648, 1700098664.6414561, 166.82222579526913, -77.8725866867527
20231116_S01_to_S02, 1, 3649, 1700098664.7417054, 166.8222134807872, -77.87258668157024
20231116_S01_to_S02, 1, 3650, 1700098664.841965, 166.822201165046, -77.87258667638721
20231116_S01_to_S02, 1, 3651, 1700098664.9422147, 166.82218885050574, -77.87258667120472
20231116_S01_to_S02, 1, 3652, 1700098665.0580804, 166.82217461772547, -77.87258666521494
20231116_S01_to_S02, 1, 3653, 1700098665.1583302, 166.82216230318542, -77.87258666003244
20231116_S01_to_S02, 1, 3654, 1700098665.2650821, 166.8221491899304, -77.87258665451381
20231116_S01_to_S02, 1, 3655, 1700098665.3653343, 166.82213687509773, -77.8725866493312
20231116_S01_to_S02, 1, 3656, 1700098665.4656007, 166.82212455850794, -77.87258664414783
20231116_S01_to_S02, 1, 3657, 1700098665.5658662, 166.82211224203533, -77.87258663896452
20231116_S01_to_S02, 1, 3658, 1700098665.6661146, 166.8220999276715, -77.87258663378209
20231116_S01_to_S02, 1, 3659, 1700098665.766373, 166.82208761207772, -77.87258662859914
20231116_S01_to_S02, 1, 3660, 1700098665.8822715, 166.8220733752567, -77.87258662260766
20231116_S01_to_S02, 1, 3661, 1700098665.982519, 166.82206106101026, -77.87258661742527
20231116_S01_to_S02, 1, 3662, 1700098666.082766, 166.82204874679312, -77.87258661224291
20231116_S01_to_S02, 1, 3663, 1700098666.1830142, 166.82203643245884, -77.8725866070605
20231116_S01_to_S02, 1, 3664, 1700098666.283272, 166.82202411692376, -77.87258660187759
20231116_S01_to_S02, 1, 3665, 1700098666.3991325, 166.82200988478877, -77.87258659588808
20231116_S01_to_S02, 1, 3666, 1700098666.499381, 166.82199757039564, -77.87258659070562
20231116_S01_to_S02, 1, 3667, 1700098666.5992339, 166.8219853046189, -77.87258658554363
20231116_S01_to_S02, 1, 3668, 1700098666.6994808, 166.82197299043062, -77.87258658036129
20231116_S01_to_S02, 1, 3669, 1700098666.7997282, 166.82196067618352, -77.8725865751789
20231116_S01_to_S02, 1, 3670, 1700098666.8999872, 166.82194836050124, -77.87258656999595
20231116_S01_to_S02, 1, 3671, 1700098667.0154681, 166.82193417498996, -77.87258656402604
20231116_S01_to_S02, 1, 3672, 1700098667.115717, 166.8219218605666, -77.87258655884361
20231116_S01_to_S02, 1, 3673, 1700098667.2159648, 166.82190954626026, -77.8725865536612
20231116_S01_to_S02, 1, 3674, 1700098667.316212, 166.8218972320417, -77.87258654847882
20231116_S01_to_S02, 1, 3675, 1700098667.4164612, 166.8218849175596, -77.87258654329636
20231116_S01_to_S02, 1, 3676, 1700098667.5167189, 166.82187260205242, -77.87258653811347
20231116_S01_to_S02, 1, 3677, 1700098667.6325808, 166.8218583697403, -77.87258653212389
20231116_S01_to_S02, 1, 3678, 1700098667.732831, 166.82184605514126, -77.87258652694135
20231116_S01_to_S02, 1, 3679, 1700098667.8330786, 166.8218337408646, -77.87258652175898
20231116_S01_to_S02, 1, 3680, 1700098667.933326, 166.82182142661742, -77.8725865165766
20231116_S01_to_S02, 1, 3681, 1700098668.0335867, 166.82180911073036, -77.87258651139352
20231116_S01_to_S02, 1, 3682, 1700098668.149449, 166.8217948783607, -77.87258650540392
20231116_S01_to_S02, 1, 3683, 1700098668.2496982, 166.82178256390898, -77.87258650022146
20231116_S01_to_S02, 1, 3684, 1700098668.349947, 166.8217702494867, -77.872586495039
20231116_S01_to_S02, 1, 3685, 1700098668.4501953, 166.82175793512297, -77.8725864898566
20231116_S01_to_S02, 1, 3686, 1700098668.5504448, 166.82174562061286, -77.8725864846741
20231116_S01_to_S02, 1, 3687, 1700098668.650706, 166.82173330466765, -77.87258647949099
20231116_S01_to_S02, 1, 3688, 1700098668.76657, 166.8217190720932, -77.87258647350129
20231116_S01_to_S02, 1, 3689, 1700098668.8668227, 166.82170675720218, -77.87258646831866
20231116_S01_to_S02, 1, 3690, 1700098668.9735756, 166.8216936438302, -77.87258646279999
20231116_S01_to_S02, 1, 3691, 1700098669.0738244, 166.82168132940743, -77.87258645761752
20231116_S01_to_S02, 1, 3692, 1700098669.17409, 166.82166901293442, -77.87258645243422
20231116_S01_to_S02, 1, 3693, 1700098669.2743568, 166.8216566962854, -77.87258644725081
20231116_S01_to_S02, 1, 3694, 1700098669.3746052, 166.8216443819207, -77.87258644206841
20231116_S01_to_S02, 1, 3695, 1700098669.4748635, 166.82163206632578, -77.87258643688547
20231116_S01_to_S02, 1, 3696, 1700098669.590745, 166.821617831612, -77.87258643089486
20231116_S01_to_S02, 1, 3697, 1700098669.690993, 166.82160551727625, -77.87258642571244
20231116_S01_to_S02, 1, 3698, 1700098669.7912421, 166.82159320282344, -77.87258642053
20231116_S01_to_S02, 1, 3699, 1700098669.8914897, 166.82158088854632, -77.87258641534763
20231116_S01_to_S02, 1, 3700, 1700098669.9917362, 166.82156857441564, -77.87258641016527
20231116_S01_to_S02, 1, 3701, 1700098670.10761, 166.82155434063912, -77.87258640417508
20231116_S01_to_S02, 1, 3702, 1700098670.2078564, 166.82154202650858, -77.87258639899277
20231116_S01_to_S02, 1, 3703, 1700098670.3081036, 166.8215297122902, -77.87258639381041
20231116_S01_to_S02, 1, 3704, 1700098670.4083552, 166.8215173975154, -77.8725863886278
20231116_S01_to_S02, 1, 3705, 1700098670.508602, 166.8215050833557, -77.87258638344545
20231116_S01_to_S02, 1, 3706, 1700098670.6088598, 166.8214927678195, -77.87258637826254
20231116_S01_to_S02, 1, 3707, 1700098670.7247229, 166.82147853536117, -77.87258637227289
20231116_S01_to_S02, 1, 3708, 1700098670.8249707, 166.82146622105518, -77.87258636709049
20231116_S01_to_S02, 1, 3709, 1700098670.9252195, 166.82145390663203, -77.87258636190803
20231116_S01_to_S02, 1, 3710, 1700098671.0254672, 166.82144159235534, -77.87258635672565
20231116_S01_to_S02, 1, 3711, 1700098671.1257143, 166.8214292781373, -77.87258635154329
20231116_S01_to_S02, 1, 3712, 1700098671.225973, 166.82141696251344, -77.87258634636032
20231116_S01_to_S02, 1, 3713, 1700098671.3418355, 166.82140273011396, -77.8725863403707
20231116_S01_to_S02, 1, 3714, 1700098671.4420846, 166.8213904156617, -77.87258633518825
20231116_S01_to_S02, 1, 3715, 1700098671.5423312, 166.82137810150232, -77.8725863300059
20231116_S01_to_S02, 1, 3716, 1700098671.6425781, 166.82136578731365, -77.87258632482354
20231116_S01_to_S02, 1, 3717, 1700098671.7428381, 166.82135347151427, -77.8725863196405
20231116_S01_to_S02, 1, 3718, 1700098671.8587022, 166.82133923893923, -77.87258631365083
20231116_S01_to_S02, 1, 3719, 1700098671.9589505, 166.82132692457498, -77.8725863084684
20231116_S01_to_S02, 1, 3720, 1700098672.0591984, 166.82131461026927, -77.872586303286
20231116_S01_to_S02, 1, 3721, 1700098672.1594493, 166.82130229558288, -77.87258629810344
20231116_S01_to_S02, 1, 3722, 1700098672.2596962, 166.82128998139441, -77.87258629292108
20231116_S01_to_S02, 1, 3723, 1700098672.3599572, 166.82127766547802, -77.872586287738
20231116_S01_to_S02, 1, 3724, 1700098672.4758222, 166.82126343278594, -77.87258628174826
20231116_S01_to_S02, 1, 3725, 1700098672.576072, 166.8212511182461, -77.87258627656576
20231116_S01_to_S02, 1, 3726, 1700098672.682824, 166.82123800499113, -77.87258627104713
20231116_S01_to_S02, 1, 3727, 1700098672.783074, 166.821225690422, -77.8725862658646
20231116_S01_to_S02, 1, 3728, 1700098672.8833392, 166.82121337397854, -77.8725862606813
20231116_S01_to_S02, 1, 3729, 1700098672.9836075, 166.82120105715433, -77.87258625549784
20231116_S01_to_S02, 1, 3730, 1700098673.083875, 166.82118874044733, -77.87258625031444
20231116_S01_to_S02, 1, 3731, 1700098673.184134, 166.82117642476535, -77.87258624513144
20231116_S01_to_S02, 1, 3732, 1700098673.3000307, 166.82116218817822, -77.87258623914005
20231116_S01_to_S02, 1, 3733, 1700098673.4002771, 166.8211498740485, -77.87258623395773
20231116_S01_to_S02, 1, 3734, 1700098673.5005264, 166.8211375595673, -77.87258622877525
20231116_S01_to_S02, 1, 3735, 1700098673.6007738, 166.82112524532047, -77.87258622359289
20231116_S01_to_S02, 1, 3736, 1700098673.701021, 166.82111293110282, -77.8725862184105
20231116_S01_to_S02, 1, 3737, 1700098673.8168943, 166.8210986973859, -77.87258621242033
20231116_S01_to_S02, 1, 3738, 1700098673.9171417, 166.82108638313906, -77.87258620723797
20231116_S01_to_S02, 1, 3739, 1700098674.0173898, 166.82107406880434, -77.87258620205556
20231116_S01_to_S02, 1, 3740, 1700098674.1176376, 166.8210617544989, -77.87258619687313
20231116_S01_to_S02, 1, 3741, 1700098674.217884, 166.82104944036917, -77.8725861916908
20231116_S01_to_S02, 1, 3742, 1700098674.318141, 166.82103712495083, -77.87258618650793
20231116_S01_to_S02, 1, 3743, 1700098674.4340014, 166.82102289281542, -77.87258618051843
20231116_S01_to_S02, 1, 3744, 1700098674.5342488, 166.82101057856855, -77.87258617533605
20231116_S01_to_S02, 1, 3745, 1700098674.6344967, 166.82099826426312, -77.87258617015365
20231116_S01_to_S02, 1, 3746, 1700098674.7347445, 166.82098594995765, -77.87258616497124
20231116_S01_to_S02, 1, 3747, 1700098674.834992, 166.8209736357108, -77.87258615978888
20231116_S01_to_S02, 1, 3748, 1700098674.9352505, 166.8209613200874, -77.87258615460591
20231116_S01_to_S02, 1, 3749, 1700098675.051111, 166.82094708795194, -77.87258614861639
20231116_S01_to_S02, 1, 3750, 1700098675.1513612, 166.8209347733536, -77.87258614343388
20231116_S01_to_S02, 1, 3751, 1700098675.2516077, 166.82092245922382, -77.87258613825155
20231116_S01_to_S02, 1, 3752, 1700098675.3518558, 166.82091014488904, -77.87258613306913
20231116_S01_to_S02, 1, 3753, 1700098675.452114, 166.8208978292949, -77.8725861278862
20231116_S01_to_S02, 1, 3754, 1700098675.5679765, 166.82088359692509, -77.87258612189657
20231116_S01_to_S02, 1, 3755, 1700098675.6682265, 166.82087128235594, -77.87258611671407
20231116_S01_to_S02, 1, 3756, 1700098675.7684743, 166.8208589680504, -77.87258611153167
20231116_S01_to_S02, 1, 3757, 1700098675.8687224, 166.8208466537155, -77.87258610634925
20231116_S01_to_S02, 1, 3758, 1700098675.9689746, 166.82083433888275, -77.87258610116663
20231116_S01_to_S02, 1, 3759, 1700098676.0692358, 166.82082202293708, -77.87258609598355
20231116_S01_to_S02, 1, 3760, 1700098676.185099, 166.82080779047922, -77.87258608999389
20231116_S01_to_S02, 1, 3761, 1700098676.2853491, 166.8207954758807, -77.87258608481136
20231116_S01_to_S02, 1, 3762, 1700098676.392101, 166.8207823626256, -77.87258607929272
20231116_S01_to_S02, 1, 3763, 1700098676.4923513, 166.82077004802704, -77.87258607411022
20231116_S01_to_S02, 1, 3764, 1700098676.5926, 166.82075773360413, -77.87258606892776
20231116_S01_to_S02, 1, 3765, 1700098676.6928651, 166.82074541718973, -77.87258606374446
20231116_S01_to_S02, 1, 3766, 1700098676.7931337, 166.82073310033599, -77.87258605856101
20231116_S01_to_S02, 1, 3767, 1700098676.8933942, 166.82072078447797, -77.87258605337796
20231116_S01_to_S02, 1, 3768, 1700098677.0092916, 166.82070654780256, -77.87258604738653
20231116_S01_to_S02, 1, 3769, 1700098677.1095395, 166.82069423349668, -77.87258604220412
20231116_S01_to_S02, 1, 3770, 1700098677.209786, 166.8206819193665, -77.8725860370218
20231116_S01_to_S02, 1, 3771, 1700098677.3100333, 166.82066960511912, -77.8725860318394
20231116_S01_to_S02, 1, 3772, 1700098677.410282, 166.8206572907253, -77.87258602665699
20231116_S01_to_S02, 1, 3773, 1700098677.5105407, 166.82064497507207, -77.87258602147402
20231116_S01_to_S02, 1, 3774, 1700098677.6264033, 166.82063074267234, -77.8725860154844
20231116_S01_to_S02, 1, 3775, 1700098677.7266498, 166.82061842854202, -77.87258601030207
20231116_S01_to_S02, 1, 3776, 1700098677.8268976, 166.82060611423583, -77.87258600511967
20231116_S01_to_S02, 1, 3777, 1700098677.9271467, 166.82059379978324, -77.8725859999372
20231116_S01_to_S02, 1, 3778, 1700098678.0273907, 166.82058148594564, -77.87258599475501
20231116_S01_to_S02, 1, 3779, 1700098678.127649, 166.82056917035078, -77.87258598957207
20231116_S01_to_S02, 1, 3780, 1700098678.2435105, 166.82055493809722, -77.87258598358252
20231116_S01_to_S02, 1, 3781, 1700098678.3437617, 166.82054262338085, -77.87258597839994
20231116_S01_to_S02, 1, 3782, 1700098678.4440088, 166.8205303091623, -77.87258597321758
20231116_S01_to_S02, 1, 3783, 1700098678.544256, 166.82051799494377, -77.87258596803522
20231116_S01_to_S02, 1, 3784, 1700098678.644515, 166.8205056792608, -77.87258596285224
20231116_S01_to_S02, 1, 3785, 1700098678.7603762, 166.8204914470362, -77.87258595686268
20231116_S01_to_S02, 1, 3786, 1700098678.8606236, 166.82047913278822, -77.87258595168032
20231116_S01_to_S02, 1, 3787, 1700098678.9608707, 166.82046681856949, -77.87258594649796
20231116_S01_to_S02, 1, 3788, 1700098679.0611193, 166.82045450417493, -77.87258594131553
20231116_S01_to_S02, 1, 3789, 1700098679.1613648, 166.82044219016103, -77.87258593613325
20231116_S01_to_S02, 1, 3790, 1700098679.2616227, 166.8204298746242, -77.87258593095032
20231116_S01_to_S02, 1, 3791, 1700098679.3774848, 166.82041564228214, -77.87258592496075
20231116_S01_to_S02, 1, 3792, 1700098679.4777343, 166.82040332777024, -77.87258591977826
20231116_S01_to_S02, 1, 3793, 1700098679.577985, 166.82039101311184, -77.87258591459573
20231116_S01_to_S02, 1, 3794, 1700098679.6782331, 166.82037869877553, -77.87258590941332
20231116_S01_to_S02, 1, 3795, 1700098679.7784822, 166.82036638432203, -77.87258590423085
20231116_S01_to_S02, 1, 3796, 1700098679.8787344, 166.8203540694877, -77.87258589904822
20231116_S01_to_S02, 1, 3797, 1700098679.9946096, 166.82033983553447, -77.87258589305794
20231116_S01_to_S02, 1, 3798, 1700098680.0948598, 166.82032752093443, -77.87258588787545
20231116_S01_to_S02, 1, 3799, 1700098680.2016125, 166.82031440758996, -77.87258588235677
20231116_S01_to_S02, 1, 3800, 1700098680.3018615, 166.82030209313655, -77.87258587717432
20231116_S01_to_S02, 1, 3801, 1700098680.4021275, 166.820289776604, -77.87258587199099
20231116_S01_to_S02, 1, 3802, 1700098680.5024066, 166.8202774584608, -77.87258586680696
20231116_S01_to_S02, 1, 3803, 1700098680.6026607, 166.8202651433931, -77.87258586162426
20231116_S01_to_S02, 1, 3804, 1700098680.7029214, 166.82025282750567, -77.87258585644118
20231116_S01_to_S02, 1, 3805, 1700098680.8188024, 166.82023859285147, -77.8725858504506
20231116_S01_to_S02, 1, 3806, 1700098680.9190502, 166.82022627854641, -77.8725858452682
20231116_S01_to_S02, 1, 3807, 1700098681.0192964, 166.82021396444688, -77.87258584008589
20231116_S01_to_S02, 1, 3808, 1700098681.119544, 166.8202016501719, -77.87258583490352
20231116_S01_to_S02, 1, 3809, 1700098681.2197948, 166.82018933551646, -77.87258582972095
20231116_S01_to_S02, 1, 3810, 1700098681.3200493, 166.8201770203926, -77.87258582453822
20231116_S01_to_S02, 1, 3811, 1700098681.4359102, 166.8201627882005, -77.87258581854866
20231116_S01_to_S02, 1, 3812, 1700098681.5361588, 166.82015047380884, -77.87258581336623
20231116_S01_to_S02, 1, 3813, 1700098681.6364067, 166.82013815950492, -77.87258580818381
20231116_S01_to_S02, 1, 3814, 1700098681.736654, 166.82012584525935, -77.87258580300143
20231116_S01_to_S02, 1, 3815, 1700098681.8369133, 166.82011352954913, -77.87258579781843
20231116_S01_to_S02, 1, 3816, 1700098681.952775, 166.82009929726806, -77.87258579182888
20231116_S01_to_S02, 1, 3817, 1700098682.0530236, 166.82008698287495, -77.87258578664644
20231116_S01_to_S02, 1, 3818, 1700098682.1532707, 166.8200746686573, -77.87258578146408
20231116_S01_to_S02, 1, 3819, 1700098682.253518, 166.82006235440997, -77.8725857762817
20231116_S01_to_S02, 1, 3820, 1700098682.353766, 166.8200500401037, -77.8725857710993
20231116_S01_to_S02, 1, 3821, 1700098682.4540257, 166.8200377243328, -77.87258576591627
20231116_S01_to_S02, 1, 3822, 1700098682.5698886, 166.82002349190276, -77.87258575992666
20231116_S01_to_S02, 1, 3823, 1700098682.670136, 166.820011177654, -77.87258575474426
20231116_S01_to_S02, 1, 3824, 1700098682.770384, 166.81999886331715, -77.87258574956186
20231116_S01_to_S02, 1, 3825, 1700098682.8706312, 166.81998654909717, -77.87258574437949
20231116_S01_to_S02, 1, 3826, 1700098682.9708781, 166.81997423490617, -77.87258573919713
20231116_S01_to_S02, 1, 3827, 1700098683.0711377, 166.81996191916278, -77.87258573401414
20231116_S01_to_S02, 1, 3828, 1700098683.187, 166.81994768678956, -77.87258572802453
20231116_S01_to_S02, 1, 3829, 1700098683.2872486, 166.8199353723932, -77.87258572284209
20231116_S01_to_S02, 1, 3830, 1700098683.387497, 166.81992305802615, -77.87258571765967
20231116_S01_to_S02, 1, 3831, 1700098683.4877458, 166.81991074360062, -77.87258571247723
20231116_S01_to_S02, 1, 3832, 1700098683.5880075, 166.81989842759376, -77.87258570729414
20231116_S01_to_S02, 1, 3833, 1700098683.70387, 166.81988419519183, -77.8725857013045
20231116_S01_to_S02, 1, 3834, 1700098683.8041196, 166.81987188067922, -77.87258569612202
20231116_S01_to_S02, 1, 3835, 1700098683.904371, 166.8198595659327, -77.87258569093942
20231116_S01_to_S02, 1, 3836, 1700098684.0111241, 166.81984645253004, -77.87258568542072
20231116_S01_to_S02, 1, 3837, 1700098684.1113741, 166.81983413796024, -77.8725856802382
20231116_S01_to_S02, 1, 3838, 1700098684.2116408, 166.819821821341, -77.87258567505485
20231116_S01_to_S02, 1, 3839, 1700098684.3119059, 166.81980950492726, -77.87258566987155
20231116_S01_to_S02, 1, 3840, 1700098684.412155, 166.81979719047615, -77.87258566468907
20231116_S01_to_S02, 1, 3841, 1700098684.5124135, 166.81978487485398, -77.87258565950613
20231116_S01_to_S02, 1, 3842, 1700098684.6282954, 166.81977064008436, -77.87258565351551
20231116_S01_to_S02, 1, 3843, 1700098684.728542, 166.8197583259269, -77.87258564833317
20231116_S01_to_S02, 1, 3844, 1700098684.82879, 166.8197460116231, -77.87258564315077
20231116_S01_to_S02, 1, 3845, 1700098684.929038, 166.81973369728996, -77.87258563796834
20231116_S01_to_S02, 1, 3846, 1700098685.0292962, 166.81972138172674, -77.87258563278543
20231116_S01_to_S02, 1, 3847, 1700098685.1451602, 166.81970714915357, -77.87258562679573
20231116_S01_to_S02, 1, 3848, 1700098685.2454057, 166.81969483514217, -77.87258562161344
20231116_S01_to_S02, 1, 3849, 1700098685.345655, 166.81968252066198, -77.87258561643095
20231116_S01_to_S02, 1, 3850, 1700098685.4459035, 166.8196702062694, -77.87258561124852
20231116_S01_to_S02, 1, 3851, 1700098685.5461524, 166.8196578918472, -77.87258560606608
20231116_S01_to_S02, 1, 3852, 1700098685.6464112, 166.8196455761946, -77.87258560088311
20231116_S01_to_S02, 1, 3853, 1700098685.7622716, 166.81963134405873, -77.87258559489362
20231116_S01_to_S02, 1, 3854, 1700098685.8625195, 166.81961902975235, -77.8725855897112
20231116_S01_to_S02, 1, 3855, 1700098685.9627686, 166.8196067152991, -77.87258558452875
20231116_S01_to_S02, 1, 3856, 1700098686.0630157, 166.81959440107977, -77.87258557934636
20231116_S01_to_S02, 1, 3857, 1700098686.163263, 166.8195820868308, -77.87258557416399
20231116_S01_to_S02, 1, 3858, 1700098686.2635224, 166.81956977111727, -77.872585568981
20231116_S01_to_S02, 1, 3859, 1700098686.3793843, 166.8195555388033, -77.87258556299143
20231116_S01_to_S02, 1, 3860, 1700098686.4796329, 166.81954322440743, -77.87258555780899
20231116_S01_to_S02, 1, 3861, 1700098686.5798826, 166.81953090986514, -77.87258555262649
20231116_S01_to_S02, 1, 3862, 1700098686.6801314, 166.8195185954401, -77.87258554744405
20231116_S01_to_S02, 1, 3863, 1700098686.7803886, 166.81950627999018, -77.87258554226116
20231116_S01_to_S02, 1, 3864, 1700098686.896251, 166.81949204761816, -77.87258553627156
20231116_S01_to_S02, 1, 3865, 1700098686.9964998, 166.81947973319387, -77.87258553108911
20231116_S01_to_S02, 1, 3866, 1700098687.096747, 166.8194674189749, -77.87258552590674
20231116_S01_to_S02, 1, 3867, 1700098687.196996, 166.81945510452186, -77.87258552072427
20231116_S01_to_S02, 1, 3868, 1700098687.2972448, 166.8194427900984, -77.87258551554181
20231116_S01_to_S02, 1, 3869, 1700098687.3975046, 166.81943047432802, -77.87258551035883
20231116_S01_to_S02, 1, 3870, 1700098687.5133674, 166.81941624189915, -77.87258550436917
20231116_S01_to_S02, 1, 3871, 1700098687.6136174, 166.81940392732997, -77.87258549918667
20231116_S01_to_S02, 1, 3872, 1700098687.7203717, 166.8193908137823, -77.87258549366791
20231116_S01_to_S02, 1, 3873, 1700098687.8206215, 166.8193784992427, -77.87258548848541
20231116_S01_to_S02, 1, 3874, 1700098687.9208696, 166.81936618490835, -77.87258548330301
20231116_S01_to_S02, 1, 3875, 1700098688.0211341, 166.81935386855324, -77.87258547811973
20231116_S01_to_S02, 1, 3876, 1700098688.1213982, 166.8193415522569, -77.8725854729365
20231116_S01_to_S02, 1, 3877, 1700098688.2216558, 166.8193292367513, -77.87258546775358
20231116_S01_to_S02, 1, 3878, 1700098688.3375516, 166.81931500028207, -77.87258546176224
20231116_S01_to_S02, 1, 3879, 1700098688.4377992, 166.81930268600664, -77.87258545657987
20231116_S01_to_S02, 1, 3880, 1700098688.5380495, 166.81929037140893, -77.87258545139736
20231116_S01_to_S02, 1, 3881, 1700098688.6382983, 166.81927805698686, -77.8725854462149
20231116_S01_to_S02, 1, 3882, 1700098688.738546, 166.8192657427111, -77.87258544103251
20231116_S01_to_S02, 1, 3883, 1700098688.8388054, 166.8192534269709, -77.87258543584952
20231116_S01_to_S02, 1, 3884, 1700098688.9546676, 166.81923919463048, -77.8725854298599
20231116_S01_to_S02, 1, 3885, 1700098689.054916, 166.81922688026634, -77.87258542467748
20231116_S01_to_S02, 1, 3886, 1700098689.1551638, 166.81921456596044, -77.87258541949507
20231116_S01_to_S02, 1, 3887, 1700098689.2554107, 166.81920225177154, -77.87258541431272
20231116_S01_to_S02, 1, 3888, 1700098689.3556592, 166.81918993737727, -77.87258540913027
20231116_S01_to_S02, 1, 3889, 1700098689.455918, 166.81917762172353, -77.8725854039473
20231116_S01_to_S02, 1, 3890, 1700098689.57178, 166.81916338941087, -77.87258539795774
20231116_S01_to_S02, 1, 3891, 1700098689.672028, 166.81915107507464, -77.8725853927753
20231116_S01_to_S02, 1, 3892, 1700098689.7722743, 166.81913876097258, -77.87258538759299
20231116_S01_to_S02, 1, 3893, 1700098689.8725214, 166.8191264467533, -77.87258538241062
20231116_S01_to_S02, 1, 3894, 1700098689.9727705, 166.81911413229963, -77.87258537722816
20231116_S01_to_S02, 1, 3895, 1700098690.0886421, 166.81909989878562, -77.8725853712381
20231116_S01_to_S02, 1, 3896, 1700098690.1888895, 166.819087584537, -77.87258536605572
20231116_S01_to_S02, 1, 3897, 1700098690.2891371, 166.81907527025913, -77.87258536087332
20231116_S01_to_S02, 1, 3898, 1700098690.3893845, 166.81906295601078, -77.87258535569094
20231116_S01_to_S02, 1, 3899, 1700098690.4896326, 166.8190506416747, -77.87258535050852
20231116_S01_to_S02, 1, 3900, 1700098690.5898917, 166.81903832599178, -77.87258534532556
20231116_S01_to_S02, 1, 3901, 1700098690.7057574, 166.8190240932112, -77.87258533933577
20231116_S01_to_S02, 1, 3902, 1700098690.8060064, 166.81901177875903, -77.87258533415331
20231116_S01_to_S02, 1, 3903, 1700098690.9062548, 166.8189994643951, -77.87258532897089
20231116_S01_to_S02, 1, 3904, 1700098691.0065036, 166.81898714997308, -77.87258532378843
20231116_S01_to_S02, 1, 3905, 1700098691.106753, 166.81897483546345, -77.87258531860594
20231116_S01_to_S02, 1, 3906, 1700098691.2070136, 166.81896251960674, -77.87258531342289
20231116_S01_to_S02, 1, 3907, 1700098691.322876, 166.81894828723824, -77.87258530743328
20231116_S01_to_S02, 1, 3908, 1700098691.4231262, 166.8189359726409, -77.87258530225076
20231116_S01_to_S02, 1, 3909, 1700098691.5298786, 166.81892285932835, -77.8725852967321
20231116_S01_to_S02, 1, 3910, 1700098691.6301284, 166.81891054478916, -77.87258529154961
20231116_S01_to_S02, 1, 3911, 1700098691.7303946, 166.81889822822876, -77.87258528636625
20231116_S01_to_S02, 1, 3912, 1700098691.8306608, 166.81888591166782, -77.8725852811829
20231116_S01_to_S02, 1, 3913, 1700098691.930909, 166.81887359733224, -77.8725852760005
20231116_S01_to_S02, 1, 3914, 1700098692.0311677, 166.81886128167807, -77.87258527081752
20231116_S01_to_S02, 1, 3915, 1700098692.147067, 166.8188470447666, -77.87258526482599
20231116_S01_to_S02, 1, 3916, 1700098692.247313, 166.81883473069314, -77.87258525964371
20231116_S01_to_S02, 1, 3917, 1700098692.3475602, 166.81882241647295, -77.87258525446136
20231116_S01_to_S02, 1, 3918, 1700098692.4478078, 166.81881010219405, -77.87258524927896
20231116_S01_to_S02, 1, 3919, 1700098692.5480664, 166.8187977865678, -77.872585244096
20231116_S01_to_S02, 1, 3920, 1700098692.6639285, 166.81878355422415, -77.87258523810641
20231116_S01_to_S02, 1, 3921, 1700098692.7641773, 166.81877123979885, -77.87258523292397
20231116_S01_to_S02, 1, 3922, 1700098692.8644238, 166.81875892566666, -77.87258522774164
20231116_S01_to_S02, 1, 3923, 1700098692.964672, 166.8187466113004, -77.87258522255921
20231116_S01_to_S02, 1, 3924, 1700098693.06492, 166.81873429699297, -77.8725852173768
20231116_S01_to_S02, 1, 3925, 1700098693.1651778, 166.81872198145584, -77.8725852121939
20231116_S01_to_S02, 1, 3926, 1700098693.2810397, 166.81870774914304, -77.87258520620432
20231116_S01_to_S02, 1, 3927, 1700098693.3812864, 166.81869543498286, -77.87258520102195
20231116_S01_to_S02, 1, 3928, 1700098693.481535, 166.81868312058862, -77.87258519583953
20231116_S01_to_S02, 1, 3929, 1700098693.581782, 166.81867080637033, -77.87258519065716
20231116_S01_to_S02, 1, 3930, 1700098693.6820304, 166.81865849200582, -77.87258518547475
20231116_S01_to_S02, 1, 3931, 1700098693.7822783, 166.81864617770003, -77.87258518029233
20231116_S01_to_S02, 1, 3932, 1700098693.8981493, 166.81863194427584, -77.87258517430227
20231116_S01_to_S02, 1, 3933, 1700098693.998397, 166.8186196299705, -77.87258516911989
20231116_S01_to_S02, 1, 3934, 1700098694.0986438, 166.81860731581173, -77.87258516393754
20231116_S01_to_S02, 1, 3935, 1700098694.1988919, 166.81859500147738, -77.87258515875513
20231116_S01_to_S02, 1, 3936, 1700098694.2991517, 166.818582685708, -77.8725851535721
20231116_S01_to_S02, 1, 3937, 1700098694.415015, 166.81856845322167, -77.87258514758243
20231116_S01_to_S02, 1, 3938, 1700098694.5152633, 166.81855613885804, -77.8725851424
20231116_S01_to_S02, 1, 3939, 1700098694.615513, 166.8185438243186, -77.87258513721753
20231116_S01_to_S02, 1, 3940, 1700098694.7157626, 166.81853150980808, -77.87258513203503
20231116_S01_to_S02, 1, 3941, 1700098694.8160229, 166.8185191939794, -77.87258512685199
20231116_S01_to_S02, 1, 3942, 1700098694.9318855, 166.8185049615796, -77.87258512086237
20231116_S01_to_S02, 1, 3943, 1700098695.0321357, 166.8184926469802, -77.87258511567987
20231116_S01_to_S02, 1, 3944, 1700098695.132385, 166.81848033249773, -77.87258511049738
20231116_S01_to_S02, 1, 3945, 1700098695.239136, 166.81846721935844, -77.8725851049788
20231116_S01_to_S02, 1, 3946, 1700098695.3393848, 166.8184549049342, -77.87258509979634
20231116_S01_to_S02, 1, 3947, 1700098695.4396493, 166.81844258857706, -77.87258509461309
20231116_S01_to_S02, 1, 3948, 1700098695.5399168, 166.81843027186846, -77.87258508942966
20231116_S01_to_S02, 1, 3949, 1700098695.6401644, 166.8184179575908, -77.87258508424728
20231116_S01_to_S02, 1, 3950, 1700098695.7404232, 166.81840564193695, -77.87258507906431
20231116_S01_to_S02, 1, 3951, 1700098695.8563206, 166.81839140526088, -77.87258507307287
20231116_S01_to_S02, 1, 3952, 1700098695.9565687, 166.81837909092556, -77.87258506789045
20231116_S01_to_S02, 1, 3953, 1700098696.0568166, 166.81836677661983, -77.87258506270805
20231116_S01_to_S02, 1, 3954, 1700098696.157063, 166.81835446249008, -77.87258505752573
20231116_S01_to_S02, 1, 3955, 1700098696.2573211, 166.8183421469255, -77.87258505234281
20231116_S01_to_S02, 1, 3956, 1700098696.373183, 166.81832791461477, -77.87258504635324
20231116_S01_to_S02, 1, 3957, 1700098696.4734302, 166.8183156003977, -77.87258504117085
20231116_S01_to_S02, 1, 3958, 1700098696.573678, 166.81830328609288, -77.87258503598845
20231116_S01_to_S02, 1, 3959, 1700098696.673925, 166.81829097190527, -77.8725850308061
20231116_S01_to_S02, 1, 3960, 1700098696.774173, 166.8182786575712, -77.87258502562372
20231116_S01_to_S02, 1, 3961, 1700098696.8744333, 166.81826634174342, -77.87258502044065
20231116_S01_to_S02, 1, 3962, 1700098696.990296, 166.81825210934505, -77.87258501445105
20231116_S01_to_S02, 1, 3963, 1700098697.0905437, 166.81823979504003, -77.87258500926863
20231116_S01_to_S02, 1, 3964, 1700098697.1907914, 166.81822748076425, -77.87258500408626
20231116_S01_to_S02, 1, 3965, 1700098697.291038, 166.81821516660548, -77.87258499890392
20231116_S01_to_S02, 1, 3966, 1700098697.391287, 166.81820285215363, -77.87258499372145
20231116_S01_to_S02, 1, 3967, 1700098697.4915454, 166.8181905365595, -77.87258498853849
20231116_S01_to_S02, 1, 3968, 1700098697.6074095, 166.81817630398447, -77.8725849825488
20231116_S01_to_S02, 1, 3969, 1700098697.7076573, 166.81816398967862, -77.87258497736642
20231116_S01_to_S02, 1, 3970, 1700098697.8079045, 166.81815167546034, -77.87258497218404
20231116_S01_to_S02, 1, 3971, 1700098697.9081528, 166.8181393610955, -77.8725849670016
20231116_S01_to_S02, 1, 3972, 1700098698.008413, 166.818127045266, -77.87258496181857
20231116_S01_to_S02, 1, 3973, 1700098698.1242754, 166.81811281289487, -77.87258495582896
20231116_S01_to_S02, 1, 3974, 1700098698.224524, 166.81810049850029, -77.87258495064653
20231116_S01_to_S02, 1, 3975, 1700098698.3247721, 166.8180881841642, -77.8725849454641
20231116_S01_to_S02, 1, 3976, 1700098698.4250212, 166.8180758697111, -77.87258494028167
20231116_S01_to_S02, 1, 3977, 1700098698.5252705, 166.81806355522866, -77.87258493509917
20231116_S01_to_S02, 1, 3978, 1700098698.625532, 166.81805123925272, -77.87258492991607
20231116_S01_to_S02, 1, 3979, 1700098698.7413957, 166.81803700670628, -77.8725849239264
20231116_S01_to_S02, 1, 3980, 1700098698.8416464, 166.81802469204874, -77.87258491874385
20231116_S01_to_S02, 1, 3981, 1700098698.9484003, 166.81801157855918, -77.87258491322511
20231116_S01_to_S02, 1, 3982, 1700098699.0486493, 166.8179992641073, -77.87258490804265
20231116_S01_to_S02, 1, 3983, 1700098699.148897, 166.81798694983152, -77.87258490286027
20231116_S01_to_S02, 1, 3984, 1700098699.2491627, 166.8179746333303, -77.87258489767693
20231116_S01_to_S02, 1, 3985, 1700098699.3494291, 166.8179623167413, -77.87258489249358
20231116_S01_to_S02, 1, 3986, 1700098699.4496875, 166.81795000114806, -77.87258488731062
20231116_S01_to_S02, 1, 3987, 1700098699.5655873, 166.81793576418096, -77.87258488131906
20231116_S01_to_S02, 1, 3988, 1700098699.6658347, 166.81792344993423, -77.8725848761367
20231116_S01_to_S02, 1, 3989, 1700098699.766082, 166.81791113568676, -77.87258487095431
20231116_S01_to_S02, 1, 3990, 1700098699.8663306, 166.81789882129206, -77.87258486577188
20231116_S01_to_S02, 1, 3991, 1700098699.9665782, 166.81788650701353, -77.87258486058948
20231116_S01_to_S02, 1, 3992, 1700098700.066839, 166.8178741911235, -77.87258485540642
20231116_S01_to_S02, 1, 3993, 1700098700.1826987, 166.81785995907165, -77.87258484941695
20231116_S01_to_S02, 1, 3994, 1700098700.2829466, 166.8178476447622, -77.87258484423455
20231116_S01_to_S02, 1, 3995, 1700098700.3831933, 166.81783533059902, -77.87258483905221
20231116_S01_to_S02, 1, 3996, 1700098700.4834402, 166.81782301640672, -77.87258483386987
20231116_S01_to_S02, 1, 3997, 1700098700.5836906, 166.8178107017754, -77.87258482868732
20231116_S01_to_S02, 1, 3998, 1700098700.6839461, 166.81779838652957, -77.87258482350454
20231116_S01_to_S02, 1, 3999, 1700098700.7998073, 166.81778415430347, -77.872584817515
20231116_S01_to_S02, 1, 4000, 1700098700.9000535, 166.81777184020163, -77.87258481233268
20231116_S01_to_S02, 1, 4001, 1700098701.0003035, 166.81775952563208, -77.87258480715015
20231116_S01_to_S02, 1, 4002, 1700098701.1005511, 166.81774721135625, -77.87258480196778
20231116_S01_to_S02, 1, 4003, 1700098701.2008073, 166.81773489602665, -77.87258479678495
20231116_S01_to_S02, 1, 4004, 1700098701.316668, 166.8177206638634, -77.87258479079543
20231116_S01_to_S02, 1, 4005, 1700098701.416915, 166.81770834967665, -77.87258478561304
20231116_S01_to_S02, 1, 4006, 1700098701.5171645, 166.81769603516778, -77.87258478043057
20231116_S01_to_S02, 1, 4007, 1700098701.6174104, 166.81768372109815, -77.87258477524827
20231116_S01_to_S02, 1, 4008, 1700098701.7176576, 166.81767140688174, -77.8725847700659
20231116_S01_to_S02, 1, 4009, 1700098701.8179169, 166.81765909117132, -77.87258476488292
20231116_S01_to_S02, 1, 4010, 1700098701.9337783, 166.8176448589188, -77.87258475889335
20231116_S01_to_S02, 1, 4011, 1700098702.0340297, 166.81763254417353, -77.8725847537108
20231116_S01_to_S02, 1, 4012, 1700098702.1342778, 166.8176202298378, -77.87258474852838
20231116_S01_to_S02, 1, 4013, 1700098702.2345257, 166.81760791553089, -77.87258474334597
20231116_S01_to_S02, 1, 4014, 1700098702.3347754, 166.81759560098948, -77.87258473816345
20231116_S01_to_S02, 1, 4015, 1700098702.450649, 166.81758136724113, -77.87258473217328
20231116_S01_to_S02, 1, 4016, 1700098702.5508986, 166.81756905272877, -77.8725847269908
20231116_S01_to_S02, 1, 4017, 1700098702.6511483, 166.81755673818716, -77.8725847218083
20231116_S01_to_S02, 1, 4018, 1700098702.7579014, 166.81754362478407, -77.8725847162896
20231116_S01_to_S02, 1, 4019, 1700098702.8581502, 166.81753131036007, -77.87258471110714
20231116_S01_to_S02, 1, 4020, 1700098702.958415, 166.81751899397412, -77.87258470592388
20231116_S01_to_S02, 1, 4021, 1700098703.0586805, 166.81750667750063, -77.87258470074056
20231116_S01_to_S02, 1, 4022, 1700098703.158938, 166.81749436202318, -77.87258469555768
20231116_S01_to_S02, 1, 4023, 1700098703.2748344, 166.81748012546507, -77.87258468956628
20231116_S01_to_S02, 1, 4024, 1700098703.375082, 166.81746781118883, -77.87258468438392
20231116_S01_to_S02, 1, 4025, 1700098703.4753304, 166.8174554968249, -77.87258467920147
20231116_S01_to_S02, 1, 4026, 1700098703.575581, 166.81744318216823, -77.87258467401894
20231116_S01_to_S02, 1, 4027, 1700098703.6758275, 166.81743086803883, -77.8725846688366
20231116_S01_to_S02, 1, 4028, 1700098703.7760859, 166.81741855244508, -77.87258466365364
20231116_S01_to_S02, 1, 4029, 1700098703.8919485, 166.81740432004653, -77.87258465766404
20231116_S01_to_S02, 1, 4030, 1700098703.992196, 166.81739200577073, -77.87258465248165
20231116_S01_to_S02, 1, 4031, 1700098704.0924442, 166.81737969143632, -77.87258464729925
20231116_S01_to_S02, 1, 4032, 1700098704.192694, 166.81736737689675, -77.87258464211673
20231116_S01_to_S02, 1, 4033, 1700098704.2929428, 166.8173550624743, -77.87258463693429
20231116_S01_to_S02, 1, 4034, 1700098704.3931928, 166.81734274790526, -77.87258463175179
20231116_S01_to_S02, 1, 4035, 1700098704.5090601, 166.81732851492026, -77.87258462576193
20231116_S01_to_S02, 1, 4036, 1700098704.6093075, 166.81731620067293, -77.87258462057954
20231116_S01_to_S02, 1, 4037, 1700098704.7095556, 166.81730388633753, -77.87258461539713
20231116_S01_to_S02, 1, 4038, 1700098704.8098042, 166.8172915719433, -77.87258461021469
20231116_S01_to_S02, 1, 4039, 1700098704.9100502, 166.81727925787098, -77.87258460503239
20231116_S01_to_S02, 1, 4040, 1700098705.0259233, 166.8172650241816, -77.87258459904223
20231116_S01_to_S02, 1, 4041, 1700098705.1261752, 166.81725270937653, -77.87258459385961
20231116_S01_to_S02, 1, 4042, 1700098705.2264237, 166.81724039498133, -77.87258458867717
20231116_S01_to_S02, 1, 4043, 1700098705.3266702, 166.8172280808495, -77.87258458349486
20231116_S01_to_S02, 1, 4044, 1700098705.426918, 166.81721576654184, -77.87258457831244
20231116_S01_to_S02, 1, 4045, 1700098705.527175, 166.81720345112112, -77.87258457312957
20231116_S01_to_S02, 1, 4046, 1700098705.643037, 166.81718921877786, -77.87258456713998
20231116_S01_to_S02, 1, 4047, 1700098705.7432861, 166.81717690432356, -77.87258456195752
20231116_S01_to_S02, 1, 4048, 1700098705.8435357, 166.81716458981066, -77.87258455677504
20231116_S01_to_S02, 1, 4049, 1700098705.9437869, 166.81715227509272, -77.87258455159245
20231116_S01_to_S02, 1, 4050, 1700098706.0440345, 166.81713996081422, -77.87258454641007
20231116_S01_to_S02, 1, 4051, 1700098706.1442947, 166.8171276449836, -77.87258454122704
20231116_S01_to_S02, 1, 4052, 1700098706.2601607, 166.81711341217215, -77.87258453523725
20231116_S01_to_S02, 1, 4053, 1700098706.3604105, 166.8171010976305, -77.87258453005477
20231116_S01_to_S02, 1, 4054, 1700098706.467163, 166.81708798428602, -77.87258452453608
20231116_S01_to_S02, 1, 4055, 1700098706.5674114, 166.81707566992057, -77.87258451935364
20231116_S01_to_S02, 1, 4056, 1700098706.6676602, 166.81706335549688, -77.87258451417121
20231116_S01_to_S02, 1, 4057, 1700098706.7679274, 166.81705103881845, -77.8725845089878
20231116_S01_to_S02, 1, 4058, 1700098706.8681767, 166.81703872433687, -77.87258450380531
20231116_S01_to_S02, 1, 4059, 1700098706.9684367, 166.8170264085378, -77.87258449862227
20231116_S01_to_S02, 1, 4060, 1700098707.0843349, 166.8170121717754, -77.87258449263082
20231116_S01_to_S02, 1, 4061, 1700098707.184584, 166.8169998573241, -77.87258448744838
20231116_S01_to_S02, 1, 4062, 1700098707.2848325, 166.81698754293149, -77.87258448226594
20231116_S01_to_S02, 1, 4063, 1700098707.3850791, 166.8169752287732, -77.87258447708359
20231116_S01_to_S02, 1, 4064, 1700098707.4853373, 166.81696291320912, -77.87258447190067
20231116_S01_to_S02, 1, 4065, 1700098707.6011987, 166.81694868095718, -77.8725844659111
20231116_S01_to_S02, 1, 4066, 1700098707.701445, 166.8169363668278, -77.87258446072877
20231116_S01_to_S02, 1, 4067, 1700098707.8016925, 166.81692405258096, -77.87258445554639
20231116_S01_to_S02, 1, 4068, 1700098707.90194, 166.81691173830447, -77.872584450364
20231116_S01_to_S02, 1, 4069, 1700098708.0021882, 166.81689942396906, -77.87258444518157
20231116_S01_to_S02, 1, 4070, 1700098708.102446, 166.81688710843252, -77.87258443999866
20231116_S01_to_S02, 1, 4071, 1700098708.2183075, 166.81687287617837, -77.87258443400911
20231116_S01_to_S02, 1, 4072, 1700098708.3185554, 166.8168605618713, -77.87258442882671
20231116_S01_to_S02, 1, 4073, 1700098708.4188032, 166.81684824756402, -77.87258442364433
20231116_S01_to_S02, 1, 4074, 1700098708.5190516, 166.81683593319798, -77.87258441846188
20231116_S01_to_S02, 1, 4075, 1700098708.6192992, 166.81682361891967, -77.87258441327948
20231116_S01_to_S02, 1, 4076, 1700098708.7195582, 166.81681130323557, -77.87258440809651
20231116_S01_to_S02, 1, 4077, 1700098708.8354187, 166.81679707109757, -77.87258440210701
20231116_S01_to_S02, 1, 4078, 1700098708.9356666, 166.81678475678987, -77.87258439692458
20231116_S01_to_S02, 1, 4079, 1700098709.0359156, 166.81677244233586, -77.87258439174214
20231116_S01_to_S02, 1, 4080, 1700098709.1361625, 166.81676012814555, -77.87258438655981
20231116_S01_to_S02, 1, 4081, 1700098709.236422, 166.8167478124031, -77.87258438137677
20231116_S01_to_S02, 1, 4082, 1700098709.3522844, 166.81673358003135, -77.87258437538716
20231116_S01_to_S02, 1, 4083, 1700098709.4525332, 166.81672126560719, -77.87258437020472
20231116_S01_to_S02, 1, 4084, 1700098709.5527833, 166.81670895103673, -77.8725843650222
20231116_S01_to_S02, 1, 4085, 1700098709.6530335, 166.81669663643714, -77.87258435983966
20231116_S01_to_S02, 1, 4086, 1700098709.7532825, 166.81668432198424, -77.8725843546572
20231116_S01_to_S02, 1, 4087, 1700098709.853543, 166.81667200612574, -77.87258434947417
20231116_S01_to_S02, 1, 4088, 1700098709.9694085, 166.81665777337446, -77.87258434348439
20231116_S01_to_S02, 1, 4089, 1700098710.06966, 166.8166454586292, -77.8725843383018
20231116_S01_to_S02, 1, 4090, 1700098710.1764135, 166.81663234516904, -77.87258433278309
20231116_S01_to_S02, 1, 4091, 1700098710.2766633, 166.81662003062922, -77.8725843276006
20231116_S01_to_S02, 1, 4092, 1700098710.3769119, 166.81660771623592, -77.87258432241816
20231116_S01_to_S02, 1, 4093, 1700098710.47718, 166.81659539944127, -77.87258431723471
20231116_S01_to_S02, 1, 4094, 1700098710.5774472, 166.81658308276388, -77.8725843120513
20231116_S01_to_S02, 1, 4095, 1700098710.6777062, 166.8165707670824, -77.87258430686833
20231116_S01_to_S02, 1, 4096, 1700098710.793607, 166.8165565299981, -77.87258430087674
20231116_S01_to_S02, 1, 4097, 1700098710.8938541, 166.81654421578125, -77.87258429569437
20231116_S01_to_S02, 1, 4098, 1700098710.994103, 166.81653190135944, -77.87258429051192
20231116_S01_to_S02, 1, 4099, 1700098711.0943515, 166.816519586967, -77.87258428532948
20231116_S01_to_S02, 1, 4100, 1700098711.1945992, 166.81650727269164, -77.8725842801471
20231116_S01_to_S02, 1, 4101, 1700098711.2948587, 166.81649495695194, -77.87258427496408
20231116_S01_to_S02, 1, 4102, 1700098711.4107208, 166.81648072461226, -77.8725842689745
20231116_S01_to_S02, 1, 4103, 1700098711.510968, 166.81646841039512, -77.87258426379212
20231116_S01_to_S02, 1, 4104, 1700098711.611215, 166.81645609617783, -77.87258425860975
20231116_S01_to_S02, 1, 4105, 1700098711.7114627, 166.81644378190174, -77.87258425342738
20231116_S01_to_S02, 1, 4106, 1700098711.8117218, 166.81643146621954, -77.8725842482444
20231116_S01_to_S02, 1, 4107, 1700098711.9119666, 166.81641915229426, -77.87258424306215
20231116_S01_to_S02, 1, 4108, 1700098712.0278304, 166.81640491974767, -77.87258423707246
20231116_S01_to_S02, 1, 4109, 1700098712.1280768, 166.81639260561667, -77.87258423189013
20231116_S01_to_S02, 1, 4110, 1700098712.2283244, 166.81638029133893, -77.87258422670777
20231116_S01_to_S02, 1, 4111, 1700098712.3285728, 166.81636797697308, -77.87258422152533
20231116_S01_to_S02, 1, 4112, 1700098712.4288306, 166.8163556614355, -77.8725842163424
20231116_S01_to_S02, 1, 4113, 1700098712.5446918, 166.8163414292095, -77.87258421035284
20231116_S01_to_S02, 1, 4114, 1700098712.6449387, 166.81632911501876, -77.87258420517051
20231116_S01_to_S02, 1, 4115, 1700098712.745187, 166.8163168006521, -77.8725841999881
20231116_S01_to_S02, 1, 4116, 1700098712.8454347, 166.81630448637318, -77.8725841948057
20231116_S01_to_S02, 1, 4117, 1700098712.9456828, 166.81629217203556, -77.87258418962328
20231116_S01_to_S02, 1, 4118, 1700098713.0459397, 166.81627985661433, -77.87258418444041
20231116_S01_to_S02, 1, 4119, 1700098713.1618023, 166.81626562421192, -77.87258417845078
20231116_S01_to_S02, 1, 4120, 1700098713.2620509, 166.8162533098158, -77.87258417326836
20231116_S01_to_S02, 1, 4121, 1700098713.3623013, 166.8162409951855, -77.87258416808584
20231116_S01_to_S02, 1, 4122, 1700098713.4625504, 166.816228680731, -77.87258416290337
20231116_S01_to_S02, 1, 4123, 1700098713.5628083, 166.81621636519316, -77.87258415772045
20231116_S01_to_S02, 1, 4124, 1700098713.6630595, 166.81620405047562, -77.87258415253788
20231116_S01_to_S02, 1, 4125, 1700098713.778924, 166.81618981784024, -77.87258414654816
20231116_S01_to_S02, 1, 4126, 1700098713.8791735, 166.81617750332842, -77.87258414136568
20231116_S01_to_S02, 1, 4127, 1700098713.9859257, 166.81616439004333, -77.87258413584703
20231116_S01_to_S02, 1, 4128, 1700098714.086175, 166.81615207556172, -77.87258413066455
20231116_S01_to_S02, 1, 4129, 1700098714.1864398, 166.816139759177, -77.87258412548128
20231116_S01_to_S02, 1, 4130, 1700098714.2867062, 166.81612744258769, -77.87258412029792
20231116_S01_to_S02, 1, 4131, 1700098714.386954, 166.81611512828297, -77.87258411511552
20231116_S01_to_S02, 1, 4132, 1700098714.4872122, 166.81610281271904, -77.87258410993257
20231116_S01_to_S02, 1, 4133, 1700098714.6031094, 166.8160885760743, -77.87258410394115
20231116_S01_to_S02, 1, 4134, 1700098714.7033572, 166.81607626176935, -77.87258409875876
20231116_S01_to_S02, 1, 4135, 1700098714.8036046, 166.8160639475225, -77.87258409357639
20231116_S01_to_S02, 1, 4136, 1700098714.9038534, 166.81605163309936, -77.87258408839394
20231116_S01_to_S02, 1, 4137, 1700098715.0041006, 166.81603931888066, -77.87258408321158
20231116_S01_to_S02, 1, 4138, 1700098715.104359, 166.81602700328492, -77.87258407802864
20231116_S01_to_S02, 1, 4139, 1700098715.220221, 166.81601277094202, -77.87258407203903
20231116_S01_to_S02, 1, 4140, 1700098715.3204684, 166.81600045669276, -77.87258406685665
20231116_S01_to_S02, 1, 4141, 1700098715.4207163, 166.81598814238478, -77.87258406167426
20231116_S01_to_S02, 1, 4142, 1700098715.520965, 166.81597582795962, -77.8725840564918
20231116_S01_to_S02, 1, 4143, 1700098715.621223, 166.81596351242163, -77.87258405130889
20231116_S01_to_S02, 1, 4144, 1700098715.7370868, 166.81594927987365, -77.87258404531923
20231116_S01_to_S02, 1, 4145, 1700098715.837335, 166.8159369655077, -77.87258404013677
20231116_S01_to_S02, 1, 4146, 1700098715.9375827, 166.81592465123012, -77.8725840349544
20231116_S01_to_S02, 1, 4147, 1700098716.0378296, 166.8159123370408, -77.87258402977204
20231116_S01_to_S02, 1, 4148, 1700098716.1380773, 166.81590002276394, -77.87258402458966
20231116_S01_to_S02, 1, 4149, 1700098716.2383356, 166.81588770716942, -77.8725840194067
20231116_S01_to_S02, 1, 4150, 1700098716.354198, 166.81587347479942, -77.87258401341708
20231116_S01_to_S02, 1, 4151, 1700098716.4544446, 166.8158611606403, -77.87258400823475
20231116_S01_to_S02, 1, 4152, 1700098716.5546918, 166.81584884642268, -77.87258400305238
20231116_S01_to_S02, 1, 4153, 1700098716.6549394, 166.81583653214648, -77.87258399787001
20231116_S01_to_S02, 1, 4154, 1700098716.755199, 166.81582421640582, -77.872583992687
20231116_S01_to_S02, 1, 4155, 1700098716.8710628, 166.81580998386008, -77.87258398669731
20231116_S01_to_S02, 1, 4156, 1700098716.9713101, 166.8157976696127, -77.87258398151495
20231116_S01_to_S02, 1, 4157, 1700098717.0715601, 166.81578535504295, -77.87258397633244
20231116_S01_to_S02, 1, 4158, 1700098717.1718082, 166.81577304070734, -77.87258397115001
20231116_S01_to_S02, 1, 4159, 1700098717.2720575, 166.81576072622514, -77.87258396596754
20231116_S01_to_S02, 1, 4160, 1700098717.3723173, 166.81574841045418, -77.87258396078451
20231116_S01_to_S02, 1, 4161, 1700098717.488182, 166.81573417779012, -77.87258395479478
20231116_S01_to_S02, 1, 4162, 1700098717.588433, 166.81572186310257, -77.87258394961223
20231116_S01_to_S02, 1, 4163, 1700098717.6951861, 166.81570874969975, -77.87258394409355
20231116_S01_to_S02, 1, 4164, 1700098717.7954347, 166.8156964353049, -77.87258393891109
20231116_S01_to_S02, 1, 4165, 1700098717.895683, 166.81568412093932, -77.87258393372868
20231116_S01_to_S02, 1, 4166, 1700098717.9959486, 166.81567180446504, -77.87258392854537
20231116_S01_to_S02, 1, 4167, 1700098718.0962152, 166.81565948784433, -77.87258392336197
20231116_S01_to_S02, 1, 4168, 1700098718.1964736, 166.81564717224873, -77.87258391817905
20231116_S01_to_S02, 1, 4169, 1700098718.3123713, 166.8156329355428, -77.87258391218761
20231116_S01_to_S02, 1, 4170, 1700098718.4126189, 166.81562062126525, -77.87258390700521
20231116_S01_to_S02, 1, 4171, 1700098718.5128672, 166.8156083069, -77.87258390182281
20231116_S01_to_S02, 1, 4172, 1700098718.613114, 166.81559599271063, -77.87258389664045
20231116_S01_to_S02, 1, 4173, 1700098718.7133617, 166.81558367843354, -77.87258389145808
20231116_S01_to_S02, 1, 4174, 1700098718.81362, 166.81557136283868, -77.87258388627511
20231116_S01_to_S02, 1, 4175, 1700098718.9294822, 166.8155571304977, -77.87258388028552
20231116_S01_to_S02, 1, 4176, 1700098719.02973, 166.81554481619202, -77.87258387510312
20231116_S01_to_S02, 1, 4177, 1700098719.1299767, 166.81553250203308, -77.87258386992077
20231116_S01_to_S02, 1, 4178, 1700098719.2302248, 166.8155201876987, -77.87258386473837
20231116_S01_to_S02, 1, 4179, 1700098719.330472, 166.8155078734816, -77.87258385955599
20231116_S01_to_S02, 1, 4180, 1700098719.446344, 166.81549363994117, -77.8725838535659
20231116_S01_to_S02, 1, 4181, 1700098719.5465941, 166.81548132534348, -77.87258384838337
20231116_S01_to_S02, 1, 4182, 1700098719.6468408, 166.815469011185, -77.87258384320103
20231116_S01_to_S02, 1, 4183, 1700098719.7470884, 166.81545669690925, -77.87258383801863
20231116_S01_to_S02, 1, 4184, 1700098719.8473358, 166.81544438266252, -77.87258383283628
20231116_S01_to_S02, 1, 4185, 1700098719.9475954, 166.8154320669217, -77.87258382765326
20231116_S01_to_S02, 1, 4186, 1700098720.0634556, 166.8154178348148, -77.87258382166377
20231116_S01_to_S02, 1, 4187, 1700098720.1637044, 166.8154055203912, -77.87258381648131
20231116_S01_to_S02, 1, 4188, 1700098720.2639515, 166.8153932061723, -77.87258381129894
20231116_S01_to_S02, 1, 4189, 1700098720.3641992, 166.81538089189448, -77.87258380611655
20231116_S01_to_S02, 1, 4190, 1700098720.4644463, 166.81536857767497, -77.8725838009342
20231116_S01_to_S02, 1, 4191, 1700098720.5647066, 166.81535626184436, -77.87258379575115
20231116_S01_to_S02, 1, 4192, 1700098720.6805687, 166.815342029501, -77.87258378976155
20231116_S01_to_S02, 1, 4193, 1700098720.7808177, 166.81532971504637, -77.87258378457909
20231116_S01_to_S02, 1, 4194, 1700098720.8810654, 166.81531740076719, -77.8725837793967
20231116_S01_to_S02, 1, 4195, 1700098720.9813135, 166.81530508642916, -77.8725837742143
20231116_S01_to_S02, 1, 4196, 1700098721.0815616, 166.81529277209106, -77.87258376903188
20231116_S01_to_S02, 1, 4197, 1700098721.1818244, 166.81528045593706, -77.87258376384871
20231116_S01_to_S02, 1, 4198, 1700098721.2976885, 166.8152662233583, -77.872583757859
20231116_S01_to_S02, 1, 4199, 1700098721.3979392, 166.81525390869803, -77.87258375267645
20231116_S01_to_S02, 1, 4200, 1700098721.504693, 166.8152407952055, -77.87258374715773
20231116_S01_to_S02, 1, 4201, 1700098721.6049423, 166.81522848072132, -77.87258374197525
20231116_S01_to_S02, 1, 4202, 1700098721.705192, 166.81521616617889, -77.87258373679275
20231116_S01_to_S02, 1, 4203, 1700098721.805458, 166.81520384964534, -77.87258373160941
20231116_S01_to_S02, 1, 4204, 1700098721.9057062, 166.81519153530868, -77.872583726427
20231116_S01_to_S02, 1, 4205, 1700098722.0059652, 166.81517921962532, -77.87258372124401
20231116_S01_to_S02, 1, 4206, 1700098722.1218626, 166.81516498294917, -77.8725837152526
20231116_S01_to_S02, 1, 4207, 1700098722.2221098, 166.81515266873083, -77.87258371007024
20231116_S01_to_S02, 1, 4208, 1700098722.3223586, 166.8151403543078, -77.87258370488777
20231116_S01_to_S02, 1, 4209, 1700098722.4226067, 166.81512803997285, -77.87258369970537
20231116_S01_to_S02, 1, 4210, 1700098722.5228546, 166.8151157256673, -77.87258369452296
20231116_S01_to_S02, 1, 4211, 1700098722.623115, 166.81510340980975, -77.87258368933993
20231116_S01_to_S02, 1, 4212, 1700098722.7389762, 166.81508917758651, -77.87258368335036
20231116_S01_to_S02, 1, 4213, 1700098722.8392243, 166.81507686325187, -77.87258367816796
20231116_S01_to_S02, 1, 4214, 1700098722.9394717, 166.81506454900506, -77.87258367298558
20231116_S01_to_S02, 1, 4215, 1700098723.0397189, 166.81505223478746, -77.87258366780321
20231116_S01_to_S02, 1, 4216, 1700098723.1399658, 166.81503992059902, -77.87258366262085
20231116_S01_to_S02, 1, 4217, 1700098723.2402241, 166.8150276050047, -77.87258365743791
20231116_S01_to_S02, 1, 4218, 1700098723.3560877, 166.815013372488, -77.87258365144824
20231116_S01_to_S02, 1, 4219, 1700098723.4563348, 166.81500105826981, -77.87258364626588
20231116_S01_to_S02, 1, 4220, 1700098723.5565846, 166.81498874372917, -77.87258364108337
20231116_S01_to_S02, 1, 4221, 1700098723.6568341, 166.81497642921767, -77.87258363590088
20231116_S01_to_S02, 1, 4222, 1700098723.757091, 166.81496411379797, -77.87258363071801
20231116_S01_to_S02, 1, 4223, 1700098723.8729525, 166.81494988154344, -77.87258362472846
20231116_S01_to_S02, 1, 4224, 1700098723.9732003, 166.81493756723597, -77.87258361954605
20231116_S01_to_S02, 1, 4225, 1700098724.0734465, 166.8149252531332, -77.87258361436375
20231116_S01_to_S02, 1, 4226, 1700098724.1736941, 166.8149129388543, -77.87258360918136
20231116_S01_to_S02, 1, 4227, 1700098724.2739434, 166.8149006243701, -77.87258360399889
20231116_S01_to_S02, 1, 4228, 1700098724.3742015, 166.81488830880218, -77.87258359881596
20231116_S01_to_S02, 1, 4229, 1700098724.4900656, 166.81487407622393, -77.87258359282629
20231116_S01_to_S02, 1, 4230, 1700098724.5903165, 166.81486176153496, -77.87258358764372
20231116_S01_to_S02, 1, 4231, 1700098724.6905668, 166.81484944693432, -77.87258358246119
20231116_S01_to_S02, 1, 4232, 1700098724.790819, 166.8148371321, -77.87258357727855
20231116_S01_to_S02, 1, 4233, 1700098724.8910677, 166.81482481767648, -77.8725835720961
20231116_S01_to_S02, 1, 4234, 1700098724.9913292, 166.8148125017016, -77.87258356691301
20231116_S01_to_S02, 1, 4235, 1700098725.1071923, 166.81479826924465, -77.87258356092336
20231116_S01_to_S02, 1, 4236, 1700098725.2074418, 166.81478595473533, -77.87258355574089
20231116_S01_to_S02, 1, 4237, 1700098725.3141947, 166.81477284136488, -77.87258355022219
20231116_S01_to_S02, 1, 4238, 1700098725.414443, 166.81476052700253, -77.87258354503977
20231116_S01_to_S02, 1, 4239, 1700098725.51471, 166.81474821035573, -77.87258353985635
20231116_S01_to_S02, 1, 4240, 1700098725.614975, 166.81473589394318, -77.87258353467307
20231116_S01_to_S02, 1, 4241, 1700098725.7152348, 166.8147235781746, -77.87258352949004
20231116_S01_to_S02, 1, 4242, 1700098725.831136, 166.81470934103191, -77.87258352349843
20231116_S01_to_S02, 1, 4243, 1700098725.9313836, 166.8146970267559, -77.87258351831605
20231116_S01_to_S02, 1, 4244, 1700098726.03163, 166.81468471262573, -77.87258351313373
20231116_S01_to_S02, 1, 4245, 1700098726.1318781, 166.81467239829004, -77.8725835079513
20231116_S01_to_S02, 1, 4246, 1700098726.2321253, 166.81466008407114, -77.87258350276895
20231116_S01_to_S02, 1, 4247, 1700098726.3323734, 166.8146477697348, -77.87258349758655
20231116_S01_to_S02, 1, 4248, 1700098726.448244, 166.81463353633788, -77.8725834915965
20231116_S01_to_S02, 1, 4249, 1700098726.5484931, 166.81462122188407, -77.87258348641406
20231116_S01_to_S02, 1, 4250, 1700098726.6487396, 166.81460890775242, -77.87258348123173
20231116_S01_to_S02, 1, 4251, 1700098726.7489874, 166.81459659344503, -77.87258347604931
20231116_S01_to_S02, 1, 4252, 1700098726.8492346, 166.8145842792257, -77.87258347086696
20231116_S01_to_S02, 1, 4253, 1700098726.9494824, 166.81457196491883, -77.87258346568457
20231116_S01_to_S02, 1, 4254, 1700098727.0653543, 166.8145577313761, -77.87258345969445
20231116_S01_to_S02, 1, 4255, 1700098727.1656027, 166.814545417011, -77.87258345451203
20231116_S01_to_S02, 1, 4256, 1700098727.2658498, 166.81453310279238, -77.87258344932964
20231116_S01_to_S02, 1, 4257, 1700098727.3660977, 166.81452078848596, -77.87258344414725
20231116_S01_to_S02, 1, 4258, 1700098727.4663458, 166.81450847415022, -77.87258343896482
20231116_S01_to_S02, 1, 4259, 1700098727.5666046, 166.81449615849644, -77.87258343378184
20231116_S01_to_S02, 1, 4260, 1700098727.682467, 166.81448192612527, -77.87258342779225
20231116_S01_to_S02, 1, 4261, 1700098727.7827199, 166.81446961120332, -77.87258342260958
20231116_S01_to_S02, 1, 4262, 1700098727.8829672, 166.8144572969547, -77.87258341742721
20231116_S01_to_S02, 1, 4263, 1700098727.983215, 166.81444498264722, -77.87258341224482
20231116_S01_to_S02, 1, 4264, 1700098728.0834744, 166.81443266693375, -77.87258340706181
20231116_S01_to_S02, 1, 4265, 1700098728.199337, 166.81441843453194, -77.8725834010722
20231116_S01_to_S02, 1, 4266, 1700098728.2995858, 166.81440612010684, -77.87258339588975
20231116_S01_to_S02, 1, 4267, 1700098728.3998346, 166.81439380568176, -77.87258339070729
20231116_S01_to_S02, 1, 4268, 1700098728.5000842, 166.8143814911688, -77.8725833855248
20231116_S01_to_S02, 1, 4269, 1700098728.6003313, 166.81436917694884, -77.87258338034245
20231116_S01_to_S02, 1, 4270, 1700098728.7005928, 166.81435686097186, -77.87258337515935
20231116_S01_to_S02, 1, 4271, 1700098728.8164568, 166.81434262839483, -77.87258336916966
20231116_S01_to_S02, 1, 4272, 1700098728.9167075, 166.8143303137363, -77.87258336398712
20231116_S01_to_S02, 1, 4273, 1700098729.0234613, 166.8143172002458, -77.87258335846838
20231116_S01_to_S02, 1, 4274, 1700098729.1237125, 166.81430488552954, -77.8725833532858
20231116_S01_to_S02, 1, 4275, 1700098729.2239609, 166.81429257116514, -77.87258334810338
20231116_S01_to_S02, 1, 4276, 1700098729.3242261, 166.8142802547218, -77.8725833429201
20231116_S01_to_S02, 1, 4277, 1700098729.4244916, 166.8142679382494, -77.87258333773677
20231116_S01_to_S02, 1, 4278, 1700098729.52475, 166.81425562265582, -77.87258333255382
20231116_S01_to_S02, 1, 4279, 1700098729.6406474, 166.81424138598155, -77.8725833265624
20231116_S01_to_S02, 1, 4280, 1700098729.740897, 166.81422907147157, -77.8725833213799
20231116_S01_to_S02, 1, 4281, 1700098729.8411443, 166.81421675722504, -77.87258331619753
20231116_S01_to_S02, 1, 4282, 1700098729.9413922, 166.81420444291967, -77.87258331101512
20231116_S01_to_S02, 1, 4283, 1700098730.0416396, 166.8141921286727, -77.87258330583275
20231116_S01_to_S02, 1, 4284, 1700098730.141898, 166.81417981307823, -77.87258330064982
20231116_S01_to_S02, 1, 4285, 1700098730.2577605, 166.8141655806784, -77.87258329466019
20231116_S01_to_S02, 1, 4286, 1700098730.3580074, 166.81415326648917, -77.87258328947784
20231116_S01_to_S02, 1, 4287, 1700098730.4582548, 166.81414095224116, -77.87258328429546
20231116_S01_to_S02, 1, 4288, 1700098730.5585024, 166.81412863796368, -77.87258327911309
20231116_S01_to_S02, 1, 4289, 1700098730.65875, 166.8141163236859, -77.87258327393067
20231116_S01_to_S02, 1, 4290, 1700098730.759011, 166.81410400776792, -77.8725832687476
20231116_S01_to_S02, 1, 4291, 1700098730.8748724, 166.81408977551308, -77.87258326275804
20231116_S01_to_S02, 1, 4292, 1700098730.9751203, 166.81407746120547, -77.87258325757563
20231116_S01_to_S02, 1, 4293, 1700098731.0753682, 166.81406514689783, -77.87258325239324
20231116_S01_to_S02, 1, 4294, 1700098731.1756158, 166.81405283261932, -77.87258324721084
20231116_S01_to_S02, 1, 4295, 1700098731.2758744, 166.81404051699366, -77.8725832420279
20231116_S01_to_S02, 1, 4296, 1700098731.3917356, 166.8140262847677, -77.87258323603837
20231116_S01_to_S02, 1, 4297, 1700098731.4919837, 166.81401397043066, -77.87258323085592
20231116_S01_to_S02, 1, 4298, 1700098731.5922315, 166.81400165612308, -77.87258322567354
20231116_S01_to_S02, 1, 4299, 1700098731.6924794, 166.81398934181564, -77.87258322049114
20231116_S01_to_S02, 1, 4300, 1700098731.792728, 166.81397702742055, -77.8725832153087
20231116_S01_to_S02, 1, 4301, 1700098731.8929896, 166.81396471141488, -77.87258321012558
20231116_S01_to_S02, 1, 4302, 1700098732.008853, 166.81395047892656, -77.87258320413592
20231116_S01_to_S02, 1, 4303, 1700098732.1091018, 166.81393816450293, -77.87258319895348
20231116_S01_to_S02, 1, 4304, 1700098732.2093503, 166.81392585010872, -77.87258319377105
20231116_S01_to_S02, 1, 4305, 1700098732.3096, 166.81391353556816, -77.87258318858852
20231116_S01_to_S02, 1, 4306, 1700098732.409859, 166.8139012199148, -77.87258318340558
20231116_S01_to_S02, 1, 4307, 1700098732.5101068, 166.81388890560862, -77.87258317822317
20231116_S01_to_S02, 1, 4308, 1700098732.62597, 166.81387467315017, -77.87258317223356
20231116_S01_to_S02, 1, 4309, 1700098732.726219, 166.81386235869746, -77.87258316705108
20231116_S01_to_S02, 1, 4310, 1700098732.8329725, 166.8138492452366, -77.87258316153236
20231116_S01_to_S02, 1, 4311, 1700098732.9332242, 166.81383693046143, -77.87258315634978
20231116_S01_to_S02, 1, 4312, 1700098733.03349, 166.81382461395822, -77.87258315116642
20231116_S01_to_S02, 1, 4313, 1700098733.133756, 166.81381229742556, -77.87258314598309
20231116_S01_to_S02, 1, 4314, 1700098733.2340047, 166.81379998300147, -77.87258314080063
20231116_S01_to_S02, 1, 4315, 1700098733.3342621, 166.813787667523, -77.87258313561773
20231116_S01_to_S02, 1, 4316, 1700098733.4501615, 166.813773430612, -77.87258312962622
20231116_S01_to_S02, 1, 4317, 1700098733.5504096, 166.8137611162757, -77.8725831244438
20231116_S01_to_S02, 1, 4318, 1700098733.6506572, 166.81374880199803, -77.8725831192614
20231116_S01_to_S02, 1, 4319, 1700098733.7509043, 166.81373648777898, -77.87258311407903
20231116_S01_to_S02, 1, 4320, 1700098733.8511631, 166.813724172125, -77.87258310889607
20231116_S01_to_S02, 1, 4321, 1700098733.9670258, 166.81370993972456, -77.87258310290645
20231116_S01_to_S02, 1, 4322, 1700098734.0672727, 166.81369762553524, -77.8725830977241
20231116_S01_to_S02, 1, 4323, 1700098734.167522, 166.8136853110532, -77.87258309254162
20231116_S01_to_S02, 1, 4324, 1700098734.267769, 166.81367299683492, -77.87258308735926
20231116_S01_to_S02, 1, 4325, 1700098734.3680155, 166.8136606827046, -77.87258308217694
20231116_S01_to_S02, 1, 4326, 1700098734.4682732, 166.81364836719783, -77.87258307699405
20231116_S01_to_S02, 1, 4327, 1700098734.5841346, 166.81363413494444, -77.87258307100447
20231116_S01_to_S02, 1, 4328, 1700098734.6843822, 166.81362182066752, -77.8725830658221
20231116_S01_to_S02, 1, 4329, 1700098734.7846296, 166.8136095064196, -77.87258306063973
20231116_S01_to_S02, 1, 4330, 1700098734.8848772, 166.81359719214214, -77.87258305545734
20231116_S01_to_S02, 1, 4331, 1700098734.9851255, 166.8135848777765, -77.8725830502749
20231116_S01_to_S02, 1, 4332, 1700098735.085383, 166.81357256229765, -77.87258304509203
20231116_S01_to_S02, 1, 4333, 1700098735.2012448, 166.813558329984, -77.87258303910242
20231116_S01_to_S02, 1, 4334, 1700098735.3014934, 166.81354601558843, -77.87258303392
20231116_S01_to_S02, 1, 4335, 1700098735.4017406, 166.8135337013684, -77.87258302873761
20231116_S01_to_S02, 1, 4336, 1700098735.5019894, 166.81352138694336, -77.87258302355518
20231116_S01_to_S02, 1, 4337, 1700098735.6022372, 166.81350907263547, -77.87258301837277
20231116_S01_to_S02, 1, 4338, 1700098735.71811, 166.81349483897438, -77.87258301238262
20231116_S01_to_S02, 1, 4339, 1700098735.818359, 166.8134825245495, -77.87258300720016
20231116_S01_to_S02, 1, 4340, 1700098735.918608, 166.81347021009555, -77.87258300201769
20231116_S01_to_S02, 1, 4341, 1700098736.0188587, 166.8134578954367, -77.87258299683512
20231116_S01_to_S02, 1, 4342, 1700098736.1191075, 166.81344558101245, -77.87258299165269
20231116_S01_to_S02, 1, 4343, 1700098736.219367, 166.81343326527033, -77.87258298646967
20231116_S01_to_S02, 1, 4344, 1700098736.3352308, 166.81341903272323, -77.87258298047999
20231116_S01_to_S02, 1, 4345, 1700098736.4354806, 166.81340671818225, -77.87258297529749
20231116_S01_to_S02, 1, 4346, 1700098736.5422325, 166.8133936049263, -77.87258296977888
20231116_S01_to_S02, 1, 4347, 1700098736.6424818, 166.81338129044417, -77.87258296459639
20231116_S01_to_S02, 1, 4348, 1700098736.7427294, 166.8133689761672, -77.872582959414
20231116_S01_to_S02, 1, 4349, 1700098736.8429794, 166.81335666159745, -77.87258295423149
20231116_S01_to_S02, 1, 4350, 1700098736.9432476, 166.81334434480206, -77.87258294904804
20231116_S01_to_S02, 1, 4351, 1700098737.0435054, 166.81333202926606, -77.87258294386511
20231116_S01_to_S02, 1, 4352, 1700098737.1594036, 166.8133177925028, -77.87258293787366
20231116_S01_to_S02, 1, 4353, 1700098737.2596514, 166.81330547819695, -77.87258293269126
20231116_S01_to_S02, 1, 4354, 1700098737.3598988, 166.81329316394968, -77.87258292750889
20231116_S01_to_S02, 1, 4355, 1700098737.4601476, 166.81328084952665, -77.87258292232646
20231116_S01_to_S02, 1, 4356, 1700098737.560394, 166.81326853539642, -77.87258291714411
20231116_S01_to_S02, 1, 4357, 1700098737.660653, 166.81325621971385, -77.87258291196115
20231116_S01_to_S02, 1, 4358, 1700098737.7765145, 166.81324198746034, -77.87258290597158
20231116_S01_to_S02, 1, 4359, 1700098737.8767617, 166.8132296732418, -77.87258290078921
20231116_S01_to_S02, 1, 4360, 1700098737.9770095, 166.81321735893528, -77.87258289560684
20231116_S01_to_S02, 1, 4361, 1700098738.0772576, 166.81320504459927, -77.8725828904244
20231116_S01_to_S02, 1, 4362, 1700098738.1775157, 166.8131927290331, -77.87258288524148
20231116_S01_to_S02, 1, 4363, 1700098738.2933779, 166.8131784966909, -77.87258287925188
20231116_S01_to_S02, 1, 4364, 1700098738.393626, 166.81316618235462, -77.87258287406947
20231116_S01_to_S02, 1, 4365, 1700098738.4938753, 166.81315386787193, -77.87258286888702
20231116_S01_to_S02, 1, 4366, 1700098738.5941224, 166.81314155365277, -77.87258286370464
20231116_S01_to_S02, 1, 4367, 1700098738.6943707, 166.81312923928724, -77.87258285852222
20231116_S01_to_S02, 1, 4368, 1700098738.7946284, 166.81311692377957, -77.87258285333931
20231116_S01_to_S02, 1, 4369, 1700098738.9104898, 166.81310269152542, -77.87258284734973
20231116_S01_to_S02, 1, 4370, 1700098739.010738, 166.81309037718947, -77.87258284216732
20231116_S01_to_S02, 1, 4371, 1700098739.1109865, 166.8130780627951, -77.87258283698489
20231116_S01_to_S02, 1, 4372, 1700098739.211235, 166.8130657484009, -77.87258283180242
20231116_S01_to_S02, 1, 4373, 1700098739.311483, 166.81305343409477, -77.87258282662005
20231116_S01_to_S02, 1, 4374, 1700098739.411741, 166.8130411185293, -77.87258282143709
20231116_S01_to_S02, 1, 4375, 1700098739.527603, 166.8130268862174, -77.87258281544753
20231116_S01_to_S02, 1, 4376, 1700098739.627851, 166.81301457188187, -77.87258281026509
20231116_S01_to_S02, 1, 4377, 1700098739.7280986, 166.81300225760478, -77.8725828050827
20231116_S01_to_S02, 1, 4378, 1700098739.8283494, 166.81298994294679, -77.87258279990016
20231116_S01_to_S02, 1, 4379, 1700098739.928599, 166.81297762840566, -77.87258279471763
20231116_S01_to_S02, 1, 4380, 1700098740.0444736, 166.81296339454047, -77.87258278872743
20231116_S01_to_S02, 1, 4381, 1700098740.144725, 166.8129510797939, -77.87258278354484
20231116_S01_to_S02, 1, 4382, 1700098740.244975, 166.81293876522287, -77.87258277836231
20231116_S01_to_S02, 1, 4383, 1700098740.3517275, 166.8129256519072, -77.87258277284367
20231116_S01_to_S02, 1, 4384, 1700098740.451976, 166.8129133375117, -77.87258276766123
20231116_S01_to_S02, 1, 4385, 1700098740.5522413, 166.81290102106607, -77.8725827624779
20231116_S01_to_S02, 1, 4386, 1700098740.652507, 166.81288870456189, -77.87258275729461
20231116_S01_to_S02, 1, 4387, 1700098740.752768, 166.81287638864345, -77.87258275211154
20231116_S01_to_S02, 1, 4388, 1700098740.8686478, 166.8128621541333, -77.87258274612101
20231116_S01_to_S02, 1, 4389, 1700098740.9688957, 166.8128498398259, -77.87258274093864
20231116_S01_to_S02, 1, 4390, 1700098741.0691438, 166.8128375254893, -77.87258273575621
20231116_S01_to_S02, 1, 4391, 1700098741.169391, 166.81282521126997, -77.87258273057385
20231116_S01_to_S02, 1, 4392, 1700098741.2696383, 166.81281289702144, -77.87258272539147
20231116_S01_to_S02, 1, 4393, 1700098741.3698978, 166.81280058127945, -77.87258272020848
20231116_S01_to_S02, 1, 4394, 1700098741.4857705, 166.8127863476487, -77.87258271421832
20231116_S01_to_S02, 1, 4395, 1700098741.5860054, 166.81277403492354, -77.8725827090366
20231116_S01_to_S02, 1, 4396, 1700098741.6862533, 166.8127617206169, -77.87258270385419
20231116_S01_to_S02, 1, 4397, 1700098741.7865007, 166.81274940636902, -77.87258269867182
20231116_S01_to_S02, 1, 4398, 1700098741.8867526, 166.81273709156474, -77.8725826934892
20231116_S01_to_S02, 1, 4399, 1700098741.9870129, 166.81272477573555, -77.87258268830617
20231116_S01_to_S02, 1, 4400, 1700098742.102871, 166.81271054389205, -77.87258268231679
20231116_S01_to_S02, 1, 4401, 1700098742.2031207, 166.8126982293515, -77.87258267713426
20231116_S01_to_S02, 1, 4402, 1700098742.3033671, 166.81268591522098, -77.87258267195196
20231116_S01_to_S02, 1, 4403, 1700098742.4036171, 166.81267360065098, -77.87258266676943
20231116_S01_to_S02, 1, 4404, 1700098742.503872, 166.81266128549515, -77.87258266158668
20231116_S01_to_S02, 1, 4405, 1700098742.6197326, 166.81264705332904, -77.87258265559716
20231116_S01_to_S02, 1, 4406, 1700098742.7199807, 166.81263473899276, -77.87258265041473
20231116_S01_to_S02, 1, 4407, 1700098742.8202286, 166.81262242468557, -77.87258264523233
20231116_S01_to_S02, 1, 4408, 1700098742.9204757, 166.81261011046595, -77.87258264004996
20231116_S01_to_S02, 1, 4409, 1700098743.0207236, 166.81259779615823, -77.87258263486758
20231116_S01_to_S02, 1, 4410, 1700098743.1209824, 166.81258548050306, -77.8725826296846
20231116_S01_to_S02, 1, 4411, 1700098743.2368565, 166.8125712466953, -77.8725826236944
20231116_S01_to_S02, 1, 4412, 1700098743.3370936, 166.81255893370513, -77.87258261851254
20231116_S01_to_S02, 1, 4413, 1700098743.4373422, 166.81254661930933, -77.87258261333011
20231116_S01_to_S02, 1, 4414, 1700098743.53759, 166.8125343050015, -77.87258260814772
20231116_S01_to_S02, 1, 4415, 1700098743.6378508, 166.81252198911235, -77.87258260296464
20231116_S01_to_S02, 1, 4416, 1700098743.7537248, 166.81250775530546, -77.87258259697444
20231116_S01_to_S02, 1, 4417, 1700098743.8539808, 166.81249544000283, -77.87258259179163
20231116_S01_to_S02, 1, 4418, 1700098743.9542308, 166.81248312543283, -77.87258258660911
20231116_S01_to_S02, 1, 4419, 1700098744.0609825, 166.81247001220686, -77.87258258109048
20231116_S01_to_S02, 1, 4420, 1700098744.1612315, 166.81245769775524, -77.87258257590803
20231116_S01_to_S02, 1, 4421, 1700098744.2614977, 166.81244538119546, -77.87258257072469
20231116_S01_to_S02, 1, 4422, 1700098744.361762, 166.81243306487033, -77.87258256554144
20231116_S01_to_S02, 1, 4423, 1700098744.4620202, 166.8124207493067, -77.87258256035851
20231116_S01_to_S02, 1, 4424, 1700098744.5779169, 166.8124065127208, -77.8725825543671
20231116_S01_to_S02, 1, 4425, 1700098744.678164, 166.8123941985038, -77.87258254918476
20231116_S01_to_S02, 1, 4426, 1700098744.7784107, 166.81238188434463, -77.87258254400241
20231116_S01_to_S02, 1, 4427, 1700098744.8786592, 166.8123695699503, -77.87258253881997
20231116_S01_to_S02, 1, 4428, 1700098744.9789054, 166.81235725584784, -77.87258253363764
20231116_S01_to_S02, 1, 4429, 1700098745.0791638, 166.81234494025085, -77.87258252845469
20231116_S01_to_S02, 1, 4430, 1700098745.1950252, 166.81233070799425, -77.87258252246514
20231116_S01_to_S02, 1, 4431, 1700098745.2952726, 166.8123183937434, -77.87258251728277
20231116_S01_to_S02, 1, 4432, 1700098745.3955207, 166.81230607940455, -77.87258251210034
20231116_S01_to_S02, 1, 4433, 1700098745.4957678, 166.8122937651829, -77.87258250691798
20231116_S01_to_S02, 1, 4434, 1700098745.5960155, 166.81228145090276, -77.87258250173558
20231116_S01_to_S02, 1, 4435, 1700098745.6962738, 166.81226913530512, -77.87258249655264
20231116_S01_to_S02, 1, 4436, 1700098745.8121355, 166.81225490301992, -77.87258249056309
20231116_S01_to_S02, 1, 4437, 1700098745.9123838, 166.81224258865385, -77.87258248538065
20231116_S01_to_S02, 1, 4438, 1700098746.012631, 166.81223027443502, -77.87258248019828
20231116_S01_to_S02, 1, 4439, 1700098746.1128793, 166.81221796007048, -77.87258247501586
20231116_S01_to_S02, 1, 4440, 1700098746.2131267, 166.81220564582364, -77.87258246983347
20231116_S01_to_S02, 1, 4441, 1700098746.329001, 166.81219141199017, -77.87258246384327
20231116_S01_to_S02, 1, 4442, 1700098746.429249, 166.81217909765635, -77.87258245866083
20231116_S01_to_S02, 1, 4443, 1700098746.5294967, 166.81216678338131, -77.87258245347846
20231116_S01_to_S02, 1, 4444, 1700098746.6297438, 166.81215446916497, -77.8725824482961
20231116_S01_to_S02, 1, 4445, 1700098746.729993, 166.81214215468503, -77.87258244311364
20231116_S01_to_S02, 1, 4446, 1700098746.8302424, 166.81212984020493, -77.87258243793113
20231116_S01_to_S02, 1, 4447, 1700098746.9461148, 166.8121156066061, -77.87258243194101
20231116_S01_to_S02, 1, 4448, 1700098747.0463781, 166.81210329039754, -77.87258242675782
20231116_S01_to_S02, 1, 4449, 1700098747.1466162, 166.81209097729317, -77.8725824215759
20231116_S01_to_S02, 1, 4450, 1700098747.2468643, 166.8120786629585, -77.87258241639348
20231116_S01_to_S02, 1, 4451, 1700098747.3471138, 166.8120663484478, -77.872582411211
20231116_S01_to_S02, 1, 4452, 1700098747.447375, 166.8120540325018, -77.87258240602793
20231116_S01_to_S02, 1, 4453, 1700098747.563237, 166.81203980018967, -77.87258240003833
20231116_S01_to_S02, 1, 4454, 1700098747.663488, 166.81202748550243, -77.87258239485577
20231116_S01_to_S02, 1, 4455, 1700098747.77024, 166.81201437221682, -77.87258238933711
20231116_S01_to_S02, 1, 4456, 1700098747.8704884, 166.81200205785112, -77.8725823841547
20231116_S01_to_S02, 1, 4457, 1700098747.970737, 166.81198974345588, -77.87258237897227
20231116_S01_to_S02, 1, 4458, 1700098748.0710018, 166.81197742706888, -77.87258237378899
20231116_S01_to_S02, 1, 4459, 1700098748.1712663, 166.811965110711, -77.87258236860572
20231116_S01_to_S02, 1, 4460, 1700098748.2715242, 166.811952795173, -77.8725823634228
20231116_S01_to_S02, 1, 4461, 1700098748.3874233, 166.81193855829005, -77.87258235743128
20231116_S01_to_S02, 1, 4462, 1700098748.4876704, 166.8119262440698, -77.87258235224893
20231116_S01_to_S02, 1, 4463, 1700098748.5879183, 166.81191392976177, -77.87258234706651
20231116_S01_to_S02, 1, 4464, 1700098748.6881654, 166.81190161554164, -77.87258234188417
20231116_S01_to_S02, 1, 4465, 1700098748.7884245, 166.81188929985728, -77.8725823367012
20231116_S01_to_S02, 1, 4466, 1700098748.9042852, 166.81187506768993, -77.87258233071168
20231116_S01_to_S02, 1, 4467, 1700098749.0045319, 166.8118627535288, -77.87258232552932
20231116_S01_to_S02, 1, 4468, 1700098749.1047807, 166.81185043910443, -77.8725823203469
20231116_S01_to_S02, 1, 4469, 1700098749.2050278, 166.8118381248853, -77.87258231516452
20231116_S01_to_S02, 1, 4470, 1700098749.3052757, 166.81182581057857, -77.87258230998214
20231116_S01_to_S02, 1, 4471, 1700098749.4055333, 166.8118134950711, -77.87258230479921
20231116_S01_to_S02, 1, 4472, 1700098749.5213957, 166.81179926269994, -77.87258229880962
20231116_S01_to_S02, 1, 4473, 1700098749.621643, 166.81178694845164, -77.87258229362723
20231116_S01_to_S02, 1, 4474, 1700098749.7218914, 166.81177463408596, -77.8725822884448
20231116_S01_to_S02, 1, 4475, 1700098749.822139, 166.81176231980777, -77.87258228326242
20231116_S01_to_S02, 1, 4476, 1700098749.9223866, 166.81175000552912, -77.87258227808002
20231116_S01_to_S02, 1, 4477, 1700098750.0226455, 166.81173768987358, -77.87258227289708
20231116_S01_to_S02, 1, 4478, 1700098750.1385078, 166.81172345750005, -77.87258226690746
20231116_S01_to_S02, 1, 4479, 1700098750.238755, 166.81171114327896, -77.8725822617251
20231116_S01_to_S02, 1, 4480, 1700098750.3390036, 166.81169882888193, -77.87258225654264
20231116_S01_to_S02, 1, 4481, 1700098750.439254, 166.8116865142506, -77.87258225136013
20231116_S01_to_S02, 1, 4482, 1700098750.5395117, 166.81167419874066, -77.8725822461772
20231116_S01_to_S02, 1, 4483, 1700098750.6553745, 166.81165996630824, -77.87258224018758
20231116_S01_to_S02, 1, 4484, 1700098750.755624, 166.81164765179446, -77.8725822350051
20231116_S01_to_S02, 1, 4485, 1700098750.8558736, 166.81163533728102, -77.87258222982261
20231116_S01_to_S02, 1, 4486, 1700098750.9561236, 166.81162302270926, -77.87258222464008
20231116_S01_to_S02, 1, 4487, 1700098751.0563715, 166.81161070840156, -77.87258221945768
20231116_S01_to_S02, 1, 4488, 1700098751.1566334, 166.81159839236625, -77.87258221427456
20231116_S01_to_S02, 1, 4489, 1700098751.2724967, 166.81158415987747, -77.8725822082849
20231116_S01_to_S02, 1, 4490, 1700098751.3647277, 166.8115728303462, -77.87258220351693
20231116_S01_to_S02, 1, 4491, 1700098751.4649847, 166.81156051492678, -77.87258219833404
20231116_S01_to_S02, 1, 4492, 1700098751.5808473, 166.81154628252682, -77.87258219234442
20231116_S01_to_S02, 1, 4493, 1700098751.681095, 166.81153396825005, -77.87258218716201
20231116_S01_to_S02, 1, 4494, 1700098751.781342, 166.81152165403208, -77.87258218197968
20231116_S01_to_S02, 1, 4495, 1700098751.8815908, 166.81150933960922, -77.87258217679721
20231116_S01_to_S02, 1, 4496, 1700098751.981852, 166.8114970236636, -77.87258217161411
20231116_S01_to_S02, 1, 4497, 1700098752.0977125, 166.81148279152822, -77.8725821656246
20231116_S01_to_S02, 1, 4498, 1700098752.1979594, 166.81147047734, -77.87258216044226
20231116_S01_to_S02, 1, 4499, 1700098752.2982183, 166.8114581616875, -77.8725821552593
