# folder, file_index, meas_index, Unix_time_NZ, GPS_lon, GPS_lat, snow_depth
20231116_S01_to_S02, 1, 1000, 1700098391.8689866, 166.85270354026727, -77.87236963335748
20231116_S01_to_S02, 1, 1001, 1700098391.9692376, 166.85269804178648, -77.87237250285673
20231116_S01_to_S02, 1, 1002, 1700098392.069486, 166.85269121567322, -77.87237420345498
20231116_S01_to_S02, 1, 1003, 1700098392.169733, 166.85268375576516, -77.87237496875555
20231116_S01_to_S02, 1, 1004, 1700098392.2699802, 166.852676355831, -77.87237503229217
20231116_S01_to_S02, 1, 1005, 1700098392.3702385, 166.8526697090394, -77.87237462750917
20231116_S01_to_S02, 1, 1006, 1700098392.4861016, 166.85266387623759, -77.87237388238582
20231116_S01_to_S02, 1, 1007, 1700098392.5863485, 166.85266121563086, -77.87237326251771
20231116_S01_to_S02, 1, 1008, 1700098392.6865969, 166.85266149854536, -77.87237291131049
20231116_S01_to_S02, 1, 1009, 1700098392.786844, 166.85266541883385, -77.87237306228347
20231116_S01_to_S02, 1, 1010, 1700098392.8870919, 166.85267359922017, -77.87237392743089
20231116_S01_to_S02, 1, 1011, 1700098392.9873512, 166.85268549978267, -77.87237536705088
20231116_S01_to_S02, 1, 1012, 1700098393.1032135, 166.8527019292311, -77.87237718609404
20231116_S01_to_S02, 1, 1013, 1700098393.2034626, 166.8527167385202, -77.87237840082935
20231116_S01_to_S02, 1, 1014, 1700098393.303709, 166.8527305007067, -77.87237882440287
20231116_S01_to_S02, 1, 1015, 1700098393.4039574, 166.8527416976293, -77.87237802152195
20231116_S01_to_S02, 1, 1016, 1700098393.5042064, 166.8527488102292, -77.87237555681891
20231116_S01_to_S02, 1, 1017, 1700098393.6044686, 166.85275031933284, -77.87237099420615
20231116_S01_to_S02, 1, 1018, 1700098393.7203326, 166.85274309178297, -77.87236253829063
20231116_S01_to_S02, 1, 1019, 1700098393.8205826, 166.85272735395458, -77.87235197410885
20231116_S01_to_S02, 1, 1020, 1700098393.9273345, 166.85269912920162, -77.87233689833181
20231116_S01_to_S02, 1, 1021, 1700098394.0275834, 166.85266025417232, -77.87231868845188
20231116_S01_to_S02, 1, 1022, 1700098394.1278498, 166.8526078681356, -77.87229611355357
20231116_S01_to_S02, 1, 1023, 1700098394.228118, 166.8525430097105, -77.87226947602797
20231116_S01_to_S02, 1, 1024, 1700098394.3283665, 166.85247101762283, -77.87224031764946
20231116_S01_to_S02, 1, 1025, 1700098394.4286246, 166.8523976111229, -77.8722102856188
20231116_S01_to_S02, 1, 1026, 1700098394.5445213, 166.85231852398164, -77.87217665380327
20231116_S01_to_S02, 1, 1027, 1700098394.6447687, 166.85226161347725, -77.87215037831415
20231116_S01_to_S02, 1, 1028, 1700098394.7450185, 166.85222140349444, -77.87212845457144
20231116_S01_to_S02, 1, 1029, 1700098394.845265, 166.85220362212743, -77.87211253544316
20231116_S01_to_S02, 1, 1030, 1700098394.9455218, 166.85221115951796, -77.87210349138513
20231116_S01_to_S02, 1, 1031, 1700098395.0613964, 166.85224657341655, -77.87210037566105
20231116_S01_to_S02, 1, 1032, 1700098395.1616287, 166.8522951228313, -77.87210269033515
20231116_S01_to_S02, 1, 1033, 1700098395.2618766, 166.85235549780836, -77.87210841389464
20231116_S01_to_S02, 1, 1034, 1700098395.3621244, 166.85242312363582, -77.87211636765925
20231116_S01_to_S02, 1, 1035, 1700098395.4623725, 166.85249343212593, -77.87212537300425
20231116_S01_to_S02, 1, 1036, 1700098395.5626335, 166.85256186320802, -77.87213425233949
20231116_S01_to_S02, 1, 1037, 1700098395.6784909, 166.85263260298095, -77.87214280995022
20231116_S01_to_S02, 1, 1038, 1700098395.7787397, 166.85268141982993, -77.87214740477171
20231116_S01_to_S02, 1, 1039, 1700098395.8789878, 166.85271408521965, -77.87214819805185
20231116_S01_to_S02, 1, 1040, 1700098395.9792392, 166.8527296775752, -77.87214509684219
20231116_S01_to_S02, 1, 1041, 1700098396.0794969, 166.85273076744383, -77.87213904843992
20231116_S01_to_S02, 1, 1042, 1700098396.1953602, 166.8527175308454, -77.8721296890637
20231116_S01_to_S02, 1, 1043, 1700098396.295608, 166.85269662498396, -77.87212066696344
20231116_S01_to_S02, 1, 1044, 1700098396.3958554, 166.85266981444204, -77.8721118320867
20231116_S01_to_S02, 1, 1045, 1700098396.4961038, 166.8526398227224, -77.87210417729645
20231116_S01_to_S02, 1, 1046, 1700098396.5963504, 166.85260937450562, -77.872098695744
20231116_S01_to_S02, 1, 1047, 1700098396.696599, 166.85258119263125, -77.87209638022927
20231116_S01_to_S02, 1, 1048, 1700098396.812473, 166.85255501285997, -77.87209895019366
20231116_S01_to_S02, 1, 1049, 1700098396.9127235, 166.8525406090711, -77.87210667861245
20231116_S01_to_S02, 1, 1050, 1700098397.012974, 166.85253364589735, -77.8721192470261
20231116_S01_to_S02, 1, 1051, 1700098397.1132224, 166.85253264045488, -77.87213585358786
20231116_S01_to_S02, 1, 1052, 1700098397.2134821, 166.8525361056706, -77.87215569753553
20231116_S01_to_S02, 1, 1053, 1700098397.3293464, 166.85254372977016, -77.87218160734305
20231116_S01_to_S02, 1, 1054, 1700098397.4295971, 166.85255177145208, -77.87220569061277
20231116_S01_to_S02, 1, 1055, 1700098397.5363505, 166.8525600529175, -77.87223208598334
20231116_S01_to_S02, 1, 1056, 1700098397.636599, 166.85256599617782, -77.87225672985969
20231116_S01_to_S02, 1, 1057, 1700098397.7368653, 166.85256864392616, -77.87228041833527
20231116_S01_to_S02, 1, 1058, 1700098397.8371296, 166.85256650678596, -77.87230234281523
20231116_S01_to_S02, 1, 1059, 1700098397.9373813, 166.85255862501404, -77.87232189733565
20231116_S01_to_S02, 1, 1060, 1700098398.0532734, 166.85254362955231, -77.87234172135774
20231116_S01_to_S02, 1, 1061, 1700098398.1535215, 166.8525271386082, -77.87235678647396
20231116_S01_to_S02, 1, 1062, 1700098398.253769, 166.8525088391913, -77.87237021886068
20231116_S01_to_S02, 1, 1063, 1700098398.3540165, 166.85249011544406, -77.87238230334397
20231116_S01_to_S02, 1, 1064, 1700098398.4542644, 166.85247235167242, -77.87239332460199
20231116_S01_to_S02, 1, 1065, 1700098398.5545216, 166.8524569309562, -77.87240356821599
20231116_S01_to_S02, 1, 1066, 1700098398.6703835, 166.85244384489957, -77.87241480937391
20231116_S01_to_S02, 1, 1067, 1700098398.7706308, 166.85243818860593, -77.87242434199237
20231116_S01_to_S02, 1, 1068, 1700098398.8708787, 166.85243924528214, -77.87243399452245
20231116_S01_to_S02, 1, 1069, 1700098398.9711268, 166.8524483993154, -77.8724440516321
20231116_S01_to_S02, 1, 1070, 1700098399.0713732, 166.8524670346385, -77.87245479780314
20231116_S01_to_S02, 1, 1071, 1700098399.1716316, 166.852496259838, -77.87246645396438
20231116_S01_to_S02, 1, 1072, 1700098399.287493, 166.85254060569866, -77.87248039468636
20231116_S01_to_S02, 1, 1073, 1700098399.3877397, 166.85258387932524, -77.872491829233
20231116_S01_to_S02, 1, 1074, 1700098399.4879878, 166.85262774335555, -77.87250171654951
20231116_S01_to_S02, 1, 1075, 1700098399.5882354, 166.85266843216988, -77.87250913873055
20231116_S01_to_S02, 1, 1076, 1700098399.6884937, 166.85270218429417, -77.87251317835168
20231116_S01_to_S02, 1, 1077, 1700098399.8043551, 166.8527276093894, -77.87251242960207
20231116_S01_to_S02, 1, 1078, 1700098399.9046035, 166.85273415260718, -77.87250620961106
20231116_S01_to_S02, 1, 1079, 1700098400.0048509, 166.85272700393966, -77.8724951266869
20231116_S01_to_S02, 1, 1080, 1700098400.1050992, 166.8527087017024, -77.87248000294313
20231116_S01_to_S02, 1, 1081, 1700098400.2053509, 166.85268179038331, -77.87246166207719
20231116_S01_to_S02, 1, 1082, 1700098400.3212192, 166.85264329851978, -77.87243753714527
20231116_S01_to_S02, 1, 1083, 1700098400.4214692, 166.85260648906214, -77.87241506630897
20231116_S01_to_S02, 1, 1084, 1700098400.5217197, 166.85256910456343, -77.87239198015472
20231116_S01_to_S02, 1, 1085, 1700098400.6219676, 166.85253369172744, -77.87236910369707
20231116_S01_to_S02, 1, 1086, 1700098400.7222178, 166.8525027943673, -77.87234726009297
20231116_S01_to_S02, 1, 1087, 1700098400.8224773, 166.85247895719178, -77.87232727246612
20231116_S01_to_S02, 1, 1088, 1700098400.9383392, 166.8524627634141, -77.8723074070062
20231116_S01_to_S02, 1, 1089, 1700098401.038589, 166.85245832017227, -77.87229329856767
20231116_S01_to_S02, 1, 1090, 1700098401.138838, 166.85246195615076, -77.87228219410648
20231116_S01_to_S02, 1, 1091, 1700098401.2455924, 166.8524738585889, -77.8722738277791
20231116_S01_to_S02, 1, 1092, 1700098401.3458412, 166.85249177672205, -77.87226936584615
20231116_S01_to_S02, 1, 1093, 1700098401.4461093, 166.8525154541119, -77.87226833394578
20231116_S01_to_S02, 1, 1094, 1700098401.546375, 166.85254412816914, -77.87227087224193
20231116_S01_to_S02, 1, 1095, 1700098401.6466348, 166.85257703837243, -77.872277119261
20231116_S01_to_S02, 1, 1096, 1700098401.7625344, 166.85261936839765, -77.87228914475978
20231116_S01_to_S02, 1, 1097, 1700098401.8627813, 166.85265882830646, -77.8723038526536
20231116_S01_to_S02, 1, 1098, 1700098401.9630337, 166.85270013542015, -77.87232235586747
20231116_S01_to_S02, 1, 1099, 1700098402.0632782, 166.8527425314746, -77.87234393254492
20231116_S01_to_S02, 1, 1100, 1700098402.1635258, 166.85278526861347, -77.87236782322998
20231116_S01_to_S02, 1, 1101, 1700098402.2637851, 166.8528275979937, -77.8723932687202
20231116_S01_to_S02, 1, 1102, 1700098402.3796463, 166.8528750142721, -77.87242360899877
20231116_S01_to_S02, 1, 1103, 1700098402.479895, 166.85291389002197, -77.87244980636306
20231116_S01_to_S02, 1, 1104, 1700098402.5845459, 166.85295148752212, -77.87247623346416
20231116_S01_to_S02, 1, 1105, 1700098402.684795, 166.85298386369223, -77.87249987740425
20231116_S01_to_S02, 1, 1106, 1700098402.785042, 166.85301191414658, -77.87252111247496
20231116_S01_to_S02, 1, 1107, 1700098402.885289, 166.85303492530747, -77.87253921103706
20231116_S01_to_S02, 1, 1108, 1700098402.9855459, 166.85305294323842, -77.87255411164239
20231116_S01_to_S02, 1, 1109, 1700098403.1014092, 166.85306851652712, -77.87256806604863
20231116_S01_to_S02, 1, 1110, 1700098403.2016568, 166.85307831929143, -77.87257796185351
20231116_S01_to_S02, 1, 1111, 1700098403.301905, 166.85308552297928, -77.87258643794408
20231116_S01_to_S02, 1, 1112, 1700098403.402152, 166.85309089485557, -77.87259406530265
20231116_S01_to_S02, 1, 1113, 1700098403.5023994, 166.85309520235114, -77.87260141512088
20231116_S01_to_S02, 1, 1114, 1700098403.6026576, 166.8530992132394, -77.87260905932567
20231116_S01_to_S02, 1, 1115, 1700098403.7185209, 166.85310448405733, -77.87261900754577
20231116_S01_to_S02, 1, 1116, 1700098403.8187666, 166.8531104643916, -77.87262922630121
20231116_S01_to_S02, 1, 1117, 1700098403.9190145, 166.85311856945265, -77.87264154109745
20231116_S01_to_S02, 1, 1118, 1700098404.019261, 166.85312956630685, -77.8726565225985
20231116_S01_to_S02, 1, 1119, 1700098404.1195087, 166.85314422074427, -77.87267474088492
20231116_S01_to_S02, 1, 1120, 1700098404.235382, 166.8531656118141, -77.87269972627182
20231116_S01_to_S02, 1, 1121, 1700098404.3356302, 166.85318577193942, -77.87272302837853
20231116_S01_to_S02, 1, 1122, 1700098404.4358768, 166.85320515020453, -77.87274609377769
20231116_S01_to_S02, 1, 1123, 1700098404.5361266, 166.85322154615474, -77.87276721195974
20231116_S01_to_S02, 1, 1124, 1700098404.636377, 166.85323275784404, -77.87278467070688
20231116_S01_to_S02, 1, 1125, 1700098404.736637, 166.85323658365814, -77.87279675906338
20231116_S01_to_S02, 1, 1126, 1700098404.8524988, 166.85322892603023, -77.87280179950226
20231116_S01_to_S02, 1, 1127, 1700098404.9527469, 166.85321038823673, -77.87279727030364
20231116_S01_to_S02, 1, 1128, 1700098405.0529954, 166.85318167201297, -77.87278508361018
20231116_S01_to_S02, 1, 1129, 1700098405.1532457, 166.85314394246205, -77.87276605221476
20231116_S01_to_S02, 1, 1130, 1700098405.2534964, 166.85309836554305, -77.87274098932724
20231116_S01_to_S02, 1, 1131, 1700098405.3537571, 166.85304610171264, -77.87271070497664
20231116_S01_to_S02, 1, 1132, 1700098405.4696221, 166.8529789078095, -77.87267027212533
20231116_S01_to_S02, 1, 1133, 1700098405.5698726, 166.8529162113765, -77.87263150781615
20231116_S01_to_S02, 1, 1134, 1700098405.6766255, 166.85284617540964, -77.87258733313237
20231116_S01_to_S02, 1, 1135, 1700098405.7768736, 166.8527785630401, -77.87254398827113
20231116_S01_to_S02, 1, 1136, 1700098405.877141, 166.85271034968085, -77.87249967036678
20231116_S01_to_S02, 1, 1137, 1700098405.9774067, 166.85264286498526, -77.87245537219917
20231116_S01_to_S02, 1, 1138, 1700098406.0776553, 166.85257756488522, -77.87241223296691
20231116_S01_to_S02, 1, 1139, 1700098406.177913, 166.85251588261508, -77.87237137915237
20231116_S01_to_S02, 1, 1140, 1700098406.2938085, 166.85245099681097, -77.872328497735
20231116_S01_to_S02, 1, 1141, 1700098406.3940568, 166.8524020669313, -77.8722964539705
20231116_S01_to_S02, 1, 1142, 1700098406.494305, 166.8523613375549, -77.87227028983375
20231116_S01_to_S02, 1, 1143, 1700098406.594552, 166.85233025903923, -77.87225114302562
20231116_S01_to_S02, 1, 1144, 1700098406.6948097, 166.85231027969235, -77.87224015018917
20231116_S01_to_S02, 1, 1145, 1700098406.810671, 166.85230292091111, -77.87223909669756
20231116_S01_to_S02, 1, 1146, 1700098406.910918, 166.85231140946593, -77.872249260897
20231116_S01_to_S02, 1, 1147, 1700098407.0111666, 166.85233222007844, -77.87226869428488
20231116_S01_to_S02, 1, 1148, 1700098407.1114125, 166.8523628322991, -77.87229560450531
20231116_S01_to_S02, 1, 1149, 1700098407.2116606, 166.85240072556735, -77.87232819950296
20231116_S01_to_S02, 1, 1150, 1700098407.3119187, 166.85244338175028, -77.87236468924345
20231116_S01_to_S02, 1, 1151, 1700098407.4277797, 166.85249529929615, -77.87240935487988
20231116_S01_to_S02, 1, 1152, 1700098407.5280282, 166.85253963067822, -77.87244812893275
20231116_S01_to_S02, 1, 1153, 1700098407.628276, 166.85258076124782, -77.87248513426411
20231116_S01_to_S02, 1, 1154, 1700098407.7285244, 166.85261616950783, -77.87251857800203
20231116_S01_to_S02, 1, 1155, 1700098407.8287828, 166.8526433354647, -77.87254666911952
20231116_S01_to_S02, 1, 1156, 1700098407.9446466, 166.85266209705858, -77.8725707730703
20231116_S01_to_S02, 1, 1157, 1700098408.0448942, 166.8526680880054, -77.87258485141881
20231116_S01_to_S02, 1, 1158, 1700098408.145143, 166.85266578193196, -77.87259346325305
20231116_S01_to_S02, 1, 1159, 1700098408.2453911, 166.85265632428764, -77.87259738845744
20231116_S01_to_S02, 1, 1160, 1700098408.3456383, 166.85264086071564, -77.8725974072116
20231116_S01_to_S02, 1, 1161, 1700098408.4458992, 166.85262053349894, -77.87259429902697
20231116_S01_to_S02, 1, 1162, 1700098408.5617614, 166.852592488953, -77.87258783462221
20231116_S01_to_S02, 1, 1163, 1700098408.6620102, 166.85256558210793, -77.87258064055315
20231116_S01_to_S02, 1, 1164, 1700098408.7622592, 166.85253742947023, -77.87257278192405
20231116_S01_to_S02, 1, 1165, 1700098408.862508, 166.85250917666008, -77.87256503887433
20231116_S01_to_S02, 1, 1166, 1700098408.9627573, 166.8524819689705, -77.87255819145696
20231116_S01_to_S02, 1, 1167, 1700098409.0630183, 166.85245694929375, -77.87255301934661
20231116_S01_to_S02, 1, 1168, 1700098409.178883, 166.8524321256109, -77.87255000718945
20231116_S01_to_S02, 1, 1169, 1700098409.2791355, 166.85241419246643, -77.87254951778581
20231116_S01_to_S02, 1, 1170, 1700098409.385889, 166.85239797118805, -77.87254991629896
20231116_S01_to_S02, 1, 1171, 1700098409.4861379, 166.85238476266113, -77.87255003357788
20231116_S01_to_S02, 1, 1172, 1700098409.586387, 166.85237286082943, -77.87254881664481
20231116_S01_to_S02, 1, 1173, 1700098409.686654, 166.85236162354715, -77.87254520220549
20231116_S01_to_S02, 1, 1174, 1700098409.78692, 166.8523504126825, -77.87253812750058
20231116_S01_to_S02, 1, 1175, 1700098409.8871782, 166.85233861082716, -77.8725265837122
20231116_S01_to_S02, 1, 1176, 1700098410.003074, 166.85232402505508, -77.87250778610576
20231116_S01_to_S02, 1, 1177, 1700098410.103323, 166.85231085439452, -77.87248795662362
20231116_S01_to_S02, 1, 1178, 1700098410.2035701, 166.85229742676194, -77.8724659136843
20231116_S01_to_S02, 1, 1179, 1700098410.3038192, 166.8522839856743, -77.87244269954164
20231116_S01_to_S02, 1, 1180, 1700098410.4040663, 166.85227077566444, -77.87241935814505
20231116_S01_to_S02, 1, 1181, 1700098410.5043256, 166.85225803898786, -77.87239692948788
20231116_S01_to_S02, 1, 1182, 1700098410.6201878, 166.8522442315657, -77.87237351783777
20231116_S01_to_S02, 1, 1183, 1700098410.720435, 166.85223335020984, -77.87235661353353
20231116_S01_to_S02, 1, 1184, 1700098410.820682, 166.85222371378532, -77.87234391633683
20231116_S01_to_S02, 1, 1185, 1700098410.92093, 166.8522155127902, -77.87233633042294
20231116_S01_to_S02, 1, 1186, 1700098411.021188, 166.85220849616644, -77.87233361486068
20231116_S01_to_S02, 1, 1187, 1700098411.1370497, 166.8522012509274, -77.87233548919042
20231116_S01_to_S02, 1, 1188, 1700098411.2372968, 166.85219519720275, -77.87234053060834
20231116_S01_to_S02, 1, 1189, 1700098411.3375442, 166.85218884953014, -77.87234789385853
20231116_S01_to_S02, 1, 1190, 1700098411.4377933, 166.85218173867432, -77.87235677028184
20231116_S01_to_S02, 1, 1191, 1700098411.5380402, 166.85217339578665, -77.87236635071925
20231116_S01_to_S02, 1, 1192, 1700098411.638289, 166.85216335139899, -77.87237582672681
20231116_S01_to_S02, 1, 1193, 1700098411.754162, 166.85214900689323, -77.87238558917169
20231116_S01_to_S02, 1, 1194, 1700098411.8544095, 166.85213369901874, -77.87239208816449
20231116_S01_to_S02, 1, 1195, 1700098411.954658, 166.8521153871748, -77.87239614750662
20231116_S01_to_S02, 1, 1196, 1700098412.0549068, 166.85209434451124, -77.87239786447475
20231116_S01_to_S02, 1, 1197, 1700098412.1551647, 166.852070953452, -77.87239747250395
20231116_S01_to_S02, 1, 1198, 1700098412.271028, 166.85204150261427, -77.87239469843297
20231116_S01_to_S02, 1, 1199, 1700098412.3712766, 166.8520143640973, -77.872390554867
20231116_S01_to_S02, 1, 1200, 1700098412.471525, 166.8519860931797, -77.87238503962196
20231116_S01_to_S02, 1, 1201, 1700098412.5717754, 166.8519570737586, -77.87237838610484
20231116_S01_to_S02, 1, 1202, 1700098412.6720252, 166.8519276912498, -77.87237082805947
20231116_S01_to_S02, 1, 1203, 1700098412.7722862, 166.85189832678515, -77.8723625980716
20231116_S01_to_S02, 1, 1204, 1700098412.8881488, 166.85186492730395, -77.87235256073656
20231116_S01_to_S02, 1, 1205, 1700098412.9883993, 166.85183703384382, -77.87234377326946
20231116_S01_to_S02, 1, 1206, 1700098413.0951512, 166.85180906345076, -77.87233479487156
20231116_S01_to_S02, 1, 1207, 1700098413.1954002, 166.85178506421974, -77.87232715934019
20231116_S01_to_S02, 1, 1208, 1700098413.2956488, 166.85176388187912, -77.87232072102071
20231116_S01_to_S02, 1, 1209, 1700098413.395913, 166.85174612141253, -77.87231589649569
20231116_S01_to_S02, 1, 1210, 1700098413.4961798, 166.85173239383397, -77.87231310423088
20231116_S01_to_S02, 1, 1211, 1700098413.5964384, 166.85172330813475, -77.87231276175366
20231116_S01_to_S02, 1, 1212, 1700098413.712335, 166.8517193847079, -77.87231596531906
20231116_S01_to_S02, 1, 1213, 1700098413.8125844, 166.8517223709626, -77.87232232293053
20231116_S01_to_S02, 1, 1214, 1700098413.9128318, 166.8517319142546, -77.87233244617141
20231116_S01_to_S02, 1, 1215, 1700098414.0130796, 166.85174862221083, -77.87234675241373
20231116_S01_to_S02, 1, 1216, 1700098414.113327, 166.85177310130905, -77.87236565817133
20231116_S01_to_S02, 1, 1217, 1700098414.2135863, 166.85180505299297, -77.8723890179447
20231116_S01_to_S02, 1, 1218, 1700098414.3294477, 166.85184741834217, -77.87241920923934
20231116_S01_to_S02, 1, 1219, 1700098414.429695, 166.8518849338994, -77.87244575046094
20231116_S01_to_S02, 1, 1220, 1700098414.5299442, 166.85191967767824, -77.8724705035704
20231116_S01_to_S02, 1, 1221, 1700098414.6301928, 166.8519482546752, -77.87249139811844
20231116_S01_to_S02, 1, 1222, 1700098414.730451, 166.85196727248135, -77.87250636569148
20231116_S01_to_S02, 1, 1223, 1700098414.8463128, 166.8519728956058, -77.87251356751003
20231116_S01_to_S02, 1, 1224, 1700098414.946565, 166.8519613626882, -77.87250972540124
20231116_S01_to_S02, 1, 1225, 1700098415.0468123, 166.85193679611112, -77.87249798141809
20231116_S01_to_S02, 1, 1226, 1700098415.147061, 166.85190206233943, -77.87248020870373
20231116_S01_to_S02, 1, 1227, 1700098415.2473075, 166.85186003003656, -77.87245828140613
20231116_S01_to_S02, 1, 1228, 1700098415.3475654, 166.85181356016827, -77.87243406968669
20231116_S01_to_S02, 1, 1229, 1700098415.4634285, 166.8517580932165, -77.87240570213297
20231116_S01_to_S02, 1, 1230, 1700098415.5636773, 166.85171182622696, -77.87238294675097
20231116_S01_to_S02, 1, 1231, 1700098415.6639366, 166.85167017175976, -77.87236382031682
20231116_S01_to_S02, 1, 1232, 1700098415.764174, 166.85163600948107, -77.872350201642
20231116_S01_to_S02, 1, 1233, 1700098415.864426, 166.85161217345177, -77.87234394391041
20231116_S01_to_S02, 1, 1234, 1700098415.9646866, 166.85160010547915, -77.87234587079863
20231116_S01_to_S02, 1, 1235, 1700098416.08055, 166.85159965260783, -77.87235712362974
20231116_S01_to_S02, 1, 1236, 1700098416.180799, 166.8516096924263, -77.87237348672973
20231116_S01_to_S02, 1, 1237, 1700098416.2810466, 166.85162825726172, -77.87239490042484
20231116_S01_to_S02, 1, 1238, 1700098416.3812957, 166.85165425191906, -77.87242032245078
20231116_S01_to_S02, 1, 1239, 1700098416.481544, 166.85168658020322, -77.87244870943721
20231116_S01_to_S02, 1, 1240, 1700098416.5974185, 166.85173040315144, -77.8724838487919
20231116_S01_to_S02, 1, 1241, 1700098416.69767, 166.8517726602039, -77.87251508153413
20231116_S01_to_S02, 1, 1242, 1700098416.7979198, 166.8518177924806, -77.87254598769402
20231116_S01_to_S02, 1, 1243, 1700098416.9046724, 166.85186776303544, -77.8725774250596
20231116_S01_to_S02, 1, 1244, 1700098417.0049212, 166.85191513709873, -77.87260499065653
20231116_S01_to_S02, 1, 1245, 1700098417.1051884, 166.85196155780764, -77.87263036406985
20231116_S01_to_S02, 1, 1246, 1700098417.2054532, 166.85200564765472, -77.8726532471379
20231116_S01_to_S02, 1, 1247, 1700098417.3057127, 166.85204603804814, -77.8726733471203
20231116_S01_to_S02, 1, 1248, 1700098417.4216123, 166.8520863292645, -77.87269273275083
20231116_S01_to_S02, 1, 1249, 1700098417.5218582, 166.8521140930658, -77.87270583898317
20231116_S01_to_S02, 1, 1250, 1700098417.6221054, 166.8521338464918, -77.87271524186738
20231116_S01_to_S02, 1, 1251, 1700098417.7223532, 166.85214422220952, -77.87272064900749
20231116_S01_to_S02, 1, 1252, 1700098417.8226008, 166.85214385303516, -77.87272176807626
20231116_S01_to_S02, 1, 1253, 1700098417.9228594, 166.85213183787167, -77.87271843697286
20231116_S01_to_S02, 1, 1254, 1700098418.0387204, 166.85210541699985, -77.8727097123952
20231116_S01_to_S02, 1, 1255, 1700098418.1389675, 166.85207421979243, -77.87269874859558
20231116_S01_to_S02, 1, 1256, 1700098418.2392144, 166.85203761606437, -77.87268536152843
20231116_S01_to_S02, 1, 1257, 1700098418.339461, 166.8519978188793, -77.87267025937776
20231116_S01_to_S02, 1, 1258, 1700098418.439709, 166.85195704069096, -77.87265415008372
20231116_S01_to_S02, 1, 1259, 1700098418.539968, 166.8519174907848, -77.87263774018204
20231116_S01_to_S02, 1, 1260, 1700098418.6558294, 166.85187622210293, -77.8726193324817
20231116_S01_to_S02, 1, 1261, 1700098418.7560787, 166.8518468618193, -77.8726046891908
20231116_S01_to_S02, 1, 1262, 1700098418.8563259, 166.85182571892614, -77.87259198237571
20231116_S01_to_S02, 1, 1263, 1700098418.9565735, 166.85181500574888, -77.87258191984111
20231116_S01_to_S02, 1, 1264, 1700098419.0568337, 166.85181693662284, -77.87257520923225
20231116_S01_to_S02, 1, 1265, 1700098419.1726942, 166.85183746123033, -77.87257244923286
20231116_S01_to_S02, 1, 1266, 1700098419.2729425, 166.85186877441743, -77.8725737154936
20231116_S01_to_S02, 1, 1267, 1700098419.3731914, 166.85190711105398, -77.87257669486404
20231116_S01_to_S02, 1, 1268, 1700098419.4734387, 166.85194707161565, -77.87257975562203
20231116_S01_to_S02, 1, 1269, 1700098419.5736873, 166.8519832583856, -77.87258126618765
20231116_S01_to_S02, 1, 1270, 1700098419.6739461, 166.8520102741912, -77.872579594458
20231116_S01_to_S02, 1, 1271, 1700098419.7898068, 166.8520229910291, -77.8725715602252
20231116_S01_to_S02, 1, 1272, 1700098419.8900552, 166.85201202249903, -77.87255753047815
20231116_S01_to_S02, 1, 1273, 1700098419.9903061, 166.85197943163172, -77.87253666561075
20231116_S01_to_S02, 1, 1274, 1700098420.090556, 166.85192890120925, -77.87251029594101
20231116_S01_to_S02, 1, 1275, 1700098420.1908169, 166.85186433947092, -77.87247982377129
20231116_S01_to_S02, 1, 1276, 1700098420.306683, 166.851777390641, -77.87244134494453
20231116_S01_to_S02, 1, 1277, 1700098420.406934, 166.85169592570335, -77.87240682249102
20231116_S01_to_S02, 1, 1278, 1700098420.5071847, 166.8516127970904, -77.8723726387
20231116_S01_to_S02, 1, 1279, 1700098420.6139383, 166.85152684587501, -77.87233818911324
20231116_S01_to_S02, 1, 1280, 1700098420.7141876, 166.85145267536384, -77.8723091542197
20231116_S01_to_S02, 1, 1281, 1700098420.8144565, 166.8513888329082, -77.87228476315802
20231116_S01_to_S02, 1, 1282, 1700098420.9147227, 166.85133896484828, -77.8722663152805
20231116_S01_to_S02, 1, 1283, 1700098421.0149813, 166.85130359746333, -77.87225387764897
20231116_S01_to_S02, 1, 1284, 1700098421.1308763, 166.85127898912978, -77.8722460967041
20231116_S01_to_S02, 1, 1285, 1700098421.2311232, 166.85127020410545, -77.87224428994502
20231116_S01_to_S02, 1, 1286, 1700098421.331371, 166.85127155288822, -77.87224632509701
20231116_S01_to_S02, 1, 1287, 1700098421.4316182, 166.85128164585228, -77.87225151273037
20231116_S01_to_S02, 1, 1288, 1700098421.531865, 166.85129909324192, -77.87225916339962
20231116_S01_to_S02, 1, 1289, 1700098421.632123, 166.85132250843327, -77.87226858887715
20231116_S01_to_S02, 1, 1290, 1700098421.747985, 166.8513551778987, -77.87228078746504
20231116_S01_to_S02, 1, 1291, 1700098421.8482435, 166.85138672606772, -77.8722916917913
20231116_S01_to_S02, 1, 1292, 1700098421.9484792, 166.85141977773358, -77.87230224940132
20231116_S01_to_S02, 1, 1293, 1700098422.0487263, 166.85145271389482, -77.87231197749816
20231116_S01_to_S02, 1, 1294, 1700098422.1489847, 166.85148387720386, -77.8723204118048
20231116_S01_to_S02, 1, 1295, 1700098422.2648458, 166.85151550592903, -77.87232793782691
20231116_S01_to_S02, 1, 1296, 1700098422.3650935, 166.85153720016257, -77.87233200213014
20231116_S01_to_S02, 1, 1297, 1700098422.4653428, 166.851551889203, -77.87233330776722
20231116_S01_to_S02, 1, 1298, 1700098422.5655894, 166.85155791555144, -77.87233139082181
20231116_S01_to_S02, 1, 1299, 1700098422.6658382, 166.85155362254812, -77.87232578731513
20231116_S01_to_S02, 1, 1300, 1700098422.7660966, 166.85153735076042, -77.87231603219402
20231116_S01_to_S02, 1, 1301, 1700098422.8819592, 166.85150154421083, -77.87229901630904
20231116_S01_to_S02, 1, 1302, 1700098422.982211, 166.851456510331, -77.87227981974277
20231116_S01_to_S02, 1, 1303, 1700098423.0824587, 166.8514020280826, -77.87225813025131
20231116_S01_to_S02, 1, 1304, 1700098423.1827073, 166.85134172273948, -77.87223560939661
20231116_S01_to_S02, 1, 1305, 1700098423.2829556, 166.85127922257035, -77.87221391999208
20231116_S01_to_S02, 1, 1306, 1700098423.383214, 166.85121814914487, -77.87219472280218
20231116_S01_to_S02, 1, 1307, 1700098423.4990768, 166.8511541092302, -77.87217782366567
20231116_S01_to_S02, 1, 1308, 1700098423.5993252, 166.8511084706951, -77.87216966048592
20231116_S01_to_S02, 1, 1309, 1700098423.6995738, 166.85107571299056, -77.87216923805605
20231116_S01_to_S02, 1, 1310, 1700098423.7998233, 166.85105946381424, -77.87217821910579
20231116_S01_to_S02, 1, 1311, 1700098423.900084, 166.85106335298462, -77.87219826921446
20231116_S01_to_S02, 1, 1312, 1700098424.015947, 166.85109768835434, -77.87223740481511
20231116_S01_to_S02, 1, 1313, 1700098424.116197, 166.85115732442898, -77.87228696295941
20231116_S01_to_S02, 1, 1314, 1700098424.2164469, 166.85124526080347, -77.8723511679604
20231116_S01_to_S02, 1, 1315, 1700098424.3231986, 166.85136015296604, -77.87243043900747
20231116_S01_to_S02, 1, 1316, 1700098424.423447, 166.85147712815305, -77.87250941518394
20231116_S01_to_S02, 1, 1317, 1700098424.5236957, 166.85159236718593, -77.87258725948466
20231116_S01_to_S02, 1, 1318, 1700098424.623961, 166.85169557408253, -77.87265857513378
20231116_S01_to_S02, 1, 1319, 1700098424.72421, 166.85177640290408, -77.8727179308377
20231116_S01_to_S02, 1, 1320, 1700098424.8400855, 166.85182845660853, -77.87276456486477
20231116_S01_to_S02, 1, 1321, 1700098424.9403324, 166.85182830703988, -77.87278098422513
20231116_S01_to_S02, 1, 1322, 1700098425.04058, 166.8517895100684, -77.87277697627381
20231116_S01_to_S02, 1, 1323, 1700098425.1408277, 166.851719375872, -77.87275644154914
20231116_S01_to_S02, 1, 1324, 1700098425.241075, 166.851625216418, -77.87272328161285
20231116_S01_to_S02, 1, 1325, 1700098425.3413327, 166.85151433129818, -77.87268139328096
20231116_S01_to_S02, 1, 1326, 1700098425.4571943, 166.85137494834495, -77.87262723035386
20231116_S01_to_S02, 1, 1327, 1700098425.5574415, 166.85125291581528, -77.87257981135248
20231116_S01_to_S02, 1, 1328, 1700098425.6576903, 166.85113724228336, -77.87253598025445
20231116_S01_to_S02, 1, 1329, 1700098425.7579372, 166.85103524353875, -77.87249964006297
20231116_S01_to_S02, 1, 1330, 1700098425.8581855, 166.85095419541327, -77.87247467255654
20231116_S01_to_S02, 1, 1331, 1700098425.9584465, 166.85089800873112, -77.87246304696546
20231116_S01_to_S02, 1, 1332, 1700098426.0743093, 166.85086095363948, -77.87246413128244
20231116_S01_to_S02, 1, 1333, 1700098426.1745555, 166.85084958967127, -77.87247539372684
20231116_S01_to_S02, 1, 1334, 1700098426.2748032, 166.85085425462512, -77.87249415953491
20231116_S01_to_S02, 1, 1335, 1700098426.3750503, 166.85087193287566, -77.87251845567344
20231116_S01_to_S02, 1, 1336, 1700098426.4752972, 166.85089960857115, -77.8725463093649
20231116_S01_to_S02, 1, 1337, 1700098426.5911727, 166.85094010292192, -77.87258035244477
20231116_S01_to_S02, 1, 1338, 1700098426.6914206, 166.85097907329018, -77.87260916507715
20231116_S01_to_S02, 1, 1339, 1700098426.7916682, 166.8510185236387, -77.87263530932871
20231116_S01_to_S02, 1, 1340, 1700098426.8919168, 166.85105560172778, -77.87265693688376
20231116_S01_to_S02, 1, 1341, 1700098426.9921668, 166.85108942792954, -77.87267370166721
20231116_S01_to_S02, 1, 1342, 1700098427.0924242, 166.8511204343815, -77.87268625593045
20231116_S01_to_S02, 1, 1343, 1700098427.2082875, 166.85115334678972, -77.872696395725
20231116_S01_to_S02, 1, 1344, 1700098427.308537, 166.8511798119462, -77.87270214869677
20231116_S01_to_S02, 1, 1345, 1700098427.408786, 166.8512048880265, -77.8727058040192
20231116_S01_to_S02, 1, 1346, 1700098427.5090356, 166.851229029334, -77.87270803147922
20231116_S01_to_S02, 1, 1347, 1700098427.6092849, 166.8512526897573, -77.87270950080679
20231116_S01_to_S02, 1, 1348, 1700098427.7095351, 166.8512763236442, -77.8727108817735
20231116_S01_to_S02, 1, 1349, 1700098427.8254075, 166.85130420220474, -77.8727132456328
20231116_S01_to_S02, 1, 1350, 1700098427.9256573, 166.85132915438365, -77.87271657022137
20231116_S01_to_S02, 1, 1351, 1700098428.0324092, 166.85135606767133, -77.87272131417107
20231116_S01_to_S02, 1, 1352, 1700098428.1326585, 166.85138096486887, -77.87272659849889
20231116_S01_to_S02, 1, 1353, 1700098428.2329226, 166.85140482398447, -77.87273239539779
20231116_S01_to_S02, 1, 1354, 1700098428.3331878, 166.85142697896507, -77.87273841865434
20231116_S01_to_S02, 1, 1355, 1700098428.433436, 166.85144676376007, -77.87274438163429
20231116_S01_to_S02, 1, 1356, 1700098428.5336936, 166.85146352148462, -77.87275000044531
20231116_S01_to_S02, 1, 1357, 1700098428.6495938, 166.851478250464, -77.87275569200557
20231116_S01_to_S02, 1, 1358, 1700098428.7498407, 166.85148622299053, -77.87275959583758
20231116_S01_to_S02, 1, 1359, 1700098428.8500881, 166.8514890768662, -77.87276225417845
20231116_S01_to_S02, 1, 1360, 1700098428.9503393, 166.8514861495545, -77.87276338160194
20231116_S01_to_S02, 1, 1361, 1700098429.0505986, 166.85147677747602, -77.87276269239665
20231116_S01_to_S02, 1, 1362, 1700098429.1664612, 166.85145721979825, -77.87275933084446
20231116_S01_to_S02, 1, 1363, 1700098429.2667074, 166.85143402062047, -77.87275474417739
20231116_S01_to_S02, 1, 1364, 1700098429.3669553, 166.8514075147341, -77.87274967364148
20231116_S01_to_S02, 1, 1365, 1700098429.4672046, 166.85138013583696, -77.87274515665192
20231116_S01_to_S02, 1, 1366, 1700098429.5674524, 166.85135431847723, -77.87274223075408
20231116_S01_to_S02, 1, 1367, 1700098429.6677103, 166.85133249410345, -77.87274193341742
20231116_S01_to_S02, 1, 1368, 1700098429.7835722, 166.85131543952642, -77.8727462239486
20231116_S01_to_S02, 1, 1369, 1700098429.88382, 166.8513103997462, -77.87275507046053
20231116_S01_to_S02, 1, 1370, 1700098429.9840682, 166.8513143169689, -77.87276853089892
20231116_S01_to_S02, 1, 1371, 1700098430.0843146, 166.85132451411664, -77.87278522010494
20231116_S01_to_S02, 1, 1372, 1700098430.1845615, 166.85133820576368, -77.87280370204527
20231116_S01_to_S02, 1, 1373, 1700098430.28482, 166.85135260795357, -77.8728225424745
20231116_S01_to_S02, 1, 1374, 1700098430.400681, 166.8513664838919, -77.87284287632528
20231116_S01_to_S02, 1, 1375, 1700098430.5009308, 166.85137293701524, -77.87285759700163
20231116_S01_to_S02, 1, 1376, 1700098430.601178, 166.85137130791847, -77.87286814063513
20231116_S01_to_S02, 1, 1377, 1700098430.7014256, 166.8513588112103, -77.87287307131766
20231116_S01_to_S02, 1, 1378, 1700098430.8016732, 166.85133266128543, -77.87287095262434
20231116_S01_to_S02, 1, 1379, 1700098430.9175472, 166.85128230319873, -77.87285810407803
20231116_S01_to_S02, 1, 1380, 1700098431.017807, 166.8512226033312, -77.8728385937875
20231116_S01_to_S02, 1, 1381, 1700098431.1180468, 166.85115125612825, -77.87281291883217
20231116_S01_to_S02, 1, 1382, 1700098431.218295, 166.8510714100149, -77.8727826245329
20231116_S01_to_S02, 1, 1383, 1700098431.318544, 166.85098623713117, -77.87274926432696
20231116_S01_to_S02, 1, 1384, 1700098431.418805, 166.85089889418654, -77.87271438575603
20231116_S01_to_S02, 1, 1385, 1700098431.5346684, 166.85079941927955, -77.87267422670891
20231116_S01_to_S02, 1, 1386, 1700098431.6349192, 166.85071820337149, -77.87264136610689
20231116_S01_to_S02, 1, 1387, 1700098431.7416716, 166.85064040964937, -77.87261013037539
20231116_S01_to_S02, 1, 1388, 1700098431.8419218, 166.85057885392925, -77.872585960653
20231116_S01_to_S02, 1, 1389, 1700098431.942187, 166.85053075896272, -77.8725679211625
20231116_S01_to_S02, 1, 1390, 1700098432.0424542, 166.85049578203387, -77.87255580561383
20231116_S01_to_S02, 1, 1391, 1700098432.142703, 166.85047310677044, -77.87254917061732
20231116_S01_to_S02, 1, 1392, 1700098432.242961, 166.85046190503095, -77.87254756920696
20231116_S01_to_S02, 1, 1393, 1700098432.358858, 166.85046218159115, -77.87255140905863
20231116_S01_to_S02, 1, 1394, 1700098432.4591053, 166.8504729299514, -77.87255914885239
20231116_S01_to_S02, 1, 1395, 1700098432.5593517, 166.85049256369348, -77.87257051969975
20231116_S01_to_S02, 1, 1396, 1700098432.6595993, 166.85052026324965, -77.8725850775755
20231116_S01_to_S02, 1, 1397, 1700098432.759846, 166.8505552080596, -77.87260237791642
20231116_S01_to_S02, 1, 1398, 1700098432.8601034, 166.85059657613542, -77.87262197667673
20231116_S01_to_S02, 1, 1399, 1700098432.9759655, 166.85065075225188, -77.87264673666058
20231116_S01_to_S02, 1, 1400, 1700098433.0762136, 166.85070109477533, -77.87266914435035
20231116_S01_to_S02, 1, 1401, 1700098433.1764636, 166.85075271489268, -77.87269167132025
20231116_S01_to_S02, 1, 1402, 1700098433.2767096, 166.8508037650391, -77.8727135609811
20231116_S01_to_S02, 1, 1403, 1700098433.3769681, 166.8508524088102, -77.87273406149563
20231116_S01_to_S02, 1, 1404, 1700098433.492829, 166.85090319990172, -77.87275502875754
20231116_S01_to_S02, 1, 1405, 1700098433.593077, 166.850940363433, -77.87276995774107
20231116_S01_to_S02, 1, 1406, 1700098433.6933243, 166.85096929356064, -77.87278111153503
20231116_S01_to_S02, 1, 1407, 1700098433.7935715, 166.85098814598834, -77.87278773496102
20231116_S01_to_S02, 1, 1408, 1700098433.8938184, 166.85099507634945, -77.87278907281198
20231116_S01_to_S02, 1, 1409, 1700098433.9940684, 166.85098823982634, -77.87278436962612
20231116_S01_to_S02, 1, 1410, 1700098434.1099408, 166.8509607681838, -77.87277041714685
20231116_S01_to_S02, 1, 1411, 1700098434.2101889, 166.85091898438398, -77.87275060617208
20231116_S01_to_S02, 1, 1412, 1700098434.310437, 166.8508628125157, -77.87272487533959
20231116_S01_to_S02, 1, 1413, 1700098434.4106853, 166.85079523170998, -77.87269479283884
20231116_S01_to_S02, 1, 1414, 1700098434.510932, 166.85071922272792, -77.87266192756232
20231116_S01_to_S02, 1, 1415, 1700098434.61119, 166.8506377542097, -77.87262784333865
20231116_S01_to_S02, 1, 1416, 1700098434.727053, 166.85054072012394, -77.87258899563346
20231116_S01_to_S02, 1, 1417, 1700098434.827301, 166.850457645043, -77.87255763019718
20231116_S01_to_S02, 1, 1418, 1700098434.9275527, 166.8503781379441, -77.87252974201209
20231116_S01_to_S02, 1, 1419, 1700098435.0278006, 166.85030312131676, -77.8725055168338
20231116_S01_to_S02, 1, 1420, 1700098435.1280627, 166.85023303580934, -77.87248482358964
20231116_S01_to_S02, 1, 1421, 1700098435.2439275, 166.85015879359855, -77.87246514710318
20231116_S01_to_S02, 1, 1422, 1700098435.3441772, 166.8501009108863, -77.87245164388102
20231116_S01_to_S02, 1, 1423, 1700098435.4444263, 166.85004940029893, -77.8724412739078
20231116_S01_to_S02, 1, 1424, 1700098435.551178, 166.85000206275672, -77.87243353294535
20231116_S01_to_S02, 1, 1425, 1700098435.6514268, 166.84996514354347, -77.87242922984464
20231116_S01_to_S02, 1, 1426, 1700098435.7516942, 166.849935980872, -77.87242766983108
20231116_S01_to_S02, 1, 1427, 1700098435.851943, 166.84991503499214, -77.87242872502893
20231116_S01_to_S02, 1, 1428, 1700098435.9522018, 166.84990175475102, -77.87243197308234
20231116_S01_to_S02, 1, 1429, 1700098436.068102, 166.8498922207043, -77.87243701239849
20231116_S01_to_S02, 1, 1430, 1700098436.1683478, 166.84988542668393, -77.87244112699688
20231116_S01_to_S02, 1, 1431, 1700098436.2685957, 166.84987665936293, -77.87244375835293
20231116_S01_to_S02, 1, 1432, 1700098436.3688424, 166.84986276295425, -77.8724437116533
20231116_S01_to_S02, 1, 1433, 1700098436.4690902, 166.84984058103268, -77.87243979215899
20231116_S01_to_S02, 1, 1434, 1700098436.569349, 166.84980695318126, -77.87243080379842
20231116_S01_to_S02, 1, 1435, 1700098436.685211, 166.84974970138163, -77.87241253747213
20231116_S01_to_S02, 1, 1436, 1700098436.78546, 166.8496806741434, -77.87238856080018
20231116_S01_to_S02, 1, 1437, 1700098436.8857079, 166.8495903954513, -77.87235580323032
20231116_S01_to_S02, 1, 1438, 1700098436.985957, 166.84947929947847, -77.87231443498483
20231116_S01_to_S02, 1, 1439, 1700098437.0862134, 166.8493512563023, -77.87226593245177
20231116_S01_to_S02, 1, 1440, 1700098437.2020743, 166.8491874636195, -77.8722030117049
20231116_S01_to_S02, 1, 1441, 1700098437.3023248, 166.84903661935084, -77.87214436769574
20231116_S01_to_S02, 1, 1442, 1700098437.4025717, 166.8488815573987, -77.87208344506546
20231116_S01_to_S02, 1, 1443, 1700098437.5028203, 166.8487262984675, -77.87202177741764
20231116_S01_to_S02, 1, 1444, 1700098437.6030679, 166.8485748752519, -77.87196090305989
20231116_S01_to_S02, 1, 1445, 1700098437.7033272, 166.84843129876663, -77.87190235147325
20231116_S01_to_S02, 1, 1446, 1700098437.8191903, 166.84828045286366, -77.871839603391
20231116_S01_to_S02, 1, 1447, 1700098437.919438, 166.8481669519366, -77.87179112356627
20231116_S01_to_S02, 1, 1448, 1700098438.019687, 166.84806899812915, -77.87174826837244
20231116_S01_to_S02, 1, 1449, 1700098438.1199348, 166.84798467427177, -77.87171073748873
20231116_S01_to_S02, 1, 1450, 1700098438.2201827, 166.84791205558588, -77.87167822775295
20231116_S01_to_S02, 1, 1451, 1700098438.320442, 166.84784921185835, -77.8716504336308
20231116_S01_to_S02, 1, 1452, 1700098438.4363046, 166.84778625314252, -77.87162379583107
20231116_S01_to_S02, 1, 1453, 1700098438.5365524, 166.84773796059625, -77.87160514772083
20231116_S01_to_S02, 1, 1454, 1700098438.636802, 166.84769337856892, -77.87159026289088
20231116_S01_to_S02, 1, 1455, 1700098438.7370508, 166.84765058458837, -77.8715788391198
20231116_S01_to_S02, 1, 1456, 1700098438.837312, 166.84760764934884, -77.87157057282073
20231116_S01_to_S02, 1, 1457, 1700098438.9531755, 166.84755534229373, -77.87156455826826
20231116_S01_to_S02, 1, 1458, 1700098439.0534258, 166.84750557505092, -77.87156207224245
20231116_S01_to_S02, 1, 1459, 1700098439.1536765, 166.84744966969552, -77.87156178200662
20231116_S01_to_S02, 1, 1460, 1700098439.2604287, 166.8473834358894, -77.87156330598202
20231116_S01_to_S02, 1, 1461, 1700098439.3606791, 166.84731707254053, -77.87156568459383
20231116_S01_to_S02, 1, 1462, 1700098439.4609447, 166.84724882892797, -77.87156822086334
20231116_S01_to_S02, 1, 1463, 1700098439.561193, 166.84718084413302, -77.87157016960613
20231116_S01_to_S02, 1, 1464, 1700098439.6614516, 166.84711521685097, -77.87157078698019
20231116_S01_to_S02, 1, 1465, 1700098439.777361, 166.8470450682681, -77.87156886492963
20231116_S01_to_S02, 1, 1466, 1700098439.8775976, 166.84699166993903, -77.87156408945303
20231116_S01_to_S02, 1, 1467, 1700098439.9778438, 166.84694471391973, -77.87155593723332
20231116_S01_to_S02, 1, 1468, 1700098440.0780926, 166.8469010751864, -77.87154427763167
20231116_S01_to_S02, 1, 1469, 1700098440.1783383, 166.84685748105207, -77.87152899779792
20231116_S01_to_S02, 1, 1470, 1700098440.2785966, 166.8468106488246, -77.87150998125185
20231116_S01_to_S02, 1, 1471, 1700098440.394457, 166.84674820976656, -77.87148320445851
20231116_S01_to_S02, 1, 1472, 1700098440.494706, 166.84668327269816, -77.8714557531379
20231116_S01_to_S02, 1, 1473, 1700098440.5949533, 166.84660476832667, -77.87142420965279
20231116_S01_to_S02, 1, 1474, 1700098440.6952012, 166.84650942007966, -77.87138845991653
20231116_S01_to_S02, 1, 1475, 1700098440.7954483, 166.84639395392415, -77.87134839082606
20231116_S01_to_S02, 1, 1476, 1700098440.8957055, 166.84625590115212, -77.87130408418734
20231116_S01_to_S02, 1, 1477, 1700098441.01157, 166.84607695569827, -77.87125062685035
20231116_S01_to_S02, 1, 1478, 1700098441.1118178, 166.8459187021189, -77.87120645437075
20231116_S01_to_S02, 1, 1479, 1700098441.212065, 166.8457697339945, -77.87116796672882
20231116_S01_to_S02, 1, 1480, 1700098441.3123152, 166.84564189504758, -77.87113873262395
20231116_S01_to_S02, 1, 1481, 1700098441.4125729, 166.84554703406184, -77.87112232278467
20231116_S01_to_S02, 1, 1482, 1700098441.5284338, 166.84549402684456, -77.87112401405528
20231116_S01_to_S02, 1, 1483, 1700098441.628682, 166.84551058297203, -77.87114739599093
20231116_S01_to_S02, 1, 1484, 1700098441.7289302, 166.84559751399718, -77.87119486830905
20231116_S01_to_S02, 1, 1485, 1700098441.8291771, 166.84576666568108, -77.87126999957118
20231116_S01_to_S02, 1, 1486, 1700098441.929426, 166.84602480405624, -77.87137466765988
20231116_S01_to_S02, 1, 1487, 1700098442.0296855, 166.84635836978973, -77.87150398275891
20231116_S01_to_S02, 1, 1488, 1700098442.1455476, 166.84681327690532, -77.87167546142345
20231116_S01_to_S02, 1, 1489, 1700098442.2457957, 166.84724576401973, -77.87183541760739
20231116_S01_to_S02, 1, 1490, 1700098442.3460464, 166.8476946837843, -77.87199918684608
20231116_S01_to_S02, 1, 1491, 1700098442.4462945, 166.84814132763, -77.87216016225531
20231116_S01_to_S02, 1, 1492, 1700098442.5465424, 166.84856702152064, -77.87231174958225
20231116_S01_to_S02, 1, 1493, 1700098442.646803, 166.8489531273674, -77.87244736689851
20231116_S01_to_S02, 1, 1494, 1700098442.7626672, 166.8493254562748, -77.87257552638472
20231116_S01_to_S02, 1, 1495, 1700098442.862917, 166.84956266471735, -77.87265427565495
20231116_S01_to_S02, 1, 1496, 1700098442.96967, 166.84971931116482, -77.87270227834486
20231116_S01_to_S02, 1, 1497, 1700098443.0699193, 166.84978701846103, -77.87271797627004
20231116_S01_to_S02, 1, 1498, 1700098443.1701674, 166.84978979792206, -77.87270996494765
20231116_S01_to_S02, 1, 1499, 1700098443.2704327, 166.84973935735937, -77.87268288574377
20231116_S01_to_S02, 1, 1500, 1700098443.3706815, 166.84964743403697, -77.87264139528034
20231116_S01_to_S02, 1, 1501, 1700098443.4709396, 166.84952573076555, -77.87259013261013
20231116_S01_to_S02, 1, 1502, 1700098443.5868382, 166.84936330705338, -77.87252479299887
20231116_S01_to_S02, 1, 1503, 1700098443.6870866, 166.84921730919677, -77.87246828850442
20231116_S01_to_S02, 1, 1504, 1700098443.7873342, 166.84907853313837, -77.872416684396
20231116_S01_to_S02, 1, 1505, 1700098443.8875818, 166.84895869676754, -77.87237462722064
20231116_S01_to_S02, 1, 1506, 1700098443.9878323, 166.848869517017, -77.87234676338646
20231116_S01_to_S02, 1, 1507, 1700098444.1037052, 166.84881999984387, -77.87233833336735
20231116_S01_to_S02, 1, 1508, 1700098444.203952, 166.8488325205753, -77.87235504018882
20231116_S01_to_S02, 1, 1509, 1700098444.3041992, 166.84888709684327, -77.87238957434857
20231116_S01_to_S02, 1, 1510, 1700098444.4044456, 166.84896986099574, -77.8724355509106
20231116_S01_to_S02, 1, 1511, 1700098444.504693, 166.849066947508, -77.87248658612236
20231116_S01_to_S02, 1, 1512, 1700098444.6049418, 166.84916448990978, -77.8725362956459
20231116_S01_to_S02, 1, 1513, 1700098444.7208142, 166.84925962485798, -77.8725837314243
20231116_S01_to_S02, 1, 1514, 1700098444.8210614, 166.84931097201357, -77.87260886130146
20231116_S01_to_S02, 1, 1515, 1700098444.9213088, 166.84932180431014, -77.87261387743588
20231116_S01_to_S02, 1, 1516, 1700098445.0215576, 166.84929517467432, -77.87260064271607
20231116_S01_to_S02, 1, 1517, 1700098445.121804, 166.84923859414616, -77.8725731931025
20231116_S01_to_S02, 1, 1518, 1700098445.2220616, 166.8491595637058, -77.87253555978207
20231116_S01_to_S02, 1, 1519, 1700098445.3379235, 166.84905011995656, -77.87248467713682
20231116_S01_to_S02, 1, 1520, 1700098445.438171, 166.84894827147733, -77.87243883274242
20231116_S01_to_S02, 1, 1521, 1700098445.5384214, 166.84884768382642, -77.87239554500222
20231116_S01_to_S02, 1, 1522, 1700098445.6386688, 166.8487558746366, -77.8723588527374
20231116_S01_to_S02, 1, 1523, 1700098445.7388213, 166.8486804133791, -77.87233280896143
20231116_S01_to_S02, 1, 1524, 1700098445.8390718, 166.84862866018057, -77.87232139650882
20231116_S01_to_S02, 1, 1525, 1700098445.9549537, 166.84860428017748, -77.87232943648885
20231116_S01_to_S02, 1, 1526, 1700098446.0552013, 166.84860938269034, -77.87235186488338
20231116_S01_to_S02, 1, 1527, 1700098446.155451, 166.84863307161083, -77.87238506075772
20231116_S01_to_S02, 1, 1528, 1700098446.2557003, 166.84866991605693, -77.8724256134468
20231116_S01_to_S02, 1, 1529, 1700098446.355943, 166.84871448226173, -77.87247010999566
20231116_S01_to_S02, 1, 1530, 1700098446.4718103, 166.84876850192978, -77.87252199052006
20231116_S01_to_S02, 1, 1531, 1700098446.5720708, 166.84881125596112, -77.8725634036363
20231116_S01_to_S02, 1, 1532, 1700098446.6723373, 166.8488445958273, -77.87259800226406
20231116_S01_to_S02, 1, 1533, 1700098446.7791076, 166.8488636425742, -77.8726235183614
20231116_S01_to_S02, 1, 1534, 1700098446.8793898, 166.84886057374771, -77.87263338935189
20231116_S01_to_S02, 1, 1535, 1700098446.979672, 166.84883648111952, -77.8726291341894
20231116_S01_to_S02, 1, 1536, 1700098447.0799558, 166.8487949710148, -77.8726129807425
20231116_S01_to_S02, 1, 1537, 1700098447.1802092, 166.84873982620826, -77.87258726413503
20231116_S01_to_S02, 1, 1538, 1700098447.2960968, 166.84866400869092, -77.8725486630011
20231116_S01_to_S02, 1, 1539, 1700098447.3963554, 166.84859223615857, -77.87251022597142
20231116_S01_to_S02, 1, 1540, 1700098447.496604, 166.8485186943993, -77.87246956094273
20231116_S01_to_S02, 1, 1541, 1700098447.5968516, 166.84844713720375, -77.87242898830469
20231116_S01_to_S02, 1, 1542, 1700098447.6970882, 166.8483813306021, -77.87239083523025
20231116_S01_to_S02, 1, 1543, 1700098447.7973459, 166.84832501480494, -77.87235741372989
20231116_S01_to_S02, 1, 1544, 1700098447.913219, 166.8482761325584, -77.87232742959183
20231116_S01_to_S02, 1, 1545, 1700098448.0134654, 166.848247776759, -77.87230923296569
20231116_S01_to_S02, 1, 1546, 1700098448.1137128, 166.8482303974864, -77.87229744864693
20231116_S01_to_S02, 1, 1547, 1700098448.2139616, 166.848222119568, -77.87229133153612
20231116_S01_to_S02, 1, 1548, 1700098448.314207, 166.84822106774232, -77.87229013652454
20231116_S01_to_S02, 1, 1549, 1700098448.4144557, 166.8482253664576, -77.87229311825492
20231116_S01_to_S02, 1, 1550, 1700098448.5303302, 166.8482345437183, -77.87230079209199
20231116_S01_to_S02, 1, 1551, 1700098448.6305723, 166.84824399704922, -77.87231024258557
20231116_S01_to_S02, 1, 1552, 1700098448.7308264, 166.84825288334244, -77.87232151915015
20231116_S01_to_S02, 1, 1553, 1700098448.8310761, 166.84825932550424, -77.87233387485455
20231116_S01_to_S02, 1, 1554, 1700098448.9313226, 166.8482614483905, -77.87234656441974
20231116_S01_to_S02, 1, 1555, 1700098449.0471964, 166.84825606266494, -77.87236067183743
20231116_S01_to_S02, 1, 1556, 1700098449.1474435, 166.84824255488405, -77.8723715548833
20231116_S01_to_S02, 1, 1557, 1700098449.2476923, 166.84822056073557, -77.87238065101819
20231116_S01_to_S02, 1, 1558, 1700098449.34793, 166.8481916737706, -77.87238767029713
20231116_S01_to_S02, 1, 1559, 1700098449.4481883, 166.8481575631563, -77.87239233731106
20231116_S01_to_S02, 1, 1560, 1700098449.5484357, 166.84811991816642, -77.87239437290783
20231116_S01_to_S02, 1, 1561, 1700098449.664312, 166.8480741970027, -77.87239308440546
20231116_S01_to_S02, 1, 1562, 1700098449.7645605, 166.84803463660063, -77.87238850483551
20231116_S01_to_S02, 1, 1563, 1700098449.8648098, 166.84799683180637, -77.87238042437063
20231116_S01_to_S02, 1, 1564, 1700098449.9650567, 166.84796206447604, -77.8723689387766
20231116_S01_to_S02, 1, 1565, 1700098450.0652983, 166.84793097082888, -77.87235474761096
20231116_S01_to_S02, 1, 1566, 1700098450.1655545, 166.84790412099744, -77.87233860277124
20231116_S01_to_S02, 1, 1567, 1700098450.2814288, 166.84787913604197, -77.87231850097872
20231116_S01_to_S02, 1, 1568, 1700098450.381696, 166.84786340267596, -77.87230071540958
20231116_S01_to_S02, 1, 1569, 1700098450.4884734, 166.84785333241027, -77.87228226756038
20231116_S01_to_S02, 1, 1570, 1700098450.5887241, 166.84785076067158, -77.87226620631165
20231116_S01_to_S02, 1, 1571, 1700098450.6890001, 166.84785544532036, -77.87225213257844
20231116_S01_to_S02, 1, 1572, 1700098450.7892823, 166.84786796508737, -77.87224080563506
20231116_S01_to_S02, 1, 1573, 1700098450.8895488, 166.8478888148553, -77.87223294416629
20231116_S01_to_S02, 1, 1574, 1700098450.9898143, 166.84791695941863, -77.87222849014022
20231116_S01_to_S02, 1, 1575, 1700098451.1057215, 166.8479553750233, -77.87222658186528
20231116_S01_to_S02, 1, 1576, 1700098451.2059684, 166.84799085312267, -77.87222683596598
20231116_S01_to_S02, 1, 1577, 1700098451.306214, 166.84802579320566, -77.87222802375547
20231116_S01_to_S02, 1, 1578, 1700098451.4064639, 166.84805769976273, -77.87222935366634
20231116_S01_to_S02, 1, 1579, 1700098451.506711, 166.84808407333486, -77.87223003395792
20231116_S01_to_S02, 1, 1580, 1700098451.6225736, 166.8481043907486, -77.87222897355254
20231116_S01_to_S02, 1, 1581, 1700098451.7228332, 166.84811034388937, -77.87222556007896
20231116_S01_to_S02, 1, 1582, 1700098451.8230803, 166.84810288248684, -77.87221899894595
20231116_S01_to_S02, 1, 1583, 1700098451.9233189, 166.84808030189785, -77.87220876779398
20231116_S01_to_S02, 1, 1584, 1700098452.0235755, 166.84804487263477, -77.87219569801326
20231116_S01_to_S02, 1, 1585, 1700098452.1238217, 166.84800013915014, -77.87218105571576
20231116_S01_to_S02, 1, 1586, 1700098452.239694, 166.8479414708272, -77.87216382530019
20231116_S01_to_S02, 1, 1587, 1700098452.3399417, 166.8478887002887, -77.87215008580374
20231116_S01_to_S02, 1, 1588, 1700098452.4401882, 166.84783778250198, -77.87213875796118
20231116_S01_to_S02, 1, 1589, 1700098452.540438, 166.8477922515445, -77.87213110421862
20231116_S01_to_S02, 1, 1590, 1700098452.6406841, 166.8477556467089, -77.87212838791882
20231116_S01_to_S02, 1, 1591, 1700098452.7409322, 166.84773150199902, -77.87213187163836
20231116_S01_to_S02, 1, 1592, 1700098452.8568048, 166.8477237399205, -77.8721452721786
20231116_S01_to_S02, 1, 1593, 1700098452.9570537, 166.84773636814498, -77.87216550357122
20231116_S01_to_S02, 1, 1594, 1700098453.0573008, 166.84776420140997, -77.87219228907381
20231116_S01_to_S02, 1, 1595, 1700098453.1575491, 166.8478039563695, -77.87222394951299
20231116_S01_to_S02, 1, 1596, 1700098453.2577868, 166.84785234319307, -77.87225880085948
20231116_S01_to_S02, 1, 1597, 1700098453.3580434, 166.8479060930778, -77.87229517386243
20231116_S01_to_S02, 1, 1598, 1700098453.4739194, 166.84797058276538, -77.87233689918658
20231116_S01_to_S02, 1, 1599, 1700098453.574167, 166.8480246973793, -77.87237082006769
20231116_S01_to_S02, 1, 1600, 1700098453.674406, 166.84807379747235, -77.87240095193421
20231116_S01_to_S02, 1, 1601, 1700098453.7746663, 166.8481146121817, -77.87242562289129
20231116_S01_to_S02, 1, 1602, 1700098453.8749146, 166.84814384257908, -77.87244314400394
20231116_S01_to_S02, 1, 1603, 1700098453.9907906, 166.84815889803428, -77.87245229007308
20231116_S01_to_S02, 1, 1604, 1700098454.091058, 166.84815199035438, -77.87244868736994
20231116_S01_to_S02, 1, 1605, 1700098454.1978345, 166.84812160751233, -77.87243179524322
20231116_S01_to_S02, 1, 1606, 1700098454.2981093, 166.8480762148093, -77.87240658808699
20231116_S01_to_S02, 1, 1607, 1700098454.3983898, 166.8480219256661, -77.87237676243754
20231116_S01_to_S02, 1, 1608, 1700098454.4986732, 166.84796603235552, -77.87234666507491
20231116_S01_to_S02, 1, 1609, 1700098454.5989575, 166.847915828154, -77.8723206433398
20231116_S01_to_S02, 1, 1610, 1700098454.699213, 166.84787861419423, -77.87230304783219
20231116_S01_to_S02, 1, 1611, 1700098454.8151057, 166.8478613153607, -77.87229889114673
20231116_S01_to_S02, 1, 1612, 1700098454.9153633, 166.84787559126696, -77.87231345636562
20231116_S01_to_S02, 1, 1613, 1700098455.0156102, 166.84791511605547, -77.87234370303825
20231116_S01_to_S02, 1, 1614, 1700098455.115849, 166.84797449528693, -77.87238635394652
20231116_S01_to_S02, 1, 1615, 1700098455.2161057, 166.8480483497024, -77.8724381428358
20231116_S01_to_S02, 1, 1616, 1700098455.3163536, 166.848131264247, -77.87249577815285
20231116_S01_to_S02, 1, 1617, 1700098455.4322262, 166.8482313238951, -77.87256538861465
20231116_S01_to_S02, 1, 1618, 1700098455.5324748, 166.84831542431624, -77.87262448348076
20231116_S01_to_S02, 1, 1619, 1700098455.632713, 166.84839155092578, -77.87267907603535
20231116_S01_to_S02, 1, 1620, 1700098455.732973, 166.84845432872612, -77.87272590357568
20231116_S01_to_S02, 1, 1621, 1700098455.83321, 166.84849833353428, -77.87276166690798
20231116_S01_to_S02, 1, 1622, 1700098455.9334683, 166.84851968042204, -77.87278399985955
20231116_S01_to_S02, 1, 1623, 1700098456.04934, 166.84851891497814, -77.87279470588024
20231116_S01_to_S02, 1, 1624, 1700098456.149588, 166.84850028071597, -77.87279328337316
20231116_S01_to_S02, 1, 1625, 1700098456.249825, 166.84846871990018, -77.87278415997082
20231116_S01_to_S02, 1, 1626, 1700098456.350082, 166.84842777856477, -77.87276943308629
20231116_S01_to_S02, 1, 1627, 1700098456.4503305, 166.84838102414878, -77.87275120713134
20231116_S01_to_S02, 1, 1628, 1700098456.5662036, 166.84832439869135, -77.87272853354972
20231116_S01_to_S02, 1, 1629, 1700098456.6664522, 166.84827720695978, -77.87270990959681
20231116_S01_to_S02, 1, 1630, 1700098456.766702, 166.8482354252252, -77.8726944163541
20231116_S01_to_S02, 1, 1631, 1700098456.8669403, 166.84820259272107, -77.87268414134554
20231116_S01_to_S02, 1, 1632, 1700098456.9671984, 166.84818068762695, -77.87268012938465
20231116_S01_to_S02, 1, 1633, 1700098457.067446, 166.84816916261798, -77.87268172336277
20231116_S01_to_S02, 1, 1634, 1700098457.1833181, 166.84816773303038, -77.87268947772839
20231116_S01_to_S02, 1, 1635, 1700098457.2834961, 166.84817587819046, -77.87270036528847
20231116_S01_to_S02, 1, 1636, 1700098457.383744, 166.84819190544107, -77.87271428435925
20231116_S01_to_S02, 1, 1637, 1700098457.4839938, 166.8482150208358, -77.87273041118681
20231116_S01_to_S02, 1, 1638, 1700098457.5842426, 166.84824443209146, -77.87274792758674
20231116_S01_to_S02, 1, 1639, 1700098457.6845033, 166.84827935212286, -77.87276601810414
20231116_S01_to_S02, 1, 1640, 1700098457.8003685, 166.8483255270625, -77.87278656501381
20231116_S01_to_S02, 1, 1641, 1700098457.9006195, 166.84836961076564, -77.8728031688727
20231116_S01_to_S02, 1, 1642, 1700098458.0073714, 166.8484197517375, -77.8728195109798
20231116_S01_to_S02, 1, 1643, 1700098458.1076255, 166.8484688949588, -77.87283390727451
20231116_S01_to_S02, 1, 1644, 1700098458.2078907, 166.84851911327573, -77.87284768495687
20231116_S01_to_S02, 1, 1645, 1700098458.308155, 166.8485694996428, -77.8728611370812
20231116_S01_to_S02, 1, 1646, 1700098458.4084046, 166.84861914616874, -77.87287455661803
20231116_S01_to_S02, 1, 1647, 1700098458.5086634, 166.84866716389686, -77.8728882415555
20231116_S01_to_S02, 1, 1648, 1700098458.624562, 166.84871945540283, -77.87290477688904
20231116_S01_to_S02, 1, 1649, 1700098458.7248225, 166.84876088675324, -77.87292003450014
20231116_S01_to_S02, 1, 1650, 1700098458.8250594, 166.84879783285126, -77.87293648260082
20231116_S01_to_S02, 1, 1651, 1700098458.925307, 166.84882940656217, -77.87295442126181
20231116_S01_to_S02, 1, 1652, 1700098459.025555, 166.84885470303473, -77.87297414352179
20231116_S01_to_S02, 1, 1653, 1700098459.1258032, 166.84887282219023, -77.87299594155876
20231116_S01_to_S02, 1, 1654, 1700098459.2416754, 166.84888387101677, -77.87302318195187
20231116_S01_to_S02, 1, 1655, 1700098459.3419242, 166.84888444486592, -77.87304643681067
20231116_S01_to_S02, 1, 1656, 1700098459.442173, 166.84887633587743, -77.87306727889488
20231116_S01_to_S02, 1, 1657, 1700098459.5424201, 166.84885921441435, -77.87308369007495
20231116_S01_to_S02, 1, 1658, 1700098459.6426787, 166.84883274686564, -77.87309365361234
20231116_S01_to_S02, 1, 1659, 1700098459.7585416, 166.848790087979, -77.87309448955912
20231116_S01_to_S02, 1, 1660, 1700098459.8587883, 166.84874237055496, -77.8730837070482
20231116_S01_to_S02, 1, 1661, 1700098459.9590385, 166.84868501207853, -77.87306161184961
20231116_S01_to_S02, 1, 1662, 1700098460.0592856, 166.84861961105665, -77.87303007455934
20231116_S01_to_S02, 1, 1663, 1700098460.159533, 166.8485478710317, -77.87299118714768
20231116_S01_to_S02, 1, 1664, 1700098460.259792, 166.8484714884091, -77.87294703691005
20231116_S01_to_S02, 1, 1665, 1700098460.3756552, 166.8483796802766, -77.87289220787585
20231116_S01_to_S02, 1, 1666, 1700098460.475902, 166.84829911927105, -77.87284384750468
20231116_S01_to_S02, 1, 1667, 1700098460.5761497, 166.8482193061282, -77.87279683334145
20231116_S01_to_S02, 1, 1668, 1700098460.6763968, 166.84814194715582, -77.87275325854212
20231116_S01_to_S02, 1, 1669, 1700098460.776645, 166.84806874665068, -77.87271521513466
20231116_S01_to_S02, 1, 1670, 1700098460.8769045, 166.8480013911462, -77.87268477605284
20231116_S01_to_S02, 1, 1671, 1700098460.9927673, 166.84793183574075, -77.87266008621175
20231116_S01_to_S02, 1, 1672, 1700098461.093015, 166.84787811988113, -77.87264649685814
20231116_S01_to_S02, 1, 1673, 1700098461.1932638, 166.84782962869485, -77.87263874151432
20231116_S01_to_S02, 1, 1674, 1700098461.2935119, 166.84778562832923, -77.87263551108333
20231116_S01_to_S02, 1, 1675, 1700098461.3937721, 166.84774537892795, -77.87263549635043
20231116_S01_to_S02, 1, 1676, 1700098461.5096357, 166.84770258150934, -77.87263776944154
20231116_S01_to_S02, 1, 1677, 1700098461.6098864, 166.84766793293906, -77.87264023300604
20231116_S01_to_S02, 1, 1678, 1700098461.7101347, 166.847634721874, -77.87264178008631
20231116_S01_to_S02, 1, 1679, 1700098461.8168864, 166.8476001104761, -77.87264094942316
20231116_S01_to_S02, 1, 1680, 1700098461.9171379, 166.84756760908144, -77.87263657878248
20231116_S01_to_S02, 1, 1681, 1700098462.0174036, 166.8475351721895, -77.8726287796889
20231116_S01_to_S02, 1, 1682, 1700098462.1176717, 166.847503338527, -77.87261839927879
20231116_S01_to_S02, 1, 1683, 1700098462.21793, 166.84747265312427, -77.87260629701063
20231116_S01_to_S02, 1, 1684, 1700098462.3338268, 166.8474393178152, -77.87259128477723
20231116_S01_to_S02, 1, 1685, 1700098462.4340744, 166.8474129450999, -77.8725783880339
20231116_S01_to_S02, 1, 1686, 1700098462.534321, 166.8473894249946, -77.87256647560989
20231116_S01_to_S02, 1, 1687, 1700098462.6345682, 166.84736929814014, -77.87255640486201
20231116_S01_to_S02, 1, 1688, 1700098462.7348158, 166.84735310558682, -77.8725490333585
20231116_S01_to_S02, 1, 1689, 1700098462.8350744, 166.84734138742732, -77.87254521850889
20231116_S01_to_S02, 1, 1690, 1700098462.950935, 166.84733382997484, -77.87254606657505
20231116_S01_to_S02, 1, 1691, 1700098463.051182, 166.84733149944842, -77.87255074780691
20231116_S01_to_S02, 1, 1692, 1700098463.1514304, 166.8473317479327, -77.87255811046127
20231116_S01_to_S02, 1, 1693, 1700098463.2516773, 166.8473333145189, -77.8725672209492
20231116_S01_to_S02, 1, 1694, 1700098463.351924, 166.84733493831538, -77.87257714596002
20231116_S01_to_S02, 1, 1695, 1700098463.4521825, 166.8473353583851, -77.87258695326749
20231116_S01_to_S02, 1, 1696, 1700098463.568045, 166.84733269169007, -77.87259691558005
20231116_S01_to_S02, 1, 1697, 1700098463.6682947, 166.84732622728583, -77.87260329053807
20231116_S01_to_S02, 1, 1698, 1700098463.7685418, 166.84731458008778, -77.87260660080477
20231116_S01_to_S02, 1, 1699, 1700098463.8687885, 166.8472964892009, -77.87260591321146
20231116_S01_to_S02, 1, 1700, 1700098463.9690356, 166.8472706935721, -77.87260029437374
20231116_S01_to_S02, 1, 1701, 1700098464.0692968, 166.8472359268194, -77.87258880883645
20231116_S01_to_S02, 1, 1702, 1700098464.1851585, 166.84718316763485, -77.87256719743085
20231116_S01_to_S02, 1, 1703, 1700098464.285406, 166.84712721177098, -77.87254182826264
20231116_S01_to_S02, 1, 1704, 1700098464.3856528, 166.847063180311, -77.87251153226777
20231116_S01_to_S02, 1, 1705, 1700098464.4859009, 166.8469924980924, -77.87247751869701
20231116_S01_to_S02, 1, 1706, 1700098464.5861595, 166.8469165842453, -77.87244099406271
20231116_S01_to_S02, 1, 1707, 1700098464.7020235, 166.84682421612408, -77.87239724664502
20231116_S01_to_S02, 1, 1708, 1700098464.8022716, 166.84674190181485, -77.87235943711426
20231116_S01_to_S02, 1, 1709, 1700098464.902521, 166.8466588069936, -77.87232287999144
20231116_S01_to_S02, 1, 1710, 1700098465.0027723, 166.8465756014908, -77.87228801643819
20231116_S01_to_S02, 1, 1711, 1700098465.1030204, 166.84649249690818, -77.87225481833592
20231116_S01_to_S02, 1, 1712, 1700098465.2032816, 166.8464096783736, -77.8722232419941
20231116_S01_to_S02, 1, 1713, 1700098465.319146, 166.84631460154637, -77.8721887267011
20231116_S01_to_S02, 1, 1714, 1700098465.4193974, 166.84623310706593, -77.87216052761835
20231116_S01_to_S02, 1, 1715, 1700098465.52615, 166.84614734830416, -77.87213215290443
20231116_S01_to_S02, 1, 1716, 1700098465.626398, 166.84606798283878, -77.87210701880572
20231116_S01_to_S02, 1, 1717, 1700098465.7266462, 166.84598995160877, -77.8720833096139
20231116_S01_to_S02, 1, 1718, 1700098465.8269117, 166.84591344017866, -77.87206098309517
20231116_S01_to_S02, 1, 1719, 1700098465.9271805, 166.84583890377917, -77.87204010448984
20231116_S01_to_S02, 1, 1720, 1700098466.027439, 166.84576792047093, -77.87202119739725
20231116_S01_to_S02, 1, 1721, 1700098466.1433392, 166.84569275892778, -77.87200265000476
20231116_S01_to_S02, 1, 1722, 1700098466.243587, 166.84563585523898, -77.87199020950332
20231116_S01_to_S02, 1, 1723, 1700098466.3438344, 166.84558845978123, -77.87198179642705
20231116_S01_to_S02, 1, 1724, 1700098466.444083, 166.84555246130344, -77.87197806289372
20231116_S01_to_S02, 1, 1725, 1700098466.5443313, 166.84552974992556, -77.87197966124057
20231116_S01_to_S02, 1, 1726, 1700098466.6445882, 166.84552221505214, -77.87198724459505
20231116_S01_to_S02, 1, 1727, 1700098466.7604496, 166.84553489032578, -77.87200431795202
20231116_S01_to_S02, 1, 1728, 1700098466.8606975, 166.84556645897277, -77.87202700436512
20231116_S01_to_S02, 1, 1729, 1700098466.9609475, 166.84561678267184, -77.87205685737518
20231116_S01_to_S02, 1, 1730, 1700098467.061197, 166.84568193836037, -77.87209239320364
20231116_S01_to_S02, 1, 1731, 1700098467.1614528, 166.84575772214825, -77.87213202596443
20231116_S01_to_S02, 1, 1732, 1700098467.2773151, 166.84585302123241, -77.8721808471709
20231116_S01_to_S02, 1, 1733, 1700098467.3775623, 166.8459373819942, -77.87222389935732
20231116_S01_to_S02, 1, 1734, 1700098467.4778101, 166.8460190839017, -77.87226603313779
20231116_S01_to_S02, 1, 1735, 1700098467.5780578, 166.84609391738223, -77.87230565963849
20231116_S01_to_S02, 1, 1736, 1700098467.6783066, 166.84615767453585, -77.8723411908875
20231116_S01_to_S02, 1, 1737, 1700098467.7785656, 166.84620614953027, -77.87237104058056
20231116_S01_to_S02, 1, 1738, 1700098467.894428, 166.84623792998119, -77.87239647837964
20231116_S01_to_S02, 1, 1739, 1700098467.994676, 166.84624397472072, -77.8724102667894
20231116_S01_to_S02, 1, 1740, 1700098468.0949244, 166.84623275851558, -77.8724170904788
20231116_S01_to_S02, 1, 1741, 1700098468.1951756, 166.8462069004342, -77.87241761497904
20231116_S01_to_S02, 1, 1742, 1700098468.2954342, 166.84616901764292, -77.87241250512956
20231116_S01_to_S02, 1, 1743, 1700098468.411297, 166.84611369666234, -77.8724004540524
20231116_S01_to_S02, 1, 1744, 1700098468.5115469, 166.8460588149752, -77.8723854641728
20231116_S01_to_S02, 1, 1745, 1700098468.611795, 166.8460001817995, -77.87236694174715
20231116_S01_to_S02, 1, 1746, 1700098468.7120447, 166.84594041528615, -77.87234555181941
20231116_S01_to_S02, 1, 1747, 1700098468.8122938, 166.84588213693098, -77.87232196051485
20231116_S01_to_S02, 1, 1748, 1700098468.9125547, 166.84582796029838, -77.87229683029302
20231116_S01_to_S02, 1, 1749, 1700098469.028419, 166.84577390399602, -77.87226674811083
20231116_S01_to_S02, 1, 1750, 1700098469.128669, 166.84573749314123, -77.87224057295822
20231116_S01_to_S02, 1, 1751, 1700098469.2354226, 166.84571084047923, -77.87221315740864
20231116_S01_to_S02, 1, 1752, 1700098469.3356717, 166.84569574822362, -77.87218805738001
20231116_S01_to_S02, 1, 1753, 1700098469.4359202, 166.84568856836924, -77.87216375471749
20231116_S01_to_S02, 1, 1754, 1700098469.5361857, 166.84568762552078, -77.87214041423877
20231116_S01_to_S02, 1, 1755, 1700098469.6364372, 166.84569124433813, -77.87211821202119
20231116_S01_to_S02, 1, 1756, 1700098469.736696, 166.84569774911674, -77.87209731203268
20231116_S01_to_S02, 1, 1757, 1700098469.8525925, 166.84570666737469, -77.87207499838311
20231116_S01_to_S02, 1, 1758, 1700098469.952841, 166.84571397389595, -77.87205744978047
20231116_S01_to_S02, 1, 1759, 1700098470.0530884, 166.8457205735702, -77.87204152225918
20231116_S01_to_S02, 1, 1760, 1700098470.1533353, 166.84572648715078, -77.87202716900407
20231116_S01_to_S02, 1, 1761, 1700098470.2535934, 166.84573173590962, -77.87201434192484
20231116_S01_to_S02, 1, 1762, 1700098470.3694565, 166.84573699978, -77.87200136026993
20231116_S01_to_S02, 1, 1763, 1700098470.4697037, 166.84574088390912, -77.87199166896214
20231116_S01_to_S02, 1, 1764, 1700098470.5699506, 166.84574416794717, -77.87198335794913
20231116_S01_to_S02, 1, 1765, 1700098470.6701984, 166.84574687261588, -77.87197638048542
20231116_S01_to_S02, 1, 1766, 1700098470.7704456, 166.84574901855692, -77.87197069003066
20231116_S01_to_S02, 1, 1767, 1700098470.8707035, 166.8457506266244, -77.87196623945789
20231116_S01_to_S02, 1, 1768, 1700098470.9865658, 166.84575184180616, -77.87196258024001
20231116_S01_to_S02, 1, 1769, 1700098471.0868144, 166.845752360215, -77.87196064524322
20231116_S01_to_S02, 1, 1770, 1700098471.1870615, 166.8457524058867, -77.87195980331879
20231116_S01_to_S02, 1, 1771, 1700098471.2873073, 166.84575199952982, -77.87196000775995
20231116_S01_to_S02, 1, 1772, 1700098471.387565, 166.8457511617118, -77.87196121208892
20231116_S01_to_S02, 1, 1773, 1700098471.503428, 166.8457496832014, -77.87196378822094
20231116_S01_to_S02, 1, 1774, 1700098471.6036751, 166.84574798593633, -77.87196698890543
20231116_S01_to_S02, 1, 1775, 1700098471.703924, 166.84574592257607, -77.87197104212335
20231116_S01_to_S02, 1, 1776, 1700098471.804176, 166.8457435137497, -77.87197590134018
20231116_S01_to_S02, 1, 1777, 1700098471.904421, 166.845740780418, -77.87198151934012
20231116_S01_to_S02, 1, 1778, 1700098472.0046797, 166.84573774267704, -77.87198785068811
20231116_S01_to_S02, 1, 1779, 1700098472.1205418, 166.84573388055333, -77.87199599387968
20231116_S01_to_S02, 1, 1780, 1700098472.2207906, 166.84573025812588, -77.87200370187388
20231116_S01_to_S02, 1, 1781, 1700098472.3210404, 166.84572639695338, -77.87201197518513
20231116_S01_to_S02, 1, 1782, 1700098472.4212894, 166.84572231778932, -77.87202076701392
20231116_S01_to_S02, 1, 1783, 1700098472.5215507, 166.845718040767, -77.87203003190398
20231116_S01_to_S02, 1, 1784, 1700098472.6374145, 166.84571287943416, -77.87204126535762
20231116_S01_to_S02, 1, 1785, 1700098472.7376633, 166.8457082479203, -77.87205138771388
20231116_S01_to_S02, 1, 1786, 1700098472.8379133, 166.8457034843162, -77.87206183484082
20231116_S01_to_S02, 1, 1787, 1700098472.944665, 166.8456982898506, -77.87207326401818
20231116_S01_to_S02, 1, 1788, 1700098473.0449138, 166.84569331914042, -77.87208423371435
20231116_S01_to_S02, 1, 1789, 1700098473.1451807, 166.84568827889325, -77.87209538706705
20231116_S01_to_S02, 1, 1790, 1700098473.245447, 166.84568319073742, -77.87210667534323
20231116_S01_to_S02, 1, 1791, 1700098473.3457053, 166.84567807573953, -77.87211805103931
20231116_S01_to_S02, 1, 1792, 1700098473.4616027, 166.84567215605136, -77.87213125004948
20231116_S01_to_S02, 1, 1793, 1700098473.5618482, 166.8456670533881, -77.87214265585921
20231116_S01_to_S02, 1, 1794, 1700098473.6620963, 166.84566198865625, -77.87215400297595
20231116_S01_to_S02, 1, 1795, 1700098473.7623444, 166.845656982679, -77.87216524443866
20231116_S01_to_S02, 1, 1796, 1700098473.8625927, 166.845652056134, -77.8721763336112
20231116_S01_to_S02, 1, 1797, 1700098473.9628503, 166.8456472292804, -77.87218722480345
20231116_S01_to_S02, 1, 1798, 1700098474.0787127, 166.8456418030076, -77.87219950212373
20231116_S01_to_S02, 1, 1799, 1700098474.17896, 166.8456372628924, -77.8722098045155
20231116_S01_to_S02, 1, 1800, 1700098474.2792091, 166.845632888129, -77.87221976083711
20231116_S01_to_S02, 1, 1801, 1700098474.3794584, 166.84562869947445, -77.87222932427309
20231116_S01_to_S02, 1, 1802, 1700098474.4797056, 166.84562471771238, -77.87223844794514
20231116_S01_to_S02, 1, 1803, 1700098474.5799627, 166.84562096307678, -77.87224708623826
20231116_S01_to_S02, 1, 1804, 1700098474.695825, 166.84561693455564, -77.87225640219593
20231116_S01_to_S02, 1, 1805, 1700098474.796073, 166.8456137410775, -77.87226383275416
20231116_S01_to_S02, 1, 1806, 1700098474.8963203, 166.8456108403971, -77.87227062980062
20231116_S01_to_S02, 1, 1807, 1700098474.9965682, 166.84560825317587, -77.8722767467382
20231116_S01_to_S02, 1, 1808, 1700098475.096816, 166.8456060001176, -77.87228213687104
20231116_S01_to_S02, 1, 1809, 1700098475.1970737, 166.8456041017443, -77.87228675394817
20231116_S01_to_S02, 1, 1810, 1700098475.312936, 166.8456023770949, -77.87229106489741
20231116_S01_to_S02, 1, 1811, 1700098475.4131832, 166.8456013142852, -77.87229385532967
20231116_S01_to_S02, 1, 1812, 1700098475.5134323, 166.84560067160544, -77.8722957250768
20231116_S01_to_S02, 1, 1813, 1700098475.6136808, 166.84560046976947, -77.87229662741167
20231116_S01_to_S02, 1, 1814, 1700098475.7139394, 166.8456007295125, -77.8722965156191
20231116_S01_to_S02, 1, 1815, 1700098475.8298028, 166.84560163178554, -77.87229506192011
20231116_S01_to_S02, 1, 1816, 1700098475.9300508, 166.84560292848923, -77.87229265317198
20231116_S01_to_S02, 1, 1817, 1700098476.0303, 166.84560457029085, -77.87228938996573
20231116_S01_to_S02, 1, 1818, 1700098476.1305487, 166.84560639003547, -77.872285542846
20231116_S01_to_S02, 1, 1819, 1700098476.2307968, 166.84560822057404, -77.87228138235307
20231116_S01_to_S02, 1, 1820, 1700098476.331056, 166.84560989495455, -77.87227717851013
20231116_S01_to_S02, 1, 1821, 1700098476.4469206, 166.84561141612616, -77.87227262145834
20231116_S01_to_S02, 1, 1822, 1700098476.5471716, 166.8456121847393, -77.87226924577506
20231116_S01_to_S02, 1, 1823, 1700098476.6539233, 166.8456122474299, -77.87226654907077
20231116_S01_to_S02, 1, 1824, 1700098476.7541733, 166.84561142027502, -77.87226514513108
20231116_S01_to_S02, 1, 1825, 1700098476.8544214, 166.84560956448507, -77.87226511009156
20231116_S01_to_S02, 1, 1826, 1700098476.9546885, 166.84560658098792, -77.87226658126976
20231116_S01_to_S02, 1, 1827, 1700098477.0549533, 166.84560252965264, -77.8722693888281
20231116_S01_to_S02, 1, 1828, 1700098477.1552134, 166.84559749238147, -77.8722733195652
20231116_S01_to_S02, 1, 1829, 1700098477.2711117, 166.84559054767678, -77.87227898397022
20231116_S01_to_S02, 1, 1830, 1700098477.3713596, 166.84558366317486, -77.87228461118961
20231116_S01_to_S02, 1, 1831, 1700098477.4716074, 166.84557605053655, -77.87229068945311
20231116_S01_to_S02, 1, 1832, 1700098477.5718558, 166.845567791378, -77.87229700589033
20231116_S01_to_S02, 1, 1833, 1700098477.6721022, 166.84555896756427, -77.87230334744994
20231116_S01_to_S02, 1, 1834, 1700098477.772363, 166.84554965923888, -77.87230950221364
20231116_S01_to_S02, 1, 1835, 1700098477.8882227, 166.8455384112999, -77.8723161119314
20231116_S01_to_S02, 1, 1836, 1700098477.98847, 166.84552843213294, -77.8723214015812
20231116_S01_to_S02, 1, 1837, 1700098478.0887172, 166.84551848158873, -77.87232656408898
20231116_S01_to_S02, 1, 1838, 1700098478.1889648, 166.8455088106289, -77.87233187485758
20231116_S01_to_S02, 1, 1839, 1700098478.2892122, 166.84549967035574, -77.87233760921575
20231116_S01_to_S02, 1, 1840, 1700098478.3894706, 166.8454913109154, -77.87234404329377
20231116_S01_to_S02, 1, 1841, 1700098478.505334, 166.84548295324086, -77.87235271053959
20231116_S01_to_S02, 1, 1842, 1700098478.605582, 166.84547713384598, -77.87236158758249
20231116_S01_to_S02, 1, 1843, 1700098478.7058299, 166.84547288840636, -77.87237203261292
20231116_S01_to_S02, 1, 1844, 1700098478.8060777, 166.845470467942, -77.87238432102004
20231116_S01_to_S02, 1, 1845, 1700098478.9063358, 166.84547012356802, -77.87239872976468
20231116_S01_to_S02, 1, 1846, 1700098479.0221977, 166.84547264093692, -77.87241838150275
20231116_S01_to_S02, 1, 1847, 1700098479.122445, 166.84547762454278, -77.87243829159426
20231116_S01_to_S02, 1, 1848, 1700098479.2226915, 166.84548488314397, -77.87246061172301
20231116_S01_to_S02, 1, 1849, 1700098479.32294, 166.84549258424047, -77.87248358919543
20231116_S01_to_S02, 1, 1850, 1700098479.4231868, 166.84549866261867, -77.87250524364622
20231116_S01_to_S02, 1, 1851, 1700098479.523447, 166.84550105353563, -77.87252359827852
20231116_S01_to_S02, 1, 1852, 1700098479.639309, 166.84549651610885, -77.87253810093327
20231116_S01_to_S02, 1, 1853, 1700098479.7395597, 166.84548393205927, -77.87254260084015
20231116_S01_to_S02, 1, 1854, 1700098479.8398094, 166.84546114381945, -77.87253755153061
20231116_S01_to_S02, 1, 1855, 1700098479.9400592, 166.84542721719848, -77.87252190506176
20231116_S01_to_S02, 1, 1856, 1700098480.0403085, 166.84538480268412, -77.87249756600863
20231116_S01_to_S02, 1, 1857, 1700098480.1405709, 166.84533725267468, -77.87246701820966
20231116_S01_to_S02, 1, 1858, 1700098480.2564352, 166.84528031569448, -77.87242724816042
20231116_S01_to_S02, 1, 1859, 1700098480.3566852, 166.84523314073743, -77.8723917927684
20231116_S01_to_S02, 1, 1860, 1700098480.463438, 166.84518900091388, -77.87235590849613
20231116_S01_to_S02, 1, 1861, 1700098480.5636878, 166.84515681679707, -77.87232659167913
20231116_S01_to_S02, 1, 1862, 1700098480.6639545, 166.84513703790097, -77.87230405762256
20231116_S01_to_S02, 1, 1863, 1700098480.7642205, 166.84513303117504, -77.87229080124227
20231116_S01_to_S02, 1, 1864, 1700098480.8644805, 166.8451480945921, -77.8722892687588
20231116_S01_to_S02, 1, 1865, 1700098480.9647472, 166.84518279816666, -77.87229999195132
20231116_S01_to_S02, 1, 1866, 1700098481.0806284, 166.8452431526378, -77.87232487065592
20231116_S01_to_S02, 1, 1867, 1700098481.1808763, 166.84530893116, -77.87235457806018
20231116_S01_to_S02, 1, 1868, 1700098481.2811239, 166.84538363310946, -77.87238945248635
20231116_S01_to_S02, 1, 1869, 1700098481.3813705, 166.84546377734324, -77.87242718763586
20231116_S01_to_S02, 1, 1870, 1700098481.4816296, 166.8455458942577, -77.87246548256432
20231116_S01_to_S02, 1, 1871, 1700098481.5974915, 166.8456386740911, -77.87250740646587
20231116_S01_to_S02, 1, 1872, 1700098481.6977398, 166.8457131731533, -77.87253904944326
20231116_S01_to_S02, 1, 1873, 1700098481.7979863, 166.84577864947218, -77.87256396960153
20231116_S01_to_S02, 1, 1874, 1700098481.8982334, 166.84583190228676, -77.87258007088597
20231116_S01_to_S02, 1, 1875, 1700098481.9984837, 166.84587271829685, -77.87258750621146
20231116_S01_to_S02, 1, 1876, 1700098482.0987413, 166.845902703462, -77.8725877976838
20231116_S01_to_S02, 1, 1877, 1700098482.214603, 166.84592599901916, -77.87258125655207
20231116_S01_to_S02, 1, 1878, 1700098482.314851, 166.84593817971268, -77.8725713948238
20231116_S01_to_S02, 1, 1879, 1700098482.4150991, 166.84594467745444, -77.87255925696105
20231116_S01_to_S02, 1, 1880, 1700098482.515346, 166.84594712389782, -77.87254638539942
20231116_S01_to_S02, 1, 1881, 1700098482.6155965, 166.8459471507349, -77.87253432183674
20231116_S01_to_S02, 1, 1882, 1700098482.7158544, 166.84594638955204, -77.87252460853104
20231116_S01_to_S02, 1, 1883, 1700098482.8317163, 166.84594666669312, -77.87251833331187
20231116_S01_to_S02, 1, 1884, 1700098482.9319646, 166.84594932567185, -77.87251851396563
20231116_S01_to_S02, 1, 1885, 1700098483.0322125, 166.84595375529722, -77.87252338560909
20231116_S01_to_S02, 1, 1886, 1700098483.132459, 166.8459589964726, -77.872531963415
20231116_S01_to_S02, 1, 1887, 1700098483.2327185, 166.84596409087928, -77.87254326440578
20231116_S01_to_S02, 1, 1888, 1700098483.3485851, 166.84596853768062, -77.87255842489509
20231116_S01_to_S02, 1, 1889, 1700098483.448831, 166.8459700512176, -77.87257224203695
20231116_S01_to_S02, 1, 1890, 1700098483.54908, 166.8459683907917, -77.87258567368808
20231116_S01_to_S02, 1, 1891, 1700098483.6493292, 166.8459625972301, -77.87259773481124
20231116_S01_to_S02, 1, 1892, 1700098483.7495773, 166.84595171162732, -77.87260744052996
20231116_S01_to_S02, 1, 1893, 1700098483.849841, 166.84593477172294, -77.87261380700504
20231116_S01_to_S02, 1, 1894, 1700098483.965704, 166.84590640046414, -77.87261571228271
20231116_S01_to_S02, 1, 1895, 1700098484.0659535, 166.8458731549058, -77.87261152752905
20231116_S01_to_S02, 1, 1896, 1700098484.166202, 166.84583095185087, -77.87260100532497
20231116_S01_to_S02, 1, 1897, 1700098484.2729547, 166.84577709018797, -77.87258356544253
20231116_S01_to_S02, 1, 1898, 1700098484.3732042, 166.8457202312069, -77.87256314606421
20231116_S01_to_S02, 1, 1899, 1700098484.4734707, 166.84565933892958, -77.87254058775548
20231116_S01_to_S02, 1, 1900, 1700098484.5737195, 166.84559644949027, -77.87251764073949
20231116_S01_to_S02, 1, 1901, 1700098484.6739776, 166.8455335614953, -77.87249604145978
20231116_S01_to_S02, 1, 1902, 1700098484.7898753, 166.84546351445582, -77.87247503953034
20231116_S01_to_S02, 1, 1903, 1700098484.890123, 166.84540744455808, -77.87246222125765
20231116_S01_to_S02, 1, 1904, 1700098484.99037, 166.84535644043316, -77.87245496141873
20231116_S01_to_S02, 1, 1905, 1700098485.0906317, 166.84531018381813, -77.87245269531057
20231116_S01_to_S02, 1, 1906, 1700098485.1908677, 166.845268340638, -77.87245481846944
20231116_S01_to_S02, 1, 1907, 1700098485.2911267, 166.84523053835932, -77.87246072706573
20231116_S01_to_S02, 1, 1908, 1700098485.4069893, 166.84519143743825, -77.87247147780857
20231116_S01_to_S02, 1, 1909, 1700098485.5072381, 166.84516117337657, -77.8724834880139
20231116_S01_to_S02, 1, 1910, 1700098485.607487, 166.8451338489463, -77.87249737479
20231116_S01_to_S02, 1, 1911, 1700098485.7077343, 166.8451091125694, -77.87251253329633
20231116_S01_to_S02, 1, 1912, 1700098485.807982, 166.8450866118854, -77.87252835916479
20231116_S01_to_S02, 1, 1913, 1700098485.9082391, 166.8450660597282, -77.87254429480456
20231116_S01_to_S02, 1, 1914, 1700098486.0241005, 166.84504533063, -77.87256277393399
20231116_S01_to_S02, 1, 1915, 1700098486.1243474, 166.8450309924622, -77.87257907742575
20231116_S01_to_S02, 1, 1916, 1700098486.2245948, 166.84502090914896, -77.87259591822037
20231116_S01_to_S02, 1, 1917, 1700098486.3248446, 166.84501595295666, -77.87261352976346
20231116_S01_to_S02, 1, 1918, 1700098486.425092, 166.84501699637775, -77.8726321443144
20231116_S01_to_S02, 1, 1919, 1700098486.5253513, 166.84502491285392, -77.87265199781773
20231116_S01_to_S02, 1, 1920, 1700098486.6412132, 166.8450437654812, -77.872676786957
20231116_S01_to_S02, 1, 1921, 1700098486.7414641, 166.84506946336842, -77.87270009759033
20231116_S01_to_S02, 1, 1922, 1700098486.8417113, 166.84510478454382, -77.8727253794243
20231116_S01_to_S02, 1, 1923, 1700098486.9419584, 166.84514995738832, -77.87275269096764
20231116_S01_to_S02, 1, 1924, 1700098487.0422194, 166.8452031741023, -77.87278153791453
20231116_S01_to_S02, 1, 1925, 1700098487.1580815, 166.8452717743322, -77.87281598417069
20231116_S01_to_S02, 1, 1926, 1700098487.2583315, 166.8453347592751, -77.87284605996699
20231116_S01_to_S02, 1, 1927, 1700098487.358581, 166.84539877521516, -77.87287574719218
20231116_S01_to_S02, 1, 1928, 1700098487.4588294, 166.84546160197843, -77.87290443731182
20231116_S01_to_S02, 1, 1929, 1700098487.559079, 166.84552102134478, -77.87293152266966
20231116_S01_to_S02, 1, 1930, 1700098487.659329, 166.84557481305825, -77.87295639468486
20231116_S01_to_S02, 1, 1931, 1700098487.7752078, 166.84562706883497, -77.87298158881822
20231116_S01_to_S02, 1, 1932, 1700098487.8754585, 166.84566124217304, -77.87299964318387
20231116_S01_to_S02, 1, 1933, 1700098487.982211, 166.8456858816555, -77.8730150992742
20231116_S01_to_S02, 1, 1934, 1700098488.08246, 166.8456996411911, -77.8730268722335
20231116_S01_to_S02, 1, 1935, 1700098488.1827087, 166.84570601460686, -77.8730367969118
20231116_S01_to_S02, 1, 1936, 1700098488.2829747, 166.84570666368677, -77.87304566476254
20231116_S01_to_S02, 1, 1937, 1700098488.3832395, 166.84570324973467, -77.87305426423352
20231116_S01_to_S02, 1, 1938, 1700098488.4834988, 166.84569743600497, -77.87306338526585
20231116_S01_to_S02, 1, 1939, 1700098488.5993958, 166.84568990447187, -77.87307561535556
20231116_S01_to_S02, 1, 1940, 1700098488.6996439, 166.84568457344753, -77.87308854870665
20231116_S01_to_S02, 1, 1941, 1700098488.799893, 166.8456820888149, -77.8731044974357
20231116_S01_to_S02, 1, 1942, 1700098488.9001403, 166.84568411263257, -77.87312425105308
20231116_S01_to_S02, 1, 1943, 1700098489.0003915, 166.84569230727809, -77.87314860076799
20231116_S01_to_S02, 1, 1944, 1700098489.1006439, 166.84570833520115, -77.87317833633209
20231116_S01_to_S02, 1, 1945, 1700098489.2165065, 166.8457371738961, -77.87321952865842
20231116_S01_to_S02, 1, 1946, 1700098489.3167562, 166.84576684476465, -77.8732585249705
20231116_S01_to_S02, 1, 1947, 1700098489.4170055, 166.8457960165868, -77.87329771496337
20231116_S01_to_S02, 1, 1948, 1700098489.517253, 166.84582005351248, -77.87333432368534
20231116_S01_to_S02, 1, 1949, 1700098489.617512, 166.8458343216879, -77.87336558079178
20231116_S01_to_S02, 1, 1950, 1700098489.7333746, 166.84583256368825, -77.87339139507372
20231116_S01_to_S02, 1, 1951, 1700098489.8336322, 166.84580999644294, -77.8734016670849
20231116_S01_to_S02, 1, 1952, 1700098489.9338696, 166.84576459514182, -77.8733986858388
20231116_S01_to_S02, 1, 1953, 1700098490.0341167, 166.84569950129955, -77.87338396710699
20231116_S01_to_S02, 1, 1954, 1700098490.1343665, 166.84561942485453, -77.87335988213125
20231116_S01_to_S02, 1, 1955, 1700098490.2346244, 166.84552906892193, -77.87332880094007
20231116_S01_to_S02, 1, 1956, 1700098490.3504865, 166.84541802493268, -77.8732872791404
20231116_S01_to_S02, 1, 1957, 1700098490.450733, 166.8453215547773, -77.87324919583757
20231116_S01_to_S02, 1, 1958, 1700098490.5509803, 166.84522967293137, -77.87321160582223
20231116_S01_to_S02, 1, 1959, 1700098490.6512275, 166.84514708940821, -77.87317688187801
20231116_S01_to_S02, 1, 1960, 1700098490.7514763, 166.84507851185677, -77.8731473958121
20231116_S01_to_S02, 1, 1961, 1700098490.8517373, 166.84502864090473, -77.87312551638244
20231116_S01_to_S02, 1, 1962, 1700098490.9675984, 166.84499740263306, -77.87311151630621
20231116_S01_to_S02, 1, 1963, 1700098491.0678475, 166.8449900084988, -77.87310825006665
20231116_S01_to_S02, 1, 1964, 1700098491.1680956, 166.84499709364064, -77.87311201839333
20231116_S01_to_S02, 1, 1965, 1700098491.2683446, 166.84501510566344, -77.87312170571242
20231116_S01_to_S02, 1, 1966, 1700098491.3685975, 166.8450404930661, -77.87313619699407
20231116_S01_to_S02, 1, 1967, 1700098491.4688551, 166.84506970380895, -77.87315437712823
20231116_S01_to_S02, 1, 1968, 1700098491.5847194, 166.84510356681375, -77.87317851928019
20231116_S01_to_S02, 1, 1969, 1700098491.6849694, 166.84512892907253, -77.87320085274033
20231116_S01_to_S02, 1, 1970, 1700098491.7917213, 166.8451477274517, -77.87322479153335
20231116_S01_to_S02, 1, 1971, 1700098491.891971, 166.84515412135494, -77.87324627015461
20231116_S01_to_S02, 1, 1972, 1700098491.9922383, 166.8451490034838, -77.87326606327265
20231116_S01_to_S02, 1, 1973, 1700098492.092503, 166.84513395395808, -77.8732837662426
20231116_S01_to_S02, 1, 1974, 1700098492.1927512, 166.8451106101597, -77.87329898400854
20231116_S01_to_S02, 1, 1975, 1700098492.293012, 166.8450805983018, -77.87331132801306
20231116_S01_to_S02, 1, 1976, 1700098492.4089108, 166.84503973949154, -77.87332149825795
20231116_S01_to_S02, 1, 1977, 1700098492.509158, 166.84500091672922, -77.87332630394346
20231116_S01_to_S02, 1, 1978, 1700098492.6094053, 166.84496058117583, -77.87332699403501
20231116_S01_to_S02, 1, 1979, 1700098492.7096524, 166.84492036505088, -77.87332317549284
20231116_S01_to_S02, 1, 1980, 1700098492.8098996, 166.84488190028398, -77.87331445528794
20231116_S01_to_S02, 1, 1981, 1700098492.9257739, 166.84484151234633, -77.87329791458605
20231116_S01_to_S02, 1, 1982, 1700098493.0260203, 166.84481037433497, -77.87327859060093
20231116_S01_to_S02, 1, 1983, 1700098493.126267, 166.84478248460772, -77.87325549899278
20231116_S01_to_S02, 1, 1984, 1700098493.2265136, 166.84475757444883, -77.87322948212484
20231116_S01_to_S02, 1, 1985, 1700098493.3267639, 166.84473537431748, -77.87320138128989
20231116_S01_to_S02, 1, 1986, 1700098493.4270198, 166.844715615268, -77.87317203808733
20231116_S01_to_S02, 1, 1987, 1700098493.5428808, 166.8446954706804, -77.87313768596101
20231116_S01_to_S02, 1, 1988, 1700098493.6431272, 166.84468006354288, -77.87310853645232
20231116_S01_to_S02, 1, 1989, 1700098493.7433746, 166.84466624997077, -77.87308080433974
20231116_S01_to_S02, 1, 1990, 1700098493.8436224, 166.84465376126263, -77.87305533213065
20231116_S01_to_S02, 1, 1991, 1700098493.9438698, 166.84464232873643, -77.87303296241107
20231116_S01_to_S02, 1, 1992, 1700098494.0441291, 166.84463168230042, -77.87301453547124
20231116_S01_to_S02, 1, 1993, 1700098494.1599905, 166.84461999311964, -77.87299921752766
20231116_S01_to_S02, 1, 1994, 1700098494.2602382, 166.84460975260896, -77.87299107390511
20231116_S01_to_S02, 1, 1995, 1700098494.3604848, 166.84459840383192, -77.87298651941464
20231116_S01_to_S02, 1, 1996, 1700098494.460733, 166.84458497944215, -77.87298438702413
20231116_S01_to_S02, 1, 1997, 1700098494.560992, 166.84456851050638, -77.87298350978644
20231116_S01_to_S02, 1, 1998, 1700098494.6768553, 166.8445444203466, -77.87298253037812
20231116_S01_to_S02, 1, 1999, 1700098494.7771049, 166.84451810380102, -77.87298038944411
20231116_S01_to_S02, 1, 2000, 1700098494.8773532, 166.84448572047464, -77.87297584577388
20231116_S01_to_S02, 1, 2001, 1700098494.977603, 166.8444470706899, -77.872968426164
20231116_S01_to_S02, 1, 2002, 1700098495.0778515, 166.84440276287728, -77.87295838592732
20231116_S01_to_S02, 1, 2003, 1700098495.178111, 166.84435343903868, -77.87294601535035
20231116_S01_to_S02, 1, 2004, 1700098495.293975, 166.84429104560348, -77.87292920046723
20231116_S01_to_S02, 1, 2005, 1700098495.394226, 166.844233128868, -77.8729128029472
20231116_S01_to_S02, 1, 2006, 1700098495.5009785, 166.84416821157922, -77.87289380107723
20231116_S01_to_S02, 1, 2007, 1700098495.6012275, 166.8441048857449, -77.87287481755729
20231116_S01_to_S02, 1, 2008, 1700098495.7014923, 166.8440399226643, -77.87285502557569
20231116_S01_to_S02, 1, 2009, 1700098495.8017569, 166.8439739806589, -77.87283472005205
20231116_S01_to_S02, 1, 2010, 1700098495.9020095, 166.84390775644414, -77.87281421102432
20231116_S01_to_S02, 1, 2011, 1700098496.0022676, 166.84384236431404, -77.8727939711513
20231116_S01_to_S02, 1, 2012, 1700098496.1181643, 166.84376963829712, -77.87277166995007
20231116_S01_to_S02, 1, 2013, 1700098496.2184114, 166.8437107938492, -77.87275398581632
20231116_S01_to_S02, 1, 2014, 1700098496.318659, 166.84365718416262, -77.87273840140931
20231116_S01_to_S02, 1, 2015, 1700098496.4189065, 166.84361020475268, -77.87272549698825
20231116_S01_to_S02, 1, 2016, 1700098496.5191545, 166.84357125035174, -77.87271585259747
20231116_S01_to_S02, 1, 2017, 1700098496.6194122, 166.8435417141454, -77.87271004814046
20231116_S01_to_S02, 1, 2018, 1700098496.735275, 166.84352114538652, -77.87270888488686
20231116_S01_to_S02, 1, 2019, 1700098496.8355215, 166.84351666670523, -77.87271333331708
20231116_S01_to_S02, 1, 2020, 1700098496.9357688, 166.84352533206243, -77.87272315738402
20231116_S01_to_S02, 1, 2021, 1700098497.0360153, 166.84354514137246, -77.87273745980534
20231116_S01_to_S02, 1, 2022, 1700098497.136273, 166.84357341930198, -77.87275505022936
20231116_S01_to_S02, 1, 2023, 1700098497.2521355, 166.84361313392168, -77.87277790938076
20231116_S01_to_S02, 1, 2024, 1700098497.3523827, 166.84365054513546, -77.8727985250568
20231116_S01_to_S02, 1, 2025, 1700098497.4526293, 166.84368796696666, -77.87281866304394
20231116_S01_to_S02, 1, 2026, 1700098497.552878, 166.8437227213004, -77.87283713123368
20231116_S01_to_S02, 1, 2027, 1700098497.6531243, 166.84375212780307, -77.87285273633773
20231116_S01_to_S02, 1, 2028, 1700098497.7533832, 166.8437735104059, -77.87286428737673
20231116_S01_to_S02, 1, 2029, 1700098497.869244, 166.84378472974169, -77.87287102977524
20231116_S01_to_S02, 1, 2030, 1700098497.9694922, 166.8437811141746, -77.87287043534404
20231116_S01_to_S02, 1, 2031, 1700098498.069741, 166.843766038273, -77.872864337556
20231116_S01_to_S02, 1, 2032, 1700098498.1699882, 166.8437406512241, -77.87285330949162
20231116_S01_to_S02, 1, 2033, 1700098498.2702355, 166.84370610142213, -77.87283792389944
20231116_S01_to_S02, 1, 2034, 1700098498.3704941, 166.84366353240625, -77.87281875131828
20231116_S01_to_S02, 1, 2035, 1700098498.486357, 166.84360585909616, -77.87279263039588
20231116_S01_to_S02, 1, 2036, 1700098498.586606, 166.843549924481, -77.87276724919435
20231116_S01_to_S02, 1, 2037, 1700098498.6868548, 166.84348960084958, -77.87273989119802
20231116_S01_to_S02, 1, 2038, 1700098498.787104, 166.84342603662338, -77.87271112915543
20231116_S01_to_S02, 1, 2039, 1700098498.8873634, 166.84336037371236, -77.87268153288925
20231116_S01_to_S02, 1, 2040, 1700098499.003228, 166.84328339018208, -77.87264704549145
20231116_S01_to_S02, 1, 2041, 1700098499.1034791, 166.84321713098655, -77.87261760880958
20231116_S01_to_S02, 1, 2042, 1700098499.210232, 166.84314848564728, -77.87258748599282
20231116_S01_to_S02, 1, 2043, 1700098499.3104808, 166.84308796843754, -77.8725615942002
20231116_S01_to_S02, 1, 2044, 1700098499.4107287, 166.84303354876488, -77.87253936230724
20231116_S01_to_S02, 1, 2045, 1700098499.5109956, 166.84298744518563, -77.87252209817592
20231116_S01_to_S02, 1, 2046, 1700098499.6112437, 166.84295190251413, -77.87251111941443
20231116_S01_to_S02, 1, 2047, 1700098499.7115023, 166.84292913660926, -77.87250773321936
20231116_S01_to_S02, 1, 2048, 1700098499.8274004, 166.84292166702005, -77.87251500120034
20231116_S01_to_S02, 1, 2049, 1700098499.927647, 166.8429331909688, -77.87253196977055
20231116_S01_to_S02, 1, 2050, 1700098500.0278974, 166.84295946926133, -77.8725578112233
20231116_S01_to_S02, 1, 2051, 1700098500.1281445, 166.84299767401325, -77.87259097727004
20231116_S01_to_S02, 1, 2052, 1700098500.2283916, 166.8430449796523, -77.87262992198688
20231116_S01_to_S02, 1, 2053, 1700098500.3286495, 166.84309856597636, -77.87267310357241
20231116_S01_to_S02, 1, 2054, 1700098500.4445107, 166.843164605262, -77.87272625104963
20231116_S01_to_S02, 1, 2055, 1700098500.5447571, 166.84322209855955, -77.87277329007598
20231116_S01_to_S02, 1, 2056, 1700098500.6450043, 166.84327694799805, -77.87281968068727
20231116_S01_to_S02, 1, 2057, 1700098500.7452524, 166.84332632742814, -77.87286387636073
20231116_S01_to_S02, 1, 2058, 1700098500.8455107, 166.84336741588942, -77.87290433514941
20231116_S01_to_S02, 1, 2059, 1700098500.9613717, 166.84340213267603, -77.87294513931312
20231116_S01_to_S02, 1, 2060, 1700098501.0616193, 166.8434214351802, -77.87297557705104
20231116_S01_to_S02, 1, 2061, 1700098501.16187, 166.8434313806323, -77.87300194334857
20231116_S01_to_S02, 1, 2062, 1700098501.2621167, 166.84343254171682, -77.873024658299
20231116_S01_to_S02, 1, 2063, 1700098501.3623652, 166.8434254920522, -77.87304414529143
20231116_S01_to_S02, 1, 2064, 1700098501.4626236, 166.8434108030209, -77.87306082728861
20231116_S01_to_S02, 1, 2065, 1700098501.578485, 166.84338506439192, -77.87307716211095
20231116_S01_to_S02, 1, 2066, 1700098501.6787326, 166.8433558621834, -77.87308922741789
20231116_S01_to_S02, 1, 2067, 1700098501.7789803, 166.8433208316544, -77.8730998177773
20231116_S01_to_S02, 1, 2068, 1700098501.8792284, 166.84328055505685, -77.8731093484508
20231116_S01_to_S02, 1, 2069, 1700098501.9794767, 166.84323586254746, -77.87311805439558
20231116_S01_to_S02, 1, 2070, 1700098502.09535, 166.84318014442917, -77.87312713995144
20231116_S01_to_S02, 1, 2071, 1700098502.1955981, 166.84312968982502, -77.87313418764506
20231116_S01_to_S02, 1, 2072, 1700098502.2958462, 166.84307831900367, -77.87314051185977
20231116_S01_to_S02, 1, 2073, 1700098502.3960953, 166.8430271447, -77.87314614160287
20231116_S01_to_S02, 1, 2074, 1700098502.4963439, 166.84297728088143, -77.87315110574656
20231116_S01_to_S02, 1, 2075, 1700098502.596604, 166.84292983519242, -77.87315543374491
20231116_S01_to_S02, 1, 2076, 1700098502.7124672, 166.84287948411722, -77.87315968011718
20231116_S01_to_S02, 1, 2077, 1700098502.812717, 166.84284105508803, -77.87316273372936
20231116_S01_to_S02, 1, 2078, 1700098502.9129667, 166.84280841497653, -77.87316522725934
20231116_S01_to_S02, 1, 2079, 1700098503.0197182, 166.8427797801523, -77.87316714955082
20231116_S01_to_S02, 1, 2080, 1700098503.1199675, 166.84275783788055, -77.87316809884216
20231116_S01_to_S02, 1, 2081, 1700098503.220234, 166.8427399069102, -77.87316805633667
20231116_S01_to_S02, 1, 2082, 1700098503.3204832, 166.84272523083692, -77.8731668628024
20231116_S01_to_S02, 1, 2083, 1700098503.4207413, 166.84271304284854, -77.87316435881525
20231116_S01_to_S02, 1, 2084, 1700098503.5366383, 166.84270105622593, -77.87315962250592
20231116_S01_to_S02, 1, 2085, 1700098503.6368852, 166.8426916420263, -77.8731537522249
20231116_S01_to_S02, 1, 2086, 1700098503.737133, 166.84268231044075, -77.87314606924335
20231116_S01_to_S02, 1, 2087, 1700098503.8373837, 166.84267229885646, -77.87313641408684
20231116_S01_to_S02, 1, 2088, 1700098503.9376295, 166.84266084569003, -77.87312462836204
20231116_S01_to_S02, 1, 2089, 1700098504.0378876, 166.84264718625434, -77.87311055054153
20231116_S01_to_S02, 1, 2090, 1700098504.1537502, 166.8426276474564, -77.87309122833614
20231116_S01_to_S02, 1, 2091, 1700098504.253998, 166.84260644287454, -77.87307190002666
20231116_S01_to_S02, 1, 2092, 1700098504.354246, 166.84258007246953, -77.87305040799174
20231116_S01_to_S02, 1, 2093, 1700098504.4544933, 166.8425474038288, -77.87302701249065
20231116_S01_to_S02, 1, 2094, 1700098504.5547523, 166.84250729912137, -77.87300197056261
20231116_S01_to_S02, 1, 2095, 1700098504.670614, 166.84245021116533, -77.87297132505263
20231116_S01_to_S02, 1, 2096, 1700098504.770862, 166.84239023821345, -77.87294362786726
20231116_S01_to_S02, 1, 2097, 1700098504.87111, 166.842319287782, -77.87291510973738
20231116_S01_to_S02, 1, 2098, 1700098504.9713588, 166.842237791482, -77.87288611253861
20231116_S01_to_S02, 1, 2099, 1700098505.071606, 166.84214849941284, -77.87285710065963
20231116_S01_to_S02, 1, 2100, 1700098505.171863, 166.84205434000367, -77.87282854446336
20231116_S01_to_S02, 1, 2101, 1700098505.2877262, 166.84194332400997, -77.87279673524361
20231116_S01_to_S02, 1, 2102, 1700098505.387974, 166.84184869955533, -77.87277078144275
20231116_S01_to_S02, 1, 2103, 1700098505.488223, 166.84175849227503, -77.8727467806975
20231116_S01_to_S02, 1, 2104, 1700098505.5884717, 166.8416756431026, -77.87272520710573
20231116_S01_to_S02, 1, 2105, 1700098505.6887293, 166.841603084973, -77.87270653268273
20231116_S01_to_S02, 1, 2106, 1700098505.8045921, 166.8415359135761, -77.87268918610286
20231116_S01_to_S02, 1, 2107, 1700098505.90484, 166.84149532963326, -77.8726783460322
20231116_S01_to_S02, 1, 2108, 1700098506.0050898, 166.8414710776789, -77.87267144936541
20231116_S01_to_S02, 1, 2109, 1700098506.1053388, 166.84146124060206, -77.87266829253628
20231116_S01_to_S02, 1, 2110, 1700098506.205588, 166.84146386693678, -77.87266866703615
20231116_S01_to_S02, 1, 2111, 1700098506.3058467, 166.84147700709846, -77.87267236491562
20231116_S01_to_S02, 1, 2112, 1700098506.4217114, 166.84150273175462, -77.87268050497718
20231116_S01_to_S02, 1, 2113, 1700098506.5219612, 166.8415318953828, -77.87269065699039
20231116_S01_to_S02, 1, 2114, 1700098506.622212, 166.84156541362347, -77.87270347420578
20231116_S01_to_S02, 1, 2115, 1700098506.728964, 166.84160370102646, -77.872719818488
20231116_S01_to_S02, 1, 2116, 1700098506.8292127, 166.84164003507485, -77.8727374787597
20231116_S01_to_S02, 1, 2117, 1700098506.9294791, 166.84167520697383, -77.87275718121973
20231116_S01_to_S02, 1, 2118, 1700098507.029744, 166.84170981632877, -77.8727787831029
20231116_S01_to_S02, 1, 2119, 1700098507.1300023, 166.8417450700232, -77.87280215999901
20231116_S01_to_S02, 1, 2120, 1700098507.245898, 166.8417882120893, -77.87283123511996
20231116_S01_to_S02, 1, 2121, 1700098507.3461447, 166.84182896591068, -77.87285801961148
20231116_S01_to_S02, 1, 2122, 1700098507.4463916, 166.8418741789512, -77.87288619157236
20231116_S01_to_S02, 1, 2123, 1700098507.5466423, 166.84192506117773, -77.87291562898412
20231116_S01_to_S02, 1, 2124, 1700098507.6468875, 166.8419828157308, -77.87294620598558
20231116_S01_to_S02, 1, 2125, 1700098507.7471356, 166.84204865517327, -77.87297780197561
20231116_S01_to_S02, 1, 2126, 1700098507.8630073, 166.84213639493856, -77.87301542646473
20231116_S01_to_S02, 1, 2127, 1700098507.9632561, 166.8422221518833, -77.87304849301724
20231116_S01_to_S02, 1, 2128, 1700098508.0635026, 166.8423136865705, -77.87308103316401
20231116_S01_to_S02, 1, 2129, 1700098508.16375, 166.8424073800664, -77.87311201254936
20231116_S01_to_S02, 1, 2130, 1700098508.2640078, 166.84249961910106, -77.8731403982039
20231116_S01_to_S02, 1, 2131, 1700098508.3798683, 166.84259964233286, -77.87316860955484
20231116_S01_to_S02, 1, 2132, 1700098508.4801161, 166.8426763955201, -77.87318787238694
20231116_S01_to_S02, 1, 2133, 1700098508.5803626, 166.84274025377906, -77.87320127074808
20231116_S01_to_S02, 1, 2134, 1700098508.6806111, 166.84278759732442, -77.8732077695837
20231116_S01_to_S02, 1, 2135, 1700098508.780859, 166.84281480252622, -77.87320633309089
20231116_S01_to_S02, 1, 2136, 1700098508.8811169, 166.84281824690132, -77.8731959243512
20231116_S01_to_S02, 1, 2137, 1700098508.99698, 166.84278787952405, -77.87317136231573
20231116_S01_to_S02, 1, 2138, 1700098509.097227, 166.842727781234, -77.8731380932274
20231116_S01_to_S02, 1, 2139, 1700098509.197475, 166.84263410995425, -77.87309314737654
20231116_S01_to_S02, 1, 2140, 1700098509.2977252, 166.84251303887189, -77.87303889219798
20231116_S01_to_S02, 1, 2141, 1700098509.3979723, 166.84237333114262, -77.87297859581987
20231116_S01_to_S02, 1, 2142, 1700098509.4982314, 166.84222372234248, -77.87291551446378
20231116_S01_to_S02, 1, 2143, 1700098509.6140938, 166.84204999436082, -77.87284343512175
20231116_S01_to_S02, 1, 2144, 1700098509.7143438, 166.84190888309712, -77.87278548003103
20231116_S01_to_S02, 1, 2145, 1700098509.814593, 166.84178552685148, -77.87273505328731
20231116_S01_to_S02, 1, 2146, 1700098509.9148417, 166.84168757728108, -77.87269502764342
20231116_S01_to_S02, 1, 2147, 1700098510.0150924, 166.8416148145307, -77.87266548029811
20231116_S01_to_S02, 1, 2148, 1700098510.1153522, 166.84156360635225, -77.872645276733
20231116_S01_to_S02, 1, 2149, 1700098510.2312157, 166.84152650907197, -77.87263207831715
20231116_S01_to_S02, 1, 2150, 1700098510.331467, 166.84150938252705, -77.87262814846137
20231116_S01_to_S02, 1, 2151, 1700098510.4382195, 166.84150211452734, -77.87263025911494
20231116_S01_to_S02, 1, 2152, 1700098510.5384686, 166.84150174605435, -77.87263695168181
20231116_S01_to_S02, 1, 2153, 1700098510.638734, 166.8415039085249, -77.87264704509494
20231116_S01_to_S02, 1, 2154, 1700098510.7390006, 166.84150495610962, -77.87265939925933
20231116_S01_to_S02, 1, 2155, 1700098510.8392484, 166.84150124375557, -77.87267287206538
20231116_S01_to_S02, 1, 2156, 1700098510.939507, 166.841489832079, -77.87268650958005
20231116_S01_to_S02, 1, 2157, 1700098511.0554051, 166.8414692616198, -77.87270278073849
20231116_S01_to_S02, 1, 2158, 1700098511.1556518, 166.8414489403614, -77.87271805168255
20231116_S01_to_S02, 1, 2159, 1700098511.2558987, 166.84142985152988, -77.87273513838694
20231116_S01_to_S02, 1, 2160, 1700098511.3561466, 166.84141539618304, -77.8727547114115
20231116_S01_to_S02, 1, 2161, 1700098511.456406, 166.84140897557802, -77.87277744387562
20231116_S01_to_S02, 1, 2162, 1700098511.5722675, 166.8414160234779, -77.87280852502317
20231116_S01_to_S02, 1, 2163, 1700098511.6725156, 166.84143849552697, -77.87284034049621
20231116_S01_to_S02, 1, 2164, 1700098511.772762, 166.8414797354719, -77.87287742764676
20231116_S01_to_S02, 1, 2165, 1700098511.8730106, 166.84154314087766, -77.8729204569876
20231116_S01_to_S02, 1, 2166, 1700098511.973258, 166.84162994240776, -77.87296955072026
20231116_S01_to_S02, 1, 2167, 1700098512.0891314, 166.84175381753195, -77.87303219400711
20231116_S01_to_S02, 1, 2168, 1700098512.1893778, 166.841875586047, -77.87308982394889
20231116_S01_to_S02, 1, 2169, 1700098512.2896256, 166.84200554854104, -77.87314909481827
20231116_S01_to_S02, 1, 2170, 1700098512.3898733, 166.84213861546482, -77.87320853558086
20231116_S01_to_S02, 1, 2171, 1700098512.4901211, 166.84226969988327, -77.87326667643192
20231116_S01_to_S02, 1, 2172, 1700098512.5903788, 166.84239372548592, -77.87332205235568
20231116_S01_to_S02, 1, 2173, 1700098512.7062395, 166.8425215773273, -77.87338066874732
20231116_S01_to_S02, 1, 2174, 1700098512.806487, 166.8426130418768, -77.87342506650204
20231116_S01_to_S02, 1, 2175, 1700098512.9067342, 166.84268164263105, -77.87346213211354
20231116_S01_to_S02, 1, 2176, 1700098513.0069818, 166.84272684497913, -77.87349174054032
20231116_S01_to_S02, 1, 2177, 1700098513.1072304, 166.84275161291748, -77.87351480009185
20231116_S01_to_S02, 1, 2178, 1700098513.20749, 166.84275901238223, -77.87353225061172
20231116_S01_to_S02, 1, 2179, 1700098513.3233528, 166.84274994430527, -77.87354665704949
20231116_S01_to_S02, 1, 2180, 1700098513.4236004, 166.8427303316605, -77.87355520270053
20231116_S01_to_S02, 1, 2181, 1700098513.523851, 166.8427030272943, -77.8735610997169
20231116_S01_to_S02, 1, 2182, 1700098513.6241007, 166.84267109854147, -77.8735652863587
20231116_S01_to_S02, 1, 2183, 1700098513.724353, 166.8426376109727, -77.8735687013204
20231116_S01_to_S02, 1, 2184, 1700098513.8402252, 166.84260098408916, -77.87357291691438
20231116_S01_to_S02, 1, 2185, 1700098513.9404762, 166.84257457039556, -77.87357786081549
20231116_S01_to_S02, 1, 2186, 1700098514.0407286, 166.842556276595, -77.87358499508821
20231116_S01_to_S02, 1, 2187, 1700098514.1474807, 166.84254912692836, -77.8735960416837
20231116_S01_to_S02, 1, 2188, 1700098514.24773, 166.84255532713107, -77.87361007792897
20231116_S01_to_S02, 1, 2189, 1700098514.3479946, 166.84257265964817, -77.87362727611604
20231116_S01_to_S02, 1, 2190, 1700098514.4482625, 166.84259954964784, -77.87364718764218
20231116_S01_to_S02, 1, 2191, 1700098514.5485115, 166.842634413519, -77.87366936015727
20231116_S01_to_S02, 1, 2192, 1700098514.648763, 166.84267568138847, -77.87369335052446
20231116_S01_to_S02, 1, 2193, 1700098514.764664, 166.84272930649456, -77.87372276445593
20231116_S01_to_S02, 1, 2194, 1700098514.8649118, 166.84277901394634, -77.87374914560307
20231116_S01_to_S02, 1, 2195, 1700098514.9651587, 166.84282986172934, -77.87377565037337
20231116_S01_to_S02, 1, 2196, 1700098515.0654058, 166.84287956702468, -77.87380114523816
20231116_S01_to_S02, 1, 2197, 1700098515.1656647, 166.84292581645772, -77.87382446496783
20231116_S01_to_S02, 1, 2198, 1700098515.265911, 166.84296628041045, -77.87384443617515
20231116_S01_to_S02, 1, 2199, 1700098515.381772, 166.84300280910927, -77.87386182021626
20231116_S01_to_S02, 1, 2200, 1700098515.4820209, 166.84302292838973, -77.87387060757254
20231116_S01_to_S02, 1, 2201, 1700098515.582269, 166.84302995148667, -77.87387236416242
20231116_S01_to_S02, 1, 2202, 1700098515.6825166, 166.84302156024705, -77.87386592237814
20231116_S01_to_S02, 1, 2203, 1700098515.7827756, 166.84299543226973, -77.87385011213394
20231116_S01_to_S02, 1, 2204, 1700098515.8986366, 166.84294039258836, -77.87381878336929
20231116_S01_to_S02, 1, 2205, 1700098515.9988835, 166.84287244418434, -77.87378093381622
20231116_S01_to_S02, 1, 2206, 1700098516.0991306, 166.84278945818156, -77.873734985012
20231116_S01_to_S02, 1, 2207, 1700098516.1993775, 166.84269516267696, -77.87368276002307
20231116_S01_to_S02, 1, 2208, 1700098516.2996247, 166.84259328493627, -77.87362608145484
20231116_S01_to_S02, 1, 2209, 1700098516.3998835, 166.842487540492, -77.87356676528793
20231116_S01_to_S02, 1, 2210, 1700098516.5157454, 166.84236542305706, -77.87349732963654
20231116_S01_to_S02, 1, 2211, 1700098516.6159928, 166.84226406250937, -77.87343855014336
20231116_S01_to_S02, 1, 2212, 1700098516.7162411, 166.8421706111049, -77.87338289227343
20231116_S01_to_S02, 1, 2213, 1700098516.816489, 166.84208879804385, -77.87333217974395
20231116_S01_to_S02, 1, 2214, 1700098516.9167366, 166.84202179721558, -77.87328800202967
20231116_S01_to_S02, 1, 2215, 1700098517.0169983, 166.84196883518436, -77.87325028335158
20231116_S01_to_S02, 1, 2216, 1700098517.1328619, 166.84192188501424, -77.87321371165633
20231116_S01_to_S02, 1, 2217, 1700098517.2331111, 166.841890778661, -77.87318723894076
20231116_S01_to_S02, 1, 2218, 1700098517.3333597, 166.8418658898004, -77.87316472818654
20231116_S01_to_S02, 1, 2219, 1700098517.4336095, 166.8418447351997, -77.87314538516327
20231116_S01_to_S02, 1, 2220, 1700098517.5338576, 166.84182483268958, -77.87312841658833
20231116_S01_to_S02, 1, 2221, 1700098517.649734, 166.84180013287886, -77.87311072032404
20231116_S01_to_S02, 1, 2222, 1700098517.749984, 166.84177448248428, -77.8730961693697
20231116_S01_to_S02, 1, 2223, 1700098517.8502336, 166.84174224975334, -77.87308148775836
20231116_S01_to_S02, 1, 2224, 1700098517.9569852, 166.84169900758417, -77.87306512075487
20231116_S01_to_S02, 1, 2225, 1700098518.0572336, 166.84165114799265, -77.87304924712818
20231116_S01_to_S02, 1, 2226, 1700098518.157501, 166.84159777405472, -77.87303317944782
20231116_S01_to_S02, 1, 2227, 1700098518.2577662, 166.84154038434687, -77.87301721180133
20231116_S01_to_S02, 1, 2228, 1700098518.3580146, 166.8414804767587, -77.87300163717329
20231116_S01_to_S02, 1, 2229, 1700098518.458272, 166.84141952436678, -77.87298674214429
20231116_S01_to_S02, 1, 2230, 1700098518.5741684, 166.84134971990056, -77.8729707533795
20231116_S01_to_S02, 1, 2231, 1700098518.674417, 166.84129159505696, -77.87295831659729
20231116_S01_to_S02, 1, 2232, 1700098518.7746654, 166.84123712739938, -77.87294747793813
20231116_S01_to_S02, 1, 2233, 1700098518.8749125, 166.84118780531517, -77.8729385280644
20231116_S01_to_S02, 1, 2234, 1700098518.9751704, 166.84114511189682, -77.87293175682862
20231116_S01_to_S02, 1, 2235, 1700098519.0754082, 166.8411105471239, -77.87292745657052
20231116_S01_to_S02, 1, 2236, 1700098519.1912785, 166.84108236187106, -77.87292587083216
20231116_S01_to_S02, 1, 2237, 1700098519.2915275, 166.84106755819678, -77.87292719739914
20231116_S01_to_S02, 1, 2238, 1700098519.3917732, 166.84106010001165, -77.87293057252413
20231116_S01_to_S02, 1, 2239, 1700098519.4920216, 166.8410585078267, -77.87293556129184
20231116_S01_to_S02, 1, 2240, 1700098519.5922792, 166.84106130334808, -77.87294172914969
20231116_S01_to_S02, 1, 2241, 1700098519.7081435, 166.84106806152892, -77.87294975507852
20231116_S01_to_S02, 1, 2242, 1700098519.8083897, 166.84107528361864, -77.87295698267026
20231116_S01_to_S02, 1, 2243, 1700098519.9086387, 166.8410822500971, -77.8729640173116
20231116_S01_to_S02, 1, 2244, 1700098520.0088868, 166.84108790487704, -77.87297044941738
20231116_S01_to_S02, 1, 2245, 1700098520.1091347, 166.8410915175077, -77.87297588955698
20231116_S01_to_S02, 1, 2246, 1700098520.2093935, 166.84109236690736, -77.87297994919476
20231116_S01_to_S02, 1, 2247, 1700098520.325255, 166.84108896117144, -77.87298241061768
20231116_S01_to_S02, 1, 2248, 1700098520.4255025, 166.84108140099053, -77.8729821699951
20231116_S01_to_S02, 1, 2249, 1700098520.5257506, 166.84106880220259, -77.8729793211763
20231116_S01_to_S02, 1, 2250, 1700098520.6259978, 166.84105044401957, -77.87297347531903
20231116_S01_to_S02, 1, 2251, 1700098520.7262459, 166.84102560508046, -77.8729642434062
20231116_S01_to_S02, 1, 2252, 1700098520.8265054, 166.84099356041764, -77.87295123485451
20231116_S01_to_S02, 1, 2253, 1700098520.9423678, 166.84094692182242, -77.87293115259779
20231116_S01_to_S02, 1, 2254, 1700098521.0426173, 166.8408991985818, -77.87290989455168
20231116_S01_to_S02, 1, 2255, 1700098521.1428647, 166.84084603913777, -77.87288576378216
20231116_S01_to_S02, 1, 2256, 1700098521.243115, 166.84078877300874, -77.8728594522549
20231116_S01_to_S02, 1, 2257, 1700098521.3433633, 166.84072873506761, -77.87283165437947
20231116_S01_to_S02, 1, 2258, 1700098521.4436252, 166.84066724807866, -77.87280305895565
20231116_S01_to_S02, 1, 2259, 1700098521.559489, 166.8405961441981, -77.87276993351263
20231116_S01_to_S02, 1, 2260, 1700098521.6597393, 166.84053609049593, -77.87274198857192
20231116_S01_to_S02, 1, 2261, 1700098521.7664943, 166.84047521039153, -77.87271377953624
20231116_S01_to_S02, 1, 2262, 1700098521.8667436, 166.84042232024646, -77.87268947251958
20231116_S01_to_S02, 1, 2263, 1700098521.9670124, 166.84037454127068, -77.87266784883441
20231116_S01_to_S02, 1, 2264, 1700098522.067278, 166.84033230980577, -77.87264928954451
20231116_S01_to_S02, 1, 2265, 1700098522.1675365, 166.84029601243543, -77.87263415690411
20231116_S01_to_S02, 1, 2266, 1700098522.2834337, 166.84026195002167, -77.87262140678118
20231116_S01_to_S02, 1, 2267, 1700098522.383682, 166.8402397545191, -77.87261489104678
20231116_S01_to_S02, 1, 2268, 1700098522.4839303, 166.8402247063717, -77.87261294215811
20231116_S01_to_S02, 1, 2269, 1700098522.5841784, 166.8402171913623, -77.87261592201992
20231116_S01_to_S02, 1, 2270, 1700098522.684425, 166.8402175951536, -77.87262419237976
20231116_S01_to_S02, 1, 2271, 1700098522.784673, 166.84022630349313, -77.87263811534461
20231116_S01_to_S02, 1, 2272, 1700098522.9005456, 166.84024712959385, -77.87266165765277
20231116_S01_to_S02, 1, 2273, 1700098523.0007944, 166.84027378622673, -77.87268806576597
20231116_S01_to_S02, 1, 2274, 1700098523.1010425, 166.84030710192, -77.87271916310239
20231116_S01_to_S02, 1, 2275, 1700098523.20129, 166.84034576661932, -77.87275406447718
20231116_S01_to_S02, 1, 2276, 1700098523.301536, 166.84038847011604, -77.87279188455798
20231116_S01_to_S02, 1, 2277, 1700098523.401795, 166.84043390883346, -77.87283174381017
20231116_S01_to_S02, 1, 2278, 1700098523.5176578, 166.8404881031952, -77.87287918083446
20231116_S01_to_S02, 1, 2279, 1700098523.6179059, 166.84053496522293, -77.87292041014068
20231116_S01_to_S02, 1, 2280, 1700098523.7181528, 166.8405804222515, -77.87296087986803
20231116_S01_to_S02, 1, 2281, 1700098523.818402, 166.84062316593636, -77.87299970634234
20231116_S01_to_S02, 1, 2282, 1700098523.9186502, 166.84066188477073, -77.87303600304995
20231116_S01_to_S02, 1, 2283, 1700098524.0189078, 166.84069527223645, -77.87306888830778
20231116_S01_to_S02, 1, 2284, 1700098524.134769, 166.84072550434482, -77.87310148441127
20231116_S01_to_S02, 1, 2285, 1700098524.235018, 166.84074370830558, -77.87312446393737
20231116_S01_to_S02, 1, 2286, 1700098524.335265, 166.8407551835537, -77.87314289240234
20231116_S01_to_S02, 1, 2287, 1700098524.435513, 166.84076070942183, -77.87315714866313
20231116_S01_to_S02, 1, 2288, 1700098524.5357723, 166.84076106437468, -77.87316761162668
20231116_S01_to_S02, 1, 2289, 1700098524.6516345, 166.84075605355815, -77.87317547153448
20231116_S01_to_S02, 1, 2290, 1700098524.7518835, 166.84074791085013, -77.87317904011427
20231116_S01_to_S02, 1, 2291, 1700098524.8521328, 166.84073705535172, -77.87318000786736
20231116_S01_to_S02, 1, 2292, 1700098524.9523811, 166.8407241818444, -77.87317874301763
20231116_S01_to_S02, 1, 2293, 1700098525.0526302, 166.84070961328297, -77.87317556975911
20231116_S01_to_S02, 1, 2294, 1700098525.1528897, 166.84069356882222, -77.87317079960671
20231116_S01_to_S02, 1, 2295, 1700098525.2687552, 166.84067347978117, -77.87316370719417
20231116_S01_to_S02, 1, 2296, 1700098525.3690052, 166.84065500997272, -77.873156557728
20231116_S01_to_S02, 1, 2297, 1700098525.4692574, 166.840635762446, -77.87314879666313
20231116_S01_to_S02, 1, 2298, 1700098525.5760202, 166.84061465828933, -77.87314020986355
20231116_S01_to_S02, 1, 2299, 1700098525.676276, 166.84059450371723, -77.87313217357132
20231116_S01_to_S02, 1, 2300, 1700098525.7765408, 166.84057424683147, -77.87312448180143
20231116_S01_to_S02, 1, 2301, 1700098525.8768077, 166.84055410660716, -77.87311744360841
20231116_S01_to_S02, 1, 2302, 1700098525.9770672, 166.84053415349942, -77.8731111991698
20231116_S01_to_S02, 1, 2303, 1700098526.0929646, 166.84051113853877, -77.87310484519695
20231116_S01_to_S02, 1, 2304, 1700098526.193211, 166.84049110229464, -77.87309997128682
20231116_S01_to_S02, 1, 2305, 1700098526.293459, 166.84047078559345, -77.87309555774674
20231116_S01_to_S02, 1, 2306, 1700098526.3937063, 166.84045003648035, -77.87309149388787
20231116_S01_to_S02, 1, 2307, 1700098526.4939542, 166.84042870241865, -77.873087668891
20231116_S01_to_S02, 1, 2308, 1700098526.5942016, 166.8404066312734, -77.87308397201286
20231116_S01_to_S02, 1, 2309, 1700098526.7100768, 166.8403800011936, -77.87307971322623
20231116_S01_to_S02, 1, 2310, 1700098526.8103244, 166.84035582246625, -77.87307591565042
20231116_S01_to_S02, 1, 2311, 1700098526.9105725, 166.84033045486242, -77.87307190085315
20231116_S01_to_S02, 1, 2312, 1700098527.0108213, 166.8403040159888, -77.87306759787391
20231116_S01_to_S02, 1, 2313, 1700098527.111068, 166.84027674288467, -77.87306295338963
20231116_S01_to_S02, 1, 2314, 1700098527.2113256, 166.84024886900727, -77.87305791340819
20231116_S01_to_S02, 1, 2315, 1700098527.3271875, 166.84021622288293, -77.87305152708954
20231116_S01_to_S02, 1, 2316, 1700098527.4274335, 166.84018787024075, -77.87304545490909
20231116_S01_to_S02, 1, 2317, 1700098527.5276806, 166.84015966777437, -77.87303881943417
20231116_S01_to_S02, 1, 2318, 1700098527.6279285, 166.84013185271354, -77.8730315673506
20231116_S01_to_S02, 1, 2319, 1700098527.728176, 166.8401046624182, -77.87302364539289
20231116_S01_to_S02, 1, 2320, 1700098527.844049, 166.84007432294646, -77.87301358430689
20231116_S01_to_S02, 1, 2321, 1700098527.944298, 166.84004919764146, -77.87300411210045
20231116_S01_to_S02, 1, 2322, 1700098528.044546, 166.8400250495234, -77.87299414174026
20231116_S01_to_S02, 1, 2323, 1700098528.144793, 166.84000177288996, -77.87298391395917
20231116_S01_to_S02, 1, 2324, 1700098528.2450407, 166.83997926190185, -77.87297366940233
20231116_S01_to_S02, 1, 2325, 1700098528.3453007, 166.83995740844603, -77.87296364766901
20231116_S01_to_S02, 1, 2326, 1700098528.4611628, 166.83993283838475, -77.87295266106115
20231116_S01_to_S02, 1, 2327, 1700098528.5614126, 166.83991205136456, -77.87294394242188
20231116_S01_to_S02, 1, 2328, 1700098528.6616623, 166.83989159142, -77.87293620770005
20231116_S01_to_S02, 1, 2329, 1700098528.7619107, 166.83987135327226, -77.87292969776074
20231116_S01_to_S02, 1, 2330, 1700098528.8621593, 166.83985123101746, -77.87292465324762
20231116_S01_to_S02, 1, 2331, 1700098528.9624217, 166.83983111636277, -77.87292131461946
20231116_S01_to_S02, 1, 2332, 1700098529.0782847, 166.83980774647227, -77.8729198977589
20231116_S01_to_S02, 1, 2333, 1700098529.1785345, 166.83978725268582, -77.87292099755737
20231116_S01_to_S02, 1, 2334, 1700098529.2852879, 166.83976444723143, -77.87292405907078
20231116_S01_to_S02, 1, 2335, 1700098529.385537, 166.83974117689473, -77.87292787729346
20231116_S01_to_S02, 1, 2336, 1700098529.4857852, 166.83971520450646, -77.87293179884831
20231116_S01_to_S02, 1, 2337, 1700098529.5860531, 166.83968563679971, -77.87293503119554
20231116_S01_to_S02, 1, 2338, 1700098529.6863184, 166.8396515920497, -77.87293677999497
20231116_S01_to_S02, 1, 2339, 1700098529.786577, 166.83961218497137, -77.87293625199425
20231116_S01_to_S02, 1, 2340, 1700098529.902477, 166.83955888783123, -77.87293183422669
20231116_S01_to_S02, 1, 2341, 1700098530.0027254, 166.8395063612717, -77.8729246588678
20231116_S01_to_S02, 1, 2342, 1700098530.1029725, 166.83944896620102, -77.87291486949161
20231116_S01_to_S02, 1, 2343, 1700098530.2032204, 166.83938776518403, -77.8729029551557
20231116_S01_to_S02, 1, 2344, 1700098530.3034675, 166.83932382270456, -77.87288940524981
20231116_S01_to_S02, 1, 2345, 1700098530.4037251, 166.83925819502437, -77.87287470733197
20231116_S01_to_S02, 1, 2346, 1700098530.5195858, 166.83918165683673, -77.87285693489837
20231116_S01_to_S02, 1, 2347, 1700098530.619834, 166.83911603547182, -77.87284143108528
20231116_S01_to_S02, 1, 2348, 1700098530.7200816, 166.83905209274474, -77.87282632482095
20231116_S01_to_S02, 1, 2349, 1700098530.8203287, 166.8389908922432, -77.87281210532008
20231116_S01_to_S02, 1, 2350, 1700098530.9205859, 166.8389334924682, -77.87279926440735
20231116_S01_to_S02, 1, 2351, 1700098531.036447, 166.8388733018837, -77.87278682344282
20231116_S01_to_S02, 1, 2352, 1700098531.136695, 166.83882775143812, -77.87277873276334
20231116_S01_to_S02, 1, 2353, 1700098531.236941, 166.8387893851247, -77.87277367804236
20231116_S01_to_S02, 1, 2354, 1700098531.3371887, 166.83875927245523, -77.87277218701556
20231116_S01_to_S02, 1, 2355, 1700098531.4374366, 166.83873848472902, -77.87277478769806
20231116_S01_to_S02, 1, 2356, 1700098531.5376976, 166.8387280921383, -77.87278200927992
20231116_S01_to_S02, 1, 2357, 1700098531.653559, 166.83873043715886, -77.87279680168663
20231116_S01_to_S02, 1, 2358, 1700098531.753807, 166.8387460997937, -77.87281577729885
20231116_S01_to_S02, 1, 2359, 1700098531.854055, 166.83877553425438, -77.87284103696767
20231116_S01_to_S02, 1, 2360, 1700098531.9543037, 166.83881857259172, -77.87287247543101
20231116_S01_to_S02, 1, 2361, 1700098532.0545514, 166.8388719203701, -77.87290838868304
20231116_S01_to_S02, 1, 2362, 1700098532.15481, 166.83893180508815, -77.87294682943137
20231116_S01_to_S02, 1, 2363, 1700098532.2706735, 166.83900419252433, -77.87299183871275
20231116_S01_to_S02, 1, 2364, 1700098532.3709228, 166.83906529171279, -77.87302907546294
20231116_S01_to_S02, 1, 2365, 1700098532.471171, 166.83912099189965, -77.87306267493383
20231116_S01_to_S02, 1, 2366, 1700098532.5714204, 166.8391675146481, -77.87309068600109
20231116_S01_to_S02, 1, 2367, 1700098532.6716695, 166.83920107907028, -77.87311115606317
20231116_S01_to_S02, 1, 2368, 1700098532.7719295, 166.83921790633076, -77.87312213389123
20231116_S01_to_S02, 1, 2369, 1700098532.8877928, 166.83921174974392, -77.87312054371728
20231116_S01_to_S02, 1, 2370, 1700098532.988044, 166.83918406378902, -77.87310676838621
20231116_S01_to_S02, 1, 2371, 1700098533.0947952, 166.83913595745042, -77.8730817381799
20231116_S01_to_S02, 1, 2372, 1700098533.1950433, 166.83907725135148, -77.87305066391028
20231116_S01_to_S02, 1, 2373, 1700098533.2953074, 166.8390092642852, -77.87301434603678
20231116_S01_to_S02, 1, 2374, 1700098533.3955724, 166.8389357602174, -77.87297483883663
20231116_S01_to_S02, 1, 2375, 1700098533.495821, 166.83886050841468, -77.87293419957882
20231116_S01_to_S02, 1, 2376, 1700098533.5960798, 166.83878724442644, -77.87289446732622
20231116_S01_to_S02, 1, 2377, 1700098533.7119772, 166.83870996263778, -77.87285236024975
20231116_S01_to_S02, 1, 2378, 1700098533.8122249, 166.838653783708, -77.87282156951889
20231116_S01_to_S02, 1, 2379, 1700098533.912471, 166.8386114500734, -77.87279815781307
20231116_S01_to_S02, 1, 2380, 1700098534.012719, 166.8385867148604, -77.87278417364666
20231116_S01_to_S02, 1, 2381, 1700098534.1129773, 166.83858333423512, -77.87278166712835
20231116_S01_to_S02, 1, 2382, 1700098534.228839, 166.83860840127883, -77.87279439430472
20231116_S01_to_S02, 1, 2383, 1700098534.3290865, 166.83864983387718, -77.87281613475687
20231116_S01_to_S02, 1, 2384, 1700098534.4293342, 166.8387031129326, -77.87284442381772
20231116_S01_to_S02, 1, 2385, 1700098534.529585, 166.83876208891257, -77.87287602582278
20231116_S01_to_S02, 1, 2386, 1700098534.629832, 166.838820606364, -77.87290770192949
20231116_S01_to_S02, 1, 2387, 1700098534.7300887, 166.83887252046188, -77.87293621907176
20231116_S01_to_S02, 1, 2388, 1700098534.84595, 166.8389162266905, -77.87296099729764
20231116_S01_to_S02, 1, 2389, 1700098534.9461977, 166.83893531775178, -77.87297287152639
20231116_S01_to_S02, 1, 2390, 1700098535.0464458, 166.83893897719153, -77.87297670615214
20231116_S01_to_S02, 1, 2391, 1700098535.1466925, 166.83893021511145, -77.87297388133356
20231116_S01_to_S02, 1, 2392, 1700098535.2469397, 166.83891204140198, -77.87296577718776
20231116_S01_to_S02, 1, 2393, 1700098535.3471982, 166.8388874629036, -77.87295377225
20231116_S01_to_S02, 1, 2394, 1700098535.4630604, 166.8388550284457, -77.87293684985065
20231116_S01_to_S02, 1, 2395, 1700098535.5633073, 166.83882689086593, -77.87292113498597
20231116_S01_to_S02, 1, 2396, 1700098535.6635547, 166.83880185024975, -77.8729058761508
20231116_S01_to_S02, 1, 2397, 1700098535.7638025, 166.83878291656663, -77.87289245344827
20231116_S01_to_S02, 1, 2398, 1700098535.8640506, 166.83877307301492, -77.87288223699765
20231116_S01_to_S02, 1, 2399, 1700098535.964309, 166.83877340841124, -77.87287588818266
20231116_S01_to_S02, 1, 2400, 1700098536.0801704, 166.83878380506104, -77.87287270595687
20231116_S01_to_S02, 1, 2401, 1700098536.1804197, 166.83879883770612, -77.87287285591674
20231116_S01_to_S02, 1, 2402, 1700098536.280669, 166.83881703766065, -77.8728750581976
20231116_S01_to_S02, 1, 2403, 1700098536.3809192, 166.83883609169314, -77.87287870316706
20231116_S01_to_S02, 1, 2404, 1700098536.4811776, 166.83885368746763, -77.8728831815028
20231116_S01_to_S02, 1, 2405, 1700098536.5970407, 166.83886917178896, -77.87288859557934
20231116_S01_to_S02, 1, 2406, 1700098536.6972914, 166.8388757500046, -77.87289279534951
20231116_S01_to_S02, 1, 2407, 1700098536.804044, 166.83887306861476, -77.8728960534732
20231116_S01_to_S02, 1, 2408, 1700098536.904293, 166.8388592555244, -77.87289737608003
20231116_S01_to_S02, 1, 2409, 1700098537.0045614, 166.83883497601008, -77.87289693658468
20231116_S01_to_S02, 1, 2410, 1700098537.1048276, 166.83880233483342, -77.87289496901296
20231116_S01_to_S02, 1, 2411, 1700098537.2050757, 166.83876346378568, -77.87289171274168
20231116_S01_to_S02, 1, 2412, 1700098537.3053339, 166.8387204768246, -77.87288740561958
20231116_S01_to_S02, 1, 2413, 1700098537.4212303, 166.83866844493414, -77.87288143030833
20231116_S01_to_S02, 1, 2414, 1700098537.5214796, 166.8386238226399, -77.87287567047841
20231116_S01_to_S02, 1, 2415, 1700098537.6217275, 166.83858179199498, -77.87286961326032
20231116_S01_to_S02, 1, 2416, 1700098537.721976, 166.8385444756877, -77.8728634970783
20231116_S01_to_S02, 1, 2417, 1700098537.822234, 166.83851399520904, -77.87285755999137
20231116_S01_to_S02, 1, 2418, 1700098537.9380963, 166.8384894352572, -77.87285119007414
20231116_S01_to_S02, 1, 2419, 1700098538.0383432, 166.83847645934776, -77.87284613604601
20231116_S01_to_S02, 1, 2420, 1700098538.1385899, 166.8384693699644, -77.87284147222091
20231116_S01_to_S02, 1, 2421, 1700098538.2388365, 166.83846646399078, -77.872837166005
20231116_S01_to_S02, 1, 2422, 1700098538.339084, 166.83846603835158, -77.87283318478963
20231116_S01_to_S02, 1, 2423, 1700098538.4393423, 166.8384663899858, -77.87282949563595
20231116_S01_to_S02, 1, 2424, 1700098538.5552046, 166.838465532552, -77.87282555395373
20231116_S01_to_S02, 1, 2425, 1700098538.655452, 166.83846176612198, -77.87282238483657
20231116_S01_to_S02, 1, 2426, 1700098538.7556992, 166.83845340216155, -77.87281940535198
20231116_S01_to_S02, 1, 2427, 1700098538.855947, 166.83843873743334, -77.8728165828907
20231116_S01_to_S02, 1, 2428, 1700098538.9561942, 166.8384160690351, -77.87281388491108
20231116_S01_to_S02, 1, 2429, 1700098539.0564518, 166.83838368982998, -77.8728112785416
20231116_S01_to_S02, 1, 2430, 1700098539.1723127, 166.83833225778866, -77.87280836362754
20231116_S01_to_S02, 1, 2431, 1700098539.272563, 166.838277861565, -77.8728062269848
20231116_S01_to_S02, 1, 2432, 1700098539.3728096, 166.83821935458462, -77.8728049714467
20231116_S01_to_S02, 1, 2433, 1700098539.473058, 166.8381616552584, -77.872805103026
20231116_S01_to_S02, 1, 2434, 1700098539.573317, 166.8381096808522, -77.87280712819597
20231116_S01_to_S02, 1, 2435, 1700098539.68918, 166.83806320601497, -77.87281249053012
20231116_S01_to_S02, 1, 2436, 1700098539.789427, 166.83804033159265, -77.87282031853456
20231116_S01_to_S02, 1, 2437, 1700098539.889678, 166.83803847522202, -77.87283160429885
20231116_S01_to_S02, 1, 2438, 1700098539.9899266, 166.83805776090523, -77.87284619954042
20231116_S01_to_S02, 1, 2439, 1700098540.0901775, 166.8380942677988, -77.87286340609573
20231116_S01_to_S02, 1, 2440, 1700098540.1904361, 166.8381439374203, -77.87288250713226
20231116_S01_to_S02, 1, 2441, 1700098540.3063045, 166.83821240968348, -77.87290599941032
20231116_S01_to_S02, 1, 2442, 1700098540.406556, 166.83827662384118, -77.87292673743448
20231116_S01_to_S02, 1, 2443, 1700098540.5133095, 166.83834527792328, -77.87294839331899
20231116_S01_to_S02, 1, 2444, 1700098540.6135592, 166.83840572289162, -77.87296757137088
20231116_S01_to_S02, 1, 2445, 1700098540.7138205, 166.83845812313695, -77.87298489565742
20231116_S01_to_S02, 1, 2446, 1700098540.8140874, 166.8384984096459, -77.87299964641564
20231116_S01_to_S02, 1, 2447, 1700098540.9143531, 166.8385231522909, -77.87301124124319
20231116_S01_to_S02, 1, 2448, 1700098541.0146127, 166.83853302262995, -77.87301997986295
20231116_S01_to_S02, 1, 2449, 1700098541.1305108, 166.83852890651522, -77.87302737343137
20231116_S01_to_S02, 1, 2450, 1700098541.230757, 166.83851452051198, -77.87303216241037
20231116_S01_to_S02, 1, 2451, 1700098541.3310049, 166.83849250635947, -77.8730361444696
20231116_S01_to_S02, 1, 2452, 1700098541.4312525, 166.83846515907285, -77.87303996857054
20231116_S01_to_S02, 1, 2453, 1700098541.5315008, 166.83843477315185, -77.87304428381384
20231116_S01_to_S02, 1, 2454, 1700098541.6317492, 166.83840364359037, -77.87304973924269
20231116_S01_to_S02, 1, 2455, 1700098541.7476213, 166.83836974363027, -77.87305831618951
20231116_S01_to_S02, 1, 2456, 1700098541.8478684, 166.83834481648483, -77.87306843713442
20231116_S01_to_S02, 1, 2457, 1700098541.9481153, 166.83832593835302, -77.87308158199873
20231116_S01_to_S02, 1, 2458, 1700098542.0483634, 166.83831382537895, -77.87309782209954
20231116_S01_to_S02, 1, 2459, 1700098542.148621, 166.83830901819556, -77.87311716597509
20231116_S01_to_S02, 1, 2460, 1700098542.2644825, 166.83831327284238, -77.8731433934534
20231116_S01_to_S02, 1, 2461, 1700098542.3647325, 166.83832605492725, -77.87316944558133
20231116_S01_to_S02, 1, 2462, 1700098542.4649808, 166.8383478484236, -77.87319862021114
20231116_S01_to_S02, 1, 2463, 1700098542.5652273, 166.83837919324844, -77.87323092379465
20231116_S01_to_S02, 1, 2464, 1700098542.6654751, 166.83842063083074, -77.87326636407343
20231116_S01_to_S02, 1, 2465, 1700098542.765733, 166.83847270700227, -77.87330495130847
20231116_S01_to_S02, 1, 2466, 1700098542.881596, 166.838546776522, -77.87335344590203
20231116_S01_to_S02, 1, 2467, 1700098542.981845, 166.83862159029772, -77.87339813570331
20231116_S01_to_S02, 1, 2468, 1700098543.0820923, 166.838702929178, -77.87344399562376
20231116_S01_to_S02, 1, 2469, 1700098543.1823413, 166.83878737564677, -77.87348967552926
20231116_S01_to_S02, 1, 2470, 1700098543.2825894, 166.83887150750255, -77.87353382267781
20231116_S01_to_S02, 1, 2471, 1700098543.3828466, 166.8389519125268, -77.8735750895276
20231116_S01_to_S02, 1, 2472, 1700098543.498711, 166.8390357003413, -77.87361741631169
20231116_S01_to_S02, 1, 2473, 1700098543.5989616, 166.83909641578202, -77.87364786534887
20231116_S01_to_S02, 1, 2474, 1700098543.6992102, 166.83914260281625, -77.87367116451625
20231116_S01_to_S02, 1, 2475, 1700098543.79946, 166.83917084287586, -77.87368596301592
20231116_S01_to_S02, 1, 2476, 1700098543.8997185, 166.83917771470504, -77.87369090888254
20231116_S01_to_S02, 1, 2477, 1700098544.0155845, 166.83915455287084, -77.87368257847548
20231116_S01_to_S02, 1, 2478, 1700098544.1158352, 166.83910372710827, -77.87366168680494
20231116_S01_to_S02, 1, 2479, 1700098544.2225885, 166.83901714381707, -77.87362513170521
20231116_S01_to_S02, 1, 2480, 1700098544.3228366, 166.83891181168508, -77.87358014977329
20231116_S01_to_S02, 1, 2481, 1700098544.4231024, 166.83879060283215, -77.87352801846725
20231116_S01_to_S02, 1, 2482, 1700098544.523352, 166.83866081764387, -77.87347186826611
20231116_S01_to_S02, 1, 2483, 1700098544.6236, 166.83852969830792, -77.87341480466468
20231116_S01_to_S02, 1, 2484, 1700098544.7238586, 166.83840448902185, -77.87335993385682
20231116_S01_to_S02, 1, 2485, 1700098544.8397396, 166.83827666575127, -77.87330333287656
20231116_S01_to_S02, 1, 2486, 1700098544.9399865, 166.8381871958111, -77.87326308269891
20231116_S01_to_S02, 1, 2487, 1700098545.0402334, 166.83811612139283, -77.87323056642131
20231116_S01_to_S02, 1, 2488, 1700098545.140481, 166.83806026593444, -77.87320460904445
20231116_S01_to_S02, 1, 2489, 1700098545.2407289, 166.83801645363417, -77.87318403592319
20231116_S01_to_S02, 1, 2490, 1700098545.3409874, 166.83798150496207, -77.87316767069045
20231116_S01_to_S02, 1, 2491, 1700098545.4568503, 166.83794800083362, -77.87315246287721
20231116_S01_to_S02, 1, 2492, 1700098545.5570977, 166.8379213665689, -77.87314117761228
20231116_S01_to_S02, 1, 2493, 1700098545.657345, 166.83789357534184, -77.87313039407225
20231116_S01_to_S02, 1, 2494, 1700098545.757593, 166.8378614507286, -77.8731189373477
20231116_S01_to_S02, 1, 2495, 1700098545.8578408, 166.83782182081916, -77.87310563435736
20231116_S01_to_S02, 1, 2496, 1700098545.973713, 166.837764036797, -77.8730870432289
20231116_S01_to_S02, 1, 2497, 1700098546.0739605, 166.83770408422626, -77.8730684750265
20231116_S01_to_S02, 1, 2498, 1700098546.1742082, 166.83763558137133, -77.87304800725614
20231116_S01_to_S02, 1, 2499, 1700098546.2744548, 166.83755918485636, -77.87302602494714
20231116_S01_to_S02, 1, 2500, 1700098546.374703, 166.83747554867057, -77.87300291238044
20231116_S01_to_S02, 1, 2501, 1700098546.4749627, 166.83738531884876, -77.87297905187086
20231116_S01_to_S02, 1, 2502, 1700098546.5908267, 166.83727370423202, -77.87295105378337
20231116_S01_to_S02, 1, 2503, 1700098546.6910748, 166.83717152476203, -77.87292689876398
20231116_S01_to_S02, 1, 2504, 1700098546.791321, 166.83706483445397, -77.87290321350268
20231116_S01_to_S02, 1, 2505, 1700098546.891569, 166.83695433281792, -77.87288038484782
20231116_S01_to_S02, 1, 2506, 1700098546.9918187, 166.836841813978, -77.87285886681762
20231116_S01_to_S02, 1, 2507, 1700098547.092079, 166.83673015439916, -77.87283917826616
20231116_S01_to_S02, 1, 2508, 1700098547.2079406, 166.83660604871642, -77.87281939327904
20231116_S01_to_S02, 1, 2509, 1700098547.3081918, 166.83650625518453, -77.87280543466726
20231116_S01_to_S02, 1, 2510, 1700098547.4084396, 166.8364165928398, -77.87279495913099
20231116_S01_to_S02, 1, 2511, 1700098547.508689, 166.83633999045466, -77.87278848930225
20231116_S01_to_S02, 1, 2512, 1700098547.6089377, 166.83627938297587, -77.87278654858679
20231116_S01_to_S02, 1, 2513, 1700098547.7248116, 166.83623310187073, -77.87279063411508
20231116_S01_to_S02, 1, 2514, 1700098547.8250608, 166.83621695483728, -77.87280023742402
20231116_S01_to_S02, 1, 2515, 1700098547.925311, 166.83622525592244, -77.87281581153934
20231116_S01_to_S02, 1, 2516, 1700098548.0320652, 166.83625828775132, -77.87283798761291
20231116_S01_to_S02, 1, 2517, 1700098548.1323142, 166.83630789397634, -77.8728627303184
20231116_S01_to_S02, 1, 2518, 1700098548.232579, 166.8363715117398, -77.8728899808334
20231116_S01_to_S02, 1, 2519, 1700098548.3328443, 166.83644521540066, -77.8729184710195
20231116_S01_to_S02, 1, 2520, 1700098548.4330935, 166.8365250720962, -77.87294693161442
20231116_S01_to_S02, 1, 2521, 1700098548.5489864, 166.83661993574992, -77.87297814481524
20231116_S01_to_S02, 1, 2522, 1700098548.6492333, 166.8366997514512, -77.87300224999802
20231116_S01_to_S02, 1, 2523, 1700098548.7494807, 166.83677336747166, -77.87302234091231
20231116_S01_to_S02, 1, 2524, 1700098548.8497286, 166.83683686620887, -77.87303715349657
20231116_S01_to_S02, 1, 2525, 1700098548.949976, 166.83688632955705, -77.87304542360954
20231116_S01_to_S02, 1, 2526, 1700098549.050234, 166.8369178426312, -77.8730458869267
20231116_S01_to_S02, 1, 2527, 1700098549.166098, 166.83692696112576, -77.87303510831454
20231116_S01_to_S02, 1, 2528, 1700098549.2663453, 166.83691103520013, -77.87301600304383
20231116_S01_to_S02, 1, 2529, 1700098549.3665934, 166.83687704348003, -77.87298926380019
20231116_S01_to_S02, 1, 2530, 1700098549.4668407, 166.83682906283346, -77.87295634270839
20231116_S01_to_S02, 1, 2531, 1700098549.5671008, 166.8367711616719, -77.87291868631921
20231116_S01_to_S02, 1, 2532, 1700098549.6829624, 166.83669724326853, -77.87287117957938
20231116_S01_to_S02, 1, 2533, 1700098549.7832096, 166.83663184639815, -77.87282826874521
20231116_S01_to_S02, 1, 2534, 1700098549.8834577, 166.83656929384045, -77.87278518425701
20231116_S01_to_S02, 1, 2535, 1700098549.9837065, 166.8365110990016, -77.87274279416175
20231116_S01_to_S02, 1, 2536, 1700098550.0839539, 166.83645631985013, -77.87270140784328
20231116_S01_to_S02, 1, 2537, 1700098550.1842132, 166.8364038993789, -77.87266130416671
20231116_S01_to_S02, 1, 2538, 1700098550.3000743, 166.83634489148014, -77.8726169359461
20231116_S01_to_S02, 1, 2539, 1700098550.4003208, 166.83629400390112, -77.87258057923859
20231116_S01_to_S02, 1, 2540, 1700098550.5005686, 166.83624216670526, -77.87254640609956
20231116_S01_to_S02, 1, 2541, 1700098550.600819, 166.83618832914453, -77.8725147004277
20231116_S01_to_S02, 1, 2542, 1700098550.7010772, 166.83613143797538, -77.87248574523815
20231116_S01_to_S02, 1, 2543, 1700098550.81694, 166.8360605172468, -77.87245608479898
20231116_S01_to_S02, 1, 2544, 1700098550.917189, 166.83599373993923, -77.87243396847859
20231116_S01_to_S02, 1, 2545, 1700098551.0174382, 166.8359229129855, -77.87241491518535
20231116_S01_to_S02, 1, 2546, 1700098551.1176867, 166.83584983036204, -77.87239848895499
20231116_S01_to_S02, 1, 2547, 1700098551.2179358, 166.83577628750263, -77.87238425259858
20231116_S01_to_S02, 1, 2548, 1700098551.3181949, 166.8357040739655, -77.8723717680406
20231116_S01_to_S02, 1, 2549, 1700098551.4340594, 166.83562463949815, -77.87235895145017
20231116_S01_to_S02, 1, 2550, 1700098551.5343099, 166.83556142398768, -77.87234876055527
20231116_S01_to_S02, 1, 2551, 1700098551.6410646, 166.8355018517835, -77.87233830916422
20231116_S01_to_S02, 1, 2552, 1700098551.7413135, 166.83545507750827, -77.87232841005992
20231116_S01_to_S02, 1, 2553, 1700098551.841563, 166.83541901743607, -77.87231798245573
20231116_S01_to_S02, 1, 2554, 1700098551.9418314, 166.83539487397536, -77.87230677446588
20231116_S01_to_S02, 1, 2555, 1700098552.0420966, 166.83538171574344, -77.87229521821445
20231116_S01_to_S02, 1, 2556, 1700098552.142346, 166.83537811567717, -77.87228389913359
20231116_S01_to_S02, 1, 2557, 1700098552.2582357, 166.83538399299744, -77.8722718726537
20231116_S01_to_S02, 1, 2558, 1700098552.3584838, 166.83539614468506, -77.87226304705405
20231116_S01_to_S02, 1, 2559, 1700098552.458732, 166.83541335310943, -77.87225629901451
20231116_S01_to_S02, 1, 2560, 1700098552.5589828, 166.83543419361558, -77.87225221217543
20231116_S01_to_S02, 1, 2561, 1700098552.659243, 166.8354572425637, -77.8722513706158
20231116_S01_to_S02, 1, 2562, 1700098552.7751029, 166.83548475813467, -77.87225520570708
20231116_S01_to_S02, 1, 2563, 1700098552.87535, 166.83550772086483, -77.8722633357395
20231116_S01_to_S02, 1, 2564, 1700098552.9755979, 166.83552892778164, -77.87227600016989
20231116_S01_to_S02, 1, 2565, 1700098553.0758457, 166.83554825909002, -77.87229243593642
20231116_S01_to_S02, 1, 2566, 1700098553.1760929, 166.83556565948228, -77.87231181340874
20231116_S01_to_S02, 1, 2567, 1700098553.2763517, 166.83558107559213, -77.87233330582106
20231116_S01_to_S02, 1, 2568, 1700098553.3922236, 166.83559634555095, -77.87235968989867
20231116_S01_to_S02, 1, 2569, 1700098553.4924593, 166.8356072894044, -77.87238290931289
20231116_S01_to_S02, 1, 2570, 1700098553.5927057, 166.83561607444233, -77.87240562587985
20231116_S01_to_S02, 1, 2571, 1700098553.6929543, 166.83562264430796, -77.87242700810619
20231116_S01_to_S02, 1, 2572, 1700098553.7932022, 166.8356269435756, -77.87244622586847
20231116_S01_to_S02, 1, 2573, 1700098553.893451, 166.83562891711705, -77.87246244997891
20231116_S01_to_S02, 1, 2574, 1700098554.0093231, 166.83562822817407, -77.87247638529337
20231116_S01_to_S02, 1, 2575, 1700098554.1095715, 166.8356249999681, -77.87248333333054
20231116_S01_to_S02, 1, 2576, 1700098554.2098186, 166.83561928580855, -77.8724850262282
20231116_S01_to_S02, 1, 2577, 1700098554.310067, 166.8356110998454, -77.87248241667862
20231116_S01_to_S02, 1, 2578, 1700098554.410326, 166.83560046904572, -77.87247681300562
20231116_S01_to_S02, 1, 2579, 1700098554.5261886, 166.83558517642413, -77.8724683236386
20231116_S01_to_S02, 1, 2580, 1700098554.6264362, 166.83556937488027, -77.87246072060853
20231116_S01_to_S02, 1, 2581, 1700098554.7266881, 166.8355512179098, -77.87245425521076
20231116_S01_to_S02, 1, 2582, 1700098554.8269367, 166.83553073504314, -77.87245023708297
20231116_S01_to_S02, 1, 2583, 1700098554.9271839, 166.83550813485203, -77.87244980258997
20231116_S01_to_S02, 1, 2584, 1700098555.0274467, 166.8354846305133, -77.87245312622039
20231116_S01_to_S02, 1, 2585, 1700098555.1433096, 166.83545840100837, -77.87246143811414
20231116_S01_to_S02, 1, 2586, 1700098555.24356, 166.83543828939113, -77.87247231635989
20231116_S01_to_S02, 1, 2587, 1700098555.3503122, 166.8354213584064, -77.8724874705564
20231116_S01_to_S02, 1, 2588, 1700098555.450564, 166.83541132353213, -77.8725048856514
20231116_S01_to_S02, 1, 2589, 1700098555.550813, 166.8354085709085, -77.87252521983899
20231116_S01_to_S02, 1, 2590, 1700098555.6510806, 166.83541466957814, -77.87254831749974
20231116_S01_to_S02, 1, 2591, 1700098555.7513313, 166.83543118522974, -77.87257400992411
20231116_S01_to_S02, 1, 2592, 1700098555.8515902, 166.83545968438327, -77.87260214231881
20231116_S01_to_S02, 1, 2593, 1700098555.9674873, 166.835508186242, -77.87263739663254
20231116_S01_to_S02, 1, 2594, 1700098556.0677345, 166.83556164799666, -77.87266982884107
20231116_S01_to_S02, 1, 2595, 1700098556.1679826, 166.83562368601721, -77.87270364487317
20231116_S01_to_S02, 1, 2596, 1700098556.2682297, 166.83569230268884, -77.87273845001937
20231116_S01_to_S02, 1, 2597, 1700098556.3684783, 166.83576550321328, -77.8727738510399
20231116_S01_to_S02, 1, 2598, 1700098556.4687374, 166.8358412981459, -77.8728094570867
20231116_S01_to_S02, 1, 2599, 1700098556.5845985, 166.8359294937431, -77.87285033839392
20231116_S01_to_S02, 1, 2600, 1700098556.684848, 166.83600406566086, -77.87288503446163
20231116_S01_to_S02, 1, 2601, 1700098556.7850962, 166.83607492227125, -77.8729186876843
20231116_S01_to_S02, 1, 2602, 1700098556.8853443, 166.83614009933544, -77.87295090115721
20231116_S01_to_S02, 1, 2603, 1700098556.9856045, 166.8361983547095, -77.87298120439864
20231116_S01_to_S02, 1, 2604, 1700098557.1014657, 166.8362563479533, -77.87301311688448
20231116_S01_to_S02, 1, 2605, 1700098557.2017117, 166.8362978876636, -77.87303741298906
20231116_S01_to_S02, 1, 2606, 1700098557.3019593, 166.83633088742928, -77.8730580509085
20231116_S01_to_S02, 1, 2607, 1700098557.4022064, 166.8363548453292, -77.87307447619068
20231116_S01_to_S02, 1, 2608, 1700098557.5024543, 166.8363692605463, -77.87308613506268
20231116_S01_to_S02, 1, 2609, 1700098557.6027129, 166.83637363171596, -77.87309247380854
20231116_S01_to_S02, 1, 2610, 1700098557.7185748, 166.8363655134749, -77.8730924446443
20231116_S01_to_S02, 1, 2611, 1700098557.818822, 166.83634652697376, -77.87308542838042
20231116_S01_to_S02, 1, 2612, 1700098557.9190702, 166.83631611944506, -77.87307151372119
20231116_S01_to_S02, 1, 2613, 1700098558.0193183, 166.83627545050354, -77.87305153043584
20231116_S01_to_S02, 1, 2614, 1700098558.1195774, 166.83622630506514, -77.87302683140851
20231116_S01_to_S02, 1, 2615, 1700098558.2198243, 166.83617048804257, -77.87299878046068
20231116_S01_to_S02, 1, 2616, 1700098558.3356876, 166.8361000075849, -77.87296396002219
20231116_S01_to_S02, 1, 2617, 1700098558.4359362, 166.83603589504065, -77.87293329566607
20231116_S01_to_S02, 1, 2618, 1700098558.536185, 166.83597076433128, -77.87290356186267
20231116_S01_to_S02, 1, 2619, 1700098558.6364377, 166.8359064065346, -77.87287611567638
20231116_S01_to_S02, 1, 2620, 1700098558.7366962, 166.83584461410345, -77.87285231511542
20231116_S01_to_S02, 1, 2621, 1700098558.852562, 166.8357787532316, -77.87283113256163
20231116_S01_to_S02, 1, 2622, 1700098558.9528124, 166.83572860440938, -77.87281981528231
20231116_S01_to_S02, 1, 2623, 1700098559.0595944, 166.83568428137005, -77.87281651768086
20231116_S01_to_S02, 1, 2624, 1700098559.1598508, 166.83565301730295, -77.87282299105598
20231116_S01_to_S02, 1, 2625, 1700098559.2601, 166.8356319520519, -77.87283833409826
20231116_S01_to_S02, 1, 2626, 1700098559.3603656, 166.83561977022887, -77.87286056988131
20231116_S01_to_S02, 1, 2627, 1700098559.4606311, 166.8356151103989, -77.87288765643227
20231116_S01_to_S02, 1, 2628, 1700098559.5608907, 166.83561660652728, -77.87291755195407
20231116_S01_to_S02, 1, 2629, 1700098559.6767914, 166.83562421672895, -77.87295293976831
20231116_S01_to_S02, 1, 2630, 1700098559.777038, 166.83563433693922, -77.87298195181964
20231116_S01_to_S02, 1, 2631, 1700098559.8772855, 166.83564630550603, -77.87300735831283
20231116_S01_to_S02, 1, 2632, 1700098559.9775329, 166.8356588786593, -77.87302802804562
20231116_S01_to_S02, 1, 2633, 1700098560.0777807, 166.83567097670124, -77.87304405727193
20231116_S01_to_S02, 1, 2634, 1700098560.178039, 166.8356815327952, -77.8730556329032
20231116_S01_to_S02, 1, 2635, 1700098560.2939014, 166.83569041017546, -77.87306370431648
20231116_S01_to_S02, 1, 2636, 1700098560.3941483, 166.83569400658806, -77.8730663083505
20231116_S01_to_S02, 1, 2637, 1700098560.4943957, 166.83569269043264, -77.87306504496748
20231116_S01_to_S02, 1, 2638, 1700098560.5946438, 166.83568539385735, -77.8730601001313
20231116_S01_to_S02, 1, 2639, 1700098560.6948924, 166.83567104899456, -77.87305165982707
20231116_S01_to_S02, 1, 2640, 1700098560.8107657, 166.8356442871317, -77.87303779273994
20231116_S01_to_S02, 1, 2641, 1700098560.9110153, 166.83561131600675, -77.87302250588733
20231116_S01_to_S02, 1, 2642, 1700098561.0112627, 166.83557049925034, -77.87300503120066
20231116_S01_to_S02, 1, 2643, 1700098561.1115115, 166.83552445801664, -77.87298658753978
20231116_S01_to_S02, 1, 2644, 1700098561.2117584, 166.83547583504577, -77.87296840019184
20231116_S01_to_S02, 1, 2645, 1700098561.312018, 166.83542726461977, -77.87295169149479
20231116_S01_to_S02, 1, 2646, 1700098561.4278772, 166.8353746713211, -77.87293583259724
20231116_S01_to_S02, 1, 2647, 1700098561.5281236, 166.83533521790204, -77.87292648390229
20231116_S01_to_S02, 1, 2648, 1700098561.628373, 166.8353041572309, -77.87292248054987
20231116_S01_to_S02, 1, 2649, 1700098561.7286215, 166.83528413193773, -77.8729250475589
20231116_S01_to_S02, 1, 2650, 1700098561.8288689, 166.83527778300703, -77.87293540941161
20231116_S01_to_S02, 1, 2651, 1700098561.9291284, 166.8352872868585, -77.87295452953187
20231116_S01_to_S02, 1, 2652, 1700098562.044993, 166.83531642130166, -77.87298627591058
20231116_S01_to_S02, 1, 2653, 1700098562.145242, 166.83535439804726, -77.87302012511117
20231116_S01_to_S02, 1, 2654, 1700098562.2454908, 166.83540149226374, -77.87305806581638
20231116_S01_to_S02, 1, 2655, 1700098562.3457386, 166.83545510956117, -77.87309835928674
20231116_S01_to_S02, 1, 2656, 1700098562.4459875, 166.8355126570458, -77.87313926787803
20231116_S01_to_S02, 1, 2657, 1700098562.5462387, 166.83557154169563, -77.87317905370966
20231116_S01_to_S02, 1, 2658, 1700098562.662114, 166.8356378678316, -77.8732213614278
20231116_S01_to_S02, 1, 2659, 1700098562.7623653, 166.83569080786438, -77.87325281059282
20231116_S01_to_S02, 1, 2660, 1700098562.8691175, 166.83573959076222, -77.87327899322537
20231116_S01_to_S02, 1, 2661, 1700098562.9693673, 166.83577635160546, -77.87329556086881
20231116_S01_to_S02, 1, 2662, 1700098563.0696316, 166.83580440382912, -77.8733048278159
20231116_S01_to_S02, 1, 2663, 1700098563.1698961, 166.83582408871757, -77.87330749201647
20231116_S01_to_S02, 1, 2664, 1700098563.2701447, 166.83583575218748, -77.87330425531167
20231116_S01_to_S02, 1, 2665, 1700098563.3704023, 166.83583974512254, -77.873295818245
20231116_S01_to_S02, 1, 2666, 1700098563.4862995, 166.83583525558876, -77.873280503315
20231116_S01_to_S02, 1, 2667, 1700098563.5865471, 166.835823890417, -77.87326324041773
20231116_S01_to_S02, 1, 2668, 1700098563.6867948, 166.83580595021203, -77.87324298937263
20231116_S01_to_S02, 1, 2669, 1700098563.787042, 166.83578178215885, -77.87322045085922
20231116_S01_to_S02, 1, 2670, 1700098563.887289, 166.83575173323834, -77.87319632534575
20231116_S01_to_S02, 1, 2671, 1700098563.9875472, 166.83571614631828, -77.87317131063084
20231116_S01_to_S02, 1, 2672, 1700098564.1034088, 166.8356685815044, -77.87314221658056
20231116_S01_to_S02, 1, 2673, 1700098564.2036562, 166.83562218903123, -77.8731175804262
20231116_S01_to_S02, 1, 2674, 1700098564.3039033, 166.8355708521961, -77.87309345764213
20231116_S01_to_S02, 1, 2675, 1700098564.4041505, 166.835514319475, -77.87306958918525
20231116_S01_to_S02, 1, 2676, 1700098564.5044086, 166.8354523319828, -77.87304571284449
20231116_S01_to_S02, 1, 2677, 1700098564.6202693, 166.8353735809108, -77.87301777399655
20231116_S01_to_S02, 1, 2678, 1700098564.7205162, 166.8352989996862, -77.872993005922
20231116_S01_to_S02, 1, 2679, 1700098564.8207638, 166.8352181755725, -77.87296741317554
20231116_S01_to_S02, 1, 2680, 1700098564.9210126, 166.83513108323473, -77.87294077840099
20231116_S01_to_S02, 1, 2681, 1700098565.0212622, 166.83503915715636, -77.87291315687912
20231116_S01_to_S02, 1, 2682, 1700098565.12152, 166.83494440138324, -77.8728847093334
20231116_S01_to_S02, 1, 2683, 1700098565.2373812, 166.83483402118125, -77.87285102227827
20231116_S01_to_S02, 1, 2684, 1700098565.337632, 166.83474003605772, -77.8728213563498
20231116_S01_to_S02, 1, 2685, 1700098565.4378765, 166.83464958682933, -77.87279138368277
20231116_S01_to_S02, 1, 2686, 1700098565.538125, 166.83456467684516, -77.87276126441438
20231116_S01_to_S02, 1, 2687, 1700098565.6383824, 166.83448731619808, -77.87273116030512
20231116_S01_to_S02, 1, 2688, 1700098565.7386296, 166.83441953230488, -77.87270124028646
20231116_S01_to_S02, 1, 2689, 1700098565.8544924, 166.8343557456903, -77.87266709942297
20231116_S01_to_S02, 1, 2690, 1700098565.9547405, 166.8343147402549, -77.87263832868679
20231116_S01_to_S02, 1, 2691, 1700098566.05499, 166.83428652662118, -77.87261117310945
20231116_S01_to_S02, 1, 2692, 1700098566.1552374, 166.83427041199306, -77.87258659237085
20231116_S01_to_S02, 1, 2693, 1700098566.2555003, 166.8342657020987, -77.87256554164694
20231116_S01_to_S02, 1, 2694, 1700098566.371364, 166.83427355907415, -77.87254687368618
20231116_S01_to_S02, 1, 2695, 1700098566.4716144, 166.83429107749282, -77.87253670400824
20231116_S01_to_S02, 1, 2696, 1700098566.5718646, 166.83431781191575, -77.87253309330004
20231116_S01_to_S02, 1, 2697, 1700098566.6786168, 166.83435563307168, -77.8725375361405
20231116_S01_to_S02, 1, 2698, 1700098566.7788658, 166.83439920159108, -77.87255050240755
20231116_S01_to_S02, 1, 2699, 1700098566.879131, 166.83444985592863, -77.87257294373534
20231116_S01_to_S02, 1, 2700, 1700098566.9794, 166.83450631868712, -77.8726045959544
20231116_S01_to_S02, 1, 2701, 1700098567.0796602, 166.83456652700656, -77.87264353714458
20231116_S01_to_S02, 1, 2702, 1700098567.1955562, 166.83463802849428, -77.87269496499641
20231116_S01_to_S02, 1, 2703, 1700098567.2958038, 166.8346991269909, -77.87274268554144
20231116_S01_to_S02, 1, 2704, 1700098567.3960514, 166.8347573091166, -77.872791264784
20231116_S01_to_S02, 1, 2705, 1700098567.496298, 166.83481046250535, -77.87283866479456
20231116_S01_to_S02, 1, 2706, 1700098567.5965488, 166.8348564775847, -77.87288285029595
20231116_S01_to_S02, 1, 2707, 1700098567.6967943, 166.83489323835843, -77.87292177979057
20231116_S01_to_S02, 1, 2708, 1700098567.8126655, 166.8349214340852, -77.87295756127016
20231116_S01_to_S02, 1, 2709, 1700098567.912914, 166.83493129111608, -77.87297846121707
20231116_S01_to_S02, 1, 2710, 1700098568.0131617, 166.834927542328, -77.87299000170556
20231116_S01_to_S02, 1, 2711, 1700098568.1134088, 166.8349110776997, -77.87299316447164
20231116_S01_to_S02, 1, 2712, 1700098568.2136662, 166.83488278988196, -77.87298893673024
20231116_S01_to_S02, 1, 2713, 1700098568.3295267, 166.83483654890566, -77.87297613955711
20231116_S01_to_S02, 1, 2714, 1700098568.4297729, 166.8347858318628, -77.87295934227896
20231116_S01_to_S02, 1, 2715, 1700098568.530019, 166.83472612322734, -77.87293827305373
20231116_S01_to_S02, 1, 2716, 1700098568.6302671, 166.83465831771542, -77.87291391927978
20231116_S01_to_S02, 1, 2717, 1700098568.7305152, 166.8345833125093, -77.87288726926371
20231116_S01_to_S02, 1, 2718, 1700098568.830774, 166.8345019947304, -77.87285930792171
20231116_S01_to_S02, 1, 2719, 1700098568.9466355, 166.8344013434244, -77.87282666003162
20231116_S01_to_S02, 1, 2720, 1700098569.046884, 166.83430949307424, -77.87279924185343
20231116_S01_to_S02, 1, 2721, 1700098569.147134, 166.83421418543747, -77.87277362007119
20231116_S01_to_S02, 1, 2722, 1700098569.247379, 166.83411715465004, -77.8727502426881
20231116_S01_to_S02, 1, 2723, 1700098569.3476367, 166.83402119593075, -77.87272884650407
20231116_S01_to_S02, 1, 2724, 1700098569.463499, 166.8339154364323, -77.87270618745265
20231116_S01_to_S02, 1, 2725, 1700098569.5637472, 166.83383164641887, -77.87268802102672
20231116_S01_to_S02, 1, 2726, 1700098569.6639962, 166.83375805239018, -77.8726708649968
20231116_S01_to_S02, 1, 2727, 1700098569.764245, 166.83369754291238, -77.87265441114394
20231116_S01_to_S02, 1, 2728, 1700098569.864493, 166.8336529791542, -77.8726383548171
20231116_S01_to_S02, 1, 2729, 1700098569.9647534, 166.83362534538955, -77.87262264821042
20231116_S01_to_S02, 1, 2730, 1700098570.0806167, 166.83361174897593, -77.87260543575346
20231116_S01_to_S02, 1, 2731, 1700098570.1808665, 166.8336131564273, -77.87259183028101
20231116_S01_to_S02, 1, 2732, 1700098570.2876189, 166.83362528546513, -77.87257915043192
20231116_S01_to_S02, 1, 2733, 1700098570.3878708, 166.83364415270046, -77.87256938309358
20231116_S01_to_S02, 1, 2734, 1700098570.4881198, 166.8336678335699, -77.87256211756475
20231116_S01_to_S02, 1, 2735, 1700098570.5883865, 166.8336939571306, -77.87255777241184
20231116_S01_to_S02, 1, 2736, 1700098570.6886551, 166.83372014273587, -77.87255676874241
20231116_S01_to_S02, 1, 2737, 1700098570.7889142, 166.8337440103674, -77.87255952581899
20231116_S01_to_S02, 1, 2738, 1700098570.9048116, 166.83376569481177, -77.87256792778899
20231116_S01_to_S02, 1, 2739, 1700098571.005059, 166.83377865405666, -77.87257973535492
20231116_S01_to_S02, 1, 2740, 1700098571.1053078, 166.83378758656787, -77.87259533993587
20231116_S01_to_S02, 1, 2741, 1700098571.2055557, 166.83379389216606, -77.87261432118358
20231116_S01_to_S02, 1, 2742, 1700098571.3058035, 166.83379897100605, -77.87263625922755
20231116_S01_to_S02, 1, 2743, 1700098571.4060607, 166.83380422367927, -77.87266073644102
20231116_S01_to_S02, 1, 2744, 1700098571.5219219, 166.83381234461805, -77.8726916331971
20231116_S01_to_S02, 1, 2745, 1700098571.6221685, 166.8338227328203, -77.87272014787459
20231116_S01_to_S02, 1, 2746, 1700098571.7224154, 166.83383771257644, -77.87274987393702
20231116_S01_to_S02, 1, 2747, 1700098571.8226635, 166.8338586841697, -77.8727803916948
20231116_S01_to_S02, 1, 2748, 1700098571.9229226, 166.8338868661397, -77.87281127605956
20231116_S01_to_S02, 1, 2749, 1700098572.038785, 166.83392732109704, -77.87284674050487
20231116_S01_to_S02, 1, 2750, 1700098572.1390328, 166.83396689579982, -77.87287658473201
20231116_S01_to_S02, 1, 2751, 1700098572.23928, 166.83400860651787, -77.87290504983224
20231116_S01_to_S02, 1, 2752, 1700098572.3395286, 166.8340504529247, -77.87293156703534
20231116_S01_to_S02, 1, 2753, 1700098572.4397736, 166.83409043179572, -77.87295556574652
20231116_S01_to_S02, 1, 2754, 1700098572.5400324, 166.83412654819932, -77.87297648028357
20231116_S01_to_S02, 1, 2755, 1700098572.6558926, 166.83416084410715, -77.8729960574059
20231116_S01_to_S02, 1, 2756, 1700098572.756142, 166.8341818120449, -77.87300837806666
20231116_S01_to_S02, 1, 2757, 1700098572.8563905, 166.8341925990016, -77.8730158155326
20231116_S01_to_S02, 1, 2758, 1700098572.9566383, 166.83419211651702, -77.87301812371344
20231116_S01_to_S02, 1, 2759, 1700098573.056886, 166.8341815774327, -77.87301587148568
20231116_S01_to_S02, 1, 2760, 1700098573.157145, 166.83416254995262, -77.87300975357701
20231116_S01_to_S02, 1, 2761, 1700098573.2730083, 166.83413204770744, -77.87299878020625
20231116_S01_to_S02, 1, 2762, 1700098573.373257, 166.83410007169758, -77.87298669739103
20231116_S01_to_S02, 1, 2763, 1700098573.4735045, 166.83406456741426, -77.87297294516026
20231116_S01_to_S02, 1, 2764, 1700098573.5737543, 166.8340271045519, -77.87295821869716
20231116_S01_to_S02, 1, 2765, 1700098573.6740143, 166.8339892508907, -77.87294321240917
20231116_S01_to_S02, 1, 2766, 1700098573.7898793, 166.8339470822204, -77.87292643547818
20231116_S01_to_S02, 1, 2767, 1700098573.8901298, 166.83391374180306, -77.87291319713064
20231116_S01_to_S02, 1, 2768, 1700098573.9903805, 166.8338849719539, -77.87290187587992
20231116_S01_to_S02, 1, 2769, 1700098574.0971334, 166.833861125471, -77.87289270937458
20231116_S01_to_S02, 1, 2770, 1700098574.1973822, 166.83384637501362, -77.87288737092976
20231116_S01_to_S02, 1, 2771, 1700098574.297647, 166.83383772741573, -77.87288458859432
20231116_S01_to_S02, 1, 2772, 1700098574.397914, 166.83383287375753, -77.8728832927126
20231116_S01_to_S02, 1, 2773, 1700098574.4981735, 166.8338295001326, -77.87288241151224
20231116_S01_to_S02, 1, 2774, 1700098574.614068, 166.83382441089594, -77.87288050461517
20231116_S01_to_S02, 1, 2775, 1700098574.7143152, 166.833816356539, -77.87287687183078
20231116_S01_to_S02, 1, 2776, 1700098574.8145618, 166.8338024810518, -77.87287027228778
20231116_S01_to_S02, 1, 2777, 1700098574.914809, 166.83378058254985, -77.87285969746321
20231116_S01_to_S02, 1, 2778, 1700098575.0150561, 166.8337500577233, -77.87284504152795
20231116_S01_to_S02, 1, 2779, 1700098575.1153154, 166.8337114953791, -77.87282687235087
20231116_S01_to_S02, 1, 2780, 1700098575.2311766, 166.8336577415127, -77.87280227065654
20231116_S01_to_S02, 1, 2781, 1700098575.331424, 166.83360398632374, -77.87277853039606
20231116_S01_to_S02, 1, 2782, 1700098575.431671, 166.83354416478835, -77.87275313066016
20231116_S01_to_S02, 1, 2783, 1700098575.5319185, 166.83347889906773, -77.87272665775139
20231116_S01_to_S02, 1, 2784, 1700098575.6321669, 166.8334088119501, -77.87269969826741
20231116_S01_to_S02, 1, 2785, 1700098575.7324255, 166.8333345190037, -77.87267283629932
20231116_S01_to_S02, 1, 2786, 1700098575.848287, 166.83324425233073, -77.87264268796494
20231116_S01_to_S02, 1, 2787, 1700098575.9485352, 166.83316382143354, -77.87261821228246
20231116_S01_to_S02, 1, 2788, 1700098576.0487823, 166.83308469498542, -77.8725964619726
20231116_S01_to_S02, 1, 2789, 1700098576.1490312, 166.83301055301146, -77.87257869245805
20231116_S01_to_S02, 1, 2790, 1700098576.2492783, 166.83294507998863, -77.87256616026806
20231116_S01_to_S02, 1, 2791, 1700098576.3495371, 166.83289195125988, -77.8725601207138
20231116_S01_to_S02, 1, 2792, 1700098576.465399, 166.83285076556263, -77.87256287641958
20231116_S01_to_S02, 1, 2793, 1700098576.5656478, 166.832836791865, -77.87257510781107
20231116_S01_to_S02, 1, 2794, 1700098576.665895, 166.83284678807428, -77.8725977955446
20231116_S01_to_S02, 1, 2795, 1700098576.766143, 166.83288443623738, -77.87263219605092
20231116_S01_to_S02, 1, 2796, 1700098576.8663898, 166.83295336013433, -77.8726795407811
20231116_S01_to_S02, 1, 2797, 1700098576.9666514, 166.83305317590023, -77.87273941009455
20231116_S01_to_S02, 1, 2798, 1700098577.082513, 166.8331977554308, -77.87282002831635
20231116_S01_to_S02, 1, 2799, 1700098577.1827607, 166.83333949239406, -77.8728958033523
20231116_S01_to_S02, 1, 2800, 1700098577.2830088, 166.83348864434143, -77.87297357392758
20231116_S01_to_S02, 1, 2801, 1700098577.383258, 166.83363758336012, -77.87304992669615
20231116_S01_to_S02, 1, 2802, 1700098577.483521, 166.83377869667555, -77.87312145594811
20231116_S01_to_S02, 1, 2803, 1700098577.599383, 166.83392199381336, -77.87319361887546
20231116_S01_to_S02, 1, 2804, 1700098577.6996346, 166.8340202265029, -77.87324310716647
20231116_S01_to_S02, 1, 2805, 1700098577.8063867, 166.83408955306362, -77.87327856480172
20231116_S01_to_S02, 1, 2806, 1700098577.9066355, 166.83411418589557, -77.87329239430397
20231116_S01_to_S02, 1, 2807, 1700098578.006884, 166.8341001166615, -77.87328767759958
20231116_S01_to_S02, 1, 2808, 1700098578.1071513, 166.83405258013138, -77.87326689368446
20231116_S01_to_S02, 1, 2809, 1700098578.2074153, 166.83397689275253, -77.87323255849215
20231116_S01_to_S02, 1, 2810, 1700098578.307675, 166.83387837248915, -77.87318718910274
20231116_S01_to_S02, 1, 2811, 1700098578.4235728, 166.83374299421547, -77.87312428822658
20231116_S01_to_S02, 1, 2812, 1700098578.5238206, 166.83361333278089, -77.8730636898282
20231116_S01_to_S02, 1, 2813, 1700098578.6240678, 166.83347760618628, -77.87299999378061
20231116_S01_to_S02, 1, 2814, 1700098578.7243152, 166.8333411245852, -77.87293571346909
20231116_S01_to_S02, 1, 2815, 1700098578.8245618, 166.83320920061095, -77.87287336344451
20231116_S01_to_S02, 1, 2816, 1700098578.9248202, 166.8330871311332, -77.87281545077197
20231116_S01_to_S02, 1, 2817, 1700098579.0406823, 166.83296531850112, -77.8727573559216
20231116_S01_to_S02, 1, 2818, 1700098579.1409304, 166.83288254308064, -77.87271755275437
20231116_S01_to_S02, 1, 2819, 1700098579.2411768, 166.832822895436, -77.87268847978439
20231116_S01_to_S02, 1, 2820, 1700098579.3414245, 166.83278314953873, -77.87266863529072
20231116_S01_to_S02, 1, 2821, 1700098579.4416847, 166.83275965881919, -77.87265631961995
20231116_S01_to_S02, 1, 2822, 1700098579.557548, 166.83274798888897, -77.87264924193202
20231116_S01_to_S02, 1, 2823, 1700098579.6577938, 166.83274714821147, -77.87264738174615
20231116_S01_to_S02, 1, 2824, 1700098579.758042, 166.832751060559, -77.87264768991257
20231116_S01_to_S02, 1, 2825, 1700098579.8582904, 166.83275609174314, -77.87264847319219
20231116_S01_to_S02, 1, 2826, 1700098579.9585376, 166.83276019383516, -77.87264884134639
20231116_S01_to_S02, 1, 2827, 1700098580.058785, 166.8327645407653, -77.87264953509371
20231116_S01_to_S02, 1, 2828, 1700098580.1746569, 166.8327719206999, -77.87265197260328
20231116_S01_to_S02, 1, 2829, 1700098580.2749047, 166.83278211739713, -77.87265656065723
20231116_S01_to_S02, 1, 2830, 1700098580.3751533, 166.83279749625387, -77.87266443596297
20231116_S01_to_S02, 1, 2831, 1700098580.4754007, 166.8328196213953, -77.87267653678815
20231116_S01_to_S02, 1, 2832, 1700098580.575648, 166.83285005740737, -77.87269380163521
20231116_S01_to_S02, 1, 2833, 1700098580.6759064, 166.83289037373433, -77.87271717185884
20231116_S01_to_S02, 1, 2834, 1700098580.7917688, 166.83295131826335, -77.87275301199023
20231116_S01_to_S02, 1, 2835, 1700098580.8920176, 166.83301810422057, -77.87279264723348
20231116_S01_to_S02, 1, 2836, 1700098580.9922667, 166.83309683473576, -77.8728396628621
20231116_S01_to_S02, 1, 2837, 1700098581.0925155, 166.83318404185403, -77.87289204297181
20231116_S01_to_S02, 1, 2838, 1700098581.192767, 166.8332761806197, -77.8729477265064
20231116_S01_to_S02, 1, 2839, 1700098581.2930264, 166.83336970851678, -77.87300465395022
20231116_S01_to_S02, 1, 2840, 1700098581.4088893, 166.83347486381192, -77.8730692815646
20231116_S01_to_S02, 1, 2841, 1700098581.5091403, 166.83355929374633, -77.87312185895696
20231116_S01_to_S02, 1, 2842, 1700098581.615892, 166.83363832431667, -77.87317200253632
20231116_S01_to_S02, 1, 2843, 1700098581.7161531, 166.8336985936213, -77.87321143313707
20231116_S01_to_S02, 1, 2844, 1700098581.8164084, 166.83374171680964, -77.87324133038483
20231116_S01_to_S02, 1, 2845, 1700098581.916674, 166.83376471273596, -77.87325996197576
20231116_S01_to_S02, 1, 2846, 1700098582.0169225, 166.83376820189892, -77.87326768866355
20231116_S01_to_S02, 1, 2847, 1700098582.11718, 166.83375424097963, -77.87326570962401
20231116_S01_to_S02, 1, 2848, 1700098582.2330775, 166.83371905195241, -77.87325289604128
20231116_S01_to_S02, 1, 2849, 1700098582.333327, 166.8336744689489, -77.87323406655767
20231116_S01_to_S02, 1, 2850, 1700098582.4335744, 166.83361892986974, -77.87320931253154
20231116_S01_to_S02, 1, 2851, 1700098582.5338223, 166.83355449006126, -77.87317983112386
20231116_S01_to_S02, 1, 2852, 1700098582.6340704, 166.83348320610938, -77.87314682001609
20231116_S01_to_S02, 1, 2853, 1700098582.7343185, 166.83340713469494, -77.8731114769405
20231116_S01_to_S02, 1, 2854, 1700098582.8501897, 166.83331593771854, -77.87306928959424
20231116_S01_to_S02, 1, 2855, 1700098582.9504383, 166.83323618113158, -77.87303277587243
20231116_S01_to_S02, 1, 2856, 1700098583.0506847, 166.83315650994905, -77.87299673238414
20231116_S01_to_S02, 1, 2857, 1700098583.1509326, 166.83307757720615, -77.87296150918355
20231116_S01_to_S02, 1, 2858, 1700098583.2511907, 166.8330000320908, -77.87292745472723
20231116_S01_to_S02, 1, 2859, 1700098583.3514373, 166.83292454728533, -77.87289492773441
20231116_S01_to_S02, 1, 2860, 1700098583.4673002, 166.83284071873325, -77.87285969216767
20231116_S01_to_S02, 1, 2861, 1700098583.56755, 166.83277188511173, -77.87283164377544
20231116_S01_to_S02, 1, 2862, 1700098583.6677985, 166.83270717362612, -77.87280622808251
20231116_S01_to_S02, 1, 2863, 1700098583.7680454, 166.83264724028908, -77.87278379644366
20231116_S01_to_S02, 1, 2864, 1700098583.868303, 166.83259273433424, -77.87276469789843
20231116_S01_to_S02, 1, 2865, 1700098583.9841645, 166.832537373316, -77.87274724216962
20231116_S01_to_S02, 1, 2866, 1700098584.084411, 166.83249681680562, -77.87273653040914
20231116_S01_to_S02, 1, 2867, 1700098584.1846588, 166.83246367478648, -77.87273018140102
20231116_S01_to_S02, 1, 2868, 1700098584.2849064, 166.83243789143083, -77.87272789009785
20231116_S01_to_S02, 1, 2869, 1700098584.3851545, 166.83241913916885, -77.8727291015881
20231116_S01_to_S02, 1, 2870, 1700098584.4854136, 166.83240708866805, -77.8727332605662
20231116_S01_to_S02, 1, 2871, 1700098584.6012762, 166.83240108264178, -77.87274100955264
20231116_S01_to_S02, 1, 2872, 1700098584.7015254, 166.83240236581742, -77.87274963001208
20231116_S01_to_S02, 1, 2873, 1700098584.801773, 166.83240931495726, -77.87275944279986
20231116_S01_to_S02, 1, 2874, 1700098584.9020233, 166.83242155284844, -77.87276989936905
20231116_S01_to_S02, 1, 2875, 1700098585.002284, 166.83243803342415, -77.87278054664681
20231116_S01_to_S02, 1, 2876, 1700098585.1181467, 166.83246035204183, -77.87279258233023
20231116_S01_to_S02, 1, 2877, 1700098585.2183976, 166.83248074522095, -77.87280232906161
20231116_S01_to_S02, 1, 2878, 1700098585.3186476, 166.8325005179862, -77.87281105315469
20231116_S01_to_S02, 1, 2879, 1700098585.425401, 166.8325191576544, -77.8728187881362
20231116_S01_to_S02, 1, 2880, 1700098585.52565, 166.83253276481227, -77.87282418693196
20231116_S01_to_S02, 1, 2881, 1700098585.625917, 166.8325410214099, -77.87282738787951
20231116_S01_to_S02, 1, 2882, 1700098585.7261846, 166.8325423800959, -77.87282800603631
20231116_S01_to_S02, 1, 2883, 1700098585.8264449, 166.83253529710842, -77.87282565785435
20231116_S01_to_S02, 1, 2884, 1700098585.9423277, 166.8325151097502, -77.87281890097034
20231116_S01_to_S02, 1, 2885, 1700098586.0425737, 166.8324883595165, -77.87280994348423
20231116_S01_to_S02, 1, 2886, 1700098586.1428213, 166.83245477460133, -77.87279867630647
20231116_S01_to_S02, 1, 2887, 1700098586.2430685, 166.83241605011852, -77.87278564924398
20231116_S01_to_S02, 1, 2888, 1700098586.3433166, 166.8323738800278, -77.87277141171559
20231116_S01_to_S02, 1, 2889, 1700098586.443575, 166.83232995471755, -77.8727565119217
20231116_S01_to_S02, 1, 2890, 1700098586.5594382, 166.8322792323668, -77.87273919019216
20231116_S01_to_S02, 1, 2891, 1700098586.6596854, 166.83223730229614, -77.87272473734598
20231116_S01_to_S02, 1, 2892, 1700098586.759932, 166.83219896944004, -77.8727113583438
20231116_S01_to_S02, 1, 2893, 1700098586.86018, 166.83216592484698, -77.87269960149997
20231116_S01_to_S02, 1, 2894, 1700098586.9604301, 166.83213914676978, -77.87268974660647
20231116_S01_to_S02, 1, 2895, 1700098587.060688, 166.83211796817554, -77.8726814536596
20231116_S01_to_S02, 1, 2896, 1700098587.176548, 166.83209929481671, -77.87267325741122
20231116_S01_to_S02, 1, 2897, 1700098587.2767951, 166.83208713929622, -77.87266688206387
20231116_S01_to_S02, 1, 2898, 1700098587.3770435, 166.8320777520437, -77.87266072242319
20231116_S01_to_S02, 1, 2899, 1700098587.4772906, 166.8320702358317, -77.87265435191527
20231116_S01_to_S02, 1, 2900, 1700098587.577538, 166.83206369307746, -77.8726473437326
20231116_S01_to_S02, 1, 2901, 1700098587.6934211, 166.83205616643983, -77.87263788848308
20231116_S01_to_S02, 1, 2902, 1700098587.793657, 166.83204867021934, -77.87262805501366
20231116_S01_to_S02, 1, 2903, 1700098587.8939052, 166.83203933371968, -77.87261626138444
20231116_S01_to_S02, 1, 2904, 1700098587.9941523, 166.8320275957046, -77.87260252084138
20231116_S01_to_S02, 1, 2905, 1700098588.0943995, 166.83201315164914, -77.87258718257014
20231116_S01_to_S02, 1, 2906, 1700098588.1946588, 166.83199570232168, -77.8725706036348
20231116_S01_to_S02, 1, 2907, 1700098588.310521, 166.83197140705562, -77.87255037220359
20231116_S01_to_S02, 1, 2908, 1700098588.41077, 166.83194647539804, -77.87253234645975
20231116_S01_to_S02, 1, 2909, 1700098588.5110188, 166.8319176036472, -77.87251421555926
20231116_S01_to_S02, 1, 2910, 1700098588.6112676, 166.83188449481224, -77.87249633861313
20231116_S01_to_S02, 1, 2911, 1700098588.7115161, 166.8318468520524, -77.87247907481469
20231116_S01_to_S02, 1, 2912, 1700098588.8117764, 166.83180437311722, -77.87246278144377
20231116_S01_to_S02, 1, 2913, 1700098588.9276392, 166.83174887588552, -77.87244563445611
20231116_S01_to_S02, 1, 2914, 1700098589.0278888, 166.8316949766626, -77.87243266062684
20231116_S01_to_S02, 1, 2915, 1700098589.1281378, 166.83163531221388, -77.87242179255563
20231116_S01_to_S02, 1, 2916, 1700098589.2348928, 166.83156634784464, -77.87241292770285
20231116_S01_to_S02, 1, 2917, 1700098589.3351417, 166.8315001204583, -77.87240749374662
20231116_S01_to_S02, 1, 2918, 1700098589.4354079, 166.8314363805264, -77.87240519248833
20231116_S01_to_S02, 1, 2919, 1700098589.5356734, 166.83137897701573, -77.8724063512545
20231116_S01_to_S02, 1, 2920, 1700098589.6359224, 166.83133175317676, -77.87241129502169
20231116_S01_to_S02, 1, 2921, 1700098589.7518144, 166.8312948623257, -77.87242215446945
20231116_S01_to_S02, 1, 2922, 1700098589.8520622, 166.83128260439963, -77.87243636622705
20231116_S01_to_S02, 1, 2923, 1700098589.9523106, 166.83129052829509, -77.87245506943967
20231116_S01_to_S02, 1, 2924, 1700098590.0525582, 166.83131560316087, -77.87247753184204
20231116_S01_to_S02, 1, 2925, 1700098590.1528053, 166.83135412626444, -77.87250291787282
20231116_S01_to_S02, 1, 2926, 1700098590.253064, 166.83140240115614, -77.87253039531322
20231116_S01_to_S02, 1, 2927, 1700098590.3689256, 166.83146547823944, -77.87256365548419
20231116_S01_to_S02, 1, 2928, 1700098590.4691741, 166.83152216371883, -77.8725927896082
20231116_S01_to_S02, 1, 2929, 1700098590.5694199, 166.83157690896414, -77.87262137422755
20231116_S01_to_S02, 1, 2930, 1700098590.6696663, 166.83162601360854, -77.87264857485533
20231116_S01_to_S02, 1, 2931, 1700098590.7699146, 166.83166577551668, -77.87267355621029
20231116_S01_to_S02, 1, 2932, 1700098590.8701735, 166.8316925314653, -77.87269549144672
20231116_S01_to_S02, 1, 2933, 1700098590.9860356, 166.83170543805733, -77.87271651529355
20231116_S01_to_S02, 1, 2934, 1700098591.0862832, 166.83170295713555, -77.87273115968624
20231116_S01_to_S02, 1, 2935, 1700098591.1865304, 166.83168985730907, -77.8727427418245
20231116_S01_to_S02, 1, 2936, 1700098591.286778, 166.83166808062367, -77.8727514782691
20231116_S01_to_S02, 1, 2937, 1700098591.3870263, 166.8316395690731, -77.87275758544399
20231116_S01_to_S02, 1, 2938, 1700098591.487285, 166.831606261419, -77.87276127999488
20231116_S01_to_S02, 1, 2939, 1700098591.6031468, 166.83156434492432, -77.87276282721272
20231116_S01_to_S02, 1, 2940, 1700098591.7033947, 166.83152731606228, -77.87276205602178
20231116_S01_to_S02, 1, 2941, 1700098591.8036454, 166.83149162303442, -77.87275955496972
20231116_S01_to_S02, 1, 2942, 1700098591.9038918, 166.83145909025902, -77.8727555413498
20231116_S01_to_S02, 1, 2943, 1700098592.0041533, 166.83143007918528, -77.87275023884315
20231116_S01_to_S02, 1, 2944, 1700098592.1200159, 166.83140016057288, -77.87274280754461
20231116_S01_to_S02, 1, 2945, 1700098592.2202659, 166.83137669527534, -77.8727355101854
20231116_S01_to_S02, 1, 2946, 1700098592.3205147, 166.8313548287392, -77.8727276498495
20231116_S01_to_S02, 1, 2947, 1700098592.4207635, 166.83133394439966, -77.87271945621534
20231116_S01_to_S02, 1, 2948, 1700098592.5210125, 166.83131342593396, -77.87271115902415
20231116_S01_to_S02, 1, 2949, 1700098592.6212735, 166.8312926546054, -77.87270298710261
20231116_S01_to_S02, 1, 2950, 1700098592.7371361, 166.83126753145822, -77.87269400192523
20231116_S01_to_S02, 1, 2951, 1700098592.837386, 166.8312441262714, -77.87268688464373
20231116_S01_to_S02, 1, 2952, 1700098592.9441402, 166.83121703412718, -77.87268021720475
20231116_S01_to_S02, 1, 2953, 1700098593.044389, 166.83119014122911, -77.87267491285422
20231116_S01_to_S02, 1, 2954, 1700098593.1446486, 166.8311626570806, -77.87267060347536
20231116_S01_to_S02, 1, 2955, 1700098593.244914, 166.83113538363918, -77.87266735675745
20231116_S01_to_S02, 1, 2956, 1700098593.3451612, 166.8311091280771, -77.87266524050965
20231116_S01_to_S02, 1, 2957, 1700098593.4454193, 166.83108468325273, -77.87266432121143
20231116_S01_to_S02, 1, 2958, 1700098593.5613163, 166.8310597351669, -77.87266483858633
20231116_S01_to_S02, 1, 2959, 1700098593.6615634, 166.8310419264366, -77.87266672896465
20231116_S01_to_S02, 1, 2960, 1700098593.7618115, 166.83102845725566, -77.87267002848002
20231116_S01_to_S02, 1, 2961, 1700098593.8620605, 166.8310201282237, -77.87267480438136
20231116_S01_to_S02, 1, 2962, 1700098593.9623196, 166.8310177400629, -77.87268112456438
20231116_S01_to_S02, 1, 2963, 1700098594.078184, 166.83102343055154, -77.8726904395977
20231116_S01_to_S02, 1, 2964, 1700098594.1784284, 166.8310363870358, -77.8727002663758
20231116_S01_to_S02, 1, 2965, 1700098594.2786753, 166.83105544865268, -77.87271122929644
20231116_S01_to_S02, 1, 2966, 1700098594.3789237, 166.83107802692763, -77.87272250628804
20231116_S01_to_S02, 1, 2967, 1700098594.4791706, 166.83110151540228, -77.87273327049182
20231116_S01_to_S02, 1, 2968, 1700098594.5794303, 166.83112331117545, -77.87274269663045
20231116_S01_to_S02, 1, 2969, 1700098594.6952925, 166.83114297143752, -77.87275083797259
20231116_S01_to_S02, 1, 2970, 1700098594.7955403, 166.8311522452377, -77.87275456420682
20231116_S01_to_S02, 1, 2971, 1700098594.8957865, 166.8311517044811, -77.87275437631895
20231116_S01_to_S02, 1, 2972, 1700098594.9960358, 166.83114055495682, -77.87275002914534
20231116_S01_to_S02, 1, 2973, 1700098595.096283, 166.8311193959544, -77.87274172477875
20231116_S01_to_S02, 1, 2974, 1700098595.1965423, 166.831088862615, -77.87272967646275
20231116_S01_to_S02, 1, 2975, 1700098595.3124025, 166.83104274283514, -77.87271137291684
20231116_S01_to_S02, 1, 2976, 1700098595.4126496, 166.83099418857577, -77.87269198973893
20231116_S01_to_S02, 1, 2977, 1700098595.5128973, 166.83093828216252, -77.87266954260086
20231116_S01_to_S02, 1, 2978, 1700098595.6131458, 166.83087566270504, -77.87264424630897
20231116_S01_to_S02, 1, 2979, 1700098595.7133927, 166.83080697143274, -77.87261631652956
20231116_S01_to_S02, 1, 2980, 1700098595.8292646, 166.83072084539765, -77.87258103355217
20231116_S01_to_S02, 1, 2981, 1700098595.9295137, 166.83064135404678, -77.87254820706026
20231116_S01_to_S02, 1, 2982, 1700098596.029763, 166.8305585661087, -77.87251375196647
20231116_S01_to_S02, 1, 2983, 1700098596.1300135, 166.8304739041017, -77.87247822089559
20231116_S01_to_S02, 1, 2984, 1700098596.23026, 166.83038879582617, -77.87244216870698
20231116_S01_to_S02, 1, 2985, 1700098596.3305192, 166.8303046504346, -77.87240614231185
20231116_S01_to_S02, 1, 2986, 1700098596.4463837, 166.83021048635814, -77.87236527106464
20231116_S01_to_S02, 1, 2987, 1700098596.546633, 166.83013329023441, -77.87233119490031
20231116_S01_to_S02, 1, 2988, 1700098596.6533873, 166.830057127831, -77.87229687281129
20231116_S01_to_S02, 1, 2989, 1700098596.7536364, 166.82999278243213, -77.87226707092631
20231116_S01_to_S02, 1, 2990, 1700098596.853885, 166.82993683874082, -77.87224018536739
20231116_S01_to_S02, 1, 2991, 1700098596.9541492, 166.82988994883047, -77.87221648372439
20231116_S01_to_S02, 1, 2992, 1700098597.054416, 166.82985102488445, -77.8721955940255
20231116_S01_to_S02, 1, 2993, 1700098597.1546736, 166.82981872755377, -77.87217705151167
20231116_S01_to_S02, 1, 2994, 1700098597.27057, 166.82978788478493, -77.87215792708155
20231116_S01_to_S02, 1, 2995, 1700098597.3708193, 166.8297652991905, -77.87214285377796
20231116_S01_to_S02, 1, 2996, 1700098597.4710643, 166.82974509883897, -77.87212865287387
20231116_S01_to_S02, 1, 2997, 1700098597.571312, 166.82972593983678, -77.87211485669857
20231116_S01_to_S02, 1, 2998, 1700098597.6715605, 166.82970648008427, -77.87210099882233
20231116_S01_to_S02, 1, 2999, 1700098597.7718184, 166.82968537519054, -77.87208661131396
20231116_S01_to_S02, 1, 3000, 1700098597.8876803, 166.82965722708198, -77.87206873119132
20231116_S01_to_S02, 1, 3001, 1700098597.9879286, 166.82962926013502, -77.87205204427796
20231116_S01_to_S02, 1, 3002, 1700098598.0881872, 166.82959885738202, -77.8720345330045
20231116_S01_to_S02, 1, 3003, 1700098598.1884236, 166.82956698455035, -77.87201652211834
20231116_S01_to_S02, 1, 3004, 1700098598.2886734, 166.82953458608984, -77.8719983242701
20231116_S01_to_S02, 1, 3005, 1700098598.388929, 166.82950262000347, -77.87198025980457
20231116_S01_to_S02, 1, 3006, 1700098598.5047915, 166.82946747085992, -77.87195996865458
20231116_S01_to_S02, 1, 3007, 1700098598.6050391, 166.82943969379943, -77.87194328040012
20231116_S01_to_S02, 1, 3008, 1700098598.7052872, 166.82941536640254, -77.87192773310113
20231116_S01_to_S02, 1, 3009, 1700098598.8055418, 166.8293954432717, -77.8719136449657
20231116_S01_to_S02, 1, 3010, 1700098598.9057918, 166.82938088237756, -77.87190133658228
20231116_S01_to_S02, 1, 3011, 1700098599.00605, 166.8293726379519, -77.87189112552083
20231116_S01_to_S02, 1, 3012, 1700098599.1219106, 166.82937223105182, -77.87188235705604
20231116_S01_to_S02, 1, 3013, 1700098599.222158, 166.8293804396633, -77.87187772671554
20231116_S01_to_S02, 1, 3014, 1700098599.322405, 166.8293961091668, -77.87187607378833
20231116_S01_to_S02, 1, 3015, 1700098599.4226537, 166.8294185765918, -77.87187760724437
20231116_S01_to_S02, 1, 3016, 1700098599.5229118, 166.82944718138341, -77.8718825367138
20231116_S01_to_S02, 1, 3017, 1700098599.638773, 166.82948701067517, -77.87189273711435
20231116_S01_to_S02, 1, 3018, 1700098599.7390227, 166.82952658104554, -77.87190569677577
20231116_S01_to_S02, 1, 3019, 1700098599.839271, 166.82957019173054, -77.87192271104414
20231116_S01_to_S02, 1, 3020, 1700098599.9395216, 166.82961713737777, -77.87194382776534
20231116_S01_to_S02, 1, 3021, 1700098600.0397704, 166.82966651726477, -77.87196838016474
20231116_S01_to_S02, 1, 3022, 1700098600.1400313, 166.82971738651497, -77.87199550948438
20231116_S01_to_S02, 1, 3023, 1700098600.2558947, 166.82977677213754, -77.87202893636771
20231116_S01_to_S02, 1, 3024, 1700098600.3561442, 166.8298275949364, -77.87205867659108
20231116_S01_to_S02, 1, 3025, 1700098600.4628966, 166.82988001981906, -77.87209016228546
20231116_S01_to_S02, 1, 3026, 1700098600.5631468, 166.82992665614256, -77.87211864797914
20231116_S01_to_S02, 1, 3027, 1700098600.663396, 166.8299698056001, -77.87214520394059
20231116_S01_to_S02, 1, 3028, 1700098600.7636623, 166.83000852318168, -77.87216897185021
20231116_S01_to_S02, 1, 3029, 1700098600.8639107, 166.8300418452209, -77.87218908285288
20231116_S01_to_S02, 1, 3030, 1700098600.964168, 166.83006916016816, -77.87220503732013
20231116_S01_to_S02, 1, 3031, 1700098601.0800655, 166.83009334492675, -77.87221862157662
20231116_S01_to_S02, 1, 3032, 1700098601.180313, 166.83010805075043, -77.8722265501749
20231116_S01_to_S02, 1, 3033, 1700098601.2805598, 166.8301171598357, -77.87223128785146
20231116_S01_to_S02, 1, 3034, 1700098601.3808079, 166.83012083080487, -77.87223317098105
20231116_S01_to_S02, 1, 3035, 1700098601.481055, 166.830119221976, -77.87223253578026
20231116_S01_to_S02, 1, 3036, 1700098601.581314, 166.83011249075415, -77.87222971810833
20231116_S01_to_S02, 1, 3037, 1700098601.697175, 166.8300985394554, -77.87222418427251
20231116_S01_to_S02, 1, 3038, 1700098601.797434, 166.83008130514668, -77.87221780603083
20231116_S01_to_S02, 1, 3039, 1700098601.8976707, 166.8300594671787, -77.87221029473987
20231116_S01_to_S02, 1, 3040, 1700098601.9979203, 166.83003338130897, -77.87220177160806
20231116_S01_to_S02, 1, 3041, 1700098602.0981815, 166.830003552292, -77.87219221118593
20231116_S01_to_S02, 1, 3042, 1700098602.2140405, 166.82996509181083, -77.87217983498665
20231116_S01_to_S02, 1, 3043, 1700098602.314289, 166.82992893791868, -77.87216794430564
20231116_S01_to_S02, 1, 3044, 1700098602.4145358, 166.8298906528309, -77.87215492699178
20231116_S01_to_S02, 1, 3045, 1700098602.5147839, 166.82985074463576, -77.87214075384956
20231116_S01_to_S02, 1, 3046, 1700098602.6150315, 166.82980972341548, -77.87212539636208
20231116_S01_to_S02, 1, 3047, 1700098602.7152894, 166.829768094059, -77.87210882393705
20231116_S01_to_S02, 1, 3048, 1700098602.8311505, 166.82971990108751, -77.87208812321673
20231116_S01_to_S02, 1, 3049, 1700098602.9314103, 166.8296786602994, -77.87206890865374
20231116_S01_to_S02, 1, 3050, 1700098603.0316484, 166.82963813852902, -77.87204890109503
20231116_S01_to_S02, 1, 3051, 1700098603.1318965, 166.82959851401745, -77.87202861502756
20231116_S01_to_S02, 1, 3052, 1700098603.2321548, 166.82955997814062, -77.87200857114284
20231116_S01_to_S02, 1, 3053, 1700098603.3324032, 166.8295227298764, -77.8719892942833
20231116_S01_to_S02, 1, 3054, 1700098603.4482663, 166.8294815295198, -77.87196865027978
20231116_S01_to_S02, 1, 3055, 1700098603.5485144, 166.8294476989635, -77.87195279395526
20231116_S01_to_S02, 1, 3056, 1700098603.648763, 166.8294157552395, -77.87193934591605
20231116_S01_to_S02, 1, 3057, 1700098603.7490115, 166.82938588968307, -77.87192882699325
20231116_S01_to_S02, 1, 3058, 1700098603.8492713, 166.82935829051362, -77.87192175735973
20231116_S01_to_S02, 1, 3059, 1700098603.9651356, 166.82932947360342, -77.87191856793902
20231116_S01_to_S02, 1, 3060, 1700098604.0653856, 166.82930741984623, -77.87192070797204
20231116_S01_to_S02, 1, 3061, 1700098604.1721435, 166.82928711869468, -77.87192856478786
20231116_S01_to_S02, 1, 3062, 1700098604.2723923, 166.8292715752615, -77.87194119245619
20231116_S01_to_S02, 1, 3063, 1700098604.3726404, 166.829260199786, -77.87195851486597
20231116_S01_to_S02, 1, 3064, 1700098604.4729059, 166.82925374182292, -77.87198014178065
20231116_S01_to_S02, 1, 3065, 1700098604.5731711, 166.8292529544455, -77.87200567590497
20231116_S01_to_S02, 1, 3066, 1700098604.67343, 166.82925858776315, -77.87203472069999
20231116_S01_to_S02, 1, 3067, 1700098604.7893114, 166.8292740816491, -77.87207215000566
20231116_S01_to_S02, 1, 3068, 1700098604.8895586, 166.82929606597634, -77.87210742309553
20231116_S01_to_S02, 1, 3069, 1700098604.9898067, 166.82932595302316, -77.87214502855788
20231116_S01_to_S02, 1, 3070, 1700098605.0900538, 166.82936291010168, -77.87218468826023
20231116_S01_to_S02, 1, 3071, 1700098605.1903007, 166.82940607781524, -77.8722261270618
20231116_S01_to_S02, 1, 3072, 1700098605.2905586, 166.82945460228393, -77.87226907443937
20231116_S01_to_S02, 1, 3073, 1700098605.4064214, 166.82951621979154, -77.87232021910309
20231116_S01_to_S02, 1, 3074, 1700098605.5066698, 166.82957335206504, -77.87236546756945
20231116_S01_to_S02, 1, 3075, 1700098605.6069171, 166.8296331224341, -77.87241135033248
20231116_S01_to_S02, 1, 3076, 1700098605.7071657, 166.82969467262464, -77.87245759298031
20231116_S01_to_S02, 1, 3077, 1700098605.8074136, 166.82975714192085, -77.8725039192412
20231116_S01_to_S02, 1, 3078, 1700098605.9076731, 166.8298197184116, -77.87255005594595
20231116_S01_to_S02, 1, 3079, 1700098606.0235343, 166.8298916627252, -77.87260271360985
20231116_S01_to_S02, 1, 3080, 1700098606.1237817, 166.82995344641387, -77.87264732118054
20231116_S01_to_S02, 1, 3081, 1700098606.22403, 166.8300146678328, -77.87269068766697
20231116_S01_to_S02, 1, 3082, 1700098606.324278, 166.8300752014611, -77.87273247352348
20231116_S01_to_S02, 1, 3083, 1700098606.4245253, 166.83013492209435, -77.87277233946895
20231116_S01_to_S02, 1, 3084, 1700098606.524783, 166.83019371162655, -77.87280995070728
20231116_S01_to_S02, 1, 3085, 1700098606.640645, 166.8302603202529, -77.87285015785763
20231116_S01_to_S02, 1, 3086, 1700098606.7408922, 166.83031665871763, -77.8728817429903
20231116_S01_to_S02, 1, 3087, 1700098606.84114, 166.83037166657084, -77.87290999993702
20231116_S01_to_S02, 1, 3088, 1700098606.941388, 166.83042513146347, -77.87293463515957
20231116_S01_to_S02, 1, 3089, 1700098607.0416412, 166.8304764955637, -77.8729555392476
20231116_S01_to_S02, 1, 3090, 1700098607.15751, 166.83053239037386, -77.87297496456566
20231116_S01_to_S02, 1, 3091, 1700098607.2577586, 166.83057701360252, -77.87298760135052
20231116_S01_to_S02, 1, 3092, 1700098607.3580074, 166.83061748916896, -77.87299630161704
20231116_S01_to_S02, 1, 3093, 1700098607.4582565, 166.8306531692928, -77.87300100059777
20231116_S01_to_S02, 1, 3094, 1700098607.558506, 166.83068340624936, -77.87300163352096
20231116_S01_to_S02, 1, 3095, 1700098607.658769, 166.8307075548761, -77.87299813487033
20231116_S01_to_S02, 1, 3096, 1700098607.7746325, 166.83072702349025, -77.87298886065939
20231116_S01_to_S02, 1, 3097, 1700098607.8748832, 166.83073584782886, -77.8729762443235
20231116_S01_to_S02, 1, 3098, 1700098607.9751327, 166.8307371338661, -77.87295962172338
20231116_S01_to_S02, 1, 3099, 1700098608.0818858, 166.83073099914938, -77.87293827506659
20231116_S01_to_S02, 1, 3100, 1700098608.1821356, 166.83071898144374, -77.87291554810567
20231116_S01_to_S02, 1, 3101, 1700098608.282401, 166.83070166599657, -77.8728909401857
20231116_S01_to_S02, 1, 3102, 1700098608.3826666, 166.8306798038894, -77.87286515931689
20231116_S01_to_S02, 1, 3103, 1700098608.4829247, 166.8306541467854, -77.87283891206127
20231116_S01_to_S02, 1, 3104, 1700098608.5988219, 166.83062073907143, -77.87280891055703
20231116_S01_to_S02, 1, 3105, 1700098608.6990685, 166.83058945038167, -77.87278405321246
20231116_S01_to_S02, 1, 3106, 1700098608.7993162, 166.8305567305307, -77.87276095022798
20231116_S01_to_S02, 1, 3107, 1700098608.8995647, 166.8305233287373, -77.8727403059139
20231116_S01_to_S02, 1, 3108, 1700098608.9998126, 166.8304899948135, -77.87272282488148
20231116_S01_to_S02, 1, 3109, 1700098609.1000717, 166.83045747421554, -77.8727092099497
20231116_S01_to_S02, 1, 3110, 1700098609.2159326, 166.83042193045094, -77.87269891861021
20231116_S01_to_S02, 1, 3111, 1700098609.3161802, 166.8303939569789, -77.87269419710597
20231116_S01_to_S02, 1, 3112, 1700098609.4164286, 166.8303695420429, -77.87269259201422
20231116_S01_to_S02, 1, 3113, 1700098609.516676, 166.83034961685473, -77.87269337662879
20231116_S01_to_S02, 1, 3114, 1700098609.6169236, 166.83033511194665, -77.87269582421268
20231116_S01_to_S02, 1, 3115, 1700098609.717172, 166.83032695815504, -77.8726992080718
20231116_S01_to_S02, 1, 3116, 1700098609.8330443, 166.83032666674157, -77.87270333333203
20231116_S01_to_S02, 1, 3117, 1700098609.9332917, 166.8303348532535, -77.87270633739907
20231116_S01_to_S02, 1, 3118, 1700098610.0335402, 166.83034921817466, -77.87270842818101
20231116_S01_to_S02, 1, 3119, 1700098610.1337862, 166.83036758127258, -77.87270932277644
20231116_S01_to_S02, 1, 3120, 1700098610.2340443, 166.83038776582626, -77.8727087382473
20231116_S01_to_S02, 1, 3121, 1700098610.3499064, 166.83041050150544, -77.87270584945738
20231116_S01_to_S02, 1, 3122, 1700098610.4501538, 166.83042719091625, -77.87270111436948
20231116_S01_to_S02, 1, 3123, 1700098610.5504012, 166.83043882086702, -77.8726940076618
20231116_S01_to_S02, 1, 3124, 1700098610.6506493, 166.83044321176928, -77.87268424640861
20231116_S01_to_S02, 1, 3125, 1700098610.750897, 166.8304381839335, -77.87267154786754
20231116_S01_to_S02, 1, 3126, 1700098610.851154, 166.83042155891889, -77.87265562834341
20231116_S01_to_S02, 1, 3127, 1700098610.967018, 166.83038701207084, -77.87263336359918
20231116_S01_to_S02, 1, 3128, 1700098611.0672677, 166.83034682253148, -77.87261185442324
20231116_S01_to_S02, 1, 3129, 1700098611.1675174, 166.8303003223599, -77.87258941187335
20231116_S01_to_S02, 1, 3130, 1700098611.2677672, 166.8302505950852, -77.87256712853392
20231116_S01_to_S02, 1, 3131, 1700098611.368026, 166.83020071981582, -77.87254609517804
20231116_S01_to_S02, 1, 3132, 1700098611.4682763, 166.83015378911549, -77.87252740819217
20231116_S01_to_S02, 1, 3133, 1700098611.5841405, 166.83010725258566, -77.87251016314677
20231116_S01_to_S02, 1, 3134, 1700098611.684392, 166.8300771488574, -77.87250024671755
20231116_S01_to_S02, 1, 3135, 1700098611.7911458, 166.83005909694856, -77.87249608145162
20231116_S01_to_S02, 1, 3136, 1700098611.8913946, 166.8300583880758, -77.87249925962962
20231116_S01_to_S02, 1, 3137, 1700098611.9916654, 166.830073223023, -77.87250901634772
20231116_S01_to_S02, 1, 3138, 1700098612.091929, 166.8301004236316, -77.87252380775139
20231116_S01_to_S02, 1, 3139, 1700098612.1921763, 166.83013669823634, -77.87254204304121
20231116_S01_to_S02, 1, 3140, 1700098612.292434, 166.8301787706239, -77.87256213897498
20231116_S01_to_S02, 1, 3141, 1700098612.4083152, 166.83023031302264, -77.87258560151207
20231116_S01_to_S02, 1, 3142, 1700098612.5085628, 166.83027369785353, -77.87260430180774
20231116_S01_to_S02, 1, 3143, 1700098612.6088095, 166.83031251054032, -77.8726198506923
20231116_S01_to_S02, 1, 3144, 1700098612.7090561, 166.8303434673904, -77.87263066102197
20231116_S01_to_S02, 1, 3145, 1700098612.8093143, 166.83036328578837, -77.8726351455556
20231116_S01_to_S02, 1, 3146, 1700098612.9251752, 166.8303685123603, -77.87263065897781
20231116_S01_to_S02, 1, 3147, 1700098613.0254228, 166.83035791645415, -77.87261886144644
20231116_S01_to_S02, 1, 3148, 1700098613.1256711, 166.83033513518058, -77.87260110603638
20231116_S01_to_S02, 1, 3149, 1700098613.2259219, 166.8303019370397, -77.87257872102555
20231116_S01_to_S02, 1, 3150, 1700098613.3261664, 166.8302600947515, -77.87255303732337
20231116_S01_to_S02, 1, 3151, 1700098613.426425, 166.8302113685003, -77.8725253783616
20231116_S01_to_S02, 1, 3152, 1700098613.5422862, 166.83014881049283, -77.87249270044563
20231116_S01_to_S02, 1, 3153, 1700098613.6425352, 166.8300912817862, -77.87246531426727
20231116_S01_to_S02, 1, 3154, 1700098613.742783, 166.83003246038416, -77.87244015042779
20231116_S01_to_S02, 1, 3155, 1700098613.8430312, 166.82997411482668, -77.87241853732354
20231116_S01_to_S02, 1, 3156, 1700098613.943278, 166.82991801525858, -77.87240180396785
20231116_S01_to_S02, 1, 3157, 1700098614.0435371, 166.82986592427292, -77.8723912779717
20231116_S01_to_S02, 1, 3158, 1700098614.1593986, 166.82981303454653, -77.87238855372601
20231116_S01_to_S02, 1, 3159, 1700098614.2596471, 166.82977524146364, -77.87239485258308
20231116_S01_to_S02, 1, 3160, 1700098614.3598945, 166.829745949234, -77.87240844234225
20231116_S01_to_S02, 1, 3161, 1700098614.460147, 166.82972617775275, -77.87242853329947
20231116_S01_to_S02, 1, 3162, 1700098614.560402, 166.8297169498859, -77.8724543346908
20231116_S01_to_S02, 1, 3163, 1700098614.676264, 166.82972075795902, -77.87249022871333
20231116_S01_to_S02, 1, 3164, 1700098614.776513, 166.82973773261813, -77.87252564612052
20231116_S01_to_S02, 1, 3165, 1700098614.876762, 166.82976846488748, -77.87256427713861
20231116_S01_to_S02, 1, 3166, 1700098614.9770117, 166.829812834184, -77.8726053883668
20231116_S01_to_S02, 1, 3167, 1700098615.0772612, 166.82986841520773, -77.87264836048485
20231116_S01_to_S02, 1, 3168, 1700098615.177522, 166.8299325113502, -77.8726925936685
20231116_S01_to_S02, 1, 3169, 1700098615.2933855, 166.83001363706458, -77.87274448258307
20231116_S01_to_S02, 1, 3170, 1700098615.3980565, 166.8300901165961, -77.87279132965921
20231116_S01_to_S02, 1, 3171, 1700098615.498306, 166.83016325703255, -77.87283551232018
20231116_S01_to_S02, 1, 3172, 1700098615.5985548, 166.83023354685548, -77.87287841014962
20231116_S01_to_S02, 1, 3173, 1700098615.698803, 166.83029828197564, -77.87291941828362
20231116_S01_to_S02, 1, 3174, 1700098615.7990537, 166.83035476013276, -77.87295793311847
20231116_S01_to_S02, 1, 3175, 1700098615.899313, 166.83040040384617, -77.87299336069412
20231116_S01_to_S02, 1, 3176, 1700098616.0151782, 166.83043859144718, -77.87302984254835
20231116_S01_to_S02, 1, 3177, 1700098616.1154294, 166.83045945721761, -77.87305711909312
20231116_S01_to_S02, 1, 3178, 1700098616.2156808, 166.83046944454992, -77.87308001952411
20231116_S01_to_S02, 1, 3179, 1700098616.3224328, 166.83046856584423, -77.87309916992535
20231116_S01_to_S02, 1, 3180, 1700098616.422681, 166.83045734727438, -77.87311183962564
20231116_S01_to_S02, 1, 3181, 1700098616.5229475, 166.83043646270696, -77.87311897747162
20231116_S01_to_S02, 1, 3182, 1700098616.6231961, 166.83040631656544, -77.87312020341786
20231116_S01_to_S02, 1, 3183, 1700098616.7234554, 166.83036729824002, -77.87311514094337
20231116_S01_to_S02, 1, 3184, 1700098616.8393536, 166.83031166158253, -77.87310095706418
20231116_S01_to_S02, 1, 3185, 1700098616.9396021, 166.83025509541878, -77.87308125156866
20231116_S01_to_S02, 1, 3186, 1700098617.0398493, 166.83019274611706, -77.87305573218661
20231116_S01_to_S02, 1, 3187, 1700098617.1400955, 166.83012717594642, -77.87302599031848
20231116_S01_to_S02, 1, 3188, 1700098617.2403414, 166.83006094817682, -77.87299361835558
20231116_S01_to_S02, 1, 3189, 1700098617.3405998, 166.82999661858892, -77.87296020461989
20231116_S01_to_S02, 1, 3190, 1700098617.4564607, 166.82992801232308, -77.8729223853847
20231116_S01_to_S02, 1, 3191, 1700098617.5567079, 166.82987652012181, -77.87289215594994
20231116_S01_to_S02, 1, 3192, 1700098617.6569555, 166.82983502457873, -77.87286591468835
20231116_S01_to_S02, 1, 3193, 1700098617.7572029, 166.8298060898034, -77.87284525439016
20231116_S01_to_S02, 1, 3194, 1700098617.8574507, 166.82979227513505, -77.87283176532041
20231116_S01_to_S02, 1, 3195, 1700098617.9577098, 166.82979440529334, -77.87282614542697
20231116_S01_to_S02, 1, 3196, 1700098618.07357, 166.8298120132759, -77.87282739048297
20231116_S01_to_S02, 1, 3197, 1700098618.1738174, 166.8298355365506, -77.8728329996619
20231116_S01_to_S02, 1, 3198, 1700098618.2740645, 166.82986228067645, -77.87284080549189
20231116_S01_to_S02, 1, 3199, 1700098618.3743126, 166.82988799810565, -77.87284889933815
20231116_S01_to_S02, 1, 3200, 1700098618.4745715, 166.82990844240203, -77.87285537290089
20231116_S01_to_S02, 1, 3201, 1700098618.5904348, 166.82991992958662, -77.87285833306686
20231116_S01_to_S02, 1, 3202, 1700098618.6906812, 166.82991454959262, -77.8728548186095
20231116_S01_to_S02, 1, 3203, 1700098618.7909284, 166.82989048918455, -77.87284365966764
20231116_S01_to_S02, 1, 3204, 1700098618.891177, 166.8298434996671, -77.87282294715452
20231116_S01_to_S02, 1, 3205, 1700098618.9914236, 166.82976933493197, -77.87279077310552
20231116_S01_to_S02, 1, 3206, 1700098619.0916843, 166.82966372933436, -77.87274522111602
20231116_S01_to_S02, 1, 3207, 1700098619.207546, 166.8294992126196, -77.87267442559627
20231116_S01_to_S02, 1, 3208, 1700098619.3077939, 166.82932800853706, -77.87260099952442
20231116_S01_to_S02, 1, 3209, 1700098619.4080427, 166.82914114359653, -77.87252126231635
20231116_S01_to_S02, 1, 3210, 1700098619.5082939, 166.82894919312966, -77.87243995403065
20231116_S01_to_S02, 1, 3211, 1700098619.6085446, 166.82876274140028, -77.87236181852218
20231116_S01_to_S02, 1, 3212, 1700098619.7087932, 166.8285923698547, -77.87229159837923
20231116_S01_to_S02, 1, 3213, 1700098619.8246677, 166.82842933712476, -77.87222650729737
20231116_S01_to_S02, 1, 3214, 1700098619.9249177, 166.82832867505638, -77.87218905379513
20231116_S01_to_S02, 1, 3215, 1700098620.0316718, 166.82826313878465, -77.87216855475616
20231116_S01_to_S02, 1, 3216, 1700098620.1319208, 166.82823482962053, -77.87216478496559
20231116_S01_to_S02, 1, 3217, 1700098620.2321863, 166.82823294208453, -77.87217334211277
20231116_S01_to_S02, 1, 3218, 1700098620.3324518, 166.8282518334171, -77.87219161416787
20231116_S01_to_S02, 1, 3219, 1700098620.432701, 166.82828584731675, -77.87221698279235
20231116_S01_to_S02, 1, 3220, 1700098620.5485938, 166.82833661341033, -77.87225173168281
20231116_S01_to_S02, 1, 3221, 1700098620.6488416, 166.82838402166686, -77.87228351661199
20231116_S01_to_S02, 1, 3222, 1700098620.7490888, 166.8284287312478, -77.8723141549349
20231116_S01_to_S02, 1, 3223, 1700098620.8493364, 166.8284650976028, -77.87234103540384
20231116_S01_to_S02, 1, 3224, 1700098620.949585, 166.82848925080162, -77.8723623377008
20231116_S01_to_S02, 1, 3225, 1700098621.0498426, 166.8285024389, -77.87237852353358
20231116_S01_to_S02, 1, 3226, 1700098621.1657047, 166.82850685484067, -77.87239199220471
20231116_S01_to_S02, 1, 3227, 1700098621.265952, 166.8285037641764, -77.87240010090353
20231116_S01_to_S02, 1, 3228, 1700098621.3661993, 166.8284965380904, -77.87240583533679
20231116_S01_to_S02, 1, 3229, 1700098621.4664474, 166.82848734075165, -77.87241006484206
20231116_S01_to_S02, 1, 3230, 1700098621.5666945, 166.8284783366121, -77.87241365862467
20231116_S01_to_S02, 1, 3231, 1700098621.6669524, 166.82847168934188, -77.87241748646267
20231116_S01_to_S02, 1, 3232, 1700098621.7828255, 166.82846978112187, -77.87242334105792
20231116_S01_to_S02, 1, 3233, 1700098621.8830633, 166.8284754962785, -77.87243059664905
20231116_S01_to_S02, 1, 3234, 1700098621.9833121, 166.82848833253001, -77.87244002934428
20231116_S01_to_S02, 1, 3235, 1700098622.083559, 166.82850656778788, -77.87245100244306
20231116_S01_to_S02, 1, 3236, 1700098622.1838055, 166.82852839806014, -77.87246284824829
20231116_S01_to_S02, 1, 3237, 1700098622.2840633, 166.8285520221145, -77.87247490038028
20231116_S01_to_S02, 1, 3238, 1700098622.3999255, 166.8285791899916, -77.87248820844216
20231116_S01_to_S02, 1, 3239, 1700098622.5001755, 166.82860053622426, -77.87249842969126
20231116_S01_to_S02, 1, 3240, 1700098622.6004221, 166.82861797932978, -77.87250674803528
20231116_S01_to_S02, 1, 3241, 1700098622.700672, 166.82862971626918, -77.87251249617437
20231116_S01_to_S02, 1, 3242, 1700098622.800931, 166.82863394220328, -77.87251500602298
20231116_S01_to_S02, 1, 3243, 1700098622.9167929, 166.8286273754587, -77.87251309863942
20231116_S01_to_S02, 1, 3244, 1700098623.0170455, 166.828612015067, -77.87250738403169
20231116_S01_to_S02, 1, 3245, 1700098623.117292, 166.82858896296267, -77.87249839081576
20231116_S01_to_S02, 1, 3246, 1700098623.2175415, 166.82855945549392, -77.87248659131586
20231116_S01_to_S02, 1, 3247, 1700098623.3177898, 166.8285247318488, -77.87247245895551
20231116_S01_to_S02, 1, 3248, 1700098623.418049, 166.82848602541037, -77.87245646477285
20231116_S01_to_S02, 1, 3249, 1700098623.5339136, 166.82843796057566, -77.872436283766
20231116_S01_to_S02, 1, 3250, 1700098623.634165, 166.82839489212276, -77.8724178899903
20231116_S01_to_S02, 1, 3251, 1700098623.740917, 166.82834898235978, -77.87239791100212
20231116_S01_to_S02, 1, 3252, 1700098623.841166, 166.82830712945076, -77.87237927934733
20231116_S01_to_S02, 1, 3253, 1700098623.941414, 166.82826776244224, -77.87236125730023
20231116_S01_to_S02, 1, 3254, 1700098624.0416799, 166.8282321131514, -77.87234431481731
20231116_S01_to_S02, 1, 3255, 1700098624.141946, 166.82820141222012, -77.87232892153703
20231116_S01_to_S02, 1, 3256, 1700098624.2422044, 166.82817570010837, -77.87231501534808
20231116_S01_to_S02, 1, 3257, 1700098624.3581493, 166.8281495758019, -77.87229951554325
20231116_S01_to_S02, 1, 3258, 1700098624.4584076, 166.8281276426891, -77.87228542298924
20231116_S01_to_S02, 1, 3259, 1700098624.558655, 166.82810403484618, -77.87226958599487
20231116_S01_to_S02, 1, 3260, 1700098624.6588936, 166.82807657999706, -77.87225095347634
20231116_S01_to_S02, 1, 3261, 1700098624.7591429, 166.82804310022237, -77.87222847036722
20231116_S01_to_S02, 1, 3262, 1700098624.8594024, 166.82800142573163, -77.87220108685476
20231116_S01_to_S02, 1, 3263, 1700098624.9752727, 166.82794198515614, -77.87216300345281
20231116_S01_to_S02, 1, 3264, 1700098625.0755205, 166.82788296222725, -77.87212601335025
20231116_S01_to_S02, 1, 3265, 1700098625.1757696, 166.82781926048358, -77.8720869050574
20231116_S01_to_S02, 1, 3266, 1700098625.2760155, 166.8277531350839, -77.87204723120433
20231116_S01_to_S02, 1, 3267, 1700098625.3762517, 166.82768684274546, -77.87200854512673
20231116_S01_to_S02, 1, 3268, 1700098625.4765103, 166.82762261471217, -77.87197238566642
20231116_S01_to_S02, 1, 3269, 1700098625.5923822, 166.82755392691544, -77.87193578649946
20231116_S01_to_S02, 1, 3270, 1700098625.6926315, 166.82750184923412, -77.8719103719123
20231116_S01_to_S02, 1, 3271, 1700098625.7928712, 166.827458962509, -77.87189238844803
20231116_S01_to_S02, 1, 3272, 1700098625.893128, 166.82742741139182, -77.87188331698393
20231116_S01_to_S02, 1, 3273, 1700098625.9933765, 166.82740711595272, -77.87188312189002
20231116_S01_to_S02, 1, 3274, 1700098626.109248, 166.82739461343508, -77.8718919019464
20231116_S01_to_S02, 1, 3275, 1700098626.2094958, 166.8273905193353, -77.87190544258132
20231116_S01_to_S02, 1, 3276, 1700098626.309744, 166.8273901052261, -77.87192278466273
20231116_S01_to_S02, 1, 3277, 1700098626.409991, 166.8273909407008, -77.87194229926548
20231116_S01_to_S02, 1, 3278, 1700098626.510239, 166.8273905953821, -77.87196235801872
20231116_S01_to_S02, 1, 3279, 1700098626.6104867, 166.82738663886636, -77.87198133209267
20231116_S01_to_S02, 1, 3280, 1700098626.7263608, 166.8273743806874, -77.87199977755932
20231116_S01_to_S02, 1, 3281, 1700098626.8266132, 166.82735436991615, -77.87201087301239
20231116_S01_to_S02, 1, 3282, 1700098626.9268613, 166.82732330547793, -77.87201586868564
20231116_S01_to_S02, 1, 3283, 1700098627.027112, 166.82728172734775, -77.87201477967682
20231116_S01_to_S02, 1, 3284, 1700098627.1273599, 166.82723200212249, -77.87200862828863
20231116_S01_to_S02, 1, 3285, 1700098627.2432323, 166.82716751637798, -77.87199657432214
20231116_S01_to_S02, 1, 3286, 1700098627.3434975, 166.82710836859002, -77.87198304566022
20231116_S01_to_S02, 1, 3287, 1700098627.4437635, 166.82704863701838, -77.87196773719626
20231116_S01_to_S02, 1, 3288, 1700098627.550534, 166.82698708285892, -77.87195064808587
20231116_S01_to_S02, 1, 3289, 1700098627.650816, 166.82693372756148, -77.87193495595201
20231116_S01_to_S02, 1, 3290, 1700098627.7510962, 166.82688714259788, -77.87192067509102
20231116_S01_to_S02, 1, 3291, 1700098627.851381, 166.8268497241533, -77.87190884583832
20231116_S01_to_S02, 1, 3292, 1700098627.951647, 166.82682311293357, -77.87190025272143
20231116_S01_to_S02, 1, 3293, 1700098628.0675416, 166.82680503859208, -77.87189438907251
20231116_S01_to_S02, 1, 3294, 1700098628.167801, 166.82679928427737, -77.87189272706682
20231116_S01_to_S02, 1, 3295, 1700098628.268047, 166.82680168345328, -77.87189412720413
20231116_S01_to_S02, 1, 3296, 1700098628.3682952, 166.82681127289126, -77.87189849286013
20231116_S01_to_S02, 1, 3297, 1700098628.4685452, 166.8268270907739, -77.87190572788262
20231116_S01_to_S02, 1, 3298, 1700098628.5687823, 166.82684817172412, -77.87191573443312
20231116_S01_to_S02, 1, 3299, 1700098628.6846654, 166.82687784351324, -77.8719306317869
20231116_S01_to_S02, 1, 3300, 1700098628.7849123, 166.82690700591706, -77.87194628965193
20231116_S01_to_S02, 1, 3301, 1700098628.8851514, 166.82693839506126, -77.87196441485638
20231116_S01_to_S02, 1, 3302, 1700098628.9854097, 166.8269710575343, -77.8719849164086
20231116_S01_to_S02, 1, 3303, 1700098629.085657, 166.8270040213111, -77.87200769203359
20231116_S01_to_S02, 1, 3304, 1700098629.201519, 166.82704106185133, -77.87203647449954
20231116_S01_to_S02, 1, 3305, 1700098629.3017766, 166.8270699882626, -77.87206181541305
20231116_S01_to_S02, 1, 3306, 1700098629.4020243, 166.82709357893793, -77.87208544389007
20231116_S01_to_S02, 1, 3307, 1700098629.5022721, 166.8271095215868, -77.87210535052527
20231116_S01_to_S02, 1, 3308, 1700098629.602521, 166.82711550073543, -77.87211952335036
20231116_S01_to_S02, 1, 3309, 1700098629.7027688, 166.82710920083917, -77.87212595006929
20231116_S01_to_S02, 1, 3310, 1700098629.8186412, 166.82708358556957, -77.87212109044525
20231116_S01_to_S02, 1, 3311, 1700098629.918889, 166.82704321725913, -77.8721041812837
20231116_S01_to_S02, 1, 3312, 1700098630.0191362, 166.82698720531656, -77.87207610328907
20231116_S01_to_S02, 1, 3313, 1700098630.1193748, 166.82691914785912, -77.87203923354555
20231116_S01_to_S02, 1, 3314, 1700098630.2196205, 166.8268426665774, -77.87199596988341
20231116_S01_to_S02, 1, 3315, 1700098630.3198698, 166.8267613953145, -77.87194871648147
20231116_S01_to_S02, 1, 3316, 1700098630.4357529, 166.8266662463273, -77.87189227525346
20231116_S01_to_S02, 1, 3317, 1700098630.5360036, 166.82658701120164, -77.87184460049862
20231116_S01_to_S02, 1, 3318, 1700098630.636253, 166.82651445437529, -77.87180052440802
20231116_S01_to_S02, 1, 3319, 1700098630.7365022, 166.82645220787634, -77.8717624504017
20231116_S01_to_S02, 1, 3320, 1700098630.83675, 166.82640390449592, -77.87173278235437
20231116_S01_to_S02, 1, 3321, 1700098630.9526258, 166.82636922558333, -77.87171148258584
20231116_S01_to_S02, 1, 3322, 1700098631.0528922, 166.8263560863041, -77.87170344168258
20231116_S01_to_S02, 1, 3323, 1700098631.1531496, 166.82635560397955, -77.87170317907113
20231116_S01_to_S02, 1, 3324, 1700098631.259914, 166.82636580325587, -77.87170945966909
20231116_S01_to_S02, 1, 3325, 1700098631.3601882, 166.8263824383389, -77.8717196507736
20231116_S01_to_S02, 1, 3326, 1700098631.460465, 166.82640299593822, -77.87173218876026
20231116_S01_to_S02, 1, 3327, 1700098631.5607479, 166.82642462572542, -77.8717453011713
20231116_S01_to_S02, 1, 3328, 1700098631.6610043, 166.82644446992668, -77.87175721107832
20231116_S01_to_S02, 1, 3329, 1700098631.7768946, 166.8264614553966, -77.87176716134437
20231116_S01_to_S02, 1, 3330, 1700098631.8771532, 166.82646779988582, -77.87177047935823
20231116_S01_to_S02, 1, 3331, 1700098631.977393, 166.82646520748196, -77.87176823942434
20231116_S01_to_S02, 1, 3332, 1700098632.0776408, 166.8264552991418, -77.87176167206692
20231116_S01_to_S02, 1, 3333, 1700098632.177897, 166.82643991396262, -77.87175215470175
20231116_S01_to_S02, 1, 3334, 1700098632.278145, 166.8264208952755, -77.87174106730498
20231116_S01_to_S02, 1, 3335, 1700098632.3940175, 166.8263967965412, -77.87172810141045
20231116_S01_to_S02, 1, 3336, 1700098632.494267, 166.8263762036721, -77.87171831648088
20231116_S01_to_S02, 1, 3337, 1700098632.5945048, 166.82635778727962, -77.87171131137211
20231116_S01_to_S02, 1, 3338, 1700098632.6947534, 166.8263433837866, -77.87170846271255
20231116_S01_to_S02, 1, 3339, 1700098632.7950153, 166.82633483537643, -77.87171115056596
20231116_S01_to_S02, 1, 3340, 1700098632.9108775, 166.8263345342617, -77.87172284721723
20231116_S01_to_S02, 1, 3341, 1700098633.0111272, 166.82634290526275, -77.87174046035496
20231116_S01_to_S02, 1, 3342, 1700098633.1113758, 166.826358350213, -77.87176399829438
20231116_S01_to_S02, 1, 3343, 1700098633.211626, 166.82637993783447, -77.87179244818506
20231116_S01_to_S02, 1, 3344, 1700098633.3118834, 166.82640673821817, -77.8718247985245
20231116_S01_to_S02, 1, 3345, 1700098633.4273684, 166.8264428544703, -77.87186557406169
20231116_S01_to_S02, 1, 3346, 1700098633.5323317, 166.82647940780726, -77.87190465172829
20231116_S01_to_S02, 1, 3347, 1700098633.6325839, 166.82651661777496, -77.87194266265168
20231116_S01_to_S02, 1, 3348, 1700098633.7328317, 166.82655512419012, -77.87198031390375
20231116_S01_to_S02, 1, 3349, 1700098633.8330696, 166.8265939930172, -77.87201659007538
20231116_S01_to_S02, 1, 3350, 1700098633.9333174, 166.8266323003822, -77.87205048499102
20231116_S01_to_S02, 1, 3351, 1700098634.033576, 166.82666911451386, -77.8720809844794
20231116_S01_to_S02, 1, 3352, 1700098634.1494377, 166.82670856646803, -77.87211067311321
20231116_S01_to_S02, 1, 3353, 1700098634.2496977, 166.82673859089584, -77.87213074573336
20231116_S01_to_S02, 1, 3354, 1700098634.3499463, 166.8267627873208, -77.87214545042214
20231116_S01_to_S02, 1, 3355, 1700098634.4501936, 166.8267791704091, -77.87215471524145
20231116_S01_to_S02, 1, 3356, 1700098634.550441, 166.8267857516808, -77.87215846594569
20231116_S01_to_S02, 1, 3357, 1700098634.6663146, 166.82677853938222, -77.87215583332659
20231116_S01_to_S02, 1, 3358, 1700098634.7665527, 166.82675722624205, -77.87214744404912
20231116_S01_to_S02, 1, 3359, 1700098634.8668134, 166.82671986079228, -77.87213331235682
20231116_S01_to_S02, 1, 3360, 1700098634.9670537, 166.8266668405317, -77.87211404409464
20231116_S01_to_S02, 1, 3361, 1700098635.0673022, 166.82660237380685, -77.8720913266908
20231116_S01_to_S02, 1, 3362, 1700098635.1675618, 166.82653103412406, -77.87206695246273
20231116_S01_to_S02, 1, 3363, 1700098635.2834368, 166.82644603008418, -77.87203907200076
20231116_S01_to_S02, 1, 3364, 1700098635.3837018, 166.82637546056813, -77.87201723292854
20231116_S01_to_S02, 1, 3365, 1700098635.4904895, 166.8263087511585, -77.8719984235646
20231116_S01_to_S02, 1, 3366, 1700098635.5907729, 166.82625887492705, -77.87198683324186
20231116_S01_to_S02, 1, 3367, 1700098635.6910553, 166.8262260493405, -77.87198295981473
20231116_S01_to_S02, 1, 3368, 1700098635.7913282, 166.82621485609621, -77.87198859751238
20231116_S01_to_S02, 1, 3369, 1700098635.8915768, 166.8262296009914, -77.87200542404224
20231116_S01_to_S02, 1, 3370, 1700098635.991834, 166.8262693586777, -77.87203292704233
20231116_S01_to_S02, 1, 3371, 1700098636.1077414, 166.82633896232466, -77.87207469962989
20231116_S01_to_S02, 1, 3372, 1700098636.2079864, 166.82641289626534, -77.87211649558571
20231116_S01_to_S02, 1, 3373, 1700098636.3082323, 166.8264933493484, -77.87216080416317
20231116_S01_to_S02, 1, 3374, 1700098636.4084797, 166.82657440780065, -77.87220501627546
20231116_S01_to_S02, 1, 3375, 1700098636.508719, 166.82665015025, -77.8722465186867
20231116_S01_to_S02, 1, 3376, 1700098636.6089766, 166.82671468066286, -77.87228271218653
20231116_S01_to_S02, 1, 3377, 1700098636.72485, 166.82676752340666, -77.87231449893946
20231116_S01_to_S02, 1, 3378, 1700098636.8250973, 166.82678772695027, -77.87233035087871
20231116_S01_to_S02, 1, 3379, 1700098636.9253469, 166.82677908020534, -77.8723330933124
20231116_S01_to_S02, 1, 3380, 1700098637.025596, 166.82674339467968, -77.87232339596028
20231116_S01_to_S02, 1, 3381, 1700098637.1258447, 166.8266851269461, -77.87230305146853
20231116_S01_to_S02, 1, 3382, 1700098637.2417178, 166.82659549133336, -77.87226862363168
20231116_S01_to_S02, 1, 3383, 1700098637.3419657, 166.8265037222215, -77.87223143304914
20231116_S01_to_S02, 1, 3384, 1700098637.4422033, 166.82640346573905, -77.87218926562434
20231116_S01_to_S02, 1, 3385, 1700098637.5424614, 166.82629915304037, -77.87214390309222
20231116_S01_to_S02, 1, 3386, 1700098637.6427088, 166.8261952789838, -77.87209715444821
20231116_S01_to_S02, 1, 3387, 1700098637.7585816, 166.82608159615233, -77.87204373920923
20231116_S01_to_S02, 1, 3388, 1700098637.85883, 166.82599382109177, -77.87200009780878
20231116_S01_to_S02, 1, 3389, 1700098637.9590795, 166.82591917068441, -77.87196034135916
20231116_S01_to_S02, 1, 3390, 1700098638.0593176, 166.82585724593199, -77.87192490168393
20231116_S01_to_S02, 1, 3391, 1700098638.1595738, 166.82580708084652, -77.87189404388235
20231116_S01_to_S02, 1, 3392, 1700098638.259822, 166.8257677413537, -77.87186805182512
20231116_S01_to_S02, 1, 3393, 1700098638.3756957, 166.82573450880065, -77.87184442809392
20231116_S01_to_S02, 1, 3394, 1700098638.4759443, 166.8257152699812, -77.87182985595604
20231116_S01_to_S02, 1, 3395, 1700098638.5761926, 166.82570385762912, -77.87182101513359
20231116_S01_to_S02, 1, 3396, 1700098638.6764424, 166.82569932273347, -77.87181818069278
20231116_S01_to_S02, 1, 3397, 1700098638.7766824, 166.82570071614077, -77.87182162726545
20231116_S01_to_S02, 1, 3398, 1700098638.876941, 166.82570708997653, -77.87183163179381
20231116_S01_to_S02, 1, 3399, 1700098638.9928164, 166.82571941756143, -77.87185172502815
20231116_S01_to_S02, 1, 3400, 1700098639.0930853, 166.8257333013009, -77.87187680587613
20231116_S01_to_S02, 1, 3401, 1700098639.1998582, 166.82575039155634, -77.87191154365055
20231116_S01_to_S02, 1, 3402, 1700098639.300138, 166.8257687065097, -77.87195092362894
20231116_S01_to_S02, 1, 3403, 1700098639.4004152, 166.82578972619277, -77.87199567362813
20231116_S01_to_S02, 1, 3404, 1700098639.5006962, 166.82581395582275, -77.87204464748864
20231116_S01_to_S02, 1, 3405, 1700098639.6009595, 166.82584189321986, -77.8720966850741
20231116_S01_to_S02, 1, 3406, 1700098639.7012234, 166.82587404608532, -77.87215064635987
20231116_S01_to_S02, 1, 3407, 1700098639.8171227, 166.82591712572804, -77.87221391371814
20231116_S01_to_S02, 1, 3408, 1700098639.9173608, 166.8259598884276, -77.87226813590041
20231116_S01_to_S02, 1, 3409, 1700098640.0176167, 166.82600662079972, -77.87232102840927
20231116_S01_to_S02, 1, 3410, 1700098640.1178672, 166.8260554253583, -77.87237189984526
20231116_S01_to_S02, 1, 3411, 1700098640.2181127, 166.82610440973443, -77.87242007299544
20231116_S01_to_S02, 1, 3412, 1700098640.3339841, 166.82615877665947, -77.87247150820515
20231116_S01_to_S02, 1, 3413, 1700098640.4342313, 166.8262017178209, -77.87251156491462
20231116_S01_to_S02, 1, 3414, 1700098640.53448, 166.826238870205, -77.8725467875045
20231116_S01_to_S02, 1, 3415, 1700098640.6347175, 166.8262683378856, -77.87257649443278
20231116_S01_to_S02, 1, 3416, 1700098640.7349749, 166.82628823669117, -77.87260001648892
20231116_S01_to_S02, 1, 3417, 1700098640.835212, 166.82629666668026, -77.87261666657638
20231116_S01_to_S02, 1, 3418, 1700098640.9510949, 166.8262908716555, -77.87262701811137
20231116_S01_to_S02, 1, 3419, 1700098641.0513406, 166.82627487846722, -77.8726295693983
20231116_S01_to_S02, 1, 3420, 1700098641.15159, 166.82625172122587, -77.87262771012294
20231116_S01_to_S02, 1, 3421, 1700098641.251839, 166.8262242741442, -77.87262289438397
20231116_S01_to_S02, 1, 3422, 1700098641.3520854, 166.82619541127085, -77.87261657656435
20231116_S01_to_S02, 1, 3423, 1700098641.4679484, 166.82616405296096, -77.8726093087541
20231116_S01_to_S02, 1, 3424, 1700098641.568207, 166.8261419081583, -77.87260469851743
20231116_S01_to_S02, 1, 3425, 1700098641.6684551, 166.82612741770077, -77.87260317587969
20231116_S01_to_S02, 1, 3426, 1700098641.7686932, 166.8261234521958, -77.87260619386541
20231116_S01_to_S02, 1, 3427, 1700098641.8689513, 166.8261328525441, -77.87261519102995
20231116_S01_to_S02, 1, 3428, 1700098641.9692006, 166.82615611754838, -77.87263037878448
20231116_S01_to_S02, 1, 3429, 1700098642.0850704, 166.826195874249, -77.87265327941019
20231116_S01_to_S02, 1, 3430, 1700098642.1853201, 166.8262372055883, -77.87267546941204
20231116_S01_to_S02, 1, 3431, 1700098642.285568, 166.82628107438754, -77.87269777719064
20231116_S01_to_S02, 1, 3432, 1700098642.3858063, 166.82632377535253, -77.87271821791848
20231116_S01_to_S02, 1, 3433, 1700098642.4860642, 166.82636161817229, -77.87273481359873
20231116_S01_to_S02, 1, 3434, 1700098642.586311, 166.8263908884336, -77.87274557517512
20231116_S01_to_S02, 1, 3435, 1700098642.7021863, 166.82640919360625, -77.87274814801866
20231116_S01_to_S02, 1, 3436, 1700098642.802452, 166.82640739586682, -77.87273958634479
20231116_S01_to_S02, 1, 3437, 1700098642.9027193, 166.82638563844483, -77.8727191075432
20231116_S01_to_S02, 1, 3438, 1700098643.009489, 166.8263413826, -77.87268496880752
20231116_S01_to_S02, 1, 3439, 1700098643.1097698, 166.82628388491452, -77.87264388063925
20231116_S01_to_S02, 1, 3440, 1700098643.2100513, 166.8262147729008, -77.87259656782413
20231116_S01_to_S02, 1, 3441, 1700098643.310337, 166.82613778139572, -77.87254549243315
20231116_S01_to_S02, 1, 3442, 1700098643.4106016, 166.8260566688421, -77.87249313177324
20231116_S01_to_S02, 1, 3443, 1700098643.526499, 166.82596265225212, -77.8724342208716
20231116_S01_to_S02, 1, 3444, 1700098643.6267567, 166.82588533621447, -77.8723874479565
20231116_S01_to_S02, 1, 3445, 1700098643.7270048, 166.82581567885543, -77.87234715401733
20231116_S01_to_S02, 1, 3446, 1700098643.8272526, 166.8257574068529, -77.87231579601429
20231116_S01_to_S02, 1, 3447, 1700098643.9274893, 166.8257142579992, -77.87229583690515
20231116_S01_to_S02, 1, 3448, 1700098644.0277472, 166.82568995506696, -77.87228973372237
20231116_S01_to_S02, 1, 3449, 1700098644.1436195, 166.8256901860506, -77.87230312843808
20231116_S01_to_S02, 1, 3450, 1700098644.2438672, 166.825715340014, -77.8723325841085
20231116_S01_to_S02, 1, 3451, 1700098644.3441062, 166.82575797453688, -77.87237456438349
20231116_S01_to_S02, 1, 3452, 1700098644.4443648, 166.82581205290285, -77.87242477535715
20231116_S01_to_S02, 1, 3453, 1700098644.5446022, 166.82587150282168, -77.87247888975638
20231116_S01_to_S02, 1, 3454, 1700098644.6448495, 166.82593029146648, -77.87253261682751
20231116_S01_to_S02, 1, 3455, 1700098644.7607317, 166.82598948587759, -77.87258858784845
20231116_S01_to_S02, 1, 3456, 1700098644.86098, 166.82602625603943, -77.87262681882673
20231116_S01_to_S02, 1, 3457, 1700098644.9612262, 166.82604502722685, -77.87265239818429
20231116_S01_to_S02, 1, 3458, 1700098645.0614753, 166.82604594781108, -77.87266570908082
20231116_S01_to_S02, 1, 3459, 1700098645.1617126, 166.82602985801222, -77.87266765544753
20231116_S01_to_S02, 1, 3460, 1700098645.2775846, 166.8259911613249, -77.87265693179128
20231116_S01_to_S02, 1, 3461, 1700098645.3778448, 166.82594123752594, -77.87263745184646
20231116_S01_to_S02, 1, 3462, 1700098645.4780927, 166.82587695127523, -77.8726094632981
20231116_S01_to_S02, 1, 3463, 1700098645.578333, 166.82579914189287, -77.87257387168876
20231116_S01_to_S02, 1, 3464, 1700098645.6785793, 166.82570863701423, -77.8725315766027
20231116_S01_to_S02, 1, 3465, 1700098645.7788374, 166.82560626657357, -77.87248347848154
20231116_S01_to_S02, 1, 3466, 1700098645.8947108, 166.82547436229623, -77.87242187755791
20231116_S01_to_S02, 1, 3467, 1700098645.9949586, 166.82535106032287, -77.87236493734821
20231116_S01_to_S02, 1, 3468, 1700098646.0952077, 166.82522317609872, -77.87230656311857
20231116_S01_to_S02, 1, 3469, 1700098646.1954575, 166.82509454235029, -77.87224863635616
20231116_S01_to_S02, 1, 3470, 1700098646.2957041, 166.82496899606878, -77.87219304041157
20231116_S01_to_S02, 1, 3471, 1700098646.3959541, 166.82485036141728, -77.87214165295629
20231116_S01_to_S02, 1, 3472, 1700098646.5118284, 166.82472687668837, -77.87208996814327
20231116_S01_to_S02, 1, 3473, 1700098646.6120958, 166.82463617417412, -77.87205405198266
20231116_S01_to_S02, 1, 3474, 1700098646.7188818, 166.82456057839624, -77.87202700838415
20231116_S01_to_S02, 1, 3475, 1700098646.8191493, 166.82451336338323, -77.87201412459291
20231116_S01_to_S02, 1, 3476, 1700098646.9194148, 166.82449230937468, -77.87201486849698
20231116_S01_to_S02, 1, 3477, 1700098647.0196862, 166.82449549882043, -77.87202807548549
20231116_S01_to_S02, 1, 3478, 1700098647.1199605, 166.82451904799157, -77.87205153777246
20231116_S01_to_S02, 1, 3479, 1700098647.2202225, 166.8245590594068, -77.87208303912347
20231116_S01_to_S02, 1, 3480, 1700098647.336127, 166.82462073024794, -77.87212657787815
20231116_S01_to_S02, 1, 3481, 1700098647.436376, 166.8246829937293, -77.87216788918975
20231116_S01_to_S02, 1, 3482, 1700098647.5366237, 166.8247494412632, -77.87221026363649
20231116_S01_to_S02, 1, 3483, 1700098647.6368718, 166.82481618519736, -77.87225149202241
20231116_S01_to_S02, 1, 3484, 1700098647.7371202, 166.82487933650592, -77.87228936424238
20231116_S01_to_S02, 1, 3485, 1700098647.8529813, 166.82494275426006, -77.87232605958302
20231116_S01_to_S02, 1, 3486, 1700098647.953239, 166.82498610646027, -77.87234995000155
20231116_S01_to_S02, 1, 3487, 1700098648.053486, 166.825018858199, -77.87236696864156
20231116_S01_to_S02, 1, 3488, 1700098648.1537244, 166.82504168297385, -77.8723779022346
20231116_S01_to_S02, 1, 3489, 1700098648.2539823, 166.82505525570926, -77.87238353755752
20231116_S01_to_S02, 1, 3490, 1700098648.3542295, 166.82506024109978, -77.8723846568183
20231116_S01_to_S02, 1, 3491, 1700098648.470101, 166.82505618475537, -77.87238135318887
20231116_S01_to_S02, 1, 3492, 1700098648.5703492, 166.82504494018576, -77.8723754071873
20231116_S01_to_S02, 1, 3493, 1700098648.670598, 166.82502722429032, -77.87236742187193
20231116_S01_to_S02, 1, 3494, 1700098648.7708347, 166.82500371031043, -77.87235818304285
20231116_S01_to_S02, 1, 3495, 1700098648.8709164, 166.82497511414178, -77.8723484891256
20231116_S01_to_S02, 1, 3496, 1700098648.9867883, 166.82493649455904, -77.87233770686979
20231116_S01_to_S02, 1, 3497, 1700098649.0870366, 166.82489906935683, -77.87232964955524
20231116_S01_to_S02, 1, 3498, 1700098649.1872861, 166.8248587151637, -77.87232352031448
20231116_S01_to_S02, 1, 3499, 1700098649.2875223, 166.82481683447682, -77.87231948370471
20231116_S01_to_S02, 1, 3500, 1700098649.38778, 166.8247750852963, -77.8723174666806
20231116_S01_to_S02, 1, 3501, 1700098649.4880316, 166.82473515295965, -77.87231739740973
20231116_S01_to_S02, 1, 3502, 1700098649.6039052, 166.8246934523405, -77.8723196483102
20231116_S01_to_S02, 1, 3503, 1700098649.7041533, 166.8246631264625, -77.87232352967861
20231116_S01_to_S02, 1, 3504, 1700098649.8044035, 166.82463989646004, -77.87232912872852
20231116_S01_to_S02, 1, 3505, 1700098649.9046519, 166.8246252757953, -77.87233635077386
20231116_S01_to_S02, 1, 3506, 1700098650.0048995, 166.82461857487274, -77.87234480620563
20231116_S01_to_S02, 1, 3507, 1700098650.1207736, 166.8246177037658, -77.87235532556883
20231116_S01_to_S02, 1, 3508, 1700098650.2210379, 166.82462027014654, -77.87236438373802
20231116_S01_to_S02, 1, 3509, 1700098650.3213038, 166.8246234780376, -77.87237276131407
20231116_S01_to_S02, 1, 3510, 1700098650.4280772, 166.82462499496646, -77.87238025091348
20231116_S01_to_S02, 1, 3511, 1700098650.5283585, 166.82462218945653, -77.87238529860575
20231116_S01_to_S02, 1, 3512, 1700098650.62864, 166.82461291654562, -77.87238780038494
20231116_S01_to_S02, 1, 3513, 1700098650.7289262, 166.82459485537208, -77.87238714756405
20231116_S01_to_S02, 1, 3514, 1700098650.8291895, 166.82456569421643, -77.87238273279866
20231116_S01_to_S02, 1, 3515, 1700098650.9450717, 166.8245159936976, -77.87237237115939
20231116_S01_to_S02, 1, 3516, 1700098651.0453296, 166.82446113077532, -77.87235934883387
20231116_S01_to_S02, 1, 3517, 1700098651.145575, 166.82439834405278, -77.87234333930351
20231116_S01_to_S02, 1, 3518, 1700098651.245823, 166.82433054930732, -77.87232507789004
20231116_S01_to_S02, 1, 3519, 1700098651.346072, 166.82426067092615, -77.87230530192505
20231116_S01_to_S02, 1, 3520, 1700098651.4463172, 166.82419163617797, -77.87228474965232
20231116_S01_to_S02, 1, 3521, 1700098651.5621927, 166.82411671765257, -77.87226099092848
20231116_S01_to_S02, 1, 3522, 1700098651.6624398, 166.82405944090476, -77.87224127087411
20231116_S01_to_S02, 1, 3523, 1700098651.7626772, 166.82401223618928, -77.87222310196863
20231116_S01_to_S02, 1, 3524, 1700098651.8629246, 166.82397801166493, -77.87220721668223
20231116_S01_to_S02, 1, 3525, 1700098651.9631839, 166.8239581853074, -77.87219407942939
20231116_S01_to_S02, 1, 3526, 1700098652.0790572, 166.82395049207798, -77.87218210179165
20231116_S01_to_S02, 1, 3527, 1700098652.1793036, 166.82395412448133, -77.87217422696833
20231116_S01_to_S02, 1, 3528, 1700098652.2795508, 166.82396463026947, -77.87216839479221
20231116_S01_to_S02, 1, 3529, 1700098652.3798018, 166.8239794710196, -77.87216435334355
20231116_S01_to_S02, 1, 3530, 1700098652.4800496, 166.82399610659843, -77.87216185104795
20231116_S01_to_S02, 1, 3531, 1700098652.5802982, 166.82401199841865, -77.87216063588305
20231116_S01_to_S02, 1, 3532, 1700098652.6961696, 166.82402611216486, -77.87216050490703
20231116_S01_to_S02, 1, 3533, 1700098652.7964175, 166.82403176275164, -77.87216120783033
20231116_S01_to_S02, 1, 3534, 1700098652.8966663, 166.82402876604442, -77.87216240096362
20231116_S01_to_S02, 1, 3535, 1700098652.9969144, 166.82401648539616, -77.87216379626554
20231116_S01_to_S02, 1, 3536, 1700098653.0971606, 166.8239957466991, -77.87216507791544
20231116_S01_to_S02, 1, 3537, 1700098653.2130232, 166.82396237759812, -77.87216600276335
20231116_S01_to_S02, 1, 3538, 1700098653.3132832, 166.8239263521695, -77.87216596244521
20231116_S01_to_S02, 1, 3539, 1700098653.4135313, 166.82388461165823, -77.8721648092481
20231116_S01_to_S02, 1, 3540, 1700098653.5137694, 166.82383802509932, -77.87216222694343
20231116_S01_to_S02, 1, 3541, 1700098653.614028, 166.82378744571864, -77.87215789786895
20231116_S01_to_S02, 1, 3542, 1700098653.7142656, 166.8237337624302, -77.87215150725477
20231116_S01_to_S02, 1, 3543, 1700098653.8301525, 166.8236689545505, -77.87214113356538
20231116_S01_to_S02, 1, 3544, 1700098653.9304204, 166.82361149211295, -77.87212921548868
20231116_S01_to_S02, 1, 3545, 1700098654.0371952, 166.82354990880268, -77.87211314865517
20231116_S01_to_S02, 1, 3546, 1700098654.1374624, 166.82349262699853, -77.87209455916053
20231116_S01_to_S02, 1, 3547, 1700098654.2377384, 166.82343674731604, -77.87207271520066
20231116_S01_to_S02, 1, 3548, 1700098654.3380103, 166.82338310832083, -77.8720488288224
20231116_S01_to_S02, 1, 3549, 1700098654.4382863, 166.82333253336415, -77.87202425698307
20231116_S01_to_S02, 1, 3550, 1700098654.5385516, 166.82328585713728, -77.8720003620225
20231116_S01_to_S02, 1, 3551, 1700098654.654448, 166.82323783959038, -77.87197536265609
20231116_S01_to_S02, 1, 3552, 1700098654.7547066, 166.82320237363194, -77.87195754384467
20231116_S01_to_S02, 1, 3553, 1700098654.8549547, 166.8231734114387, -77.87194468422416
20231116_S01_to_S02, 1, 3554, 1700098654.9552054, 166.82315116445477, -77.87193748418657
20231116_S01_to_S02, 1, 3555, 1700098655.055451, 166.82313444712207, -77.87193514225558
20231116_S01_to_S02, 1, 3556, 1700098655.1557, 166.8231218737089, -77.87193664497525
20231116_S01_to_S02, 1, 3557, 1700098655.2715697, 166.82311069070795, -77.87194184416389
20231116_S01_to_S02, 1, 3558, 1700098655.371819, 166.82310234383084, -77.87194818919517
20231116_S01_to_S02, 1, 3559, 1700098655.4720685, 166.82309377338848, -77.8719551817311
20231116_S01_to_S02, 1, 3560, 1700098655.5723164, 166.82308359541642, -77.87196180848912
20231116_S01_to_S02, 1, 3561, 1700098655.6725657, 166.82307042545523, -77.87196705652642
20231116_S01_to_S02, 1, 3562, 1700098655.7884285, 166.8230496633582, -77.87197007659753
20231116_S01_to_S02, 1, 3563, 1700098655.8886862, 166.8230253788107, -77.87196893659365
20231116_S01_to_S02, 1, 3564, 1700098655.9889345, 166.8229948771072, -77.87196399212492
20231116_S01_to_S02, 1, 3565, 1700098656.0891726, 166.82295892044257, -77.8719556817036
20231116_S01_to_S02, 1, 3566, 1700098656.1894298, 166.82291830345753, -77.87194447076689
20231116_S01_to_S02, 1, 3567, 1700098656.2894552, 166.82287394513003, -77.87193086296743
20231116_S01_to_S02, 1, 3568, 1700098656.4053175, 166.82281882915635, -77.87191268822006
20231116_S01_to_S02, 1, 3569, 1700098656.5055647, 166.82276881994423, -77.87189540407444
20231116_S01_to_S02, 1, 3570, 1700098656.6058128, 166.82271750417323, -77.87187716608446
20231116_S01_to_S02, 1, 3571, 1700098656.706061, 166.82266568812358, -77.87185844268238
20231116_S01_to_S02, 1, 3572, 1700098656.8063087, 166.82261417773026, -77.87183970218624
20231116_S01_to_S02, 1, 3573, 1700098656.9065568, 166.82256373925847, -77.87182139030526
20231116_S01_to_S02, 1, 3574, 1700098657.0224302, 166.8225071362773, -77.87180097478003
20231116_S01_to_S02, 1, 3575, 1700098657.12268, 166.8224596051323, -77.87178395351779
20231116_S01_to_S02, 1, 3576, 1700098657.222929, 166.82241337846227, -77.87176751733168
20231116_S01_to_S02, 1, 3577, 1700098657.3231778, 166.82236842595375, -77.871751656408
20231116_S01_to_S02, 1, 3578, 1700098657.4234262, 166.82232471762546, -77.8717363610513
20231116_S01_to_S02, 1, 3579, 1700098657.5236871, 166.82228221790507, -77.87172161963456
20231116_S01_to_S02, 1, 3580, 1700098657.6395504, 166.82223457739462, -77.87170526384539
20231116_S01_to_S02, 1, 3581, 1700098657.739801, 166.82219459681255, -77.87169168904109
20231116_S01_to_S02, 1, 3582, 1700098657.846554, 166.822153252478, -77.8716778107738
20231116_S01_to_S02, 1, 3583, 1700098657.9468026, 166.82211555017128, -77.87166530974389
20231116_S01_to_S02, 1, 3584, 1700098658.0470676, 166.82207889881786, -77.87165331176956
20231116_S01_to_S02, 1, 3585, 1700098658.1473336, 166.8220432742697, -77.87164180910526
20231116_S01_to_S02, 1, 3586, 1700098658.2475908, 166.82200864979364, -77.87163079308361
20231116_S01_to_S02, 1, 3587, 1700098658.363491, 166.82196982576903, -77.8716186506514
20231116_S01_to_S02, 1, 3588, 1700098658.4637384, 166.82193725140877, -77.87160864946796
20231116_S01_to_S02, 1, 3589, 1700098658.5639875, 166.82190557830808, -77.87159910294393
20231116_S01_to_S02, 1, 3590, 1700098658.6642356, 166.82187477723082, -77.871590001607
20231116_S01_to_S02, 1, 3591, 1700098658.7644825, 166.8218448181487, -77.87158133573782
20231116_S01_to_S02, 1, 3592, 1700098658.8647385, 166.82181566801873, -77.8715730947732
20231116_S01_to_S02, 1, 3593, 1700098658.9806008, 166.82178295186472, -77.87156408849346
20231116_S01_to_S02, 1, 3594, 1700098659.0808485, 166.8217554514269, -77.87155673271546
20231116_S01_to_S02, 1, 3595, 1700098659.1810951, 166.8217286678948, -77.87154977194217
20231116_S01_to_S02, 1, 3596, 1700098659.2813427, 166.82170257068526, -77.87154319631449
20231116_S01_to_S02, 1, 3597, 1700098659.3815892, 166.8216771302815, -77.8715369962453
20231116_S01_to_S02, 1, 3598, 1700098659.481849, 166.82165231303193, -77.87153116117462
20231116_S01_to_S02, 1, 3599, 1700098659.59771, 166.82162437504502, -77.8715248610477
20231116_S01_to_S02, 1, 3600, 1700098659.6979616, 166.82160080802996, -77.87151978190701
20231116_S01_to_S02, 1, 3601, 1700098659.798209, 166.82157777355667, -77.87151503805308
20231116_S01_to_S02, 1, 3602, 1700098659.8984559, 166.82155524063703, -77.87151061955473
20231116_S01_to_S02, 1, 3603, 1700098659.9987135, 166.82153317675014, -77.87150651623949
20231116_S01_to_S02, 1, 3604, 1700098660.1145751, 166.8215082266932, -77.8715021547332
20231116_S01_to_S02, 1, 3605, 1700098660.2148242, 166.82148707860333, -77.87149869908657
20231116_S01_to_S02, 1, 3606, 1700098660.3150728, 166.8214663070899, -77.87149552837643
20231116_S01_to_S02, 1, 3607, 1700098660.4153209, 166.82144588207322, -77.87149263287169
20231116_S01_to_S02, 1, 3608, 1700098660.5155673, 166.82142577371152, -77.87149000287135
20231116_S01_to_S02, 1, 3609, 1700098660.6158273, 166.82140594892047, -77.87148762829365
20231116_S01_to_S02, 1, 3610, 1700098660.73169, 166.8213833561749, -77.87148519003844
20231116_S01_to_S02, 1, 3611, 1700098660.8319385, 166.82136404844437, -77.8714833339663
20231116_S01_to_S02, 1, 3612, 1700098660.9321873, 166.82134493200914, -77.87148170293187
20231116_S01_to_S02, 1, 3613, 1700098661.0324357, 166.82132597693032, -77.871480287219
20231116_S01_to_S02, 1, 3614, 1700098661.1326828, 166.82130715326534, -77.87147907710563
20231116_S01_to_S02, 1, 3615, 1700098661.2329419, 166.8212884284931, -77.87147806273776
20231116_S01_to_S02, 1, 3616, 1700098661.3488088, 166.82126687530393, -77.87147712172974
20231116_S01_to_S02, 1, 3617, 1700098661.4490585, 166.82124826795314, -77.87147649661685
20231116_S01_to_S02, 1, 3618, 1700098661.5558128, 166.8212284594023, -77.87147601230247
20231116_S01_to_S02, 1, 3619, 1700098661.656062, 166.82120983193005, -77.87147571754656
20231116_S01_to_S02, 1, 3620, 1700098661.7563307, 166.8211911448651, -77.87147556785362
20231116_S01_to_S02, 1, 3621, 1700098661.8565972, 166.82117237223574, -77.87147555356273
20231116_S01_to_S02, 1, 3622, 1700098661.9568584, 166.82115348449932, -77.8714756649274
20231116_S01_to_S02, 1, 3623, 1700098662.0727575, 166.82113146671975, -77.87147593748251
20231116_S01_to_S02, 1, 3624, 1700098662.173003, 166.82111222938434, -77.87147628658076
20231116_S01_to_S02, 1, 3625, 1700098662.27325, 166.8210927807571, -77.8714767306004
20231116_S01_to_S02, 1, 3626, 1700098662.3734982, 166.82107309089503, -77.87147725981538
20231116_S01_to_S02, 1, 3627, 1700098662.4737456, 166.82105313005124, -77.87147786449037
20231116_S01_to_S02, 1, 3628, 1700098662.5740032, 166.82103286592417, -77.87147853497385
20231116_S01_to_S02, 1, 3629, 1700098662.689866, 166.82100903300648, -77.87147937896879
20231116_S01_to_S02, 1, 3630, 1700098662.7901134, 166.82098801932582, -77.87148015801242
20231116_S01_to_S02, 1, 3631, 1700098662.890362, 166.82096660928522, -77.87148097210667
20231116_S01_to_S02, 1, 3632, 1700098662.9906087, 166.82094477347732, -77.87148181149928
20231116_S01_to_S02, 1, 3633, 1700098663.0908563, 166.82092248121154, -77.8714826664872
20231116_S01_to_S02, 1, 3634, 1700098663.1911159, 166.8208996998809, -77.8714835274381
20231116_S01_to_S02, 1, 3635, 1700098663.3069773, 166.8208727281444, -77.87148451691925
20231116_S01_to_S02, 1, 3636, 1700098663.4072244, 166.82084879890596, -77.87148535731006
20231116_S01_to_S02, 1, 3637, 1700098663.5074732, 166.82082428802534, -77.87148617287883
20231116_S01_to_S02, 1, 3638, 1700098663.607721, 166.82079916606335, -77.87148695387705
20231116_S01_to_S02, 1, 3639, 1700098663.7079775, 166.82077340048164, -77.87148769064672
20231116_S01_to_S02, 1, 3640, 1700098663.8238401, 166.82074278569917, -77.87148847417922
20231116_S01_to_S02, 1, 3641, 1700098663.9240901, 166.82071553672685, -77.87148908233064
20231116_S01_to_S02, 1, 3642, 1700098664.0243385, 166.8206875519002, -77.87148961548468
20231116_S01_to_S02, 1, 3643, 1700098664.124587, 166.8206588010499, -77.87149006409201
20231116_S01_to_S02, 1, 3644, 1700098664.2248344, 166.82062942543695, -77.87149048563482
20231116_S01_to_S02, 1, 3645, 1700098664.3250935, 166.8205999931673, -77.87149110720122
20231116_S01_to_S02, 1, 3646, 1700098664.4409583, 166.8205667507344, -77.87149240668502
20231116_S01_to_S02, 1, 3647, 1700098664.5412076, 166.82053938011842, -77.87149432115466
20231116_S01_to_S02, 1, 3648, 1700098664.6414561, 166.8205139728818, -77.87149723516431
20231116_S01_to_S02, 1, 3649, 1700098664.7417054, 166.82049116761414, -77.8715014021325
20231116_S01_to_S02, 1, 3650, 1700098664.841965, 166.820471601647, -77.87150707608649
20231116_S01_to_S02, 1, 3651, 1700098664.9422147, 166.8204559850287, -77.87151454096444
20231116_S01_to_S02, 1, 3652, 1700098665.0580804, 166.8204444178513, -77.87152607551741
20231116_S01_to_S02, 1, 3653, 1700098665.1583302, 166.82044159517784, -77.87153926014345
20231116_S01_to_S02, 1, 3654, 1700098665.2650821, 166.82044756082934, -77.87155728670807
20231116_S01_to_S02, 1, 3655, 1700098665.3653343, 166.8204630564323, -77.87157860163917
20231116_S01_to_S02, 1, 3656, 1700098665.4656007, 166.82048956104896, -77.87160479061555
20231116_S01_to_S02, 1, 3657, 1700098665.5658662, 166.8205284651107, -77.87163645939792
20231116_S01_to_S02, 1, 3658, 1700098665.6661146, 166.8205811508506, -77.87167420998651
20231116_S01_to_S02, 1, 3659, 1700098665.766373, 166.8206490230139, -77.87171866059394
20231116_S01_to_S02, 1, 3660, 1700098665.8822715, 166.8207481668198, -77.8717791596287
20231116_S01_to_S02, 1, 3661, 1700098665.982519, 166.82085060620238, -77.87183873400949
20231116_S01_to_S02, 1, 3662, 1700098666.082766, 166.8209632822961, -77.8719024716681
20231116_S01_to_S02, 1, 3663, 1700098666.1830142, 166.821080808641, -77.87196774808713
20231116_S01_to_S02, 1, 3664, 1700098666.283272, 166.82119780744657, -77.87203194344974
20231116_S01_to_S02, 1, 3665, 1700098666.3991325, 166.82132528182268, -77.8721013341666
20231116_S01_to_S02, 1, 3666, 1700098666.499381, 166.82142278000546, -77.87215424914655
20231116_S01_to_S02, 1, 3667, 1700098666.5992339, 166.8215024616038, -77.8721976416459
20231116_S01_to_S02, 1, 3668, 1700098666.6994808, 166.8215595872072, -77.87222923847868
20231116_S01_to_S02, 1, 3669, 1700098666.7997282, 166.8215884166272, -77.87224622303984
20231116_S01_to_S02, 1, 3670, 1700098666.8999872, 166.8215837013249, -77.8722460398726
20231116_S01_to_S02, 1, 3671, 1700098667.0154681, 166.82153690985717, -77.87222474582629
20231116_S01_to_S02, 1, 3672, 1700098667.115717, 166.82146752955387, -77.8721916043792
20231116_S01_to_S02, 1, 3673, 1700098667.2159648, 166.82137843480587, -77.87214841807672
20231116_S01_to_S02, 1, 3674, 1700098667.316212, 166.82127630210408, -77.8720985905347
20231116_S01_to_S02, 1, 3675, 1700098667.4164612, 166.8211678046662, -77.87204552375921
20231116_S01_to_S02, 1, 3676, 1700098667.5167189, 166.82105961231844, -77.87199261810288
20231116_S01_to_S02, 1, 3677, 1700098667.6325808, 166.82094372157616, -77.87193614476226
20231116_S01_to_S02, 1, 3678, 1700098667.732831, 166.8208589256384, -77.87189517784505
20231116_S01_to_S02, 1, 3679, 1700098667.8330786, 166.82079551542506, -77.87186511850437
20231116_S01_to_S02, 1, 3680, 1700098667.933326, 166.8207588045537, -77.87184869290166
20231116_S01_to_S02, 1, 3681, 1700098668.0335867, 166.82074722946555, -77.87184520894564
20231116_S01_to_S02, 1, 3682, 1700098668.149449, 166.8207602759333, -77.87185498484016
20231116_S01_to_S02, 1, 3683, 1700098668.2496982, 166.82079019117796, -77.8718733762759
20231116_S01_to_S02, 1, 3684, 1700098668.349947, 166.8208334595216, -77.87189911960769
20231116_S01_to_S02, 1, 3685, 1700098668.4501953, 166.82088634668855, -77.8719304433513
20231116_S01_to_S02, 1, 3686, 1700098668.5504448, 166.82094511956888, -77.87196557671358
20231116_S01_to_S02, 1, 3687, 1700098668.650706, 166.82100605052406, -77.87200275233715
20231116_S01_to_S02, 1, 3688, 1700098668.76657, 166.82107424943683, -77.87204593054152
20231116_S01_to_S02, 1, 3689, 1700098668.8668227, 166.82112710917892, -77.87208147025623
20231116_S01_to_S02, 1, 3690, 1700098668.9735756, 166.82117271610403, -77.87211536653287
20231116_S01_to_S02, 1, 3691, 1700098669.0738244, 166.82120157647137, -77.87214162204742
20231116_S01_to_S02, 1, 3692, 1700098669.17409, 166.82121334435283, -77.8721607833985
20231116_S01_to_S02, 1, 3693, 1700098669.2743568, 166.82120813629376, -77.87217281683502
20231116_S01_to_S02, 1, 3694, 1700098669.3746052, 166.82118878231302, -77.87217891341744
20231116_S01_to_S02, 1, 3695, 1700098669.4748635, 166.82115816875847, -77.87218029684014
20231116_S01_to_S02, 1, 3696, 1700098669.590745, 166.8211125461208, -77.87217762326782
20231116_S01_to_S02, 1, 3697, 1700098669.690993, 166.82106749804302, -77.87217299892892
20231116_S01_to_S02, 1, 3698, 1700098669.7912421, 166.82102031237312, -77.87216751462812
20231116_S01_to_S02, 1, 3699, 1700098669.8914897, 166.82097380593922, -77.87216236017578
20231116_S01_to_S02, 1, 3700, 1700098669.9917362, 166.8209293333186, -77.87215810597846
20231116_S01_to_S02, 1, 3701, 1700098670.10761, 166.8208804743314, -77.8721543108097
20231116_S01_to_S02, 1, 3702, 1700098670.2078564, 166.82084036532314, -77.87215197607945
20231116_S01_to_S02, 1, 3703, 1700098670.3081036, 166.82080222103292, -77.8721505006955
20231116_S01_to_S02, 1, 3704, 1700098670.4083552, 166.82076600273177, -77.8721498650323
20231116_S01_to_S02, 1, 3705, 1700098670.508602, 166.82073167642156, -77.87215004950865
20231116_S01_to_S02, 1, 3706, 1700098670.6088598, 166.82069919928955, -77.87215103459107
20231116_S01_to_S02, 1, 3707, 1700098670.7247229, 166.82066392624034, -77.87215314452538
20231116_S01_to_S02, 1, 3708, 1700098670.8249707, 166.82063531921372, -77.87215578838178
20231116_S01_to_S02, 1, 3709, 1700098670.9252195, 166.82060844656726, -77.87215917077745
20231116_S01_to_S02, 1, 3710, 1700098671.0254672, 166.82058327144017, -77.87216327200161
20231116_S01_to_S02, 1, 3711, 1700098671.1257143, 166.82055975618147, -77.87216807243026
20231116_S01_to_S02, 1, 3712, 1700098671.225973, 166.82053786083046, -77.87217355310958
20231116_S01_to_S02, 1, 3713, 1700098671.3418355, 166.82051452984769, -77.87218070772003
20231116_S01_to_S02, 1, 3714, 1700098671.4420846, 166.8204960067642, -77.87218758618704
20231116_S01_to_S02, 1, 3715, 1700098671.5423312, 166.82047898831948, -77.87219508211231
20231116_S01_to_S02, 1, 3716, 1700098671.6425781, 166.8204634365915, -77.87220317603695
20231116_S01_to_S02, 1, 3717, 1700098671.7428381, 166.82044931243865, -77.87221184948018
20231116_S01_to_S02, 1, 3718, 1700098671.8587022, 166.82043472179774, -77.87222256764076
20231116_S01_to_S02, 1, 3719, 1700098671.9589505, 166.82042355343935, -77.87223242012831
20231116_S01_to_S02, 1, 3720, 1700098672.0591984, 166.8204136963711, -77.87224278896036
20231116_S01_to_S02, 1, 3721, 1700098672.1594493, 166.82040511286107, -77.87225365489029
20231116_S01_to_S02, 1, 3722, 1700098672.2596962, 166.8203977660737, -77.87226499749997
20231116_S01_to_S02, 1, 3723, 1700098672.3599572, 166.8203916174277, -77.87227679927071
20231116_S01_to_S02, 1, 3724, 1700098672.4758222, 166.82038595653495, -77.87229098203456
20231116_S01_to_S02, 1, 3725, 1700098672.576072, 166.82038226604692, -77.87230370197365
20231116_S01_to_S02, 1, 3726, 1700098672.682824, 166.82037952359602, -77.87231768129689
20231116_S01_to_S02, 1, 3727, 1700098672.783074, 166.8203780237786, -77.87233119639203
20231116_S01_to_S02, 1, 3728, 1700098672.8833392, 166.82037752753422, -77.8723450686079
20231116_S01_to_S02, 1, 3729, 1700098672.9836075, 166.82037799774946, -77.87235927671372
20231116_S01_to_S02, 1, 3730, 1700098673.083875, 166.82037939698495, -77.87237380049885
20231116_S01_to_S02, 1, 3731, 1700098673.184134, 166.82038168756245, -77.87238861920453
20231116_S01_to_S02, 1, 3732, 1700098673.3000307, 166.820385397142, -77.87240609246577
20231116_S01_to_S02, 1, 3733, 1700098673.4002771, 166.82038948165123, -77.8724214808107
20231116_S01_to_S02, 1, 3734, 1700098673.5005264, 166.82039433937373, -77.87243710367426
20231116_S01_to_S02, 1, 3735, 1700098673.6007738, 166.82039993266017, -77.8724529406811
20231116_S01_to_S02, 1, 3736, 1700098673.701021, 166.82040622415082, -77.87246897245255
20231116_S01_to_S02, 1, 3737, 1700098673.8168943, 166.820414317233, -77.87248772018371
20231116_S01_to_S02, 1, 3738, 1700098673.9171417, 166.82042198668526, -77.8725041051677
20231116_S01_to_S02, 1, 3739, 1700098674.0173898, 166.8204302362973, -77.8725206231063
20231116_S01_to_S02, 1, 3740, 1700098674.1176376, 166.82043902856532, -77.87253725420769
20231116_S01_to_S02, 1, 3741, 1700098674.217884, 166.82044832594258, -77.87255397863615
20231116_S01_to_S02, 1, 3742, 1700098674.318141, 166.82045809216797, -77.87257077875454
20231116_S01_to_S02, 1, 3743, 1700098674.4340014, 166.82046991211345, -77.87259025993805
20231116_S01_to_S02, 1, 3744, 1700098674.5342488, 166.82048055859286, -77.87260715104284
20231116_S01_to_S02, 1, 3745, 1700098674.6344967, 166.82049155481752, -77.8726240541923
20231116_S01_to_S02, 1, 3746, 1700098674.7347445, 166.82050286330792, -77.87264094967043
20231116_S01_to_S02, 1, 3747, 1700098674.834992, 166.82051444657898, -77.8726578177615
20231116_S01_to_S02, 1, 3748, 1700098674.9352505, 166.82052626858794, -77.87267464078748
20231116_S01_to_S02, 1, 3749, 1700098675.051111, 166.8205401770023, -77.87269399753639
20231116_S01_to_S02, 1, 3750, 1700098675.1513612, 166.8205523825135, -77.87271065116366
20231116_S01_to_S02, 1, 3751, 1700098675.2516077, 166.82056470684387, -77.87272719524854
20231116_S01_to_S02, 1, 3752, 1700098675.3518558, 166.8205771132342, -77.8727436110639
20231116_S01_to_S02, 1, 3753, 1700098675.452114, 166.8205895653247, -77.87275988035293
20231116_S01_to_S02, 1, 3754, 1700098675.5679765, 166.82060396172656, -77.8727784714205
20231116_S01_to_S02, 1, 3755, 1700098675.6682265, 166.82061638122602, -77.87279435309877
20231116_S01_to_S02, 1, 3756, 1700098675.7684743, 166.82062872676158, -77.87281002428624
20231116_S01_to_S02, 1, 3757, 1700098675.8687224, 166.82064096119893, -77.87282546572568
20231116_S01_to_S02, 1, 3758, 1700098675.9689746, 166.820653047564, -77.8728406583528
20231116_S01_to_S02, 1, 3759, 1700098676.0692358, 166.82066494899124, -77.87285558323622
20231116_S01_to_S02, 1, 3760, 1700098676.185099, 166.8206784216548, -77.87287246967266
20231116_S01_to_S02, 1, 3761, 1700098676.2853491, 166.82068979347565, -77.87288674606572
20231116_S01_to_S02, 1, 3762, 1700098676.392101, 166.8207015675675, -77.87290158393846
20231116_S01_to_S02, 1, 3763, 1700098676.4923513, 166.82071227025807, -77.87291515519169
20231116_S01_to_S02, 1, 3764, 1700098676.5926, 166.8207225913852, -77.87292835467086
20231116_S01_to_S02, 1, 3765, 1700098676.6928651, 166.82073249523918, -77.87294116497469
20231116_S01_to_S02, 1, 3766, 1700098676.7931337, 166.82074194299864, -77.87295356472691
20231116_S01_to_S02, 1, 3767, 1700098676.8933942, 166.8207508961469, -77.87296553286596
20231116_S01_to_S02, 1, 3768, 1700098677.0092916, 166.82076058120714, -77.87297880527542
20231116_S01_to_S02, 1, 3769, 1700098677.1095395, 166.82076834135333, -77.87298977689082
20231116_S01_to_S02, 1, 3770, 1700098677.209786, 166.8207754895618, -77.87300025590032
20231116_S01_to_S02, 1, 3771, 1700098677.3100333, 166.82078198857818, -77.8730102229215
20231116_S01_to_S02, 1, 3772, 1700098677.410282, 166.82078780096742, -77.87301965832587
20231116_S01_to_S02, 1, 3773, 1700098677.5105407, 166.82079288969996, -77.87302854323545
20231116_S01_to_S02, 1, 3774, 1700098677.6264033, 166.82079781921647, -77.87303809830065
20231116_S01_to_S02, 1, 3775, 1700098677.7266498, 166.8208012189349, -77.87304572669257
20231116_S01_to_S02, 1, 3776, 1700098677.8268976, 166.820803776457, -77.87305274186376
20231116_S01_to_S02, 1, 3777, 1700098677.9271467, 166.8208054543137, -77.87305912413758
20231116_S01_to_S02, 1, 3778, 1700098678.0273907, 166.82080621502408, -77.87306485352104
20231116_S01_to_S02, 1, 3779, 1700098678.127649, 166.82080602117142, -77.87306991138824
20231116_S01_to_S02, 1, 3780, 1700098678.2435105, 166.82080455891872, -77.87307489318408
20231116_S01_to_S02, 1, 3781, 1700098678.3437617, 166.82080217986865, -77.87307843461576
20231116_S01_to_S02, 1, 3782, 1700098678.4440088, 166.82079872824747, -77.87308124169215
20231116_S01_to_S02, 1, 3783, 1700098678.544256, 166.82079416655137, -77.87308329493578
20231116_S01_to_S02, 1, 3784, 1700098678.644515, 166.82078845660305, -77.87308457481683
20231116_S01_to_S02, 1, 3785, 1700098678.7603762, 166.8207803794333, -77.87308506452536
20231116_S01_to_S02, 1, 3786, 1700098678.8606236, 166.82077206901252, -77.87308461000347
20231116_S01_to_S02, 1, 3787, 1700098678.9608707, 166.82076249298603, -77.87308332004746
20231116_S01_to_S02, 1, 3788, 1700098679.0611193, 166.82075161374206, -77.87308117498513
20231116_S01_to_S02, 1, 3789, 1700098679.1613648, 166.82073939437674, -77.87307815529996
20231116_S01_to_S02, 1, 3790, 1700098679.2616227, 166.82072579537882, -77.87307424076454
20231116_S01_to_S02, 1, 3791, 1700098679.3774848, 166.82070831410545, -77.873068577027
20231116_S01_to_S02, 1, 3792, 1700098679.4777343, 166.82069161829946, -77.87306266792945
20231116_S01_to_S02, 1, 3793, 1700098679.577985, 166.82067342616577, -77.87305580239247
20231116_S01_to_S02, 1, 3794, 1700098679.6782331, 166.82065370099778, -77.8730479610615
20231116_S01_to_S02, 1, 3795, 1700098679.7784822, 166.82063240469938, -77.8730391240449
20231116_S01_to_S02, 1, 3796, 1700098679.8787344, 166.82060950034898, -77.87302927185243
20231116_S01_to_S02, 1, 3797, 1700098679.9946096, 166.82058119440788, -77.87301667605902
20231116_S01_to_S02, 1, 3798, 1700098680.0948598, 166.8205556060565, -77.87300490840917
20231116_S01_to_S02, 1, 3799, 1700098680.2016125, 166.82052778149853, -77.87299168654158
20231116_S01_to_S02, 1, 3800, 1700098680.3018615, 166.8205015974105, -77.87297879709806
20231116_S01_to_S02, 1, 3801, 1700098680.4021275, 166.82047582752287, -77.8729656174495
20231116_S01_to_S02, 1, 3802, 1700098680.5024066, 166.82045093477362, -77.87295231472932
20231116_S01_to_S02, 1, 3803, 1700098680.6026607, 166.8204273901097, -77.87293906073242
20231116_S01_to_S02, 1, 3804, 1700098680.7029214, 166.82040564733035, -77.87292601795974
20231116_S01_to_S02, 1, 3805, 1700098680.8188024, 166.82038336892467, -77.87291142589855
20231116_S01_to_S02, 1, 3806, 1700098680.9190502, 166.82036703469367, -77.87289939965987
20231116_S01_to_S02, 1, 3807, 1700098681.0192964, 166.82035311628232, -77.87288795941639
20231116_S01_to_S02, 1, 3808, 1700098681.119544, 166.82034072772925, -77.87287702852034
20231116_S01_to_S02, 1, 3809, 1700098681.2197948, 166.82032896994232, -77.87286652810867
20231116_S01_to_S02, 1, 3810, 1700098681.3200493, 166.82031694382331, -77.87285637942762
20231116_S01_to_S02, 1, 3811, 1700098681.4359102, 166.820301533865, -77.87284498639963
20231116_S01_to_S02, 1, 3812, 1700098681.5361588, 166.82028587310936, -77.87283532960542
20231116_S01_to_S02, 1, 3813, 1700098681.6364067, 166.82026710769298, -77.87282577657065
20231116_S01_to_S02, 1, 3814, 1700098681.736654, 166.82024433868298, -77.87281624855922
20231116_S01_to_S02, 1, 3815, 1700098681.8369133, 166.820216663444, -77.87280666566883
20231116_S01_to_S02, 1, 3816, 1700098681.952775, 166.82017804776947, -77.87279550542924
20231116_S01_to_S02, 1, 3817, 1700098682.0530236, 166.82014032885695, -77.8727860012355
20231116_S01_to_S02, 1, 3818, 1700098682.1532707, 166.82010033555534, -77.87277689900931
20231116_S01_to_S02, 1, 3819, 1700098682.253518, 166.8200597030712, -77.87276844641619
20231116_S01_to_S02, 1, 3820, 1700098682.353766, 166.82002006714274, -77.87276089126863
20231116_S01_to_S02, 1, 3821, 1700098682.4540257, 166.81998305963606, -77.87275448075151
20231116_S01_to_S02, 1, 3822, 1700098682.5698886, 166.81994571659646, -77.87274882428406
20231116_S01_to_S02, 1, 3823, 1700098682.670136, 166.81991995388574, -77.87274572669848
20231116_S01_to_S02, 1, 3824, 1700098682.770384, 166.81990198615418, -77.87274455652094
20231116_S01_to_S02, 1, 3825, 1700098682.8706312, 166.81989343333282, -77.87274555908914
20231116_S01_to_S02, 1, 3826, 1700098682.9708781, 166.81989477442286, -77.872748803466
20231116_S01_to_S02, 1, 3827, 1700098683.0711377, 166.8199046172321, -77.8727540700763
20231116_S01_to_S02, 1, 3828, 1700098683.187, 166.8199245265585, -77.87276235067213
20231116_S01_to_S02, 1, 3829, 1700098683.2872486, 166.81994735909348, -77.87277113354352
20231116_S01_to_S02, 1, 3830, 1700098683.387497, 166.8199737432679, -77.87278115754782
20231116_S01_to_S02, 1, 3831, 1700098683.4877458, 166.8200021112161, -77.87279217548642
20231116_S01_to_S02, 1, 3832, 1700098683.5880075, 166.82003089840214, -77.87280394158701
20231116_S01_to_S02, 1, 3833, 1700098683.70387, 166.82006262753436, -77.87281814458613
20231116_S01_to_S02, 1, 3834, 1700098683.8041196, 166.820086972821, -77.8728306776429
20231116_S01_to_S02, 1, 3835, 1700098683.904371, 166.82010678528601, -77.87284317717493
20231116_S01_to_S02, 1, 3836, 1700098684.0111241, 166.82012113748698, -77.87285617248085
20231116_S01_to_S02, 1, 3837, 1700098684.1113741, 166.82012662715098, -77.87286781963796
20231116_S01_to_S02, 1, 3838, 1700098684.2116408, 166.82012320444872, -77.87287875670941
20231116_S01_to_S02, 1, 3839, 1700098684.3119059, 166.82011169271624, -77.87288918018348
20231116_S01_to_S02, 1, 3840, 1700098684.412155, 166.82009348300764, -77.87289939218444
20231116_S01_to_S02, 1, 3841, 1700098684.5124135, 166.82006995870762, -77.87290969882667
20231116_S01_to_S02, 1, 3842, 1700098684.6282954, 166.82003796741583, -77.87292212603718
20231116_S01_to_S02, 1, 3843, 1700098684.728542, 166.82000771225879, -77.8729336656414
20231116_S01_to_S02, 1, 3844, 1700098684.82879, 166.81997652220016, -77.87294625661707
20231116_S01_to_S02, 1, 3845, 1700098684.929038, 166.81994578541284, -77.87296018724855
20231116_S01_to_S02, 1, 3846, 1700098685.0292962, 166.8199168928324, -77.87297565090238
20231116_S01_to_S02, 1, 3847, 1700098685.1451602, 166.8198876333847, -77.87299563072237
20231116_S01_to_S02, 1, 3848, 1700098685.2454057, 166.81986747430312, -77.87301491595638
20231116_S01_to_S02, 1, 3849, 1700098685.345655, 166.8198535666036, -77.87303621771558
20231116_S01_to_S02, 1, 3850, 1700098685.4459035, 166.81984730708888, -77.8730596885901
20231116_S01_to_S02, 1, 3851, 1700098685.5461524, 166.81985009154468, -77.87308548224863
20231116_S01_to_S02, 1, 3852, 1700098685.6464112, 166.81986331778492, -77.87311375505156
20231116_S01_to_S02, 1, 3853, 1700098685.7622716, 166.81989343735586, -77.87314971338424
20231116_S01_to_S02, 1, 3854, 1700098685.8625195, 166.8199339127093, -77.87318384203654
20231116_S01_to_S02, 1, 3855, 1700098685.9627686, 166.81998776151266, -77.87322047057907
20231116_S01_to_S02, 1, 3856, 1700098686.0630157, 166.82005120611313, -77.87325813177705
20231116_S01_to_S02, 1, 3857, 1700098686.163263, 166.82011989555102, -77.87329517988839
20231116_S01_to_S02, 1, 3858, 1700098686.2635224, 166.82018948577732, -77.87332997224485
20231116_S01_to_S02, 1, 3859, 1700098686.3793843, 166.82026531396875, -77.8733652058971
20231116_S01_to_S02, 1, 3860, 1700098686.4796329, 166.82032201601024, -77.87338952174692
20231116_S01_to_S02, 1, 3861, 1700098686.5798826, 166.82036587617418, -77.87340638165088
20231116_S01_to_S02, 1, 3862, 1700098686.6801314, 166.82039254119604, -77.87341413862275
20231116_S01_to_S02, 1, 3863, 1700098686.7803886, 166.82039765872048, -77.8734111455318
20231116_S01_to_S02, 1, 3864, 1700098686.896251, 166.820371268955, -77.8733922428183
20231116_S01_to_S02, 1, 3865, 1700098686.9964998, 166.82032041578287, -77.87336277317712
20231116_S01_to_S02, 1, 3866, 1700098687.096747, 166.8202481694888, -77.87332339575723
20231116_S01_to_S02, 1, 3867, 1700098687.196996, 166.82015916088446, -77.87327636882483
20231116_S01_to_S02, 1, 3868, 1700098687.2972448, 166.8200580249496, -77.8732239529153
20231116_S01_to_S02, 1, 3869, 1700098687.3975046, 166.819949382875, -77.87316840148746
20231116_S01_to_S02, 1, 3870, 1700098687.5133674, 166.81982056966584, -77.8731032677595
20231116_S01_to_S02, 1, 3871, 1700098687.6136174, 166.81971154467223, -77.87304866256025
20231116_S01_to_S02, 1, 3872, 1700098687.7203717, 166.8196033939569, -77.8729949683429
20231116_S01_to_S02, 1, 3873, 1700098687.8206215, 166.81951418392495, -77.87295111171144
20231116_S01_to_S02, 1, 3874, 1700098687.9208696, 166.81944102277347, -77.8729155951909
20231116_S01_to_S02, 1, 3875, 1700098688.0211341, 166.81938371447916, -77.87288823245343
20231116_S01_to_S02, 1, 3876, 1700098688.1213982, 166.81934043575248, -77.87286801230633
20231116_S01_to_S02, 1, 3877, 1700098688.2216558, 166.81930934699622, -77.87285391544904
20231116_S01_to_S02, 1, 3878, 1700098688.3375516, 166.81928618251405, -77.8728439115916
20231116_S01_to_S02, 1, 3879, 1700098688.4377992, 166.81927510706538, -77.872839544339
20231116_S01_to_S02, 1, 3880, 1700098688.5380495, 166.81927040840608, -77.87283808026532
20231116_S01_to_S02, 1, 3881, 1700098688.6382983, 166.81927024673328, -77.87283850005693
20231116_S01_to_S02, 1, 3882, 1700098688.738546, 166.81927278180768, -77.8728397842417
20231116_S01_to_S02, 1, 3883, 1700098688.8388054, 166.81927617395883, -77.87284091351988
20231116_S01_to_S02, 1, 3884, 1700098688.9546676, 166.8192787497302, -77.87284068942367
20231116_S01_to_S02, 1, 3885, 1700098689.054916, 166.8192777289235, -77.87283801667178
20231116_S01_to_S02, 1, 3886, 1700098689.1551638, 166.81927178353686, -77.87283199028141
20231116_S01_to_S02, 1, 3887, 1700098689.2554107, 166.8192599782152, -77.87282223979483
20231116_S01_to_S02, 1, 3888, 1700098689.3556592, 166.81924245441442, -77.87280916712407
20231116_S01_to_S02, 1, 3889, 1700098689.455918, 166.81921941735575, -77.87279322010382
20231116_S01_to_S02, 1, 3890, 1700098689.57178, 166.81918620212284, -77.87277180164907
20231116_S01_to_S02, 1, 3891, 1700098689.672028, 166.81915199435048, -77.87275119260367
20231116_S01_to_S02, 1, 3892, 1700098689.7722743, 166.81911293226474, -77.87272912985571
20231116_S01_to_S02, 1, 3893, 1700098689.8725214, 166.819069229065, -77.87270606376734
20231116_S01_to_S02, 1, 3894, 1700098689.9727705, 166.81902156038927, -77.87268255280253
20231116_S01_to_S02, 1, 3895, 1700098690.0886421, 166.8189634089276, -77.87265578948276
20231116_S01_to_S02, 1, 3896, 1700098690.1888895, 166.81891216353253, -77.87263384385716
20231116_S01_to_S02, 1, 3897, 1700098690.2891371, 166.81886163423522, -77.87261381086587
20231116_S01_to_S02, 1, 3898, 1700098690.3893845, 166.81881332682306, -77.87259644271394
20231116_S01_to_S02, 1, 3899, 1700098690.4896326, 166.81876874641696, -77.87258249137375
20231116_S01_to_S02, 1, 3900, 1700098690.5898917, 166.81872939498422, -77.87257270828943
20231116_S01_to_S02, 1, 3901, 1700098690.7057574, 166.81869241092605, -77.87256758230092
20231116_S01_to_S02, 1, 3902, 1700098690.8060064, 166.81866946678556, -77.87256934682432
20231116_S01_to_S02, 1, 3903, 1700098690.9062548, 166.81865640790969, -77.87257758279529
20231116_S01_to_S02, 1, 3904, 1700098691.0065036, 166.81865328297508, -77.87259199727212
20231116_S01_to_S02, 1, 3905, 1700098691.106753, 166.818659158665, -77.87261159257528
20231116_S01_to_S02, 1, 3906, 1700098691.2070136, 166.81867308156282, -77.87263535786298
20231116_S01_to_S02, 1, 3907, 1700098691.322876, 166.81869794174636, -77.87266668451522
20231116_S01_to_S02, 1, 3908, 1700098691.4231262, 166.81872595729092, -77.87269598320471
20231116_S01_to_S02, 1, 3909, 1700098691.5298786, 166.81876129740073, -77.87272822295107
20231116_S01_to_S02, 1, 3910, 1700098691.6301284, 166.81879864911687, -77.87275840718372
20231116_S01_to_S02, 1, 3911, 1700098691.7303946, 166.81883906506803, -77.87278747175726
20231116_S01_to_S02, 1, 3912, 1700098691.8306608, 166.81888158354914, -77.87281439762491
20231116_S01_to_S02, 1, 3913, 1700098691.930909, 166.81892525822303, -77.87283828873248
20231116_S01_to_S02, 1, 3914, 1700098692.0311677, 166.81896927572745, -77.87285904420837
20231116_S01_to_S02, 1, 3915, 1700098692.147067, 166.81901955705388, -77.87287939137775
20231116_S01_to_S02, 1, 3916, 1700098692.247313, 166.8190616400321, -77.87289406670804
20231116_S01_to_S02, 1, 3917, 1700098692.3475602, 166.8191015963759, -77.87290624330431
20231116_S01_to_S02, 1, 3918, 1700098692.4478078, 166.81913864470081, -77.87291612362452
20231116_S01_to_S02, 1, 3919, 1700098692.5480664, 166.81917200717672, -77.87292391095892
20231116_S01_to_S02, 1, 3920, 1700098692.6639285, 166.81920494208796, -77.87293056736218
20231116_S01_to_S02, 1, 3921, 1700098692.7641773, 166.819227690798, -77.87293452942157
20231116_S01_to_S02, 1, 3922, 1700098692.8644238, 166.81924428643242, -77.87293703710426
20231116_S01_to_S02, 1, 3923, 1700098692.964672, 166.8192543377745, -77.87293829857528
20231116_S01_to_S02, 1, 3924, 1700098693.06492, 166.8192583460088, -77.87293853431021
20231116_S01_to_S02, 1, 3925, 1700098693.1651778, 166.81925693788506, -77.87293796651464
20231116_S01_to_S02, 1, 3926, 1700098693.2810397, 166.81924938512347, -77.8729366007303
20231116_S01_to_S02, 1, 3927, 1700098693.3812864, 166.81923843468257, -77.87293505711055
20231116_S01_to_S02, 1, 3928, 1700098693.481535, 166.81922404700845, -77.87293341152144
20231116_S01_to_S02, 1, 3929, 1700098693.581782, 166.8192068496254, -77.87293188630072
20231116_S01_to_S02, 1, 3930, 1700098693.6820304, 166.81918746917356, -77.8729307036954
20231116_S01_to_S02, 1, 3931, 1700098693.7822783, 166.81916653302991, -77.87293008601537
20231116_S01_to_S02, 1, 3932, 1700098693.8981493, 166.81914121760605, -77.87293036724725
20231116_S01_to_S02, 1, 3933, 1700098693.998397, 166.81911906060583, -77.87293172360742
20231116_S01_to_S02, 1, 3934, 1700098694.0986438, 166.8190973270366, -77.87293434634736
20231116_S01_to_S02, 1, 3935, 1700098694.1988919, 166.8190764164242, -77.87293830171731
20231116_S01_to_S02, 1, 3936, 1700098694.2991517, 166.8190551107511, -77.87294254500304
20231116_S01_to_S02, 1, 3937, 1700098694.415015, 166.8190274882276, -77.8729458052111
20231116_S01_to_S02, 1, 3938, 1700098694.5152633, 166.81899881561347, -77.87294547035007
20231116_S01_to_S02, 1, 3939, 1700098694.615513, 166.81896369546197, -77.87294059924562
20231116_S01_to_S02, 1, 3940, 1700098694.7157626, 166.81892020879673, -77.87292966277924
20231116_S01_to_S02, 1, 3941, 1700098694.8160229, 166.8188664297192, -77.87291112937953
20231116_S01_to_S02, 1, 3942, 1700098694.9318855, 166.8187897339784, -77.87287878659107
20231116_S01_to_S02, 1, 3943, 1700098695.0321357, 166.81871305283252, -77.87284268246721
20231116_S01_to_S02, 1, 3944, 1700098695.132385, 166.81863022630367, -77.8728011975687
20231116_S01_to_S02, 1, 3945, 1700098695.239136, 166.81853893651646, -77.87275340708399
20231116_S01_to_S02, 1, 3946, 1700098695.3393848, 166.81845374601767, -77.87270729327507
20231116_S01_to_S02, 1, 3947, 1700098695.4396493, 166.81837239913997, -77.87266206988126
20231116_S01_to_S02, 1, 3948, 1700098695.5399168, 166.8182981723549, -77.87261979242207
20231116_S01_to_S02, 1, 3949, 1700098695.6401644, 166.81823434464619, -77.87258251857865
20231116_S01_to_S02, 1, 3950, 1700098695.7404232, 166.818184159129, -77.87255228516477
20231116_S01_to_S02, 1, 3951, 1700098695.8563206, 166.81814742737532, -77.87252879713067
20231116_S01_to_S02, 1, 3952, 1700098695.9565687, 166.81813594301548, -77.87251974193425
20231116_S01_to_S02, 1, 3953, 1700098696.0568166, 166.81814058418394, -77.8725200067517
20231116_S01_to_S02, 1, 3954, 1700098696.157063, 166.8181580323876, -77.87252811509997
20231116_S01_to_S02, 1, 3955, 1700098696.2573211, 166.81818497317118, -77.87254259269915
20231116_S01_to_S02, 1, 3956, 1700098696.373183, 166.81822358017905, -77.87256532141319
20231116_S01_to_S02, 1, 3957, 1700098696.4734302, 166.8182596875843, -77.8725885023476
20231116_S01_to_S02, 1, 3958, 1700098696.573678, 166.81829481304476, -77.87261339193797
20231116_S01_to_S02, 1, 3959, 1700098696.673925, 166.8183256379253, -77.87263851350848
20231116_S01_to_S02, 1, 3960, 1700098696.774173, 166.81834884476277, -77.87266239131837
20231116_S01_to_S02, 1, 3961, 1700098696.8744333, 166.81836114948527, -77.8726835631029
20231116_S01_to_S02, 1, 3962, 1700098696.990296, 166.81836011660116, -77.87270367158207
20231116_S01_to_S02, 1, 3963, 1700098697.0905437, 166.81834766365037, -77.87271754194872
20231116_S01_to_S02, 1, 3964, 1700098697.1907914, 166.81832622188153, -77.87272844086354
20231116_S01_to_S02, 1, 3965, 1700098697.291038, 166.81829744111474, -77.8727366551563
20231116_S01_to_S02, 1, 3966, 1700098697.391287, 166.8182629697988, -77.87274247190751
20231116_S01_to_S02, 1, 3967, 1700098697.4915454, 166.81822445443413, -77.87274617801738
20231116_S01_to_S02, 1, 3968, 1700098697.6074095, 166.81817707235675, -77.87274820715928
20231116_S01_to_S02, 1, 3969, 1700098697.7076573, 166.81813546240127, -77.87274833810999
20231116_S01_to_S02, 1, 3970, 1700098697.8079045, 166.81809501825188, -77.87274726352616
20231116_S01_to_S02, 1, 3971, 1700098697.9081528, 166.8180573387109, -77.87274528961474
20231116_S01_to_S02, 1, 3972, 1700098698.008413, 166.81802341553492, -77.87274295665192
20231116_S01_to_S02, 1, 3973, 1700098698.1242754, 166.81798967539194, -77.87274072619957
20231116_S01_to_S02, 1, 3974, 1700098698.224524, 166.81796587271802, -77.87273999162916
20231116_S01_to_S02, 1, 3975, 1700098698.3247721, 166.81794768808052, -77.87274110121294
20231116_S01_to_S02, 1, 3976, 1700098698.4250212, 166.81793570765376, -77.87274475391833
20231116_S01_to_S02, 1, 3977, 1700098698.5252705, 166.8179305180338, -77.87275164871045
20231116_S01_to_S02, 1, 3978, 1700098698.625532, 166.81793270639685, -77.87276248611565
20231116_S01_to_S02, 1, 3979, 1700098698.7413957, 166.81794519469162, -77.87278083593485
20231116_S01_to_S02, 1, 3980, 1700098698.8416464, 166.81796528196656, -77.872802546213
20231116_S01_to_S02, 1, 3981, 1700098698.9484003, 166.81799683168532, -77.87283243949074
20231116_S01_to_S02, 1, 3982, 1700098699.0486493, 166.8180366178228, -77.87286761036857
20231116_S01_to_S02, 1, 3983, 1700098699.148897, 166.8180867870015, -77.87291033284778
20231116_S01_to_S02, 1, 3984, 1700098699.2491627, 166.81814542262873, -77.8729595830628
20231116_S01_to_S02, 1, 3985, 1700098699.3494291, 166.81820718720826, -77.87301197712713
20231116_S01_to_S02, 1, 3986, 1700098699.4496875, 166.8182664967833, -77.87306396168235
20231116_S01_to_S02, 1, 3987, 1700098699.5655873, 166.81832469381436, -77.87311889977545
20231116_S01_to_S02, 1, 3988, 1700098699.6658347, 166.8183597418677, -77.87315793543023
20231116_S01_to_S02, 1, 3989, 1700098699.766082, 166.8183747416839, -77.87318537089357
20231116_S01_to_S02, 1, 3990, 1700098699.8663306, 166.81836412821815, -77.87319766627368
20231116_S01_to_S02, 1, 3991, 1700098699.9665782, 166.81832507953806, -77.87319300683352
20231116_S01_to_S02, 1, 3992, 1700098700.066839, 166.81826108785626, -77.87317355364506
20231116_S01_to_S02, 1, 3993, 1700098700.1826987, 166.8181618320185, -77.87313621684045
20231116_S01_to_S02, 1, 3994, 1700098700.2829466, 166.81805903224293, -77.87309414451347
20231116_S01_to_S02, 1, 3995, 1700098700.3831933, 166.81794515584423, -77.87304587626872
20231116_S01_to_S02, 1, 3996, 1700098700.4834402, 166.81782459156975, -77.87299413458915
20231116_S01_to_S02, 1, 3997, 1700098700.5836906, 166.81770172551592, -77.87294164080951
20231116_S01_to_S02, 1, 3998, 1700098700.6839461, 166.8175809466631, -77.87289111767295
20231116_S01_to_S02, 1, 3999, 1700098700.7998073, 166.8174497285915, -77.87283875684389
20231116_S01_to_S02, 1, 4000, 1700098700.9000535, 166.81734811757315, -77.87280156158043
20231116_S01_to_S02, 1, 4001, 1700098701.0003035, 166.8172583714791, -77.87277221038975
20231116_S01_to_S02, 1, 4002, 1700098701.1005511, 166.8171787717972, -77.87274934937953
20231116_S01_to_S02, 1, 4003, 1700098701.2008073, 166.81710754435974, -77.8727315926706
20231116_S01_to_S02, 1, 4004, 1700098701.316668, 166.8170333534002, -77.87271561931868
20231116_S01_to_S02, 1, 4005, 1700098701.416915, 166.81697418598117, -77.87270416379498
20231116_S01_to_S02, 1, 4006, 1700098701.5171645, 166.81691782157515, -77.87269344674358
20231116_S01_to_S02, 1, 4007, 1700098701.6174104, 166.8168624975487, -77.8726820850884
20231116_S01_to_S02, 1, 4008, 1700098701.7176576, 166.816806445153, -77.87266869458261
20231116_S01_to_S02, 1, 4009, 1700098701.8179169, 166.81674789164117, -77.87265188932165
20231116_S01_to_S02, 1, 4010, 1700098701.9337783, 166.8166752357187, -77.8726266989349
20231116_S01_to_S02, 1, 4011, 1700098702.0340297, 166.81660900217602, -77.87260036242002
20231116_S01_to_S02, 1, 4012, 1700098702.1342778, 166.81654164465579, -77.87257099712713
20231116_S01_to_S02, 1, 4013, 1700098702.2345257, 166.81647506836933, -77.87253973219337
20231116_S01_to_S02, 1, 4014, 1700098702.3347754, 166.81641117918662, -77.87250769680975
20231116_S01_to_S02, 1, 4015, 1700098702.450649, 166.8163431822648, -77.87247119049213
20231116_S01_to_S02, 1, 4016, 1700098702.5508986, 166.8162915771883, -77.87244133921848
20231116_S01_to_S02, 1, 4017, 1700098702.6511483, 166.8162486795609, -77.87241428389315
20231116_S01_to_S02, 1, 4018, 1700098702.7579014, 166.81621471458456, -77.87238981655068
20231116_S01_to_S02, 1, 4019, 1700098702.8581502, 166.81619582802523, -77.8723721083787
20231116_S01_to_S02, 1, 4020, 1700098702.958415, 166.81619040558488, -77.8723601998929
20231116_S01_to_S02, 1, 4021, 1700098703.0586805, 166.81619678249567, -77.87235372080664
20231116_S01_to_S02, 1, 4022, 1700098703.158938, 166.81621293814086, -77.87235215044407
20231116_S01_to_S02, 1, 4023, 1700098703.2748344, 166.8162411535147, -77.87235576873552
20231116_S01_to_S02, 1, 4024, 1700098703.375082, 166.81627152154613, -77.87236300792114
20231116_S01_to_S02, 1, 4025, 1700098703.4753304, 166.81630529758746, -77.87237351159281
20231116_S01_to_S02, 1, 4026, 1700098703.575581, 166.81634046425762, -77.87238675959881
20231116_S01_to_S02, 1, 4027, 1700098703.6758275, 166.8163750011871, -77.87240223052981
20231116_S01_to_S02, 1, 4028, 1700098703.7760859, 166.816406895518, -77.87241940659393
20231116_S01_to_S02, 1, 4029, 1700098703.8919485, 166.81643781235096, -77.87244069557342
20231116_S01_to_S02, 1, 4030, 1700098703.992196, 166.8164571337804, -77.87245977082007
20231116_S01_to_S02, 1, 4031, 1700098704.0924442, 166.81646744054817, -77.87247890674898
20231116_S01_to_S02, 1, 4032, 1700098704.192694, 166.81646699737203, -77.87249755948426
20231116_S01_to_S02, 1, 4033, 1700098704.2929428, 166.81645640281394, -77.872514989465
20231116_S01_to_S02, 1, 4034, 1700098704.3931928, 166.81643740443337, -77.87253036197812
20231116_S01_to_S02, 1, 4035, 1700098704.5090601, 166.81640727800246, -77.87254447053306
20231116_S01_to_S02, 1, 4036, 1700098704.6093075, 166.81637613658836, -77.87255256404589
20231116_S01_to_S02, 1, 4037, 1700098704.7095556, 166.8163421324482, -77.87255596266323
20231116_S01_to_S02, 1, 4038, 1700098704.8098042, 166.8163070214008, -77.87255383057357
20231116_S01_to_S02, 1, 4039, 1700098704.9100502, 166.8162725016685, -77.87254545349411
20231116_S01_to_S02, 1, 4040, 1700098705.0259233, 166.81623460139508, -77.87252903586233
20231116_S01_to_S02, 1, 4041, 1700098705.1261752, 166.8162041273834, -77.87251096162996
20231116_S01_to_S02, 1, 4042, 1700098705.2264237, 166.8161763392329, -77.87249112969349
20231116_S01_to_S02, 1, 4043, 1700098705.3266702, 166.81615174550623, -77.87247128111497
20231116_S01_to_S02, 1, 4044, 1700098705.426918, 166.8161308544038, -77.87245315633523
20231116_S01_to_S02, 1, 4045, 1700098705.527175, 166.8161141741158, -77.8724384956911
20231116_S01_to_S02, 1, 4046, 1700098705.643037, 166.81610081226623, -77.87242815208094
20231116_S01_to_S02, 1, 4047, 1700098705.7432861, 166.81609494581585, -77.87242688616885
20231116_S01_to_S02, 1, 4048, 1700098705.8435357, 166.81609489833528, -77.87243458065409
20231116_S01_to_S02, 1, 4049, 1700098705.9437869, 166.8161009284599, -77.87245240931107
20231116_S01_to_S02, 1, 4050, 1700098706.0440345, 166.81611218883864, -77.87247904051604
20231116_S01_to_S02, 1, 4051, 1700098706.1442947, 166.8161275303744, -77.87251245912994
20231116_S01_to_S02, 1, 4052, 1700098706.2601607, 166.81614883281532, -77.872556882343
20231116_S01_to_S02, 1, 4053, 1700098706.3604105, 166.81616904981763, -77.87259804806371
20231116_S01_to_S02, 1, 4054, 1700098706.467163, 166.81619104054792, -77.87264228385821
20231116_S01_to_S02, 1, 4055, 1700098706.5674114, 166.81621091111094, -77.87268206898437
20231116_S01_to_S02, 1, 4056, 1700098706.6676602, 166.8162288496871, -77.87271809008386
20231116_S01_to_S02, 1, 4057, 1700098706.7679274, 166.81624370714857, -77.8727483316038
20231116_S01_to_S02, 1, 4058, 1700098706.8681767, 166.8162543349361, -77.8727707771731
20231116_S01_to_S02, 1, 4059, 1700098706.9684367, 166.81626025162763, -77.87278461493868
20231116_S01_to_S02, 1, 4060, 1700098707.0843349, 166.81626205847098, -77.87279146610521
20231116_S01_to_S02, 1, 4061, 1700098707.184584, 166.81626011209912, -77.87279106507034
20231116_S01_to_S02, 1, 4062, 1700098707.2848325, 166.81625569316503, -77.87278626302347
20231116_S01_to_S02, 1, 4063, 1700098707.3850791, 166.81624954566715, -77.87277845551479
20231116_S01_to_S02, 1, 4064, 1700098707.4853373, 166.81624241252965, -77.8727690366678
20231116_S01_to_S02, 1, 4065, 1700098707.6011987, 166.81623391722968, -77.87275797456805
20231116_S01_to_S02, 1, 4066, 1700098707.701445, 166.8162271922364, -77.87274983196693
20231116_S01_to_S02, 1, 4067, 1700098707.8016925, 166.81622182982937, -77.8727444824604
20231116_S01_to_S02, 1, 4068, 1700098707.90194, 166.81621854006767, -77.8727432687056
20231116_S01_to_S02, 1, 4069, 1700098708.0021882, 166.81621736133192, -77.87274648659746
20231116_S01_to_S02, 1, 4070, 1700098708.102446, 166.81621771497615, -77.87275347107833
20231116_S01_to_S02, 1, 4071, 1700098708.2183075, 166.81621924405596, -77.87276531442589
20231116_S01_to_S02, 1, 4072, 1700098708.3185554, 166.81622085422111, -77.87277802958978
20231116_S01_to_S02, 1, 4073, 1700098708.4188032, 166.81622209787366, -77.87279229622818
20231116_S01_to_S02, 1, 4074, 1700098708.5190516, 166.81622237333679, -77.87280741277874
20231116_S01_to_S02, 1, 4075, 1700098708.6192992, 166.81622107893585, -77.87282267742385
20231116_S01_to_S02, 1, 4076, 1700098708.7195582, 166.81621761246384, -77.87283739026017
20231116_S01_to_S02, 1, 4077, 1700098708.8354187, 166.81621011272725, -77.87285278356474
20231116_S01_to_S02, 1, 4078, 1700098708.9356666, 166.81619991850803, -77.87286391489076
20231116_S01_to_S02, 1, 4079, 1700098709.0359156, 166.81618565375675, -77.87287227860799
20231116_S01_to_S02, 1, 4080, 1700098709.1361625, 166.81616671966532, -77.87287717415215
20231116_S01_to_S02, 1, 4081, 1700098709.236422, 166.81614345460682, -77.87287842845797
20231116_S01_to_S02, 1, 4082, 1700098709.3522844, 166.81611476716697, -77.87287687434386
20231116_S01_to_S02, 1, 4083, 1700098709.4525332, 166.8160918918955, -77.87287448059091
20231116_S01_to_S02, 1, 4084, 1700098709.5527833, 166.81607407390598, -77.87287255119243
20231116_S01_to_S02, 1, 4085, 1700098709.6530335, 166.81606440490077, -77.87287245291941
20231116_S01_to_S02, 1, 4086, 1700098709.7532825, 166.81606597627703, -77.8728755524682
20231116_S01_to_S02, 1, 4087, 1700098709.853543, 166.81608187752732, -77.87288321588665
20231116_S01_to_S02, 1, 4088, 1700098709.9694085, 166.81611953730203, -77.87289846625094
20231116_S01_to_S02, 1, 4089, 1700098710.06966, 166.81616507686874, -77.87291575427454
20231116_S01_to_S02, 1, 4090, 1700098710.1764135, 166.81622217125096, -77.87293653798771
20231116_S01_to_S02, 1, 4091, 1700098710.2766633, 166.81627974261372, -77.87295667657413
20231116_S01_to_S02, 1, 4092, 1700098710.3769119, 166.81633715220892, -77.87297585842781
20231116_S01_to_S02, 1, 4093, 1700098710.47718, 166.81639050289576, -77.87299256164356
20231116_S01_to_S02, 1, 4094, 1700098710.5774472, 166.81643587310543, -77.87300525628844
20231116_S01_to_S02, 1, 4095, 1700098710.6777062, 166.81646935151258, -77.8730124163126
20231116_S01_to_S02, 1, 4096, 1700098710.793607, 166.81648811417364, -77.8730117977387
20231116_S01_to_S02, 1, 4097, 1700098710.8938541, 166.81648285151502, -77.87300191827516
20231116_S01_to_S02, 1, 4098, 1700098710.994103, 166.81645742213354, -77.87298341871302
20231116_S01_to_S02, 1, 4099, 1700098711.0943515, 166.8164151656009, -77.87295786086564
20231116_S01_to_S02, 1, 4100, 1700098711.1945992, 166.81635954750178, -77.87292686012323
20231116_S01_to_S02, 1, 4101, 1700098711.2948587, 166.81629402420873, -77.87289202703107
20231116_S01_to_S02, 1, 4102, 1700098711.4107208, 166.8162105152736, -77.87284912075427
20231116_S01_to_S02, 1, 4103, 1700098711.510968, 166.81613545114982, -77.87281153353896
20231116_S01_to_S02, 1, 4104, 1700098711.611215, 166.81606142498245, -77.8727752152008
20231116_S01_to_S02, 1, 4105, 1700098711.7114627, 166.81599190134943, -77.87274178062977
20231116_S01_to_S02, 1, 4106, 1700098711.8117218, 166.81593033910946, -77.87271284208069
20231116_S01_to_S02, 1, 4107, 1700098711.9119666, 166.8158798960017, -77.87268987238541
20231116_S01_to_S02, 1, 4108, 1700098712.0278304, 166.8158348664526, -77.87267050452415
20231116_S01_to_S02, 1, 4109, 1700098712.1280768, 166.81580461681702, -77.87265868663063
20231116_S01_to_S02, 1, 4110, 1700098712.2283244, 166.815779846744, -77.87265025671009
20231116_S01_to_S02, 1, 4111, 1700098712.3285728, 166.81575808374964, -77.8726440794546
20231116_S01_to_S02, 1, 4112, 1700098712.4288306, 166.81573685316633, -77.87263901901221
20231116_S01_to_S02, 1, 4113, 1700098712.5446918, 166.8157097435794, -77.87263307482996
20231116_S01_to_S02, 1, 4114, 1700098712.6449387, 166.81568125601035, -77.8726265610985
20231116_S01_to_S02, 1, 4115, 1700098712.745187, 166.81564549887673, -77.87261758125773
20231116_S01_to_S02, 1, 4116, 1700098712.8454347, 166.81560000012175, -77.8726050000351
20231116_S01_to_S02, 1, 4117, 1700098712.9456828, 166.8155430516314, -77.87258800175809
20231116_S01_to_S02, 1, 4118, 1700098713.0459397, 166.81547600034293, -77.87256704859685
20231116_S01_to_S02, 1, 4119, 1700098713.1618023, 166.8153887096715, -77.87253893687415
20231116_S01_to_S02, 1, 4120, 1700098713.2620509, 166.8153071033153, -77.87251213083464
20231116_S01_to_S02, 1, 4121, 1700098713.3623013, 166.81522208347928, -77.87248384562656
20231116_S01_to_S02, 1, 4122, 1700098713.4625504, 166.81513577124625, -77.87245486624168
20231116_S01_to_S02, 1, 4123, 1700098713.5628083, 166.8150502762527, -77.87242597382229
20231116_S01_to_S02, 1, 4124, 1700098713.6630595, 166.81496773023326, -77.87239795697793
20231116_S01_to_S02, 1, 4125, 1700098713.778924, 166.8148787708019, -77.87236769256161
20231116_S01_to_S02, 1, 4126, 1700098713.8791735, 166.81480977637074, -77.87234422653574
20231116_S01_to_S02, 1, 4127, 1700098713.9859257, 166.814746942, -77.87232293776485
20231116_S01_to_S02, 1, 4128, 1700098714.086175, 166.81470015695666, -77.87230724681505
20231116_S01_to_S02, 1, 4129, 1700098714.1864398, 166.81466701357067, -77.87229638829898
20231116_S01_to_S02, 1, 4130, 1700098714.2867062, 166.8146454485967, -77.8722895825178
20231116_S01_to_S02, 1, 4131, 1700098714.386954, 166.814631058935, -77.8722851749972
20231116_S01_to_S02, 1, 4132, 1700098714.4872122, 166.8146194017411, -77.87228149690158
20231116_S01_to_S02, 1, 4133, 1700098714.6031094, 166.81460351537308, -77.87227596889886
20231116_S01_to_S02, 1, 4134, 1700098714.7033572, 166.8145826568855, -77.87226819300925
20231116_S01_to_S02, 1, 4135, 1700098714.8036046, 166.81455052909945, -77.87225588607852
20231116_S01_to_S02, 1, 4136, 1700098714.9038534, 166.81450281779476, -77.87223742571531
20231116_S01_to_S02, 1, 4137, 1700098715.0041006, 166.81443875895098, -77.87221247886802
20231116_S01_to_S02, 1, 4138, 1700098715.104359, 166.81436157210712, -77.87218215880405
20231116_S01_to_S02, 1, 4139, 1700098715.220221, 166.81426054019337, -77.87214199583141
20231116_S01_to_S02, 1, 4140, 1700098715.3204684, 166.81416679093132, -77.87210416689935
20231116_S01_to_S02, 1, 4141, 1700098715.4207163, 166.81407078672135, -77.87206473809685
20231116_S01_to_S02, 1, 4142, 1700098715.520965, 166.81397596974182, -77.87202490381044
20231116_S01_to_S02, 1, 4143, 1700098715.621223, 166.81388577579037, -77.87198585557601
20231116_S01_to_S02, 1, 4144, 1700098715.7370868, 166.81379182368647, -77.87194327842491
20231116_S01_to_S02, 1, 4145, 1700098715.837335, 166.81372333271668, -77.87190999970318
20231116_S01_to_S02, 1, 4146, 1700098715.9375827, 166.81366951100492, -77.87188102433822
20231116_S01_to_S02, 1, 4147, 1700098716.0378296, 166.81362966846336, -77.87185626512823
20231116_S01_to_S02, 1, 4148, 1700098716.1380773, 166.81360228829186, -77.87183537827855
20231116_S01_to_S02, 1, 4149, 1700098716.2383356, 166.81358585335514, -77.87181801885605
20231116_S01_to_S02, 1, 4150, 1700098716.354198, 166.81357851080745, -77.87180190421404
20231116_S01_to_S02, 1, 4151, 1700098716.4544446, 166.81358051820575, -77.87179098652628
20231116_S01_to_S02, 1, 4152, 1700098716.5546918, 166.8135886869579, -77.87178251400627
20231116_S01_to_S02, 1, 4153, 1700098716.6549394, 166.8136015009221, -77.87177614324797
20231116_S01_to_S02, 1, 4154, 1700098716.755199, 166.81361744585405, -77.87177153039629
20231116_S01_to_S02, 1, 4155, 1700098716.8710628, 166.81363778384872, -77.87176794026215
20231116_S01_to_S02, 1, 4156, 1700098716.9713101, 166.8136554929502, -77.87176599341686
20231116_S01_to_S02, 1, 4157, 1700098717.0715601, 166.81367235054628, -77.87176491486666
20231116_S01_to_S02, 1, 4158, 1700098717.1718082, 166.81368753537325, -77.87176452890904
20231116_S01_to_S02, 1, 4159, 1700098717.2720575, 166.81370022741348, -77.8717646597616
20231116_S01_to_S02, 1, 4160, 1700098717.3723173, 166.81370960674303, -77.87176513172935
20231116_S01_to_S02, 1, 4161, 1700098717.488182, 166.8137152424641, -77.87176587169658
20231116_S01_to_S02, 1, 4162, 1700098717.588433, 166.81371468626543, -77.87176648096091
20231116_S01_to_S02, 1, 4163, 1700098717.6951861, 166.81370758464107, -77.87176689068318
20231116_S01_to_S02, 1, 4164, 1700098717.7954347, 166.8136939376211, -77.87176686556238
20231116_S01_to_S02, 1, 4165, 1700098717.895683, 166.81367277295894, -77.87176628371688
20231116_S01_to_S02, 1, 4166, 1700098717.9959486, 166.8136449192307, -77.87176538264444
20231116_S01_to_S02, 1, 4167, 1700098718.0962152, 166.81361266111475, -77.87176476197683
20231116_S01_to_S02, 1, 4168, 1700098718.1964736, 166.81357833779956, -77.87176503470393
20231116_S01_to_S02, 1, 4169, 1700098718.3123713, 166.8135391453074, -77.87176726667386
20231116_S01_to_S02, 1, 4170, 1700098718.4126189, 166.81350831250657, -77.87177154998268
20231116_S01_to_S02, 1, 4171, 1700098718.5128672, 166.81348278102877, -77.87177866032405
20231116_S01_to_S02, 1, 4172, 1700098718.613114, 166.81346488602892, -77.87178921021814
20231116_S01_to_S02, 1, 4173, 1700098718.7133617, 166.81345696171581, -77.87180381255877
20231116_S01_to_S02, 1, 4174, 1700098718.81362, 166.8134613441396, -77.87182308232423
20231116_S01_to_S02, 1, 4175, 1700098718.9294822, 166.81348479907916, -77.87185196608701
20231116_S01_to_S02, 1, 4176, 1700098719.02973, 166.81352365162948, -77.87188337522961
20231116_S01_to_S02, 1, 4177, 1700098719.1299767, 166.8135821717646, -77.87192138121507
20231116_S01_to_S02, 1, 4178, 1700098719.2302248, 166.8136606056101, -77.87196602724168
20231116_S01_to_S02, 1, 4179, 1700098719.330472, 166.81375392509582, -77.87201591574609
20231116_S01_to_S02, 1, 4180, 1700098719.446344, 166.81387267419794, -77.87207798847041
20231116_S01_to_S02, 1, 4181, 1700098719.5465941, 166.8139782011537, -77.87213366929781
20231116_S01_to_S02, 1, 4182, 1700098719.6468408, 166.81408015980983, -77.87218947718544
20231116_S01_to_S02, 1, 4183, 1700098719.7470884, 166.8141727083439, -77.87224379421403
20231116_S01_to_S02, 1, 4184, 1700098719.8473358, 166.81424999903376, -77.87229499929921
20231116_S01_to_S02, 1, 4185, 1700098719.9475954, 166.81430745163104, -77.87234168934356
20231116_S01_to_S02, 1, 4186, 1700098720.0634556, 166.81434980041234, -77.87238929111305
20231116_S01_to_S02, 1, 4187, 1700098720.1637044, 166.81436758532746, -77.87242458566766
20231116_S01_to_S02, 1, 4188, 1700098720.2639515, 166.81436967956745, -77.87245404478833
20231116_S01_to_S02, 1, 4189, 1700098720.3641992, 166.81435779897512, -77.87247731983567
20231116_S01_to_S02, 1, 4190, 1700098720.4644463, 166.81433365916394, -77.87249406121782
20231116_S01_to_S02, 1, 4191, 1700098720.5647066, 166.81429897045103, -77.87250392051544
20231116_S01_to_S02, 1, 4192, 1700098720.6805687, 166.81424799613296, -77.87250628105355
20231116_S01_to_S02, 1, 4193, 1700098720.7808177, 166.81419641623316, -77.87250011198627
20231116_S01_to_S02, 1, 4194, 1700098720.8810654, 166.81413970787222, -77.87248596249395
20231116_S01_to_S02, 1, 4195, 1700098720.9813135, 166.81407968565267, -77.87246421828738
20231116_S01_to_S02, 1, 4196, 1700098721.0815616, 166.81401836726238, -77.87243674815458
20231116_S01_to_S02, 1, 4197, 1700098721.1818244, 166.81395778582294, -77.87240559585662
20231116_S01_to_S02, 1, 4198, 1700098721.2976885, 166.81389138313943, -77.87236769957333
20231116_S01_to_S02, 1, 4199, 1700098721.3979392, 166.81383936337622, -77.8723355920312
20231116_S01_to_S02, 1, 4200, 1700098721.504693, 166.8137919226969, -77.87230451532623
20231116_S01_to_S02, 1, 4201, 1700098721.6049423, 166.81375699527294, -77.87228041681372
20231116_S01_to_S02, 1, 4202, 1700098721.705192, 166.81373347421743, -77.87226333605274
20231116_S01_to_S02, 1, 4203, 1700098721.805458, 166.8137234012889, -77.87225532134559
20231116_S01_to_S02, 1, 4204, 1700098721.9057062, 166.8137285964271, -77.87225822721096
20231116_S01_to_S02, 1, 4205, 1700098722.0059652, 166.81374845207998, -77.87227178812124
20231116_S01_to_S02, 1, 4206, 1700098722.1218626, 166.81378694130183, -77.87229870333559
20231116_S01_to_S02, 1, 4207, 1700098722.2221098, 166.8138312847368, -77.87232992177738
20231116_S01_to_S02, 1, 4208, 1700098722.3223586, 166.81388366722362, -77.8723668499089
20231116_S01_to_S02, 1, 4209, 1700098722.4226067, 166.81394198375295, -77.87240791473862
20231116_S01_to_S02, 1, 4210, 1700098722.5228546, 166.81400413064932, -77.87245154421548
20231116_S01_to_S02, 1, 4211, 1700098722.623115, 166.8140680122597, -77.87249617187483
20231116_S01_to_S02, 1, 4212, 1700098722.7389762, 166.81414122770704, -77.87254691971353
20231116_S01_to_S02, 1, 4213, 1700098722.8392243, 166.81420166683873, -77.87258833339439
20231116_S01_to_S02, 1, 4214, 1700098722.9394717, 166.81425750000133, -77.8726260646738
20231116_S01_to_S02, 1, 4215, 1700098723.0397189, 166.81430816017624, -77.8726599761525
20231116_S01_to_S02, 1, 4216, 1700098723.1399658, 166.814353387348, -77.87269021713041
20231116_S01_to_S02, 1, 4217, 1700098723.2402241, 166.81439292577036, -77.87271693981975
20231116_S01_to_S02, 1, 4218, 1700098723.3560877, 166.81443118484407, -77.87274363064354
20231116_S01_to_S02, 1, 4219, 1700098723.4563348, 166.814457561116, -77.87276326710882
20231116_S01_to_S02, 1, 4220, 1700098723.5565846, 166.8144774241656, -77.87277985389889
20231116_S01_to_S02, 1, 4221, 1700098723.6568341, 166.8144905131235, -77.87279353971452
20231116_S01_to_S02, 1, 4222, 1700098723.757091, 166.81449656815363, -77.8728044745909
20231116_S01_to_S02, 1, 4223, 1700098723.8729525, 166.81449446195825, -77.8728138791588
20231116_S01_to_S02, 1, 4224, 1700098723.9732003, 166.81448446820707, -77.87281938905238
20231116_S01_to_S02, 1, 4225, 1700098724.0734465, 166.81446662024175, -77.87282261844663
20231116_S01_to_S02, 1, 4226, 1700098724.1736941, 166.81444072674552, -77.87282371804052
20231116_S01_to_S02, 1, 4227, 1700098724.2739434, 166.81440772920845, -77.87282285987948
20231116_S01_to_S02, 1, 4228, 1700098724.3742015, 166.81436949043623, -77.87282023334598
20231116_S01_to_S02, 1, 4229, 1700098724.4900656, 166.81432125515994, -77.8728152445936
20231116_S01_to_S02, 1, 4230, 1700098724.5903165, 166.81427816695546, -77.8728094537027
20231116_S01_to_S02, 1, 4231, 1700098724.6905668, 166.81423581531433, -77.87280249511161
20231116_S01_to_S02, 1, 4232, 1700098724.790819, 166.81419609223116, -77.87279455886463
20231116_S01_to_S02, 1, 4233, 1700098724.8910677, 166.81416083590682, -77.87278582849656
20231116_S01_to_S02, 1, 4234, 1700098724.9913292, 166.81413034758384, -77.87277629336052
20231116_S01_to_S02, 1, 4235, 1700098725.1071923, 166.81409927315528, -77.87276398656317
20231116_S01_to_S02, 1, 4236, 1700098725.2074418, 166.81407434785976, -77.87275196437582
20231116_S01_to_S02, 1, 4237, 1700098725.3141947, 166.8140481034356, -77.87273749083045
20231116_S01_to_S02, 1, 4238, 1700098725.414443, 166.8140222159192, -77.87272208812493
20231116_S01_to_S02, 1, 4239, 1700098725.51471, 166.81399364558794, -77.87270469400852
20231116_S01_to_S02, 1, 4240, 1700098725.614975, 166.813960954132, -77.87268508253769
20231116_S01_to_S02, 1, 4241, 1700098725.7152348, 166.81392269966895, -77.87266302560982
20231116_S01_to_S02, 1, 4242, 1700098725.831136, 166.8138696504803, -77.87263417871972
20231116_S01_to_S02, 1, 4243, 1700098725.9313836, 166.81381491580512, -77.87260623714549
20231116_S01_to_S02, 1, 4244, 1700098726.03163, 166.81375360531158, -77.87257652013167
20231116_S01_to_S02, 1, 4245, 1700098726.1318781, 166.81368846233784, -77.87254644503638
20231116_S01_to_S02, 1, 4246, 1700098726.2321253, 166.8136222363004, -77.87251743188878
20231116_S01_to_S02, 1, 4247, 1700098726.3323734, 166.8135576737338, -77.8724908994044
20231116_S01_to_S02, 1, 4248, 1700098726.448244, 166.81348872442396, -77.87246518326599
20231116_S01_to_S02, 1, 4249, 1700098726.5484931, 166.81343709630582, -77.87244882719945
20231116_S01_to_S02, 1, 4250, 1700098726.6487396, 166.81339580509933, -77.87243943138387
20231116_S01_to_S02, 1, 4251, 1700098726.7489874, 166.8133675967257, -77.87243841457264
20231116_S01_to_S02, 1, 4252, 1700098726.8492346, 166.81335521967657, -77.87244719612056
20231116_S01_to_S02, 1, 4253, 1700098726.9494824, 166.81336054752003, -77.87246669888847
20231116_S01_to_S02, 1, 4254, 1700098727.0653543, 166.8133853366924, -77.87250046582295
20231116_S01_to_S02, 1, 4255, 1700098727.1656027, 166.81341843330094, -77.87253669147653
20231116_S01_to_S02, 1, 4256, 1700098727.2658498, 166.81345819066928, -77.87257691684049
20231116_S01_to_S02, 1, 4257, 1700098727.3660977, 166.81350066790702, -77.87261876178992
20231116_S01_to_S02, 1, 4258, 1700098727.4663458, 166.8135419232267, -77.87265984527203
20231116_S01_to_S02, 1, 4259, 1700098727.5666046, 166.81357801832993, -77.8726977901066
20231116_S01_to_S02, 1, 4260, 1700098727.682467, 166.81360813207493, -77.87273460505563
20231116_S01_to_S02, 1, 4261, 1700098727.7827199, 166.8136196830388, -77.87275767292164
20231116_S01_to_S02, 1, 4262, 1700098727.8829672, 166.813613702881, -77.87277012345727
20231116_S01_to_S02, 1, 4263, 1700098727.983215, 166.81358933548046, -77.87277128698963
20231116_S01_to_S02, 1, 4264, 1700098728.0834744, 166.81354973917954, -77.87276271930843
20231116_S01_to_S02, 1, 4265, 1700098728.199337, 166.81348952742707, -77.87274294094522
20231116_S01_to_S02, 1, 4266, 1700098728.2995858, 166.81342882970893, -77.8727192239143
20231116_S01_to_S02, 1, 4267, 1700098728.3998346, 166.81336377553743, -77.87269118142049
20231116_S01_to_S02, 1, 4268, 1700098728.5000842, 166.81329780803947, -77.8726605257607
20231116_S01_to_S02, 1, 4269, 1700098728.6003313, 166.81323437278522, -77.87262897042673
20231116_S01_to_S02, 1, 4270, 1700098728.7005928, 166.8131769040141, -77.87259822290152
20231116_S01_to_S02, 1, 4271, 1700098728.8164568, 166.81312244840584, -77.87256594671413
20231116_S01_to_S02, 1, 4272, 1700098728.9167075, 166.8130895804812, -77.87254277910371
20231116_S01_to_S02, 1, 4273, 1700098729.0234613, 166.81307317919803, -77.87252498424014
20231116_S01_to_S02, 1, 4274, 1700098729.1237125, 166.81307887517445, -77.87251653649635
20231116_S01_to_S02, 1, 4275, 1700098729.2239609, 166.81310668514882, -77.87251716419252
20231116_S01_to_S02, 1, 4276, 1700098729.3242261, 166.8131515496893, -77.872525444181
20231116_S01_to_S02, 1, 4277, 1700098729.4244916, 166.8132068813004, -77.87253939358139
20231116_S01_to_S02, 1, 4278, 1700098729.52475, 166.81326609089194, -77.87255702745553
20231116_S01_to_S02, 1, 4279, 1700098729.6406474, 166.8133307430988, -77.87257940460418
20231116_S01_to_S02, 1, 4280, 1700098729.740897, 166.81337592054376, -77.87259823536712
20231116_S01_to_S02, 1, 4281, 1700098729.8411443, 166.81340420571053, -77.87261449291276
20231116_S01_to_S02, 1, 4282, 1700098729.9413922, 166.81341003363056, -77.87262644254048
20231116_S01_to_S02, 1, 4283, 1700098730.0416396, 166.81339436222797, -77.87263393853166
20231116_S01_to_S02, 1, 4284, 1700098730.141898, 166.81336072567055, -77.87263746430186
20231116_S01_to_S02, 1, 4285, 1700098730.2577605, 166.8133041239142, -77.87263722759445
20231116_S01_to_S02, 1, 4286, 1700098730.3580074, 166.81324383085524, -77.87263384242698
20231116_S01_to_S02, 1, 4287, 1700098730.4582548, 166.81317676449132, -77.87262801655059
20231116_S01_to_S02, 1, 4288, 1700098730.5585024, 166.81310646992486, -77.8726202346725
20231116_S01_to_S02, 1, 4289, 1700098730.65875, 166.81303649233953, -77.87261098152518
20231116_S01_to_S02, 1, 4290, 1700098730.759011, 166.8129703683754, -77.87260074042229
20231116_S01_to_S02, 1, 4291, 1700098730.8748724, 166.81290341031442, -77.87258831196249
20231116_S01_to_S02, 1, 4292, 1700098730.9751203, 166.81285647825436, -77.87257756532463
20231116_S01_to_S02, 1, 4293, 1700098731.0753682, 166.81281918381364, -77.87256723135182
20231116_S01_to_S02, 1, 4294, 1700098731.1756158, 166.81279038970652, -77.87255768187285
20231116_S01_to_S02, 1, 4295, 1700098731.2758744, 166.8127689565132, -77.8725492878258
20231116_S01_to_S02, 1, 4296, 1700098731.3917356, 166.81275187005625, -77.87254151525542
20231116_S01_to_S02, 1, 4297, 1700098731.4919837, 166.81274244319482, -77.87253687959873
20231116_S01_to_S02, 1, 4298, 1700098731.5922315, 166.8127367899954, -77.8725345736051
20231116_S01_to_S02, 1, 4299, 1700098731.6924794, 166.81273377308514, -77.87253496906835
20231116_S01_to_S02, 1, 4300, 1700098731.792728, 166.81273225511083, -77.87253843783243
20231116_S01_to_S02, 1, 4301, 1700098731.8929896, 166.81273112774952, -77.87254534212876
20231116_S01_to_S02, 1, 4302, 1700098732.008853, 166.81272994298095, -77.87255767423667
20231116_S01_to_S02, 1, 4303, 1700098732.1091018, 166.8127296289645, -77.87257183421625
20231116_S01_to_S02, 1, 4304, 1700098732.2093503, 166.81273057956577, -77.87258896044906
20231116_S01_to_S02, 1, 4305, 1700098732.3096, 166.812733369883, -77.87260879522816
20231116_S01_to_S02, 1, 4306, 1700098732.409859, 166.81273857558472, -77.87263108248695
20231116_S01_to_S02, 1, 4307, 1700098732.5101068, 166.8127467706595, -77.87265555969597
20231116_S01_to_S02, 1, 4308, 1700098732.62597, 166.81276072045628, -77.8726862426235
20231116_S01_to_S02, 1, 4309, 1700098732.726219, 166.81277731709577, -77.87271456863672
20231116_S01_to_S02, 1, 4310, 1700098732.8329725, 166.81280028660493, -77.87274624160138
20231116_S01_to_S02, 1, 4311, 1700098732.9332242, 166.81282705422896, -77.87277701713049
20231116_S01_to_S02, 1, 4312, 1700098733.03349, 166.81285682649383, -77.87280775658948
20231116_S01_to_S02, 1, 4313, 1700098733.133756, 166.812886762928, -77.87283718738607
20231116_S01_to_S02, 1, 4314, 1700098733.2340047, 166.81291402096826, -77.87286403641842
20231116_S01_to_S02, 1, 4315, 1700098733.3342621, 166.81293577059134, -77.87288704257004
20231116_S01_to_S02, 1, 4316, 1700098733.4501615, 166.81295032589628, -77.87290718319757
20231116_S01_to_S02, 1, 4317, 1700098733.5504096, 166.81295054076708, -77.87291758281458
20231116_S01_to_S02, 1, 4318, 1700098733.6506572, 166.81293629261833, -77.87292013561921
20231116_S01_to_S02, 1, 4319, 1700098733.7509043, 166.81290474501728, -77.87291357370553
20231116_S01_to_S02, 1, 4320, 1700098733.8511631, 166.81285305400712, -77.87289662646744
20231116_S01_to_S02, 1, 4321, 1700098733.9670258, 166.81276451364056, -77.87286244442198
20231116_S01_to_S02, 1, 4322, 1700098734.0672727, 166.81265976927756, -77.87281880242766
20231116_S01_to_S02, 1, 4323, 1700098734.167522, 166.81252621224013, -77.87276090357494
20231116_S01_to_S02, 1, 4324, 1700098734.267769, 166.81236770419537, -77.87269057849903
20231116_S01_to_S02, 1, 4325, 1700098734.3680155, 166.8121945127265, -77.87261262165731
20231116_S01_to_S02, 1, 4326, 1700098734.4682732, 166.81201716455473, -77.87253194744574
20231116_S01_to_S02, 1, 4327, 1700098734.5841346, 166.8118208840902, -77.87244179643837
20231116_S01_to_S02, 1, 4328, 1700098734.6843822, 166.8116705157069, -77.87237204164634
20231116_S01_to_S02, 1, 4329, 1700098734.7846296, 166.81154929776073, -77.87231511799783
20231116_S01_to_S02, 1, 4330, 1700098734.8848772, 166.81146757246015, -77.87227585513102
20231116_S01_to_S02, 1, 4331, 1700098734.9851255, 166.8114286619192, -77.87225586034634
20231116_S01_to_S02, 1, 4332, 1700098735.085383, 166.81142728347862, -77.87225279101774
20231116_S01_to_S02, 1, 4333, 1700098735.2012448, 166.81146483063745, -77.8722669415186
20231116_S01_to_S02, 1, 4334, 1700098735.3014934, 166.81152459330553, -77.87229156615253
20231116_S01_to_S02, 1, 4335, 1700098735.4017406, 166.81160354665244, -77.8723249576127
20231116_S01_to_S02, 1, 4336, 1700098735.5019894, 166.81169588209963, -77.87236453200032
20231116_S01_to_S02, 1, 4337, 1700098735.6022372, 166.8117957863348, -77.8724077034052
20231116_S01_to_S02, 1, 4338, 1700098735.71811, 166.81191307697082, -77.87245869777962
20231116_S01_to_S02, 1, 4339, 1700098735.818359, 166.81200953321343, -77.87250083158504
20231116_S01_to_S02, 1, 4340, 1700098735.918608, 166.81209582864946, -77.8725386881746
20231116_S01_to_S02, 1, 4341, 1700098736.0188587, 166.8121710926688, -77.87257198163152
20231116_S01_to_S02, 1, 4342, 1700098736.1191075, 166.81223632957415, -77.87260129861
20231116_S01_to_S02, 1, 4343, 1700098736.219367, 166.81229256099687, -77.87262723375044
20231116_S01_to_S02, 1, 4344, 1700098736.3352308, 166.81234764755172, -77.87265376395511
20231116_S01_to_S02, 1, 4345, 1700098736.4354806, 166.81238789833895, -77.87267441189641
20231116_S01_to_S02, 1, 4346, 1700098736.5422325, 166.81242439702925, -77.87269474395299
20231116_S01_to_S02, 1, 4347, 1700098736.6424818, 166.81245376739875, -77.87271290697434
20231116_S01_to_S02, 1, 4348, 1700098736.7427294, 166.81247942286876, -77.87273077253415
20231116_S01_to_S02, 1, 4349, 1700098736.8429794, 166.81250237896816, -77.87274893270242
20231116_S01_to_S02, 1, 4350, 1700098736.9432476, 166.8125233764841, -77.87276775082026
20231116_S01_to_S02, 1, 4351, 1700098737.0435054, 166.8125421425217, -77.87278674320802
20231116_S01_to_S02, 1, 4352, 1700098737.1594036, 166.8125604097335, -77.87280804139937
20231116_S01_to_S02, 1, 4353, 1700098737.2596514, 166.81257268597474, -77.87282513720699
20231116_S01_to_S02, 1, 4354, 1700098737.3598988, 166.81258117297756, -77.8728402993933
20231116_S01_to_S02, 1, 4355, 1700098737.4601476, 166.8125853764471, -77.87285285978885
20231116_S01_to_S02, 1, 4356, 1700098737.560394, 166.8125848018988, -77.8728621495447
20231116_S01_to_S02, 1, 4357, 1700098737.660653, 166.81257895402126, -77.87286750099865
20231116_S01_to_S02, 1, 4358, 1700098737.7765145, 166.8125649797085, -77.87286790217905
20231116_S01_to_S02, 1, 4359, 1700098737.8767617, 166.8125460949533, -77.87286249949125
20231116_S01_to_S02, 1, 4360, 1700098737.9770095, 166.81252097473276, -77.87285171193732
20231116_S01_to_S02, 1, 4361, 1700098738.0772576, 166.81249057982168, -77.87283648732007
20231116_S01_to_S02, 1, 4362, 1700098738.1775157, 166.81245593917959, -77.87281785123888
20231116_S01_to_S02, 1, 4363, 1700098738.2933779, 166.8124119754767, -77.87279341381465
20231116_S01_to_S02, 1, 4364, 1700098738.393626, 166.81237170562596, -77.87277092501068
20231116_S01_to_S02, 1, 4365, 1700098738.4938753, 166.81233045174784, -77.87274826935725
20231116_S01_to_S02, 1, 4366, 1700098738.5941224, 166.8122892477662, -77.87272647518047
20231116_S01_to_S02, 1, 4367, 1700098738.6943707, 166.8122491248531, -77.87270656932004
20231116_S01_to_S02, 1, 4368, 1700098738.7946284, 166.8122111126569, -77.87268957821799
20231116_S01_to_S02, 1, 4369, 1700098738.9104898, 166.8121711713298, -77.87267492232992
20231116_S01_to_S02, 1, 4370, 1700098739.010738, 166.81214123274182, -77.87266771499706
20231116_S01_to_S02, 1, 4371, 1700098739.1109865, 166.81211666669998, -77.87266666669998
20231116_S01_to_S02, 1, 4372, 1700098739.211235, 166.81209820866215, -77.87267237401078
20231116_S01_to_S02, 1, 4373, 1700098739.311483, 166.81208540498704, -77.87268370908875
20231116_S01_to_S02, 1, 4374, 1700098739.411741, 166.8120775039852, -77.8726991149039
20231116_S01_to_S02, 1, 4375, 1700098739.527603, 166.81207349768985, -77.87271994475981
20231116_S01_to_S02, 1, 4376, 1700098739.627851, 166.81207361340955, -77.8727388184565
20231116_S01_to_S02, 1, 4377, 1700098739.7280986, 166.81207626247877, -77.872756841794
20231116_S01_to_S02, 1, 4378, 1700098739.8283494, 166.81208069410013, -77.8727724565251
20231116_S01_to_S02, 1, 4379, 1700098739.928599, 166.81208617157225, -77.87278429109489
20231116_S01_to_S02, 1, 4380, 1700098740.0444736, 166.81209297784983, -77.87279325575084
20231116_S01_to_S02, 1, 4381, 1700098740.144725, 166.812098609129, -77.87279755490442
20231116_S01_to_S02, 1, 4382, 1700098740.244975, 166.8121033817376, -77.87279922633971
20231116_S01_to_S02, 1, 4383, 1700098740.3517275, 166.81210685815037, -77.87279873578848
20231116_S01_to_S02, 1, 4384, 1700098740.451976, 166.81210799334963, -77.87279672379276
20231116_S01_to_S02, 1, 4385, 1700098740.5522413, 166.81210646355927, -77.87279377115027
20231116_S01_to_S02, 1, 4386, 1700098740.652507, 166.812101678848, -77.87279042892145
20231116_S01_to_S02, 1, 4387, 1700098740.752768, 166.81209305019712, -77.87278724811523
20231116_S01_to_S02, 1, 4388, 1700098740.8686478, 166.812077520541, -77.87278449237776
20231116_S01_to_S02, 1, 4389, 1700098740.9688957, 166.81205909612714, -77.872783306333
20231116_S01_to_S02, 1, 4390, 1700098741.0691438, 166.8120368328441, -77.87278316385088
20231116_S01_to_S02, 1, 4391, 1700098741.169391, 166.81201161371743, -77.87278394005159
20231116_S01_to_S02, 1, 4392, 1700098741.2696383, 166.81198432119623, -77.87278551006449
20231116_S01_to_S02, 1, 4393, 1700098741.3698978, 166.81195583456304, -77.87278774932594
20231116_S01_to_S02, 1, 4394, 1700098741.4857705, 166.81192258538337, -77.87279100712622
20231116_S01_to_S02, 1, 4395, 1700098741.5860054, 166.8118945417892, -77.87279426306347
20231116_S01_to_S02, 1, 4396, 1700098741.6862533, 166.8118680896579, -77.8727977942673
20231116_S01_to_S02, 1, 4397, 1700098741.7865007, 166.8118441154926, -77.87280147545313
20231116_S01_to_S02, 1, 4398, 1700098741.8867526, 166.81182348427808, -77.87280518929691
20231116_S01_to_S02, 1, 4399, 1700098741.9870129, 166.81180667655832, -77.87280898778542
20231116_S01_to_S02, 1, 4400, 1700098742.102871, 166.81179214202925, -77.87281377253852
20231116_S01_to_S02, 1, 4401, 1700098742.2031207, 166.81178388383267, -77.87281851383493
20231116_S01_to_S02, 1, 4402, 1700098742.3033671, 166.8117797145918, -77.87282405302884
20231116_S01_to_S02, 1, 4403, 1700098742.4036171, 166.81177971247843, -77.87283061901368
20231116_S01_to_S02, 1, 4404, 1700098742.503872, 166.81178395646617, -77.87283844052865
20231116_S01_to_S02, 1, 4405, 1700098742.6197326, 166.811794252992, -77.87284934255862
20231116_S01_to_S02, 1, 4406, 1700098742.7199807, 166.81180791615657, -77.87286064649481
20231116_S01_to_S02, 1, 4407, 1700098742.8202286, 166.81182607245842, -77.87287392658355
20231116_S01_to_S02, 1, 4408, 1700098742.9204757, 166.81184864652104, -77.87288932389342
20231116_S01_to_S02, 1, 4409, 1700098743.0207236, 166.81187446949866, -77.8729063580535
20231116_S01_to_S02, 1, 4410, 1700098743.1209824, 166.81190190066866, -77.87292428070285
20231116_S01_to_S02, 1, 4411, 1700098743.2368565, 166.81193344724755, -77.87294511451292
20231116_S01_to_S02, 1, 4412, 1700098743.3370936, 166.81195873527392, -77.87296238857294
20231116_S01_to_S02, 1, 4413, 1700098743.4373422, 166.81198043837213, -77.87297818004106
20231116_S01_to_S02, 1, 4414, 1700098743.53759, 166.8119969078596, -77.87299173545553
20231116_S01_to_S02, 1, 4415, 1700098743.6378508, 166.8120064991021, -77.87300230473812
20231116_S01_to_S02, 1, 4416, 1700098743.7537248, 166.81200685543132, -77.87300981279688
20231116_S01_to_S02, 1, 4417, 1700098743.8539808, 166.81199601517363, -77.87301138415143
20231116_S01_to_S02, 1, 4418, 1700098743.9542308, 166.81197310234222, -77.87300759651147
20231116_S01_to_S02, 1, 4419, 1700098744.0609825, 166.81193358246142, -77.87299682797695
20231116_S01_to_S02, 1, 4420, 1700098744.1612315, 166.81188062059434, -77.87297963146928
20231116_S01_to_S02, 1, 4421, 1700098744.2614977, 166.81181318640526, -77.87295580082632
20231116_S01_to_S02, 1, 4422, 1700098744.361762, 166.8117350126808, -77.87292667323545
20231116_S01_to_S02, 1, 4423, 1700098744.4620202, 166.81164997634207, -77.87289364264683
20231116_S01_to_S02, 1, 4424, 1700098744.5779169, 166.8115481942067, -77.87285241885264
20231116_S01_to_S02, 1, 4425, 1700098744.678164, 166.81146153457038, -77.87281570951235
20231116_S01_to_S02, 1, 4426, 1700098744.7784107, 166.81138022642043, -77.87277948840922
20231116_S01_to_S02, 1, 4427, 1700098744.8786592, 166.81130810270358, -77.87274513629644
20231116_S01_to_S02, 1, 4428, 1700098744.9789054, 166.8112469994938, -77.87271348482587
20231116_S01_to_S02, 1, 4429, 1700098745.0791638, 166.8111957281543, -77.8726845296945
20231116_S01_to_S02, 1, 4430, 1700098745.1950252, 166.81114685903432, -77.87265434162353
20231116_S01_to_S02, 1, 4431, 1700098745.2952726, 166.81111193585662, -77.87263097591139
20231116_S01_to_S02, 1, 4432, 1700098745.3955207, 166.8110823361718, -77.87261009281714
20231116_S01_to_S02, 1, 4433, 1700098745.4957678, 166.8110566300683, -77.8725916239199
20231116_S01_to_S02, 1, 4434, 1700098745.5960155, 166.81103338676152, -77.87257550017893
20231116_S01_to_S02, 1, 4435, 1700098745.6962738, 166.8110111736158, -77.8725616515651
20231116_S01_to_S02, 1, 4436, 1700098745.8121355, 166.81098491510775, -77.87254839366622
20231116_S01_to_S02, 1, 4437, 1700098745.9123838, 166.81096015950163, -77.87253920459972
20231116_S01_to_S02, 1, 4438, 1700098746.012631, 166.8109332651907, -77.87253185463027
20231116_S01_to_S02, 1, 4439, 1700098746.1128793, 166.81090481346723, -77.87252594432809
20231116_S01_to_S02, 1, 4440, 1700098746.2131267, 166.81087540062336, -77.87252107231409
20231116_S01_to_S02, 1, 4441, 1700098746.329001, 166.81084098571674, -77.87251620817376
20231116_S01_to_S02, 1, 4442, 1700098746.429249, 166.8108115264661, -77.8725122085516
20231116_S01_to_S02, 1, 4443, 1700098746.5294967, 166.81078298589136, -77.87250798005827
20231116_S01_to_S02, 1, 4444, 1700098746.6297438, 166.81075595966385, -77.87250312118915
20231116_S01_to_S02, 1, 4445, 1700098746.729993, 166.8107310428188, -77.87249723027996
20231116_S01_to_S02, 1, 4446, 1700098746.8302424, 166.81070883167132, -77.87248990589572
20231116_S01_to_S02, 1, 4447, 1700098746.9461148, 166.81068711737575, -77.87247920359795
20231116_S01_to_S02, 1, 4448, 1700098747.0463781, 166.81067132975932, -77.87246798270729
20231116_S01_to_S02, 1, 4449, 1700098747.1466162, 166.81065760906458, -77.87245505182409
20231116_S01_to_S02, 1, 4450, 1700098747.2468643, 166.8106452636742, -77.87244050722911
20231116_S01_to_S02, 1, 4451, 1700098747.3471138, 166.81063360854716, -77.8724244503356
20231116_S01_to_S02, 1, 4452, 1700098747.447375, 166.8106219561157, -77.87240697967493
20231116_S01_to_S02, 1, 4453, 1700098747.563237, 166.81060759611435, -77.87238516358545
20231116_S01_to_S02, 1, 4454, 1700098747.663488, 166.81059361878044, -77.87236499313356
20231116_S01_to_S02, 1, 4455, 1700098747.77024, 166.81057634178904, -77.87234231356457
20231116_S01_to_S02, 1, 4456, 1700098747.8704884, 166.8105571487576, -77.87231999491169
20231116_S01_to_S02, 1, 4457, 1700098747.970737, 166.8105348293268, -77.87229697570406
20231116_S01_to_S02, 1, 4458, 1700098748.0710018, 166.81051008530684, -77.87227392683016
20231116_S01_to_S02, 1, 4459, 1700098748.1712663, 166.81048374566865, -77.87225157605816
20231116_S01_to_S02, 1, 4460, 1700098748.2715242, 166.81045663769987, -77.87223064869272
20231116_S01_to_S02, 1, 4461, 1700098748.3874233, 166.8104254230572, -77.87220917739208
20231116_S01_to_S02, 1, 4462, 1700098748.4876704, 166.81039946562657, -77.87219377988906
20231116_S01_to_S02, 1, 4463, 1700098748.5879183, 166.81037534237672, -77.8721820879222
20231116_S01_to_S02, 1, 4464, 1700098748.6881654, 166.8103538787587, -77.87217482531538
20231116_S01_to_S02, 1, 4465, 1700098748.7884245, 166.81033589779665, -77.87217271570796
20231116_S01_to_S02, 1, 4466, 1700098748.9042852, 166.8103205412797, -77.87217764586256
20231116_S01_to_S02, 1, 4467, 1700098749.0045319, 166.81031288133147, -77.8721891068493
20231116_S01_to_S02, 1, 4468, 1700098749.1047807, 166.81031130982674, -77.87220800491968
20231116_S01_to_S02, 1, 4469, 1700098749.2050278, 166.81031654092413, -77.87223479426429
20231116_S01_to_S02, 1, 4470, 1700098749.3052757, 166.8103285750272, -77.87226820284337
20231116_S01_to_S02, 1, 4471, 1700098749.4055333, 166.8103471323165, -77.87230627851075
20231116_S01_to_S02, 1, 4472, 1700098749.5213957, 166.81037633168808, -77.87235352451962
20231116_S01_to_S02, 1, 4473, 1700098749.621643, 166.8104079837559, -77.87239499016141
20231116_S01_to_S02, 1, 4474, 1700098749.7218914, 166.8104452652995, -77.87243494165622
20231116_S01_to_S02, 1, 4475, 1700098749.822139, 166.81048789309483, -77.87247142078665
20231116_S01_to_S02, 1, 4476, 1700098749.9223866, 166.8105354782053, -77.87250272843465
20231116_S01_to_S02, 1, 4477, 1700098750.0226455, 166.81058695257306, -77.87252882664232
20231116_S01_to_S02, 1, 4478, 1700098750.1385078, 166.81064951341102, -77.87255330000976
20231116_S01_to_S02, 1, 4479, 1700098750.238755, 166.81070477777894, -77.87257025489338
20231116_S01_to_S02, 1, 4480, 1700098750.3390036, 166.8107596806358, -77.87258394397249
20231116_S01_to_S02, 1, 4481, 1700098750.439254, 166.81081287662204, -77.87259498435382
20231116_S01_to_S02, 1, 4482, 1700098750.5395117, 166.8108630224828, -77.87260399355405
20231116_S01_to_S02, 1, 4483, 1700098750.6553745, 166.81091540611678, -77.87261268280353
20231116_S01_to_S02, 1, 4484, 1700098750.755624, 166.81095438792607, -77.87261941083594
20231116_S01_to_S02, 1, 4485, 1700098750.8558736, 166.81098607142218, -77.87262605455874
20231116_S01_to_S02, 1, 4486, 1700098750.9561236, 166.81100978783982, -77.87263308161317
20231116_S01_to_S02, 1, 4487, 1700098751.0563715, 166.81102657450396, -77.87264058214983
20231116_S01_to_S02, 1, 4488, 1700098751.1566334, 166.81103773651625, -77.87264858911365
20231116_S01_to_S02, 1, 4489, 1700098751.2724967, 166.8110453344819, -77.87265851297545
20231116_S01_to_S02, 1, 4490, 1700098751.3647277, 166.8110485957992, -77.87266695793659
20231116_S01_to_S02, 1, 4491, 1700098751.4649847, 166.81105062167472, -77.87267671715544
20231116_S01_to_S02, 1, 4492, 1700098751.5808473, 166.8110526563499, -77.87268878764836
20231116_S01_to_S02, 1, 4493, 1700098751.681095, 166.81105562934272, -77.87269995264695
20231116_S01_to_S02, 1, 4494, 1700098751.781342, 166.811061098161, -77.87271182001932
20231116_S01_to_S02, 1, 4495, 1700098751.8815908, 166.81107035243002, -77.87272441930016
20231116_S01_to_S02, 1, 4496, 1700098751.981852, 166.8110839148955, -77.87273764943629
20231116_S01_to_S02, 1, 4497, 1700098752.0977125, 166.81110411177335, -77.87275332630415
20231116_S01_to_S02, 1, 4498, 1700098752.1979594, 166.81112467095497, -77.87276686660317
20231116_S01_to_S02, 1, 4499, 1700098752.2982183, 166.81114732394147, -77.87278005237167
