Name;Station;Time(norwegian mean time);Air temperature;Precipitation (1 h)
Svalbard Lufthavn;SN99840;01.11.2023 01:00;-6.5;0
Svalbard Lufthavn;SN99840;01.11.2023 02:00;-6.5;0
Svalbard Lufthavn;SN99840;01.11.2023 03:00;-6.9;0
Svalbard Lufthavn;SN99840;01.11.2023 04:00;-7.9;0
Svalbard Lufthavn;SN99840;01.11.2023 05:00;-8.5;0
Svalbard Lufthavn;SN99840;01.11.2023 06:00;-9.6;0
Svalbard Lufthavn;SN99840;01.11.2023 07:00;-9.4;0
Svalbard Lufthavn;SN99840;01.11.2023 08:00;-8.1;0
Svalbard Lufthavn;SN99840;01.11.2023 09:00;-9.8;0
Svalbard Lufthavn;SN99840;01.11.2023 10:00;-10;0
Svalbard Lufthavn;SN99840;01.11.2023 11:00;-9.3;0
Svalbard Lufthavn;SN99840;01.11.2023 12:00;-10.9;0
Svalbard Lufthavn;SN99840;01.11.2023 13:00;-9.9;0
Svalbard Lufthavn;SN99840;01.11.2023 14:00;-10.5;0
Svalbard Lufthavn;SN99840;01.11.2023 15:00;-10.9;0
Svalbard Lufthavn;SN99840;01.11.2023 16:00;-11.2;0
Svalbard Lufthavn;SN99840;01.11.2023 17:00;-11.1;0
Svalbard Lufthavn;SN99840;01.11.2023 18:00;-11.8;0
Svalbard Lufthavn;SN99840;01.11.2023 19:00;-11.5;0
Svalbard Lufthavn;SN99840;01.11.2023 20:00;-11.9;0
Svalbard Lufthavn;SN99840;01.11.2023 21:00;-12.4;0
Svalbard Lufthavn;SN99840;01.11.2023 22:00;-13.4;0
Svalbard Lufthavn;SN99840;01.11.2023 23:00;-12.7;0
Svalbard Lufthavn;SN99840;02.11.2023 00:00;-12.4;0
Svalbard Lufthavn;SN99840;02.11.2023 01:00;-12;0
Svalbard Lufthavn;SN99840;02.11.2023 02:00;-12.5;0
Svalbard Lufthavn;SN99840;02.11.2023 03:00;-12;0
Svalbard Lufthavn;SN99840;02.11.2023 04:00;-12.6;0
Svalbard Lufthavn;SN99840;02.11.2023 05:00;-13.1;0
Svalbard Lufthavn;SN99840;02.11.2023 06:00;-12.5;0
Svalbard Lufthavn;SN99840;02.11.2023 07:00;-12.2;0
Svalbard Lufthavn;SN99840;02.11.2023 08:00;-11.3;0
Svalbard Lufthavn;SN99840;02.11.2023 09:00;-12.3;0
Svalbard Lufthavn;SN99840;02.11.2023 10:00;-12.1;0
Svalbard Lufthavn;SN99840;02.11.2023 11:00;-11.5;0
Svalbard Lufthavn;SN99840;02.11.2023 12:00;-11;0
Svalbard Lufthavn;SN99840;02.11.2023 13:00;-10.9;0
Svalbard Lufthavn;SN99840;02.11.2023 14:00;-10.4;0
Svalbard Lufthavn;SN99840;02.11.2023 15:00;-9.7;0
Svalbard Lufthavn;SN99840;02.11.2023 16:00;-10;0
Svalbard Lufthavn;SN99840;02.11.2023 17:00;-10;0
Svalbard Lufthavn;SN99840;02.11.2023 18:00;-9.9;0
Svalbard Lufthavn;SN99840;02.11.2023 19:00;-9;0
Svalbard Lufthavn;SN99840;02.11.2023 20:00;-8.9;0
Svalbard Lufthavn;SN99840;02.11.2023 21:00;-8.5;0
Svalbard Lufthavn;SN99840;02.11.2023 22:00;-8.7;0
Svalbard Lufthavn;SN99840;02.11.2023 23:00;-8.4;0
Svalbard Lufthavn;SN99840;03.11.2023 00:00;-8.8;0
Svalbard Lufthavn;SN99840;03.11.2023 01:00;-8.9;0
Svalbard Lufthavn;SN99840;03.11.2023 02:00;-8.9;0
Svalbard Lufthavn;SN99840;03.11.2023 03:00;-8.5;0
Svalbard Lufthavn;SN99840;03.11.2023 04:00;-8.5;0
Svalbard Lufthavn;SN99840;03.11.2023 05:00;-8.3;0
Svalbard Lufthavn;SN99840;03.11.2023 06:00;-8.2;0
Svalbard Lufthavn;SN99840;03.11.2023 07:00;-8.2;0
Svalbard Lufthavn;SN99840;03.11.2023 08:00;-8.7;0
Svalbard Lufthavn;SN99840;03.11.2023 09:00;-8.5;0
Svalbard Lufthavn;SN99840;03.11.2023 10:00;-8.3;0
Svalbard Lufthavn;SN99840;03.11.2023 11:00;-8.4;0
Svalbard Lufthavn;SN99840;03.11.2023 12:00;-8;0
Svalbard Lufthavn;SN99840;03.11.2023 13:00;-7.8;0
Svalbard Lufthavn;SN99840;03.11.2023 14:00;-7.8;0.1
Svalbard Lufthavn;SN99840;03.11.2023 15:00;-7.3;0
Svalbard Lufthavn;SN99840;03.11.2023 16:00;-7.2;0
Svalbard Lufthavn;SN99840;03.11.2023 17:00;-7.4;0
Svalbard Lufthavn;SN99840;03.11.2023 18:00;-7.3;0
Svalbard Lufthavn;SN99840;03.11.2023 19:00;-6.8;0
Svalbard Lufthavn;SN99840;03.11.2023 20:00;-6.9;0
Svalbard Lufthavn;SN99840;03.11.2023 21:00;-7.1;0.1
Svalbard Lufthavn;SN99840;03.11.2023 22:00;-7.4;0
Svalbard Lufthavn;SN99840;03.11.2023 23:00;-7.3;0
Svalbard Lufthavn;SN99840;04.11.2023 00:00;-6.9;0
Svalbard Lufthavn;SN99840;04.11.2023 01:00;-7.4;0
Svalbard Lufthavn;SN99840;04.11.2023 02:00;-7.2;0
Svalbard Lufthavn;SN99840;04.11.2023 03:00;-6.9;0
Svalbard Lufthavn;SN99840;04.11.2023 04:00;-7.3;0
Svalbard Lufthavn;SN99840;04.11.2023 05:00;-7;0
Svalbard Lufthavn;SN99840;04.11.2023 06:00;-7.3;0
Svalbard Lufthavn;SN99840;04.11.2023 07:00;-6.9;0
Svalbard Lufthavn;SN99840;04.11.2023 08:00;-7.1;0
Svalbard Lufthavn;SN99840;04.11.2023 09:00;-7.5;0
Svalbard Lufthavn;SN99840;04.11.2023 10:00;-7.7;0
Svalbard Lufthavn;SN99840;04.11.2023 11:00;-8.1;0
Svalbard Lufthavn;SN99840;04.11.2023 12:00;-8.2;0
Svalbard Lufthavn;SN99840;04.11.2023 13:00;-8.3;0
Svalbard Lufthavn;SN99840;04.11.2023 14:00;-8.4;0
Svalbard Lufthavn;SN99840;04.11.2023 15:00;-8.7;0
Svalbard Lufthavn;SN99840;04.11.2023 16:00;-8.8;0
Svalbard Lufthavn;SN99840;04.11.2023 17:00;-8.9;0
Svalbard Lufthavn;SN99840;04.11.2023 18:00;-9.3;0
Svalbard Lufthavn;SN99840;04.11.2023 19:00;-10.3;0
Svalbard Lufthavn;SN99840;04.11.2023 20:00;-9.5;0
Svalbard Lufthavn;SN99840;04.11.2023 21:00;-9.9;0
Svalbard Lufthavn;SN99840;04.11.2023 22:00;-9.1;0
Svalbard Lufthavn;SN99840;04.11.2023 23:00;-9.2;0
Svalbard Lufthavn;SN99840;05.11.2023 00:00;-9.1;0
Svalbard Lufthavn;SN99840;05.11.2023 01:00;-9;0
Svalbard Lufthavn;SN99840;05.11.2023 02:00;-9.1;0
Svalbard Lufthavn;SN99840;05.11.2023 03:00;-9;0
Svalbard Lufthavn;SN99840;05.11.2023 04:00;-9.1;0.1
Svalbard Lufthavn;SN99840;05.11.2023 05:00;-9.4;0.2
Svalbard Lufthavn;SN99840;05.11.2023 06:00;-9.6;0.1
Svalbard Lufthavn;SN99840;05.11.2023 07:00;-9.5;0.3
Svalbard Lufthavn;SN99840;05.11.2023 08:00;-9.3;0.2
Svalbard Lufthavn;SN99840;05.11.2023 09:00;-9.3;0.1
Svalbard Lufthavn;SN99840;05.11.2023 10:00;-9.4;0.3
Svalbard Lufthavn;SN99840;05.11.2023 11:00;-9.6;0.1
Svalbard Lufthavn;SN99840;05.11.2023 12:00;-9.7;0.2
Svalbard Lufthavn;SN99840;05.11.2023 13:00;-9.9;0
Svalbard Lufthavn;SN99840;05.11.2023 14:00;-10.5;0
Svalbard Lufthavn;SN99840;05.11.2023 15:00;-11;0
Svalbard Lufthavn;SN99840;05.11.2023 16:00;-11.2;0
Svalbard Lufthavn;SN99840;05.11.2023 17:00;-10.9;0
Svalbard Lufthavn;SN99840;05.11.2023 18:00;-11.8;0
Svalbard Lufthavn;SN99840;05.11.2023 19:00;-11.8;0
Svalbard Lufthavn;SN99840;05.11.2023 20:00;-12.3;0
Svalbard Lufthavn;SN99840;05.11.2023 21:00;-11.7;0
Svalbard Lufthavn;SN99840;05.11.2023 22:00;-12.5;0
Svalbard Lufthavn;SN99840;05.11.2023 23:00;-13.1;0
Svalbard Lufthavn;SN99840;06.11.2023 00:00;-13.2;0
Svalbard Lufthavn;SN99840;06.11.2023 01:00;-13.6;0
Svalbard Lufthavn;SN99840;06.11.2023 02:00;-15;0
Svalbard Lufthavn;SN99840;06.11.2023 03:00;-14.2;0
Svalbard Lufthavn;SN99840;06.11.2023 04:00;-14.3;0
Svalbard Lufthavn;SN99840;06.11.2023 05:00;-12.8;0
Svalbard Lufthavn;SN99840;06.11.2023 06:00;-13.4;0
Svalbard Lufthavn;SN99840;06.11.2023 07:00;-14;0
Svalbard Lufthavn;SN99840;06.11.2023 08:00;-14.4;0
Svalbard Lufthavn;SN99840;06.11.2023 09:00;-15.3;0
Svalbard Lufthavn;SN99840;06.11.2023 10:00;-15;0
Svalbard Lufthavn;SN99840;06.11.2023 11:00;-15.6;0
Svalbard Lufthavn;SN99840;06.11.2023 12:00;-15.2;0
Svalbard Lufthavn;SN99840;06.11.2023 13:00;-15.1;0
Svalbard Lufthavn;SN99840;06.11.2023 14:00;-14.5;0
Svalbard Lufthavn;SN99840;06.11.2023 15:00;-14.1;0
Svalbard Lufthavn;SN99840;06.11.2023 16:00;-12.8;0
Svalbard Lufthavn;SN99840;06.11.2023 17:00;-14.1;0
Svalbard Lufthavn;SN99840;06.11.2023 18:00;-13.8;0
Svalbard Lufthavn;SN99840;06.11.2023 19:00;-13.7;0
Svalbard Lufthavn;SN99840;06.11.2023 20:00;-15.2;0
Svalbard Lufthavn;SN99840;06.11.2023 21:00;-13.8;0
Svalbard Lufthavn;SN99840;06.11.2023 22:00;-12.8;0
Svalbard Lufthavn;SN99840;06.11.2023 23:00;-12.8;0
Svalbard Lufthavn;SN99840;07.11.2023 00:00;-12.5;0
Svalbard Lufthavn;SN99840;07.11.2023 01:00;-12.6;0
Svalbard Lufthavn;SN99840;07.11.2023 02:00;-12.2;0
Svalbard Lufthavn;SN99840;07.11.2023 03:00;-11.7;0
Svalbard Lufthavn;SN99840;07.11.2023 04:00;-11.6;0
Svalbard Lufthavn;SN99840;07.11.2023 05:00;-10.9;0
Svalbard Lufthavn;SN99840;07.11.2023 06:00;-10.6;0
Svalbard Lufthavn;SN99840;07.11.2023 07:00;-12.5;0
Svalbard Lufthavn;SN99840;07.11.2023 08:00;-12.2;0
Svalbard Lufthavn;SN99840;07.11.2023 09:00;-12.6;0
Svalbard Lufthavn;SN99840;07.11.2023 10:00;-12.8;0
Svalbard Lufthavn;SN99840;07.11.2023 11:00;-13;0
Svalbard Lufthavn;SN99840;07.11.2023 12:00;-12.5;0
Svalbard Lufthavn;SN99840;07.11.2023 13:00;-13.1;0
Svalbard Lufthavn;SN99840;07.11.2023 14:00;-13.6;0
Svalbard Lufthavn;SN99840;07.11.2023 15:00;-13.4;0
Svalbard Lufthavn;SN99840;07.11.2023 16:00;-13.1;0
Svalbard Lufthavn;SN99840;07.11.2023 17:00;-12.5;0
Svalbard Lufthavn;SN99840;07.11.2023 18:00;-13.1;0
Svalbard Lufthavn;SN99840;07.11.2023 19:00;-12.4;0
Svalbard Lufthavn;SN99840;07.11.2023 20:00;-12.3;0
Svalbard Lufthavn;SN99840;07.11.2023 21:00;-11.3;0
Svalbard Lufthavn;SN99840;07.11.2023 22:00;-10.9;0
Svalbard Lufthavn;SN99840;07.11.2023 23:00;-10.1;0
Svalbard Lufthavn;SN99840;08.11.2023 00:00;-9.3;0
Svalbard Lufthavn;SN99840;08.11.2023 01:00;-9;0
Svalbard Lufthavn;SN99840;08.11.2023 02:00;-7.9;0.1
Svalbard Lufthavn;SN99840;08.11.2023 03:00;-7.1;0.4
Svalbard Lufthavn;SN99840;08.11.2023 04:00;-6.5;0.6
Svalbard Lufthavn;SN99840;08.11.2023 05:00;-5.9;0.1
Svalbard Lufthavn;SN99840;08.11.2023 06:00;-5.6;0
Svalbard Lufthavn;SN99840;08.11.2023 07:00;-7.1;0
Svalbard Lufthavn;SN99840;08.11.2023 08:00;-5.8;0
Svalbard Lufthavn;SN99840;08.11.2023 09:00;-4.2;0
Svalbard Lufthavn;SN99840;08.11.2023 10:00;-3.2;0
Svalbard Lufthavn;SN99840;08.11.2023 11:00;-2.7;0
Svalbard Lufthavn;SN99840;08.11.2023 12:00;-3.2;0
Svalbard Lufthavn;SN99840;08.11.2023 13:00;-3;0
Svalbard Lufthavn;SN99840;08.11.2023 14:00;-4.8;0
Svalbard Lufthavn;SN99840;08.11.2023 15:00;-4;0
Svalbard Lufthavn;SN99840;08.11.2023 16:00;-4.7;0
Svalbard Lufthavn;SN99840;08.11.2023 17:00;-4;0
Svalbard Lufthavn;SN99840;08.11.2023 18:00;-3.5;0
Svalbard Lufthavn;SN99840;08.11.2023 19:00;-3.1;0
Svalbard Lufthavn;SN99840;08.11.2023 20:00;-3.4;0
Svalbard Lufthavn;SN99840;08.11.2023 21:00;-3.4;0
Svalbard Lufthavn;SN99840;08.11.2023 22:00;-2.5;0
Svalbard Lufthavn;SN99840;08.11.2023 23:00;-2.8;0
Svalbard Lufthavn;SN99840;09.11.2023 00:00;-2.9;0
Svalbard Lufthavn;SN99840;09.11.2023 01:00;-3.1;0
Svalbard Lufthavn;SN99840;09.11.2023 02:00;-2.7;0
Svalbard Lufthavn;SN99840;09.11.2023 03:00;-2.9;0
Svalbard Lufthavn;SN99840;09.11.2023 04:00;-2.6;0.3
Svalbard Lufthavn;SN99840;09.11.2023 05:00;-2.3;0
Svalbard Lufthavn;SN99840;09.11.2023 06:00;-2.3;0
Svalbard Lufthavn;SN99840;09.11.2023 07:00;-2.9;0.2
Svalbard Lufthavn;SN99840;09.11.2023 08:00;-3.7;0.3
Svalbard Lufthavn;SN99840;09.11.2023 09:00;-3.6;0.2
Svalbard Lufthavn;SN99840;09.11.2023 10:00;-2.9;0.1
Svalbard Lufthavn;SN99840;09.11.2023 11:00;-3.2;0.3
Svalbard Lufthavn;SN99840;09.11.2023 12:00;-3.5;0.1
Svalbard Lufthavn;SN99840;09.11.2023 13:00;-3.3;0
Svalbard Lufthavn;SN99840;09.11.2023 14:00;-2.6;0.3
Svalbard Lufthavn;SN99840;09.11.2023 15:00;-2.9;0.3
Svalbard Lufthavn;SN99840;09.11.2023 16:00;-2.6;0.4
Svalbard Lufthavn;SN99840;09.11.2023 17:00;-2.2;0.4
Svalbard Lufthavn;SN99840;09.11.2023 18:00;-2.3;0.3
Svalbard Lufthavn;SN99840;09.11.2023 19:00;-2.3;0.1
Svalbard Lufthavn;SN99840;09.11.2023 20:00;-2.3;0
Svalbard Lufthavn;SN99840;09.11.2023 21:00;-3;0
Svalbard Lufthavn;SN99840;09.11.2023 22:00;-3.5;0
Svalbard Lufthavn;SN99840;09.11.2023 23:00;-3.9;0
Svalbard Lufthavn;SN99840;10.11.2023 00:00;-4.7;0
Svalbard Lufthavn;SN99840;10.11.2023 01:00;-4.6;0
Svalbard Lufthavn;SN99840;10.11.2023 02:00;-5.4;0
Svalbard Lufthavn;SN99840;10.11.2023 03:00;-5;0
Svalbard Lufthavn;SN99840;10.11.2023 04:00;-5.1;0
Svalbard Lufthavn;SN99840;10.11.2023 05:00;-6;0
Svalbard Lufthavn;SN99840;10.11.2023 06:00;-5.8;0
Svalbard Lufthavn;SN99840;10.11.2023 07:00;-5.8;0
Svalbard Lufthavn;SN99840;10.11.2023 08:00;-6.6;0
Svalbard Lufthavn;SN99840;10.11.2023 09:00;-6.9;0.2
Svalbard Lufthavn;SN99840;10.11.2023 10:00;-6.9;0
Svalbard Lufthavn;SN99840;10.11.2023 11:00;-7.5;0
Svalbard Lufthavn;SN99840;10.11.2023 12:00;-7.6;0
Svalbard Lufthavn;SN99840;10.11.2023 13:00;-7.2;0
Svalbard Lufthavn;SN99840;10.11.2023 14:00;-7.2;0
Svalbard Lufthavn;SN99840;10.11.2023 15:00;-7.7;0
Svalbard Lufthavn;SN99840;10.11.2023 16:00;-7.6;0
Svalbard Lufthavn;SN99840;10.11.2023 17:00;-8;0
Svalbard Lufthavn;SN99840;10.11.2023 18:00;-8;0
Svalbard Lufthavn;SN99840;10.11.2023 19:00;-8.2;0
Svalbard Lufthavn;SN99840;10.11.2023 20:00;-8.5;0
Svalbard Lufthavn;SN99840;10.11.2023 21:00;-9.7;0
Svalbard Lufthavn;SN99840;10.11.2023 22:00;-9.6;0
Svalbard Lufthavn;SN99840;10.11.2023 23:00;-9.4;0
Svalbard Lufthavn;SN99840;11.11.2023 00:00;-9.9;0
Svalbard Lufthavn;SN99840;11.11.2023 01:00;-11;0
Svalbard Lufthavn;SN99840;11.11.2023 02:00;-10.5;0
Svalbard Lufthavn;SN99840;11.11.2023 03:00;-10.4;0
Svalbard Lufthavn;SN99840;11.11.2023 04:00;-9.8;0
Svalbard Lufthavn;SN99840;11.11.2023 05:00;-10;0
Svalbard Lufthavn;SN99840;11.11.2023 06:00;-9.6;0
Svalbard Lufthavn;SN99840;11.11.2023 07:00;-9.2;0
Svalbard Lufthavn;SN99840;11.11.2023 08:00;-8.7;0
Svalbard Lufthavn;SN99840;11.11.2023 09:00;-8.3;0
Svalbard Lufthavn;SN99840;11.11.2023 10:00;-8.6;0
Svalbard Lufthavn;SN99840;11.11.2023 11:00;-8.6;0
Svalbard Lufthavn;SN99840;11.11.2023 12:00;-8.9;0
Svalbard Lufthavn;SN99840;11.11.2023 13:00;-8.2;0
Svalbard Lufthavn;SN99840;11.11.2023 14:00;-8.9;0
Svalbard Lufthavn;SN99840;11.11.2023 15:00;-7.3;0
Svalbard Lufthavn;SN99840;11.11.2023 16:00;-6.4;0
Svalbard Lufthavn;SN99840;11.11.2023 17:00;-6;0
Svalbard Lufthavn;SN99840;11.11.2023 18:00;-5.3;0
Svalbard Lufthavn;SN99840;11.11.2023 19:00;-5.5;0
Svalbard Lufthavn;SN99840;11.11.2023 20:00;-4.7;0
Svalbard Lufthavn;SN99840;11.11.2023 21:00;-4;0
Svalbard Lufthavn;SN99840;11.11.2023 22:00;-2.4;0
Svalbard Lufthavn;SN99840;11.11.2023 23:00;-2;0
Svalbard Lufthavn;SN99840;12.11.2023 00:00;-2.3;0
Svalbard Lufthavn;SN99840;12.11.2023 01:00;-2.7;0.3
Svalbard Lufthavn;SN99840;12.11.2023 02:00;-3.6;0.8
Svalbard Lufthavn;SN99840;12.11.2023 03:00;-4.1;0.3
Svalbard Lufthavn;SN99840;12.11.2023 04:00;-4.2;0
Svalbard Lufthavn;SN99840;12.11.2023 05:00;-4.6;0.2
Svalbard Lufthavn;SN99840;12.11.2023 06:00;-4.7;0.2
Svalbard Lufthavn;SN99840;12.11.2023 07:00;-4.9;0
Svalbard Lufthavn;SN99840;12.11.2023 08:00;-5.3;0
Svalbard Lufthavn;SN99840;12.11.2023 09:00;-4.2;0
Svalbard Lufthavn;SN99840;12.11.2023 10:00;-3.7;0
Svalbard Lufthavn;SN99840;12.11.2023 11:00;-4.9;0
Svalbard Lufthavn;SN99840;12.11.2023 12:00;-3.2;0
Svalbard Lufthavn;SN99840;12.11.2023 13:00;-3.3;0.1
Svalbard Lufthavn;SN99840;12.11.2023 14:00;-3.7;0.1
Svalbard Lufthavn;SN99840;12.11.2023 15:00;-4;0
Svalbard Lufthavn;SN99840;12.11.2023 16:00;-3.7;0
Svalbard Lufthavn;SN99840;12.11.2023 17:00;-3.4;0
Svalbard Lufthavn;SN99840;12.11.2023 18:00;-2.4;0
Svalbard Lufthavn;SN99840;12.11.2023 19:00;-2.6;0
Svalbard Lufthavn;SN99840;12.11.2023 20:00;-1.1;0
Svalbard Lufthavn;SN99840;12.11.2023 21:00;-2;0
Svalbard Lufthavn;SN99840;12.11.2023 22:00;-2.7;0.4
Svalbard Lufthavn;SN99840;12.11.2023 23:00;-3.5;0.4
Svalbard Lufthavn;SN99840;13.11.2023 00:00;-3.8;0
Svalbard Lufthavn;SN99840;13.11.2023 01:00;-4;0
Svalbard Lufthavn;SN99840;13.11.2023 02:00;-5;0
Svalbard Lufthavn;SN99840;13.11.2023 03:00;-5.7;0
Svalbard Lufthavn;SN99840;13.11.2023 04:00;-6.5;0
Svalbard Lufthavn;SN99840;13.11.2023 05:00;-7.1;0
Svalbard Lufthavn;SN99840;13.11.2023 06:00;-7.2;0
Svalbard Lufthavn;SN99840;13.11.2023 07:00;-7.3;0
Svalbard Lufthavn;SN99840;13.11.2023 08:00;-7.4;0
Svalbard Lufthavn;SN99840;13.11.2023 09:00;-7.6;0
Svalbard Lufthavn;SN99840;13.11.2023 10:00;-7.7;0
Svalbard Lufthavn;SN99840;13.11.2023 11:00;-7.9;0
Svalbard Lufthavn;SN99840;13.11.2023 12:00;-8;0
Svalbard Lufthavn;SN99840;13.11.2023 13:00;-8.1;0
Svalbard Lufthavn;SN99840;13.11.2023 14:00;-10.1;0
Svalbard Lufthavn;SN99840;13.11.2023 15:00;-9.8;0
Svalbard Lufthavn;SN99840;13.11.2023 16:00;-9.8;0
Svalbard Lufthavn;SN99840;13.11.2023 17:00;-10.5;0
Svalbard Lufthavn;SN99840;13.11.2023 18:00;-11;0
Svalbard Lufthavn;SN99840;13.11.2023 19:00;-11;0
Svalbard Lufthavn;SN99840;13.11.2023 20:00;-11.6;0
Svalbard Lufthavn;SN99840;13.11.2023 21:00;-9.7;0
Svalbard Lufthavn;SN99840;13.11.2023 22:00;-9.8;0
Svalbard Lufthavn;SN99840;13.11.2023 23:00;-9.7;0
Svalbard Lufthavn;SN99840;14.11.2023 00:00;-10;0
Svalbard Lufthavn;SN99840;14.11.2023 01:00;-9.9;0
Svalbard Lufthavn;SN99840;14.11.2023 02:00;-9.9;0
Svalbard Lufthavn;SN99840;14.11.2023 03:00;-10.1;0
Svalbard Lufthavn;SN99840;14.11.2023 04:00;-11;0
Svalbard Lufthavn;SN99840;14.11.2023 05:00;-11.2;0
Svalbard Lufthavn;SN99840;14.11.2023 06:00;-11.1;0
Svalbard Lufthavn;SN99840;14.11.2023 07:00;-11.6;0
Svalbard Lufthavn;SN99840;14.11.2023 08:00;-11.3;0
Svalbard Lufthavn;SN99840;14.11.2023 09:00;-11.8;0
Svalbard Lufthavn;SN99840;14.11.2023 10:00;-10.6;0
Svalbard Lufthavn;SN99840;14.11.2023 11:00;-10.6;0
Svalbard Lufthavn;SN99840;14.11.2023 12:00;-10.7;0
Svalbard Lufthavn;SN99840;14.11.2023 13:00;-10.9;0
Svalbard Lufthavn;SN99840;14.11.2023 14:00;-10.9;0
Svalbard Lufthavn;SN99840;14.11.2023 15:00;-11;0
Svalbard Lufthavn;SN99840;14.11.2023 16:00;-11.1;0
Svalbard Lufthavn;SN99840;14.11.2023 17:00;-11.2;0
Svalbard Lufthavn;SN99840;14.11.2023 18:00;-11.4;0
Svalbard Lufthavn;SN99840;14.11.2023 19:00;-11.3;0
Svalbard Lufthavn;SN99840;14.11.2023 20:00;-11.3;0
Svalbard Lufthavn;SN99840;14.11.2023 21:00;-11.4;0
Svalbard Lufthavn;SN99840;14.11.2023 22:00;-11.5;0
Svalbard Lufthavn;SN99840;14.11.2023 23:00;-11.9;0
Svalbard Lufthavn;SN99840;15.11.2023 00:00;-12.2;0
Svalbard Lufthavn;SN99840;15.11.2023 01:00;-12.4;0
Svalbard Lufthavn;SN99840;15.11.2023 02:00;-12.6;0
Svalbard Lufthavn;SN99840;15.11.2023 03:00;-12.4;0
Svalbard Lufthavn;SN99840;15.11.2023 04:00;-12.5;0
Svalbard Lufthavn;SN99840;15.11.2023 05:00;-12.5;0
Svalbard Lufthavn;SN99840;15.11.2023 06:00;-13.1;0
Svalbard Lufthavn;SN99840;15.11.2023 07:00;-14.2;0
Svalbard Lufthavn;SN99840;15.11.2023 08:00;-14.5;0
Svalbard Lufthavn;SN99840;15.11.2023 09:00;-14.9;0
Svalbard Lufthavn;SN99840;15.11.2023 10:00;-14.3;0
Svalbard Lufthavn;SN99840;15.11.2023 11:00;-16.1;0
Svalbard Lufthavn;SN99840;15.11.2023 12:00;-15.7;0
Svalbard Lufthavn;SN99840;15.11.2023 13:00;-15.6;0
Svalbard Lufthavn;SN99840;15.11.2023 14:00;-16.2;0
Svalbard Lufthavn;SN99840;15.11.2023 15:00;-16.2;0
Svalbard Lufthavn;SN99840;15.11.2023 16:00;-16.6;0
Svalbard Lufthavn;SN99840;15.11.2023 17:00;-15.8;0
Svalbard Lufthavn;SN99840;15.11.2023 18:00;-16.7;0
Svalbard Lufthavn;SN99840;15.11.2023 19:00;-16.5;0
Svalbard Lufthavn;SN99840;15.11.2023 20:00;-17.5;0
Svalbard Lufthavn;SN99840;15.11.2023 21:00;-17.3;0
Svalbard Lufthavn;SN99840;15.11.2023 22:00;-17.3;0
Svalbard Lufthavn;SN99840;15.11.2023 23:00;-17.9;0
Svalbard Lufthavn;SN99840;16.11.2023 00:00;-17.5;0
Svalbard Lufthavn;SN99840;16.11.2023 01:00;-17.2;0
Svalbard Lufthavn;SN99840;16.11.2023 02:00;-17.8;0
Svalbard Lufthavn;SN99840;16.11.2023 03:00;-17.7;0
Svalbard Lufthavn;SN99840;16.11.2023 04:00;-17.7;0
Svalbard Lufthavn;SN99840;16.11.2023 05:00;-15.7;0
Svalbard Lufthavn;SN99840;16.11.2023 06:00;-13.3;0
Svalbard Lufthavn;SN99840;16.11.2023 07:00;-11.5;0
Svalbard Lufthavn;SN99840;16.11.2023 08:00;-10.9;0
Svalbard Lufthavn;SN99840;16.11.2023 09:00;-11;0
Svalbard Lufthavn;SN99840;16.11.2023 10:00;-11.1;0
Svalbard Lufthavn;SN99840;16.11.2023 11:00;-10.7;0
Svalbard Lufthavn;SN99840;16.11.2023 12:00;-10.4;0
Svalbard Lufthavn;SN99840;16.11.2023 13:00;-10.3;0
Svalbard Lufthavn;SN99840;16.11.2023 14:00;-11;0
Svalbard Lufthavn;SN99840;16.11.2023 15:00;-11.1;0
Svalbard Lufthavn;SN99840;16.11.2023 16:00;-11.2;0
Svalbard Lufthavn;SN99840;16.11.2023 17:00;-11.5;0
Svalbard Lufthavn;SN99840;16.11.2023 18:00;-11.6;0
Svalbard Lufthavn;SN99840;16.11.2023 19:00;-11.2;0
Svalbard Lufthavn;SN99840;16.11.2023 20:00;-12.6;0
Svalbard Lufthavn;SN99840;16.11.2023 21:00;-12.7;0
Svalbard Lufthavn;SN99840;16.11.2023 22:00;-12.7;0
Svalbard Lufthavn;SN99840;16.11.2023 23:00;-13.1;0
Svalbard Lufthavn;SN99840;17.11.2023 00:00;-12.5;0
Svalbard Lufthavn;SN99840;17.11.2023 01:00;-11.2;0
Svalbard Lufthavn;SN99840;17.11.2023 02:00;-11.5;0
Svalbard Lufthavn;SN99840;17.11.2023 03:00;-13.2;0
Svalbard Lufthavn;SN99840;17.11.2023 04:00;-12.9;0
Svalbard Lufthavn;SN99840;17.11.2023 05:00;-12.5;0
Svalbard Lufthavn;SN99840;17.11.2023 06:00;-12.1;0
Svalbard Lufthavn;SN99840;17.11.2023 07:00;-12.2;0
Svalbard Lufthavn;SN99840;17.11.2023 08:00;-12.2;0
Svalbard Lufthavn;SN99840;17.11.2023 09:00;-12.3;0
Svalbard Lufthavn;SN99840;17.11.2023 10:00;-12.1;0
Svalbard Lufthavn;SN99840;17.11.2023 11:00;-12.5;0
Svalbard Lufthavn;SN99840;17.11.2023 12:00;-12.1;0
Svalbard Lufthavn;SN99840;17.11.2023 13:00;-12.8;0
Svalbard Lufthavn;SN99840;17.11.2023 14:00;-13;0
Svalbard Lufthavn;SN99840;17.11.2023 15:00;-11.7;0
Svalbard Lufthavn;SN99840;17.11.2023 16:00;-11.5;0
Svalbard Lufthavn;SN99840;17.11.2023 17:00;-11.8;0
Svalbard Lufthavn;SN99840;17.11.2023 18:00;-11.8;0
Svalbard Lufthavn;SN99840;17.11.2023 19:00;-11.3;0
Svalbard Lufthavn;SN99840;17.11.2023 20:00;-11.6;0
Svalbard Lufthavn;SN99840;17.11.2023 21:00;-11;0
Svalbard Lufthavn;SN99840;17.11.2023 22:00;-10.5;0
Svalbard Lufthavn;SN99840;17.11.2023 23:00;-11.7;0
Svalbard Lufthavn;SN99840;18.11.2023 00:00;-10.8;0
Svalbard Lufthavn;SN99840;18.11.2023 01:00;-10.8;0
Svalbard Lufthavn;SN99840;18.11.2023 02:00;-10.9;0
Svalbard Lufthavn;SN99840;18.11.2023 03:00;-11;0
Svalbard Lufthavn;SN99840;18.11.2023 04:00;-11;0
Svalbard Lufthavn;SN99840;18.11.2023 05:00;-11.3;0
Svalbard Lufthavn;SN99840;18.11.2023 06:00;-11.2;0
Svalbard Lufthavn;SN99840;18.11.2023 07:00;-11.3;0
Svalbard Lufthavn;SN99840;18.11.2023 08:00;-11.4;0
Svalbard Lufthavn;SN99840;18.11.2023 09:00;-12;0
Svalbard Lufthavn;SN99840;18.11.2023 10:00;-13.1;0
Svalbard Lufthavn;SN99840;18.11.2023 11:00;-13.1;0
Svalbard Lufthavn;SN99840;18.11.2023 12:00;-14.2;0
Svalbard Lufthavn;SN99840;18.11.2023 13:00;-13.9;0
Svalbard Lufthavn;SN99840;18.11.2023 14:00;-13.9;0
Svalbard Lufthavn;SN99840;18.11.2023 15:00;-14.5;0
Svalbard Lufthavn;SN99840;18.11.2023 16:00;-14;0
Svalbard Lufthavn;SN99840;18.11.2023 17:00;-13.4;0
Svalbard Lufthavn;SN99840;18.11.2023 18:00;-13.4;0
Svalbard Lufthavn;SN99840;18.11.2023 19:00;-13;0
Svalbard Lufthavn;SN99840;18.11.2023 20:00;-12.6;0
Svalbard Lufthavn;SN99840;18.11.2023 21:00;-11.8;0
Svalbard Lufthavn;SN99840;18.11.2023 22:00;-12.1;0
Svalbard Lufthavn;SN99840;18.11.2023 23:00;-12.2;0
Svalbard Lufthavn;SN99840;19.11.2023 00:00;-11.8;0
Svalbard Lufthavn;SN99840;19.11.2023 01:00;-12.3;0
Svalbard Lufthavn;SN99840;19.11.2023 02:00;-12.7;0
Svalbard Lufthavn;SN99840;19.11.2023 03:00;-12.9;0
Svalbard Lufthavn;SN99840;19.11.2023 04:00;-12.8;0
Svalbard Lufthavn;SN99840;19.11.2023 05:00;-12.7;0
Svalbard Lufthavn;SN99840;19.11.2023 06:00;-13.1;0
Svalbard Lufthavn;SN99840;19.11.2023 07:00;-12.7;0
Svalbard Lufthavn;SN99840;19.11.2023 08:00;-12.7;0
Svalbard Lufthavn;SN99840;19.11.2023 09:00;-12.4;0
Svalbard Lufthavn;SN99840;19.11.2023 10:00;-12.3;0
Svalbard Lufthavn;SN99840;19.11.2023 11:00;-12.1;0
Svalbard Lufthavn;SN99840;19.11.2023 12:00;-11.3;0
Svalbard Lufthavn;SN99840;19.11.2023 13:00;-11;0
Svalbard Lufthavn;SN99840;19.11.2023 14:00;-11.1;0
Svalbard Lufthavn;SN99840;19.11.2023 15:00;-10.4;0
Svalbard Lufthavn;SN99840;19.11.2023 16:00;-9.9;0
Svalbard Lufthavn;SN99840;19.11.2023 17:00;-10.1;0
Svalbard Lufthavn;SN99840;19.11.2023 18:00;-9.5;0
Svalbard Lufthavn;SN99840;19.11.2023 19:00;-9.3;0
Svalbard Lufthavn;SN99840;19.11.2023 20:00;-7.8;0
Svalbard Lufthavn;SN99840;19.11.2023 21:00;-7.4;0
Svalbard Lufthavn;SN99840;19.11.2023 22:00;-6.4;0
Svalbard Lufthavn;SN99840;19.11.2023 23:00;-4.8;0
Svalbard Lufthavn;SN99840;20.11.2023 00:00;-3.6;0
Svalbard Lufthavn;SN99840;20.11.2023 01:00;-2.9;0
Svalbard Lufthavn;SN99840;20.11.2023 02:00;-3.1;0
Svalbard Lufthavn;SN99840;20.11.2023 03:00;-2.3;0
Svalbard Lufthavn;SN99840;20.11.2023 04:00;-2.1;0
Svalbard Lufthavn;SN99840;20.11.2023 05:00;-1.8;0
Svalbard Lufthavn;SN99840;20.11.2023 06:00;-1.8;0
Svalbard Lufthavn;SN99840;20.11.2023 07:00;-1.7;0
Svalbard Lufthavn;SN99840;20.11.2023 08:00;-1.5;0
Svalbard Lufthavn;SN99840;20.11.2023 09:00;-1.6;0
Svalbard Lufthavn;SN99840;20.11.2023 10:00;-1;0
Svalbard Lufthavn;SN99840;20.11.2023 11:00;-1.6;0
Svalbard Lufthavn;SN99840;20.11.2023 12:00;-0.8;0
Svalbard Lufthavn;SN99840;20.11.2023 13:00;-0.9;0
Svalbard Lufthavn;SN99840;20.11.2023 14:00;-0.6;0
Svalbard Lufthavn;SN99840;20.11.2023 15:00;-0.8;0
Svalbard Lufthavn;SN99840;20.11.2023 16:00;-0.8;0
Svalbard Lufthavn;SN99840;20.11.2023 17:00;-1.1;0
Svalbard Lufthavn;SN99840;20.11.2023 18:00;-1.3;0
Svalbard Lufthavn;SN99840;20.11.2023 19:00;-0.9;0.1
Svalbard Lufthavn;SN99840;20.11.2023 20:00;-1;0
Svalbard Lufthavn;SN99840;20.11.2023 21:00;-0.8;0
Svalbard Lufthavn;SN99840;20.11.2023 22:00;-0.8;0
Svalbard Lufthavn;SN99840;20.11.2023 23:00;-0.3;0
Svalbard Lufthavn;SN99840;21.11.2023 00:00;0.1;0
Svalbard Lufthavn;SN99840;21.11.2023 01:00;0.6;0
Svalbard Lufthavn;SN99840;21.11.2023 02:00;1.5;0
Svalbard Lufthavn;SN99840;21.11.2023 03:00;0.6;0
Svalbard Lufthavn;SN99840;21.11.2023 04:00;2;0
Svalbard Lufthavn;SN99840;21.11.2023 05:00;2.1;0
Svalbard Lufthavn;SN99840;21.11.2023 06:00;1.4;0
Svalbard Lufthavn;SN99840;21.11.2023 07:00;0.6;0
Svalbard Lufthavn;SN99840;21.11.2023 08:00;1.8;0
Svalbard Lufthavn;SN99840;21.11.2023 09:00;1.3;0
Svalbard Lufthavn;SN99840;21.11.2023 10:00;1.8;-
Svalbard Lufthavn;SN99840;21.11.2023 11:00;0.5;0
Svalbard Lufthavn;SN99840;21.11.2023 12:00;1.3;0.1
Svalbard Lufthavn;SN99840;21.11.2023 13:00;0.8;0.1
Svalbard Lufthavn;SN99840;21.11.2023 14:00;0.6;0.1
Svalbard Lufthavn;SN99840;21.11.2023 15:00;0.4;0
Svalbard Lufthavn;SN99840;21.11.2023 16:00;0.2;0
Svalbard Lufthavn;SN99840;21.11.2023 17:00;0.9;0
Svalbard Lufthavn;SN99840;21.11.2023 18:00;1.2;0
Svalbard Lufthavn;SN99840;21.11.2023 19:00;2.7;0
Svalbard Lufthavn;SN99840;21.11.2023 20:00;1.4;0
Svalbard Lufthavn;SN99840;21.11.2023 21:00;1.1;0
Svalbard Lufthavn;SN99840;21.11.2023 22:00;0.7;0
Svalbard Lufthavn;SN99840;21.11.2023 23:00;1.3;0
Svalbard Lufthavn;SN99840;22.11.2023 00:00;2;0
Svalbard Lufthavn;SN99840;22.11.2023 01:00;3.3;0
Svalbard Lufthavn;SN99840;22.11.2023 02:00;3;0
Svalbard Lufthavn;SN99840;22.11.2023 03:00;3.2;0
Svalbard Lufthavn;SN99840;22.11.2023 04:00;2.7;0
Svalbard Lufthavn;SN99840;22.11.2023 05:00;3.1;0
Svalbard Lufthavn;SN99840;22.11.2023 06:00;3;0
Svalbard Lufthavn;SN99840;22.11.2023 07:00;3;0
Svalbard Lufthavn;SN99840;22.11.2023 08:00;2.7;0
Svalbard Lufthavn;SN99840;22.11.2023 09:00;2.2;0
Svalbard Lufthavn;SN99840;22.11.2023 10:00;2;0
Svalbard Lufthavn;SN99840;22.11.2023 11:00;2.1;0
Svalbard Lufthavn;SN99840;22.11.2023 12:00;2;0
Svalbard Lufthavn;SN99840;22.11.2023 13:00;1.5;0
Svalbard Lufthavn;SN99840;22.11.2023 14:00;1.6;0
Svalbard Lufthavn;SN99840;22.11.2023 15:00;1.6;0
Svalbard Lufthavn;SN99840;22.11.2023 16:00;1.6;0
Svalbard Lufthavn;SN99840;22.11.2023 17:00;1.5;0
Svalbard Lufthavn;SN99840;22.11.2023 18:00;1.6;0
Svalbard Lufthavn;SN99840;22.11.2023 19:00;1.3;0
Svalbard Lufthavn;SN99840;22.11.2023 20:00;0.9;0
Svalbard Lufthavn;SN99840;22.11.2023 21:00;1;0
Svalbard Lufthavn;SN99840;22.11.2023 22:00;0.6;0
Svalbard Lufthavn;SN99840;22.11.2023 23:00;1.4;0
Svalbard Lufthavn;SN99840;23.11.2023 00:00;0.4;0
Svalbard Lufthavn;SN99840;23.11.2023 01:00;0.2;0
Svalbard Lufthavn;SN99840;23.11.2023 02:00;-0.1;0
Svalbard Lufthavn;SN99840;23.11.2023 03:00;0.5;0
Svalbard Lufthavn;SN99840;23.11.2023 04:00;0.6;0
Svalbard Lufthavn;SN99840;23.11.2023 05:00;-0.2;0
Svalbard Lufthavn;SN99840;23.11.2023 06:00;-0.2;0
Svalbard Lufthavn;SN99840;23.11.2023 07:00;-1.1;0
Svalbard Lufthavn;SN99840;23.11.2023 08:00;-0.9;0
Svalbard Lufthavn;SN99840;23.11.2023 09:00;-1.3;0
Svalbard Lufthavn;SN99840;23.11.2023 10:00;-1.1;0
Svalbard Lufthavn;SN99840;23.11.2023 11:00;-1.4;0
Svalbard Lufthavn;SN99840;23.11.2023 12:00;-1.4;0
Svalbard Lufthavn;SN99840;23.11.2023 13:00;-2;0
Svalbard Lufthavn;SN99840;23.11.2023 14:00;-1.9;0
Svalbard Lufthavn;SN99840;23.11.2023 15:00;-1.4;0
Svalbard Lufthavn;SN99840;23.11.2023 16:00;-0.7;0
Svalbard Lufthavn;SN99840;23.11.2023 17:00;-1.5;0
Svalbard Lufthavn;SN99840;23.11.2023 18:00;-2.2;0
Svalbard Lufthavn;SN99840;23.11.2023 19:00;-1.9;0
Svalbard Lufthavn;SN99840;23.11.2023 20:00;-1.9;0
Svalbard Lufthavn;SN99840;23.11.2023 21:00;-2.4;0
Svalbard Lufthavn;SN99840;23.11.2023 22:00;-2.7;0
Svalbard Lufthavn;SN99840;23.11.2023 23:00;-2.8;0
Svalbard Lufthavn;SN99840;24.11.2023 00:00;-2.7;0
Svalbard Lufthavn;SN99840;24.11.2023 01:00;-3.3;0
Svalbard Lufthavn;SN99840;24.11.2023 02:00;-4.9;0
Svalbard Lufthavn;SN99840;24.11.2023 03:00;-6.2;0
Svalbard Lufthavn;SN99840;24.11.2023 04:00;-7.5;0
Svalbard Lufthavn;SN99840;24.11.2023 05:00;-6.5;0
Svalbard Lufthavn;SN99840;24.11.2023 06:00;-6.4;0
Svalbard Lufthavn;SN99840;24.11.2023 07:00;-7.2;0
Svalbard Lufthavn;SN99840;24.11.2023 08:00;-6;-
Svalbard Lufthavn;SN99840;24.11.2023 09:00;-4.6;0
Svalbard Lufthavn;SN99840;24.11.2023 10:00;-4.3;0
Svalbard Lufthavn;SN99840;24.11.2023 11:00;-4.2;0
Svalbard Lufthavn;SN99840;24.11.2023 12:00;-3.6;0
Svalbard Lufthavn;SN99840;24.11.2023 13:00;-1.5;0
Svalbard Lufthavn;SN99840;24.11.2023 14:00;-1.9;0
Svalbard Lufthavn;SN99840;24.11.2023 15:00;-2.4;0
Svalbard Lufthavn;SN99840;24.11.2023 16:00;-3.5;0
Svalbard Lufthavn;SN99840;24.11.2023 17:00;-4;0
Svalbard Lufthavn;SN99840;24.11.2023 18:00;-3.9;0
Svalbard Lufthavn;SN99840;24.11.2023 19:00;-3.8;0
Svalbard Lufthavn;SN99840;24.11.2023 20:00;-3.9;0
Svalbard Lufthavn;SN99840;24.11.2023 21:00;-4.2;0
Svalbard Lufthavn;SN99840;24.11.2023 22:00;-4.2;0
Svalbard Lufthavn;SN99840;24.11.2023 23:00;-4.4;0
Svalbard Lufthavn;SN99840;25.11.2023 00:00;-4.5;0
Svalbard Lufthavn;SN99840;25.11.2023 01:00;-4.6;0
Svalbard Lufthavn;SN99840;25.11.2023 02:00;-4.6;0
Svalbard Lufthavn;SN99840;25.11.2023 03:00;-4.7;0
Svalbard Lufthavn;SN99840;25.11.2023 04:00;-5;0
Svalbard Lufthavn;SN99840;25.11.2023 05:00;-5.3;0
Svalbard Lufthavn;SN99840;25.11.2023 06:00;-5.5;-
Svalbard Lufthavn;SN99840;25.11.2023 07:00;-5.5;0
Svalbard Lufthavn;SN99840;25.11.2023 08:00;-5.9;0
Svalbard Lufthavn;SN99840;25.11.2023 09:00;-5.9;0
Svalbard Lufthavn;SN99840;25.11.2023 10:00;-6;0
Svalbard Lufthavn;SN99840;25.11.2023 11:00;-6.1;0
Svalbard Lufthavn;SN99840;25.11.2023 12:00;-6.2;0
Svalbard Lufthavn;SN99840;25.11.2023 13:00;-6.1;0
Svalbard Lufthavn;SN99840;25.11.2023 14:00;-6.4;0
Svalbard Lufthavn;SN99840;25.11.2023 15:00;-6.5;0
Svalbard Lufthavn;SN99840;25.11.2023 16:00;-6.1;0
Svalbard Lufthavn;SN99840;25.11.2023 17:00;-6.4;0
Svalbard Lufthavn;SN99840;25.11.2023 18:00;-6.5;0
Svalbard Lufthavn;SN99840;25.11.2023 19:00;-6.3;0
Svalbard Lufthavn;SN99840;25.11.2023 20:00;-6.5;0
Svalbard Lufthavn;SN99840;25.11.2023 21:00;-6.2;0
Svalbard Lufthavn;SN99840;25.11.2023 22:00;-6.2;0
Svalbard Lufthavn;SN99840;25.11.2023 23:00;-6.1;0
Svalbard Lufthavn;SN99840;26.11.2023 00:00;-5.6;0
Svalbard Lufthavn;SN99840;26.11.2023 01:00;-5.8;0
Svalbard Lufthavn;SN99840;26.11.2023 02:00;-5.7;0
Svalbard Lufthavn;SN99840;26.11.2023 03:00;-5.9;-
Svalbard Lufthavn;SN99840;26.11.2023 04:00;-5.5;0
Svalbard Lufthavn;SN99840;26.11.2023 05:00;-5.8;0
Svalbard Lufthavn;SN99840;26.11.2023 06:00;-5.9;0
Svalbard Lufthavn;SN99840;26.11.2023 07:00;-5.5;0
Svalbard Lufthavn;SN99840;26.11.2023 08:00;-5.8;0
Svalbard Lufthavn;SN99840;26.11.2023 09:00;-5.4;0
Svalbard Lufthavn;SN99840;26.11.2023 10:00;-5.8;0
Svalbard Lufthavn;SN99840;26.11.2023 11:00;-5.4;0
Svalbard Lufthavn;SN99840;26.11.2023 12:00;-5;0
Svalbard Lufthavn;SN99840;26.11.2023 13:00;-4.5;0
Svalbard Lufthavn;SN99840;26.11.2023 14:00;-3.6;0
Svalbard Lufthavn;SN99840;26.11.2023 15:00;-1.5;0
Svalbard Lufthavn;SN99840;26.11.2023 16:00;0.4;0
Svalbard Lufthavn;SN99840;26.11.2023 17:00;0.7;0
Svalbard Lufthavn;SN99840;26.11.2023 18:00;1.3;-
Svalbard Lufthavn;SN99840;26.11.2023 19:00;1.6;0
Svalbard Lufthavn;SN99840;26.11.2023 20:00;2;0
Svalbard Lufthavn;SN99840;26.11.2023 21:00;1.6;0
Svalbard Lufthavn;SN99840;26.11.2023 22:00;1.7;0
Svalbard Lufthavn;SN99840;26.11.2023 23:00;1.3;0
Svalbard Lufthavn;SN99840;27.11.2023 00:00;1.3;0
Svalbard Lufthavn;SN99840;27.11.2023 01:00;1.7;0
Svalbard Lufthavn;SN99840;27.11.2023 02:00;2.2;0
Svalbard Lufthavn;SN99840;27.11.2023 03:00;2.2;0
Svalbard Lufthavn;SN99840;27.11.2023 04:00;2.5;0
Svalbard Lufthavn;SN99840;27.11.2023 05:00;2.7;0
Svalbard Lufthavn;SN99840;27.11.2023 06:00;2.5;0
Svalbard Lufthavn;SN99840;27.11.2023 07:00;2.4;0
Svalbard Lufthavn;SN99840;27.11.2023 08:00;2.3;0.1
Svalbard Lufthavn;SN99840;27.11.2023 09:00;2.4;0
Svalbard Lufthavn;SN99840;27.11.2023 10:00;2.6;0
Svalbard Lufthavn;SN99840;27.11.2023 11:00;3.2;0
Svalbard Lufthavn;SN99840;27.11.2023 12:00;3.4;0
Svalbard Lufthavn;SN99840;27.11.2023 13:00;3.7;0
Svalbard Lufthavn;SN99840;27.11.2023 14:00;4.1;0
Svalbard Lufthavn;SN99840;27.11.2023 15:00;4.5;0
Svalbard Lufthavn;SN99840;27.11.2023 16:00;4.8;0
Svalbard Lufthavn;SN99840;27.11.2023 17:00;4.4;0
Svalbard Lufthavn;SN99840;27.11.2023 18:00;4.6;0
Svalbard Lufthavn;SN99840;27.11.2023 19:00;4.6;0
Svalbard Lufthavn;SN99840;27.11.2023 20:00;4.1;0
Svalbard Lufthavn;SN99840;27.11.2023 21:00;3.6;0
Svalbard Lufthavn;SN99840;27.11.2023 22:00;3.6;0
Svalbard Lufthavn;SN99840;27.11.2023 23:00;3.5;0
Svalbard Lufthavn;SN99840;28.11.2023 00:00;3.8;0
Svalbard Lufthavn;SN99840;28.11.2023 01:00;3.8;0
Svalbard Lufthavn;SN99840;28.11.2023 02:00;4.1;0
Svalbard Lufthavn;SN99840;28.11.2023 03:00;4.1;0
Svalbard Lufthavn;SN99840;28.11.2023 04:00;3.8;0
Svalbard Lufthavn;SN99840;28.11.2023 05:00;3.8;0
Svalbard Lufthavn;SN99840;28.11.2023 06:00;3.3;0
Svalbard Lufthavn;SN99840;28.11.2023 07:00;3.8;0
Svalbard Lufthavn;SN99840;28.11.2023 08:00;3.9;0
Svalbard Lufthavn;SN99840;28.11.2023 09:00;2.8;0
Svalbard Lufthavn;SN99840;28.11.2023 10:00;3;0
Svalbard Lufthavn;SN99840;28.11.2023 11:00;3.4;0
Svalbard Lufthavn;SN99840;28.11.2023 12:00;2.9;0
Svalbard Lufthavn;SN99840;28.11.2023 13:00;2.7;0
Svalbard Lufthavn;SN99840;28.11.2023 14:00;3;0
Svalbard Lufthavn;SN99840;28.11.2023 15:00;2.5;0
Svalbard Lufthavn;SN99840;28.11.2023 16:00;2.6;0
Svalbard Lufthavn;SN99840;28.11.2023 17:00;2.6;0
Svalbard Lufthavn;SN99840;28.11.2023 18:00;2.5;0
Svalbard Lufthavn;SN99840;28.11.2023 19:00;2.9;0
Svalbard Lufthavn;SN99840;28.11.2023 20:00;2.5;0
Svalbard Lufthavn;SN99840;28.11.2023 21:00;2;0
Svalbard Lufthavn;SN99840;28.11.2023 22:00;1.5;0
Svalbard Lufthavn;SN99840;28.11.2023 23:00;1.1;0
Svalbard Lufthavn;SN99840;29.11.2023 00:00;0.9;0
Svalbard Lufthavn;SN99840;29.11.2023 01:00;0.5;0
Svalbard Lufthavn;SN99840;29.11.2023 02:00;0.6;0
Svalbard Lufthavn;SN99840;29.11.2023 03:00;0.7;0
Svalbard Lufthavn;SN99840;29.11.2023 04:00;1;0
Svalbard Lufthavn;SN99840;29.11.2023 05:00;-0.1;0
Svalbard Lufthavn;SN99840;29.11.2023 06:00;0.2;0
Svalbard Lufthavn;SN99840;29.11.2023 07:00;-0.2;0
Svalbard Lufthavn;SN99840;29.11.2023 08:00;-0.7;0
Svalbard Lufthavn;SN99840;29.11.2023 09:00;-0.4;0
Svalbard Lufthavn;SN99840;29.11.2023 10:00;-0.4;0
Svalbard Lufthavn;SN99840;29.11.2023 11:00;-0.4;0
Svalbard Lufthavn;SN99840;29.11.2023 12:00;1.4;0
Svalbard Lufthavn;SN99840;29.11.2023 13:00;1.4;0
Svalbard Lufthavn;SN99840;29.11.2023 14:00;1.4;0
Svalbard Lufthavn;SN99840;29.11.2023 15:00;1;0
Svalbard Lufthavn;SN99840;29.11.2023 16:00;0.6;0
Svalbard Lufthavn;SN99840;29.11.2023 17:00;0.1;0
Svalbard Lufthavn;SN99840;29.11.2023 18:00;-0.3;0
Svalbard Lufthavn;SN99840;29.11.2023 19:00;-1.1;0
Svalbard Lufthavn;SN99840;29.11.2023 20:00;-1.4;0
Svalbard Lufthavn;SN99840;29.11.2023 21:00;-1.8;0
Svalbard Lufthavn;SN99840;29.11.2023 22:00;-2;0
Svalbard Lufthavn;SN99840;29.11.2023 23:00;-2.4;0
Svalbard Lufthavn;SN99840;30.11.2023 00:00;-2.7;0
Svalbard Lufthavn;SN99840;30.11.2023 01:00;-3.2;0
Svalbard Lufthavn;SN99840;30.11.2023 02:00;-3.5;0
Svalbard Lufthavn;SN99840;30.11.2023 03:00;-4;0
Svalbard Lufthavn;SN99840;30.11.2023 04:00;-4.2;0
Svalbard Lufthavn;SN99840;30.11.2023 05:00;-4.2;0
Svalbard Lufthavn;SN99840;30.11.2023 06:00;-4.3;0
Svalbard Lufthavn;SN99840;30.11.2023 07:00;-4.5;0
Svalbard Lufthavn;SN99840;30.11.2023 08:00;-4.7;0
Svalbard Lufthavn;SN99840;30.11.2023 09:00;-4.6;0
Svalbard Lufthavn;SN99840;30.11.2023 10:00;-4.8;0
Svalbard Lufthavn;SN99840;30.11.2023 11:00;-5.2;0
Svalbard Lufthavn;SN99840;30.11.2023 12:00;-5.2;0
Svalbard Lufthavn;SN99840;30.11.2023 13:00;-5.5;0
Svalbard Lufthavn;SN99840;30.11.2023 14:00;-5.5;0
Svalbard Lufthavn;SN99840;30.11.2023 15:00;-5.8;0
Svalbard Lufthavn;SN99840;30.11.2023 16:00;-6.1;0
Svalbard Lufthavn;SN99840;30.11.2023 17:00;-6.2;0
Svalbard Lufthavn;SN99840;30.11.2023 18:00;-6.5;0
Svalbard Lufthavn;SN99840;30.11.2023 19:00;-6.6;0
Svalbard Lufthavn;SN99840;30.11.2023 20:00;-7;0
Svalbard Lufthavn;SN99840;30.11.2023 21:00;-7.2;0
Svalbard Lufthavn;SN99840;30.11.2023 22:00;-7.4;0
Svalbard Lufthavn;SN99840;30.11.2023 23:00;-7.6;0
Svalbard Lufthavn;SN99840;01.12.2023 00:00;-7.7;0
Svalbard Lufthavn;SN99840;01.12.2023 01:00;-8;0
Svalbard Lufthavn;SN99840;01.12.2023 02:00;-8.3;0
Svalbard Lufthavn;SN99840;01.12.2023 03:00;-8.9;0
Svalbard Lufthavn;SN99840;01.12.2023 04:00;-9.3;0
Svalbard Lufthavn;SN99840;01.12.2023 05:00;-10.1;0
Svalbard Lufthavn;SN99840;01.12.2023 06:00;-10;0
Svalbard Lufthavn;SN99840;01.12.2023 07:00;-10.1;0
Svalbard Lufthavn;SN99840;01.12.2023 08:00;-10.5;0
Svalbard Lufthavn;SN99840;01.12.2023 09:00;-10.4;0
Svalbard Lufthavn;SN99840;01.12.2023 10:00;-10.7;0
Svalbard Lufthavn;SN99840;01.12.2023 11:00;-11.1;0
Svalbard Lufthavn;SN99840;01.12.2023 12:00;-11.3;0
Svalbard Lufthavn;SN99840;01.12.2023 13:00;-11.7;0
Svalbard Lufthavn;SN99840;01.12.2023 14:00;-11.8;0
Svalbard Lufthavn;SN99840;01.12.2023 15:00;-12;0
Svalbard Lufthavn;SN99840;01.12.2023 16:00;-11.8;0
Svalbard Lufthavn;SN99840;01.12.2023 17:00;-11.1;0
Svalbard Lufthavn;SN99840;01.12.2023 18:00;-10.6;0
Svalbard Lufthavn;SN99840;01.12.2023 19:00;-10.4;0
Svalbard Lufthavn;SN99840;01.12.2023 20:00;-10;0
Svalbard Lufthavn;SN99840;01.12.2023 21:00;-9.8;0
Svalbard Lufthavn;SN99840;01.12.2023 22:00;-9.1;0
Svalbard Lufthavn;SN99840;01.12.2023 23:00;-8.3;0
Svalbard Lufthavn;SN99840;02.12.2023 00:00;-7.7;0
Svalbard Lufthavn;SN99840;02.12.2023 01:00;-7.2;0
Svalbard Lufthavn;SN99840;02.12.2023 02:00;-7;0
Svalbard Lufthavn;SN99840;02.12.2023 03:00;-6.7;0
Svalbard Lufthavn;SN99840;02.12.2023 04:00;-6.6;0
Svalbard Lufthavn;SN99840;02.12.2023 05:00;-6.6;0
Svalbard Lufthavn;SN99840;02.12.2023 06:00;-6.6;0
Svalbard Lufthavn;SN99840;02.12.2023 07:00;-6.5;0
Svalbard Lufthavn;SN99840;02.12.2023 08:00;-6.8;0
Svalbard Lufthavn;SN99840;02.12.2023 09:00;-6.9;0
Svalbard Lufthavn;SN99840;02.12.2023 10:00;-7.3;0
Svalbard Lufthavn;SN99840;02.12.2023 11:00;-7.7;0
Svalbard Lufthavn;SN99840;02.12.2023 12:00;-7.3;0
Svalbard Lufthavn;SN99840;02.12.2023 13:00;-7.2;0
Svalbard Lufthavn;SN99840;02.12.2023 14:00;-7.5;0
Svalbard Lufthavn;SN99840;02.12.2023 15:00;-8.5;0
Svalbard Lufthavn;SN99840;02.12.2023 16:00;-8.7;0
Svalbard Lufthavn;SN99840;02.12.2023 17:00;-8.4;0
Svalbard Lufthavn;SN99840;02.12.2023 18:00;-8.3;0
Svalbard Lufthavn;SN99840;02.12.2023 19:00;-8.6;0
Svalbard Lufthavn;SN99840;02.12.2023 20:00;-8.5;0
Svalbard Lufthavn;SN99840;02.12.2023 21:00;-8.2;0
Svalbard Lufthavn;SN99840;02.12.2023 22:00;-8.8;0
Svalbard Lufthavn;SN99840;02.12.2023 23:00;-9.1;0
Svalbard Lufthavn;SN99840;03.12.2023 00:00;-9;0
Svalbard Lufthavn;SN99840;03.12.2023 01:00;-8.9;0
Svalbard Lufthavn;SN99840;03.12.2023 02:00;-8.7;0
Svalbard Lufthavn;SN99840;03.12.2023 03:00;-8.7;0
Svalbard Lufthavn;SN99840;03.12.2023 04:00;-7.9;0
Svalbard Lufthavn;SN99840;03.12.2023 05:00;-7.2;0
Svalbard Lufthavn;SN99840;03.12.2023 06:00;-7.6;0
Svalbard Lufthavn;SN99840;03.12.2023 07:00;-6.7;0
Svalbard Lufthavn;SN99840;03.12.2023 08:00;-5.9;0
Svalbard Lufthavn;SN99840;03.12.2023 09:00;-5.8;0
Svalbard Lufthavn;SN99840;03.12.2023 10:00;-6.2;0
Svalbard Lufthavn;SN99840;03.12.2023 11:00;-6.8;0
Svalbard Lufthavn;SN99840;03.12.2023 12:00;-7;0
Svalbard Lufthavn;SN99840;03.12.2023 13:00;-7;0
Svalbard Lufthavn;SN99840;03.12.2023 14:00;-7.4;0
Svalbard Lufthavn;SN99840;03.12.2023 15:00;-8;0
Svalbard Lufthavn;SN99840;03.12.2023 16:00;-8.4;0
Svalbard Lufthavn;SN99840;03.12.2023 17:00;-9.5;0
Svalbard Lufthavn;SN99840;03.12.2023 18:00;-9.4;0
Svalbard Lufthavn;SN99840;03.12.2023 19:00;-11.1;0
Svalbard Lufthavn;SN99840;03.12.2023 20:00;-11.6;0
Svalbard Lufthavn;SN99840;03.12.2023 21:00;-11.6;0
Svalbard Lufthavn;SN99840;03.12.2023 22:00;-10;0
Svalbard Lufthavn;SN99840;03.12.2023 23:00;-10;0
Svalbard Lufthavn;SN99840;04.12.2023 00:00;-9.7;0
Svalbard Lufthavn;SN99840;04.12.2023 01:00;-10.8;0
Svalbard Lufthavn;SN99840;04.12.2023 02:00;-9.6;0
Svalbard Lufthavn;SN99840;04.12.2023 03:00;-8.9;0
Svalbard Lufthavn;SN99840;04.12.2023 04:00;-8.4;0
Svalbard Lufthavn;SN99840;04.12.2023 05:00;-7.8;0
Svalbard Lufthavn;SN99840;04.12.2023 06:00;-7.5;0
Svalbard Lufthavn;SN99840;04.12.2023 07:00;-7.7;0
Svalbard Lufthavn;SN99840;04.12.2023 08:00;-7.4;0
Svalbard Lufthavn;SN99840;04.12.2023 09:00;-6.5;0
Svalbard Lufthavn;SN99840;04.12.2023 10:00;-6;0
Svalbard Lufthavn;SN99840;04.12.2023 11:00;-6.2;0
Svalbard Lufthavn;SN99840;04.12.2023 12:00;-6.5;0
Svalbard Lufthavn;SN99840;04.12.2023 13:00;-5.9;0
Svalbard Lufthavn;SN99840;04.12.2023 14:00;-6.9;0
Svalbard Lufthavn;SN99840;04.12.2023 15:00;-6.1;0
Svalbard Lufthavn;SN99840;04.12.2023 16:00;-5.9;0
Svalbard Lufthavn;SN99840;04.12.2023 17:00;-5.8;0
Svalbard Lufthavn;SN99840;04.12.2023 18:00;-5.4;0
Svalbard Lufthavn;SN99840;04.12.2023 19:00;-4.5;0
Svalbard Lufthavn;SN99840;04.12.2023 20:00;-4.7;0
Svalbard Lufthavn;SN99840;04.12.2023 21:00;-4.5;0
Svalbard Lufthavn;SN99840;04.12.2023 22:00;-4.1;0
Svalbard Lufthavn;SN99840;04.12.2023 23:00;-4;0
Svalbard Lufthavn;SN99840;05.12.2023 00:00;-3.6;0
Svalbard Lufthavn;SN99840;05.12.2023 01:00;-3.5;0
Svalbard Lufthavn;SN99840;05.12.2023 02:00;-2.8;0
Svalbard Lufthavn;SN99840;05.12.2023 03:00;-2.3;0
Svalbard Lufthavn;SN99840;05.12.2023 04:00;-2.7;0
Svalbard Lufthavn;SN99840;05.12.2023 05:00;-3.1;0
Svalbard Lufthavn;SN99840;05.12.2023 06:00;-2.9;0
Svalbard Lufthavn;SN99840;05.12.2023 07:00;-3.6;0
Svalbard Lufthavn;SN99840;05.12.2023 08:00;-4.2;0
Svalbard Lufthavn;SN99840;05.12.2023 09:00;-4.1;0
Svalbard Lufthavn;SN99840;05.12.2023 10:00;-3.7;0
Svalbard Lufthavn;SN99840;05.12.2023 11:00;-4.5;0
Svalbard Lufthavn;SN99840;05.12.2023 12:00;-4.7;0
Svalbard Lufthavn;SN99840;05.12.2023 13:00;-4.9;0
Svalbard Lufthavn;SN99840;05.12.2023 14:00;-4.7;0
Svalbard Lufthavn;SN99840;05.12.2023 15:00;-4.6;0
Svalbard Lufthavn;SN99840;05.12.2023 16:00;-4.1;0
Svalbard Lufthavn;SN99840;05.12.2023 17:00;-4.2;0
Svalbard Lufthavn;SN99840;05.12.2023 18:00;-4.5;0
Svalbard Lufthavn;SN99840;05.12.2023 19:00;-4.8;0
Svalbard Lufthavn;SN99840;05.12.2023 20:00;-4.8;0
Svalbard Lufthavn;SN99840;05.12.2023 21:00;-5.3;0
Svalbard Lufthavn;SN99840;05.12.2023 22:00;-4.9;0
Svalbard Lufthavn;SN99840;05.12.2023 23:00;-5;0
Svalbard Lufthavn;SN99840;06.12.2023 00:00;-4.8;0
Svalbard Lufthavn;SN99840;06.12.2023 01:00;-5;0
Svalbard Lufthavn;SN99840;06.12.2023 02:00;-5;0
Svalbard Lufthavn;SN99840;06.12.2023 03:00;-4.5;0
Svalbard Lufthavn;SN99840;06.12.2023 04:00;-4.7;0
Svalbard Lufthavn;SN99840;06.12.2023 05:00;-4.4;0
Svalbard Lufthavn;SN99840;06.12.2023 06:00;-4.6;0
Svalbard Lufthavn;SN99840;06.12.2023 07:00;-4.4;0
Svalbard Lufthavn;SN99840;06.12.2023 08:00;-4.5;0
Svalbard Lufthavn;SN99840;06.12.2023 09:00;-4.3;0
Svalbard Lufthavn;SN99840;06.12.2023 10:00;-4.5;0
Svalbard Lufthavn;SN99840;06.12.2023 11:00;-4.1;0
Svalbard Lufthavn;SN99840;06.12.2023 12:00;-4.6;0
Svalbard Lufthavn;SN99840;06.12.2023 13:00;-4.7;0
Svalbard Lufthavn;SN99840;06.12.2023 14:00;-4;0
Svalbard Lufthavn;SN99840;06.12.2023 15:00;-3.4;0
Svalbard Lufthavn;SN99840;06.12.2023 16:00;-3.7;0
Svalbard Lufthavn;SN99840;06.12.2023 17:00;-3.5;0
Svalbard Lufthavn;SN99840;06.12.2023 18:00;-4;0
Svalbard Lufthavn;SN99840;06.12.2023 19:00;-4;0
Svalbard Lufthavn;SN99840;06.12.2023 20:00;-4;0
Svalbard Lufthavn;SN99840;06.12.2023 21:00;-4.1;0
Svalbard Lufthavn;SN99840;06.12.2023 22:00;-4.1;0
Svalbard Lufthavn;SN99840;06.12.2023 23:00;-3.9;0
Svalbard Lufthavn;SN99840;07.12.2023 00:00;-3.9;0
Svalbard Lufthavn;SN99840;07.12.2023 01:00;-3.9;0
Svalbard Lufthavn;SN99840;07.12.2023 02:00;-4;0
Svalbard Lufthavn;SN99840;07.12.2023 03:00;-4.3;0
Svalbard Lufthavn;SN99840;07.12.2023 04:00;-4.5;0
Svalbard Lufthavn;SN99840;07.12.2023 05:00;-4.8;0
Svalbard Lufthavn;SN99840;07.12.2023 06:00;-4.3;0
Svalbard Lufthavn;SN99840;07.12.2023 07:00;-4.6;0
Svalbard Lufthavn;SN99840;07.12.2023 08:00;-4.9;0
Svalbard Lufthavn;SN99840;07.12.2023 09:00;-4.8;0
Svalbard Lufthavn;SN99840;07.12.2023 10:00;-4.3;0
Svalbard Lufthavn;SN99840;07.12.2023 11:00;-4;0
Svalbard Lufthavn;SN99840;07.12.2023 12:00;-3.8;0
Svalbard Lufthavn;SN99840;07.12.2023 13:00;-3;0
Svalbard Lufthavn;SN99840;07.12.2023 14:00;-2.8;0
Svalbard Lufthavn;SN99840;07.12.2023 15:00;-2.5;0
Svalbard Lufthavn;SN99840;07.12.2023 16:00;-3;0
Svalbard Lufthavn;SN99840;07.12.2023 17:00;-2.8;0
Svalbard Lufthavn;SN99840;07.12.2023 18:00;-3.2;0
Svalbard Lufthavn;SN99840;07.12.2023 19:00;-3.2;0
Svalbard Lufthavn;SN99840;07.12.2023 20:00;-2.5;0
Svalbard Lufthavn;SN99840;07.12.2023 21:00;-2.5;0
Svalbard Lufthavn;SN99840;07.12.2023 22:00;-1.8;0
Svalbard Lufthavn;SN99840;07.12.2023 23:00;-1.4;0
Svalbard Lufthavn;SN99840;08.12.2023 00:00;-1.6;0
Svalbard Lufthavn;SN99840;08.12.2023 01:00;-1.6;0
Svalbard Lufthavn;SN99840;08.12.2023 02:00;-1;0
Svalbard Lufthavn;SN99840;08.12.2023 03:00;-0.8;0
Svalbard Lufthavn;SN99840;08.12.2023 04:00;-1.1;0
Svalbard Lufthavn;SN99840;08.12.2023 05:00;-0.6;0
Svalbard Lufthavn;SN99840;08.12.2023 06:00;-0.5;0
Svalbard Lufthavn;SN99840;08.12.2023 07:00;-0.5;0
Svalbard Lufthavn;SN99840;08.12.2023 08:00;0.1;0
Svalbard Lufthavn;SN99840;08.12.2023 09:00;0.3;0
Svalbard Lufthavn;SN99840;08.12.2023 10:00;0;0
Svalbard Lufthavn;SN99840;08.12.2023 11:00;-0.9;0.1
Svalbard Lufthavn;SN99840;08.12.2023 12:00;-1.3;0.1
Svalbard Lufthavn;SN99840;08.12.2023 13:00;-1.3;0
Svalbard Lufthavn;SN99840;08.12.2023 14:00;-2;0
Svalbard Lufthavn;SN99840;08.12.2023 15:00;-1;0
Svalbard Lufthavn;SN99840;08.12.2023 16:00;-0.8;0
Svalbard Lufthavn;SN99840;08.12.2023 17:00;-0.3;0
Svalbard Lufthavn;SN99840;08.12.2023 18:00;0.2;0
Svalbard Lufthavn;SN99840;08.12.2023 19:00;-0.3;0
Svalbard Lufthavn;SN99840;08.12.2023 20:00;0;0
Svalbard Lufthavn;SN99840;08.12.2023 21:00;0;0
Svalbard Lufthavn;SN99840;08.12.2023 22:00;-0.2;0
Svalbard Lufthavn;SN99840;08.12.2023 23:00;-1.4;0
Svalbard Lufthavn;SN99840;09.12.2023 00:00;-1.9;0
Svalbard Lufthavn;SN99840;09.12.2023 01:00;-2.7;0
Svalbard Lufthavn;SN99840;09.12.2023 02:00;-4.6;0
Svalbard Lufthavn;SN99840;09.12.2023 03:00;-4.5;0
Svalbard Lufthavn;SN99840;09.12.2023 04:00;-4;0
Svalbard Lufthavn;SN99840;09.12.2023 05:00;-3.4;0.1
Svalbard Lufthavn;SN99840;09.12.2023 06:00;-3.3;0.3
Svalbard Lufthavn;SN99840;09.12.2023 07:00;-2.8;0
Svalbard Lufthavn;SN99840;09.12.2023 08:00;-2.3;0.1
Svalbard Lufthavn;SN99840;09.12.2023 09:00;-2.4;2.2
Svalbard Lufthavn;SN99840;09.12.2023 10:00;-2.5;0.8
Svalbard Lufthavn;SN99840;09.12.2023 11:00;-2.6;0
Svalbard Lufthavn;SN99840;09.12.2023 12:00;-2.7;0.2
Svalbard Lufthavn;SN99840;09.12.2023 13:00;-2.8;0
Svalbard Lufthavn;SN99840;09.12.2023 14:00;-2.9;0.4
Svalbard Lufthavn;SN99840;09.12.2023 15:00;-3.2;0.5
Svalbard Lufthavn;SN99840;09.12.2023 16:00;-3.4;0
Svalbard Lufthavn;SN99840;09.12.2023 17:00;-3.9;0.2
Svalbard Lufthavn;SN99840;09.12.2023 18:00;-4.2;0.3
Svalbard Lufthavn;SN99840;09.12.2023 19:00;-4.1;0.3
Svalbard Lufthavn;SN99840;09.12.2023 20:00;-4.2;0.1
Svalbard Lufthavn;SN99840;09.12.2023 21:00;-4.3;0
Svalbard Lufthavn;SN99840;09.12.2023 22:00;-4.3;0
Svalbard Lufthavn;SN99840;09.12.2023 23:00;-4.8;0
Svalbard Lufthavn;SN99840;10.12.2023 00:00;-5;0
Svalbard Lufthavn;SN99840;10.12.2023 01:00;-5.2;0
Svalbard Lufthavn;SN99840;10.12.2023 02:00;-5.8;0
Svalbard Lufthavn;SN99840;10.12.2023 03:00;-5.4;0
Svalbard Lufthavn;SN99840;10.12.2023 04:00;-5.2;0
Svalbard Lufthavn;SN99840;10.12.2023 05:00;-5.6;0
Svalbard Lufthavn;SN99840;10.12.2023 06:00;-5.5;0
Svalbard Lufthavn;SN99840;10.12.2023 07:00;-6.6;0
Svalbard Lufthavn;SN99840;10.12.2023 08:00;-6.7;0
Svalbard Lufthavn;SN99840;10.12.2023 09:00;-6.7;0
Svalbard Lufthavn;SN99840;10.12.2023 10:00;-6;0
Svalbard Lufthavn;SN99840;10.12.2023 11:00;-5;0
Svalbard Lufthavn;SN99840;10.12.2023 12:00;-4.3;0
Svalbard Lufthavn;SN99840;10.12.2023 13:00;-4;0
Svalbard Lufthavn;SN99840;10.12.2023 14:00;-4.3;0.1
Svalbard Lufthavn;SN99840;10.12.2023 15:00;-4.3;0.2
Svalbard Lufthavn;SN99840;10.12.2023 16:00;-4.2;0
Svalbard Lufthavn;SN99840;10.12.2023 17:00;-1.3;0
Svalbard Lufthavn;SN99840;10.12.2023 18:00;-1;0
Svalbard Lufthavn;SN99840;10.12.2023 19:00;-0.4;0
Svalbard Lufthavn;SN99840;10.12.2023 20:00;-0.9;0
Svalbard Lufthavn;SN99840;10.12.2023 21:00;0;0
Svalbard Lufthavn;SN99840;10.12.2023 22:00;-0.1;0
Svalbard Lufthavn;SN99840;10.12.2023 23:00;0.7;0
Svalbard Lufthavn;SN99840;11.12.2023 00:00;0.7;0
Svalbard Lufthavn;SN99840;11.12.2023 01:00;0.2;0
Svalbard Lufthavn;SN99840;11.12.2023 02:00;0.1;0
Svalbard Lufthavn;SN99840;11.12.2023 03:00;-0.3;0
Svalbard Lufthavn;SN99840;11.12.2023 04:00;-1.4;0
Svalbard Lufthavn;SN99840;11.12.2023 05:00;-2;0
Svalbard Lufthavn;SN99840;11.12.2023 06:00;-2.2;0
Svalbard Lufthavn;SN99840;11.12.2023 07:00;-3;0
Svalbard Lufthavn;SN99840;11.12.2023 08:00;-3.4;0
Svalbard Lufthavn;SN99840;11.12.2023 09:00;-3.4;0
Svalbard Lufthavn;SN99840;11.12.2023 10:00;-3.8;0
Svalbard Lufthavn;SN99840;11.12.2023 11:00;-3.9;0
Svalbard Lufthavn;SN99840;11.12.2023 12:00;-4.3;0
Svalbard Lufthavn;SN99840;11.12.2023 13:00;-4;0.2
Svalbard Lufthavn;SN99840;11.12.2023 14:00;-3.9;0.2
Svalbard Lufthavn;SN99840;11.12.2023 15:00;-4.2;0
Svalbard Lufthavn;SN99840;11.12.2023 16:00;-4.5;0
Svalbard Lufthavn;SN99840;11.12.2023 17:00;-4.5;0
Svalbard Lufthavn;SN99840;11.12.2023 18:00;-5.3;0
Svalbard Lufthavn;SN99840;11.12.2023 19:00;-5.5;0
Svalbard Lufthavn;SN99840;11.12.2023 20:00;-5.5;0
Svalbard Lufthavn;SN99840;11.12.2023 21:00;-6.2;0
Svalbard Lufthavn;SN99840;11.12.2023 22:00;-5.9;0
Svalbard Lufthavn;SN99840;11.12.2023 23:00;-6.1;0
Svalbard Lufthavn;SN99840;12.12.2023 00:00;-6.5;0
Svalbard Lufthavn;SN99840;12.12.2023 01:00;-6.7;0
Svalbard Lufthavn;SN99840;12.12.2023 02:00;-7;0
Svalbard Lufthavn;SN99840;12.12.2023 03:00;-7.3;0
Svalbard Lufthavn;SN99840;12.12.2023 04:00;-7.9;0
Svalbard Lufthavn;SN99840;12.12.2023 05:00;-8.1;0
Svalbard Lufthavn;SN99840;12.12.2023 06:00;-9.4;0
Svalbard Lufthavn;SN99840;12.12.2023 07:00;-9.9;0
Svalbard Lufthavn;SN99840;12.12.2023 08:00;-10.1;0
Svalbard Lufthavn;SN99840;12.12.2023 09:00;-10.1;0
Svalbard Lufthavn;SN99840;12.12.2023 10:00;-8.5;0
Svalbard Lufthavn;SN99840;12.12.2023 11:00;-8.1;0
Svalbard Lufthavn;SN99840;12.12.2023 12:00;-8.1;0
Svalbard Lufthavn;SN99840;12.12.2023 13:00;-8.1;0
Svalbard Lufthavn;SN99840;12.12.2023 14:00;-8.1;0
Svalbard Lufthavn;SN99840;12.12.2023 15:00;-8.4;0
Svalbard Lufthavn;SN99840;12.12.2023 16:00;-8.7;0
Svalbard Lufthavn;SN99840;12.12.2023 17:00;-8.6;0
Svalbard Lufthavn;SN99840;12.12.2023 18:00;-9.3;0
Svalbard Lufthavn;SN99840;12.12.2023 19:00;-9.1;0
Svalbard Lufthavn;SN99840;12.12.2023 20:00;-9.2;0
Svalbard Lufthavn;SN99840;12.12.2023 21:00;-9.9;0
Svalbard Lufthavn;SN99840;12.12.2023 22:00;-9.1;0
Svalbard Lufthavn;SN99840;12.12.2023 23:00;-8;0
Svalbard Lufthavn;SN99840;13.12.2023 00:00;-7.6;0
Svalbard Lufthavn;SN99840;13.12.2023 01:00;-7.4;0
Svalbard Lufthavn;SN99840;13.12.2023 02:00;-7;0
Svalbard Lufthavn;SN99840;13.12.2023 03:00;-6.8;0
Svalbard Lufthavn;SN99840;13.12.2023 04:00;-5.7;0
Svalbard Lufthavn;SN99840;13.12.2023 05:00;-4.7;0
Svalbard Lufthavn;SN99840;13.12.2023 06:00;-3.9;0
Svalbard Lufthavn;SN99840;13.12.2023 07:00;-3.2;0
Svalbard Lufthavn;SN99840;13.12.2023 08:00;-2.8;0
Svalbard Lufthavn;SN99840;13.12.2023 09:00;-1.7;0
Svalbard Lufthavn;SN99840;13.12.2023 10:00;-1.5;0
Svalbard Lufthavn;SN99840;13.12.2023 11:00;-1;0
Svalbard Lufthavn;SN99840;13.12.2023 12:00;-1.1;0
Svalbard Lufthavn;SN99840;13.12.2023 13:00;1.6;0
Svalbard Lufthavn;SN99840;13.12.2023 14:00;3.1;0
Svalbard Lufthavn;SN99840;13.12.2023 15:00;1.8;0
Svalbard Lufthavn;SN99840;13.12.2023 16:00;1.3;0
Svalbard Lufthavn;SN99840;13.12.2023 17:00;1.2;0.2
Svalbard Lufthavn;SN99840;13.12.2023 18:00;0.5;0.1
Svalbard Lufthavn;SN99840;13.12.2023 19:00;1;0
Svalbard Lufthavn;SN99840;13.12.2023 20:00;0.3;0
Svalbard Lufthavn;SN99840;13.12.2023 21:00;0.9;0
Svalbard Lufthavn;SN99840;13.12.2023 22:00;0.7;0
Svalbard Lufthavn;SN99840;13.12.2023 23:00;0.6;0
Svalbard Lufthavn;SN99840;14.12.2023 00:00;1.3;0
Svalbard Lufthavn;SN99840;14.12.2023 01:00;1.1;0
Svalbard Lufthavn;SN99840;14.12.2023 02:00;1;0
Svalbard Lufthavn;SN99840;14.12.2023 03:00;1;0
Svalbard Lufthavn;SN99840;14.12.2023 04:00;0.6;0
Svalbard Lufthavn;SN99840;14.12.2023 05:00;0.5;0
Svalbard Lufthavn;SN99840;14.12.2023 06:00;0.7;0
Svalbard Lufthavn;SN99840;14.12.2023 07:00;1;0
Svalbard Lufthavn;SN99840;14.12.2023 08:00;0.8;0
Svalbard Lufthavn;SN99840;14.12.2023 09:00;0.6;0
Svalbard Lufthavn;SN99840;14.12.2023 10:00;1;0
Svalbard Lufthavn;SN99840;14.12.2023 11:00;0.7;0
Svalbard Lufthavn;SN99840;14.12.2023 12:00;0.8;0
Svalbard Lufthavn;SN99840;14.12.2023 13:00;0.5;0
Svalbard Lufthavn;SN99840;14.12.2023 14:00;0.7;0
Svalbard Lufthavn;SN99840;14.12.2023 15:00;0.6;0
Svalbard Lufthavn;SN99840;14.12.2023 16:00;-1.1;0
Svalbard Lufthavn;SN99840;14.12.2023 17:00;-2.1;0
Svalbard Lufthavn;SN99840;14.12.2023 18:00;-4.1;0
Svalbard Lufthavn;SN99840;14.12.2023 19:00;-5.1;0
Svalbard Lufthavn;SN99840;14.12.2023 20:00;-5.8;0
Svalbard Lufthavn;SN99840;14.12.2023 21:00;-5.4;0
Svalbard Lufthavn;SN99840;14.12.2023 22:00;-6.1;0
Svalbard Lufthavn;SN99840;14.12.2023 23:00;-5.7;0
Svalbard Lufthavn;SN99840;15.12.2023 00:00;-5.1;0
Svalbard Lufthavn;SN99840;15.12.2023 01:00;-2.8;0
Svalbard Lufthavn;SN99840;15.12.2023 02:00;-1.1;0
Svalbard Lufthavn;SN99840;15.12.2023 03:00;0;0
Svalbard Lufthavn;SN99840;15.12.2023 04:00;-0.7;0
Svalbard Lufthavn;SN99840;15.12.2023 05:00;-2;0
Svalbard Lufthavn;SN99840;15.12.2023 06:00;-1.3;0
Svalbard Lufthavn;SN99840;15.12.2023 07:00;-0.6;0
Svalbard Lufthavn;SN99840;15.12.2023 08:00;-1.6;0
Svalbard Lufthavn;SN99840;15.12.2023 09:00;-1.1;0
Svalbard Lufthavn;SN99840;15.12.2023 10:00;-2.4;0
Svalbard Lufthavn;SN99840;15.12.2023 11:00;-1.3;0
Svalbard Lufthavn;SN99840;15.12.2023 12:00;-0.2;0
Svalbard Lufthavn;SN99840;15.12.2023 13:00;0.8;0
Svalbard Lufthavn;SN99840;15.12.2023 14:00;1.7;0
Svalbard Lufthavn;SN99840;15.12.2023 15:00;1.2;0
Svalbard Lufthavn;SN99840;15.12.2023 16:00;1.2;0
Svalbard Lufthavn;SN99840;15.12.2023 17:00;0.2;0
Svalbard Lufthavn;SN99840;15.12.2023 18:00;-0.9;0
Svalbard Lufthavn;SN99840;15.12.2023 19:00;-1.2;0
Svalbard Lufthavn;SN99840;15.12.2023 20:00;-0.9;0
Svalbard Lufthavn;SN99840;15.12.2023 21:00;-1.3;0
Svalbard Lufthavn;SN99840;15.12.2023 22:00;-0.9;0
Svalbard Lufthavn;SN99840;15.12.2023 23:00;-1.5;0
Svalbard Lufthavn;SN99840;16.12.2023 00:00;-1.3;0
Svalbard Lufthavn;SN99840;16.12.2023 01:00;-1.1;0
Svalbard Lufthavn;SN99840;16.12.2023 02:00;-1;0
Svalbard Lufthavn;SN99840;16.12.2023 03:00;-1.4;0
Svalbard Lufthavn;SN99840;16.12.2023 04:00;-1.8;0
Svalbard Lufthavn;SN99840;16.12.2023 05:00;-2;0
Svalbard Lufthavn;SN99840;16.12.2023 06:00;-1.6;0
Svalbard Lufthavn;SN99840;16.12.2023 07:00;-1.9;0
Svalbard Lufthavn;SN99840;16.12.2023 08:00;-2.7;0
Svalbard Lufthavn;SN99840;16.12.2023 09:00;-1.9;0
Svalbard Lufthavn;SN99840;16.12.2023 10:00;-1.7;0
Svalbard Lufthavn;SN99840;16.12.2023 11:00;-1;0
Svalbard Lufthavn;SN99840;16.12.2023 12:00;-1.6;0
Svalbard Lufthavn;SN99840;16.12.2023 13:00;-1.8;0
Svalbard Lufthavn;SN99840;16.12.2023 14:00;-1.9;0
Svalbard Lufthavn;SN99840;16.12.2023 15:00;-2.4;0
Svalbard Lufthavn;SN99840;16.12.2023 16:00;-2.8;0
Svalbard Lufthavn;SN99840;16.12.2023 17:00;-2.6;0
Svalbard Lufthavn;SN99840;16.12.2023 18:00;-2.2;0
Svalbard Lufthavn;SN99840;16.12.2023 19:00;-1.9;0
Svalbard Lufthavn;SN99840;16.12.2023 20:00;-1.7;0
Svalbard Lufthavn;SN99840;16.12.2023 21:00;-2.1;0
Svalbard Lufthavn;SN99840;16.12.2023 22:00;-1.6;0
Svalbard Lufthavn;SN99840;16.12.2023 23:00;-1.5;0
Svalbard Lufthavn;SN99840;17.12.2023 00:00;-0.8;0
Svalbard Lufthavn;SN99840;17.12.2023 01:00;-1;0
Svalbard Lufthavn;SN99840;17.12.2023 02:00;-1.2;0
Svalbard Lufthavn;SN99840;17.12.2023 03:00;-1;0
Svalbard Lufthavn;SN99840;17.12.2023 04:00;-0.8;0
Svalbard Lufthavn;SN99840;17.12.2023 05:00;-0.5;0
Svalbard Lufthavn;SN99840;17.12.2023 06:00;-0.5;0
Svalbard Lufthavn;SN99840;17.12.2023 07:00;-0.4;0
Svalbard Lufthavn;SN99840;17.12.2023 08:00;-0.6;0
Svalbard Lufthavn;SN99840;17.12.2023 09:00;-0.1;0
Svalbard Lufthavn;SN99840;17.12.2023 10:00;0.1;0
Svalbard Lufthavn;SN99840;17.12.2023 11:00;-0.1;0
Svalbard Lufthavn;SN99840;17.12.2023 12:00;-1;0
Svalbard Lufthavn;SN99840;17.12.2023 13:00;-0.1;0
Svalbard Lufthavn;SN99840;17.12.2023 14:00;-0.6;0
Svalbard Lufthavn;SN99840;17.12.2023 15:00;-0.3;0
Svalbard Lufthavn;SN99840;17.12.2023 16:00;-0.5;0
Svalbard Lufthavn;SN99840;17.12.2023 17:00;-0.7;0
Svalbard Lufthavn;SN99840;17.12.2023 18:00;-0.6;0
Svalbard Lufthavn;SN99840;17.12.2023 19:00;-0.2;0
Svalbard Lufthavn;SN99840;17.12.2023 20:00;-0.1;0
Svalbard Lufthavn;SN99840;17.12.2023 21:00;-0.1;0
Svalbard Lufthavn;SN99840;17.12.2023 22:00;-0.2;0
Svalbard Lufthavn;SN99840;17.12.2023 23:00;-0.2;0
Svalbard Lufthavn;SN99840;18.12.2023 00:00;0;0
Svalbard Lufthavn;SN99840;18.12.2023 01:00;0.3;0
Svalbard Lufthavn;SN99840;18.12.2023 02:00;0;0
Svalbard Lufthavn;SN99840;18.12.2023 03:00;0;0
Svalbard Lufthavn;SN99840;18.12.2023 04:00;-0.3;0
Svalbard Lufthavn;SN99840;18.12.2023 05:00;-0.5;0
Svalbard Lufthavn;SN99840;18.12.2023 06:00;-0.5;0
Svalbard Lufthavn;SN99840;18.12.2023 07:00;-0.5;0
Svalbard Lufthavn;SN99840;18.12.2023 08:00;-0.7;0
Svalbard Lufthavn;SN99840;18.12.2023 09:00;-0.9;0
Svalbard Lufthavn;SN99840;18.12.2023 10:00;-1.2;0
Svalbard Lufthavn;SN99840;18.12.2023 11:00;-2;0
Svalbard Lufthavn;SN99840;18.12.2023 12:00;-2.2;0
Svalbard Lufthavn;SN99840;18.12.2023 13:00;-2.1;0
Svalbard Lufthavn;SN99840;18.12.2023 14:00;-2.5;0
Svalbard Lufthavn;SN99840;18.12.2023 15:00;-2.6;0
Svalbard Lufthavn;SN99840;18.12.2023 16:00;-2.9;0
Svalbard Lufthavn;SN99840;18.12.2023 17:00;-3.4;0
Svalbard Lufthavn;SN99840;18.12.2023 18:00;-3.6;0
Svalbard Lufthavn;SN99840;18.12.2023 19:00;-3.7;0
Svalbard Lufthavn;SN99840;18.12.2023 20:00;-3.9;0
Svalbard Lufthavn;SN99840;18.12.2023 21:00;-4.2;0
Svalbard Lufthavn;SN99840;18.12.2023 22:00;-3.9;0
Svalbard Lufthavn;SN99840;18.12.2023 23:00;-3.9;0
Svalbard Lufthavn;SN99840;19.12.2023 00:00;-4.1;0
Svalbard Lufthavn;SN99840;19.12.2023 01:00;-4.2;0
Svalbard Lufthavn;SN99840;19.12.2023 02:00;-4.2;0
Svalbard Lufthavn;SN99840;19.12.2023 03:00;-4.4;0
Svalbard Lufthavn;SN99840;19.12.2023 04:00;-4.5;0
Svalbard Lufthavn;SN99840;19.12.2023 05:00;-4.7;0
Svalbard Lufthavn;SN99840;19.12.2023 06:00;-5;0
Svalbard Lufthavn;SN99840;19.12.2023 07:00;-5;0
Svalbard Lufthavn;SN99840;19.12.2023 08:00;-4.9;0
Svalbard Lufthavn;SN99840;19.12.2023 09:00;-5.3;-
Svalbard Lufthavn;SN99840;19.12.2023 10:00;-4.9;0
Svalbard Lufthavn;SN99840;19.12.2023 11:00;-5.1;0
Svalbard Lufthavn;SN99840;19.12.2023 12:00;-4.5;0
Svalbard Lufthavn;SN99840;19.12.2023 13:00;-4.6;0
Svalbard Lufthavn;SN99840;19.12.2023 14:00;-4.9;0
Svalbard Lufthavn;SN99840;19.12.2023 15:00;-5;0
Svalbard Lufthavn;SN99840;19.12.2023 16:00;-5.2;0
Svalbard Lufthavn;SN99840;19.12.2023 17:00;-5.6;0
Svalbard Lufthavn;SN99840;19.12.2023 18:00;-5.7;0
Svalbard Lufthavn;SN99840;19.12.2023 19:00;-5.7;0
Svalbard Lufthavn;SN99840;19.12.2023 20:00;-6.6;0
Svalbard Lufthavn;SN99840;19.12.2023 21:00;-6.5;0
Svalbard Lufthavn;SN99840;19.12.2023 22:00;-6.9;0
Svalbard Lufthavn;SN99840;19.12.2023 23:00;-7.1;0
Svalbard Lufthavn;SN99840;20.12.2023 00:00;-7.4;0
Svalbard Lufthavn;SN99840;20.12.2023 01:00;-7.5;0
Svalbard Lufthavn;SN99840;20.12.2023 02:00;-7.1;0
Svalbard Lufthavn;SN99840;20.12.2023 03:00;-7.6;0
Svalbard Lufthavn;SN99840;20.12.2023 04:00;-7.6;0
Svalbard Lufthavn;SN99840;20.12.2023 05:00;-7.8;0
Svalbard Lufthavn;SN99840;20.12.2023 06:00;-8;0
Svalbard Lufthavn;SN99840;20.12.2023 07:00;-8;0
Svalbard Lufthavn;SN99840;20.12.2023 08:00;-7.5;0
Svalbard Lufthavn;SN99840;20.12.2023 09:00;-8;0
Svalbard Lufthavn;SN99840;20.12.2023 10:00;-8;0
Svalbard Lufthavn;SN99840;20.12.2023 11:00;-8.1;0
Svalbard Lufthavn;SN99840;20.12.2023 12:00;-7.6;0
Svalbard Lufthavn;SN99840;20.12.2023 13:00;-7.5;0
Svalbard Lufthavn;SN99840;20.12.2023 14:00;-7.5;0
Svalbard Lufthavn;SN99840;20.12.2023 15:00;-8;0
Svalbard Lufthavn;SN99840;20.12.2023 16:00;-8;0
Svalbard Lufthavn;SN99840;20.12.2023 17:00;-8.2;0
Svalbard Lufthavn;SN99840;20.12.2023 18:00;-7.8;0
Svalbard Lufthavn;SN99840;20.12.2023 19:00;-8.9;0
Svalbard Lufthavn;SN99840;20.12.2023 20:00;-9.4;0
Svalbard Lufthavn;SN99840;20.12.2023 21:00;-9.9;0
Svalbard Lufthavn;SN99840;20.12.2023 22:00;-10;0
Svalbard Lufthavn;SN99840;20.12.2023 23:00;-10;0
Svalbard Lufthavn;SN99840;21.12.2023 00:00;-9.9;0
Svalbard Lufthavn;SN99840;21.12.2023 01:00;-9.9;0
Svalbard Lufthavn;SN99840;21.12.2023 02:00;-9.6;0
Svalbard Lufthavn;SN99840;21.12.2023 03:00;-9.8;0
Svalbard Lufthavn;SN99840;21.12.2023 04:00;-9.7;0
Svalbard Lufthavn;SN99840;21.12.2023 05:00;-9.7;0
Svalbard Lufthavn;SN99840;21.12.2023 06:00;-9.9;0
Svalbard Lufthavn;SN99840;21.12.2023 07:00;-9.1;0
Svalbard Lufthavn;SN99840;21.12.2023 08:00;-9.9;0
Svalbard Lufthavn;SN99840;21.12.2023 09:00;-9.9;0
Svalbard Lufthavn;SN99840;21.12.2023 10:00;-10.1;0
Svalbard Lufthavn;SN99840;21.12.2023 11:00;-11.6;0
Svalbard Lufthavn;SN99840;21.12.2023 12:00;-11.4;0
Svalbard Lufthavn;SN99840;21.12.2023 13:00;-11.6;0
Svalbard Lufthavn;SN99840;21.12.2023 14:00;-12.2;0
Svalbard Lufthavn;SN99840;21.12.2023 15:00;-13.7;0
Svalbard Lufthavn;SN99840;21.12.2023 16:00;-11.6;0
Svalbard Lufthavn;SN99840;21.12.2023 17:00;-11.8;0
Svalbard Lufthavn;SN99840;21.12.2023 18:00;-11.7;0
Svalbard Lufthavn;SN99840;21.12.2023 19:00;-11.8;0
Svalbard Lufthavn;SN99840;21.12.2023 20:00;-12.4;0
Svalbard Lufthavn;SN99840;21.12.2023 21:00;-12.4;0
Svalbard Lufthavn;SN99840;21.12.2023 22:00;-12.5;0
Svalbard Lufthavn;SN99840;21.12.2023 23:00;-11.8;0
Svalbard Lufthavn;SN99840;22.12.2023 00:00;-12;0
Svalbard Lufthavn;SN99840;22.12.2023 01:00;-12.4;0
Svalbard Lufthavn;SN99840;22.12.2023 02:00;-13.9;0
Svalbard Lufthavn;SN99840;22.12.2023 03:00;-13.6;0
Svalbard Lufthavn;SN99840;22.12.2023 04:00;-15.1;0
Svalbard Lufthavn;SN99840;22.12.2023 05:00;-14.9;0
Svalbard Lufthavn;SN99840;22.12.2023 06:00;-14.6;0
Svalbard Lufthavn;SN99840;22.12.2023 07:00;-16.1;0
Svalbard Lufthavn;SN99840;22.12.2023 08:00;-15.3;0
Svalbard Lufthavn;SN99840;22.12.2023 09:00;-14.3;0
Svalbard Lufthavn;SN99840;22.12.2023 10:00;-13.8;0
Svalbard Lufthavn;SN99840;22.12.2023 11:00;-11.5;0
Svalbard Lufthavn;SN99840;22.12.2023 12:00;-11.8;0
Svalbard Lufthavn;SN99840;22.12.2023 13:00;-11.2;0
Svalbard Lufthavn;SN99840;22.12.2023 14:00;-11.4;0
Svalbard Lufthavn;SN99840;22.12.2023 15:00;-11.5;0
Svalbard Lufthavn;SN99840;22.12.2023 16:00;-12.2;0
Svalbard Lufthavn;SN99840;22.12.2023 17:00;-12.5;0
Svalbard Lufthavn;SN99840;22.12.2023 18:00;-12.6;0
Svalbard Lufthavn;SN99840;22.12.2023 19:00;-13.1;0
Svalbard Lufthavn;SN99840;22.12.2023 20:00;-13.3;0
Svalbard Lufthavn;SN99840;22.12.2023 21:00;-13.8;0
Svalbard Lufthavn;SN99840;22.12.2023 22:00;-14.1;0
Svalbard Lufthavn;SN99840;22.12.2023 23:00;-14.3;0
Svalbard Lufthavn;SN99840;23.12.2023 00:00;-14.5;0
Svalbard Lufthavn;SN99840;23.12.2023 01:00;-15.1;0
Svalbard Lufthavn;SN99840;23.12.2023 02:00;-14.6;0
Svalbard Lufthavn;SN99840;23.12.2023 03:00;-14.5;0
Svalbard Lufthavn;SN99840;23.12.2023 04:00;-14.6;0
Svalbard Lufthavn;SN99840;23.12.2023 05:00;-14.6;0
Svalbard Lufthavn;SN99840;23.12.2023 06:00;-14.4;0
Svalbard Lufthavn;SN99840;23.12.2023 07:00;-15.8;0
Svalbard Lufthavn;SN99840;23.12.2023 08:00;-16.2;0
Svalbard Lufthavn;SN99840;23.12.2023 09:00;-16.7;0
Svalbard Lufthavn;SN99840;23.12.2023 10:00;-16.6;0
Svalbard Lufthavn;SN99840;23.12.2023 11:00;-16.7;0
Svalbard Lufthavn;SN99840;23.12.2023 12:00;-16.9;0
Svalbard Lufthavn;SN99840;23.12.2023 13:00;-17.2;0
Svalbard Lufthavn;SN99840;23.12.2023 14:00;-16.8;0
Svalbard Lufthavn;SN99840;23.12.2023 15:00;-17.6;0
Svalbard Lufthavn;SN99840;23.12.2023 16:00;-17.8;0
Svalbard Lufthavn;SN99840;23.12.2023 17:00;-17;0
Svalbard Lufthavn;SN99840;23.12.2023 18:00;-17.3;0
Svalbard Lufthavn;SN99840;23.12.2023 19:00;-17.6;0
Svalbard Lufthavn;SN99840;23.12.2023 20:00;-17.8;0
Svalbard Lufthavn;SN99840;23.12.2023 21:00;-17.8;0
Svalbard Lufthavn;SN99840;23.12.2023 22:00;-18.4;0
Svalbard Lufthavn;SN99840;23.12.2023 23:00;-17.9;0
Svalbard Lufthavn;SN99840;24.12.2023 00:00;-18.7;0
Svalbard Lufthavn;SN99840;24.12.2023 01:00;-17.9;0
Svalbard Lufthavn;SN99840;24.12.2023 02:00;-18.7;0
Svalbard Lufthavn;SN99840;24.12.2023 03:00;-18.2;0
Svalbard Lufthavn;SN99840;24.12.2023 04:00;-18.6;0
Svalbard Lufthavn;SN99840;24.12.2023 05:00;-18.8;0
Svalbard Lufthavn;SN99840;24.12.2023 06:00;-17.9;0
Svalbard Lufthavn;SN99840;24.12.2023 07:00;-18.3;0
Svalbard Lufthavn;SN99840;24.12.2023 08:00;-18.3;0
Svalbard Lufthavn;SN99840;24.12.2023 09:00;-16.4;0
Svalbard Lufthavn;SN99840;24.12.2023 10:00;-17.1;0
Svalbard Lufthavn;SN99840;24.12.2023 11:00;-15.7;0
Svalbard Lufthavn;SN99840;24.12.2023 12:00;-15.7;0
Svalbard Lufthavn;SN99840;24.12.2023 13:00;-15.2;0
Svalbard Lufthavn;SN99840;24.12.2023 14:00;-15.6;0
Svalbard Lufthavn;SN99840;24.12.2023 15:00;-15.4;0
Svalbard Lufthavn;SN99840;24.12.2023 16:00;-15.4;0
Svalbard Lufthavn;SN99840;24.12.2023 17:00;-15.7;0
Svalbard Lufthavn;SN99840;24.12.2023 18:00;-16;0
Svalbard Lufthavn;SN99840;24.12.2023 19:00;-16.2;0
Svalbard Lufthavn;SN99840;24.12.2023 20:00;-16.2;0
Svalbard Lufthavn;SN99840;24.12.2023 21:00;-16.2;0
Svalbard Lufthavn;SN99840;24.12.2023 22:00;-16.2;0
Svalbard Lufthavn;SN99840;24.12.2023 23:00;-16.2;0
Svalbard Lufthavn;SN99840;25.12.2023 00:00;-16.1;0
Svalbard Lufthavn;SN99840;25.12.2023 01:00;-16.4;0
Svalbard Lufthavn;SN99840;25.12.2023 02:00;-15.9;0
Svalbard Lufthavn;SN99840;25.12.2023 03:00;-15.9;0
Svalbard Lufthavn;SN99840;25.12.2023 04:00;-15.8;0
Svalbard Lufthavn;SN99840;25.12.2023 05:00;-15.6;0
Svalbard Lufthavn;SN99840;25.12.2023 06:00;-15.4;0
Svalbard Lufthavn;SN99840;25.12.2023 07:00;-15.5;0
Svalbard Lufthavn;SN99840;25.12.2023 08:00;-15.4;0
Svalbard Lufthavn;SN99840;25.12.2023 09:00;-15.2;0
Svalbard Lufthavn;SN99840;25.12.2023 10:00;-15.2;0
Svalbard Lufthavn;SN99840;25.12.2023 11:00;-15.2;0
Svalbard Lufthavn;SN99840;25.12.2023 12:00;-15.1;0
Svalbard Lufthavn;SN99840;25.12.2023 13:00;-15.6;0
Svalbard Lufthavn;SN99840;25.12.2023 14:00;-15.6;0
Svalbard Lufthavn;SN99840;25.12.2023 15:00;-15.3;0
Svalbard Lufthavn;SN99840;25.12.2023 16:00;-15.4;0
Svalbard Lufthavn;SN99840;25.12.2023 17:00;-15.4;0
Svalbard Lufthavn;SN99840;25.12.2023 18:00;-14.5;0
Svalbard Lufthavn;SN99840;25.12.2023 19:00;-13.9;0
Svalbard Lufthavn;SN99840;25.12.2023 20:00;-14;0
Svalbard Lufthavn;SN99840;25.12.2023 21:00;-13.7;0
Svalbard Lufthavn;SN99840;25.12.2023 22:00;-12.8;0
Svalbard Lufthavn;SN99840;25.12.2023 23:00;-12.3;0
Svalbard Lufthavn;SN99840;26.12.2023 00:00;-12.2;0
Svalbard Lufthavn;SN99840;26.12.2023 01:00;-11.2;0
Svalbard Lufthavn;SN99840;26.12.2023 02:00;-11.3;0
Svalbard Lufthavn;SN99840;26.12.2023 03:00;-9.9;0
Svalbard Lufthavn;SN99840;26.12.2023 04:00;-10.2;0
Svalbard Lufthavn;SN99840;26.12.2023 05:00;-9.9;0
Svalbard Lufthavn;SN99840;26.12.2023 06:00;-10.4;0
Svalbard Lufthavn;SN99840;26.12.2023 07:00;-10.1;0
Svalbard Lufthavn;SN99840;26.12.2023 08:00;-9.7;0
Svalbard Lufthavn;SN99840;26.12.2023 09:00;-9.6;0
Svalbard Lufthavn;SN99840;26.12.2023 10:00;-8.6;0
Svalbard Lufthavn;SN99840;26.12.2023 11:00;-8.6;0
Svalbard Lufthavn;SN99840;26.12.2023 12:00;-8.3;0
Svalbard Lufthavn;SN99840;26.12.2023 13:00;-8.4;0
Svalbard Lufthavn;SN99840;26.12.2023 14:00;-7.9;0
Svalbard Lufthavn;SN99840;26.12.2023 15:00;-7.3;0
Svalbard Lufthavn;SN99840;26.12.2023 16:00;-7.6;0
Svalbard Lufthavn;SN99840;26.12.2023 17:00;-7.9;0
Svalbard Lufthavn;SN99840;26.12.2023 18:00;-7.3;0
Svalbard Lufthavn;SN99840;26.12.2023 19:00;-7.1;0
Svalbard Lufthavn;SN99840;26.12.2023 20:00;-6.9;0
Svalbard Lufthavn;SN99840;26.12.2023 21:00;-6.8;0
Svalbard Lufthavn;SN99840;26.12.2023 22:00;-7.2;0
Svalbard Lufthavn;SN99840;26.12.2023 23:00;-6.9;0
Svalbard Lufthavn;SN99840;27.12.2023 00:00;-6.8;0
Svalbard Lufthavn;SN99840;27.12.2023 01:00;-7;0
Svalbard Lufthavn;SN99840;27.12.2023 02:00;-7.2;0
Svalbard Lufthavn;SN99840;27.12.2023 03:00;-6.8;0
Svalbard Lufthavn;SN99840;27.12.2023 04:00;-6.4;0
Svalbard Lufthavn;SN99840;27.12.2023 05:00;-6.7;0
Svalbard Lufthavn;SN99840;27.12.2023 06:00;-6.5;0
Svalbard Lufthavn;SN99840;27.12.2023 07:00;-6.5;0
Svalbard Lufthavn;SN99840;27.12.2023 08:00;-6.5;0
Svalbard Lufthavn;SN99840;27.12.2023 09:00;-6.6;0
Svalbard Lufthavn;SN99840;27.12.2023 10:00;-6.5;0
Svalbard Lufthavn;SN99840;27.12.2023 11:00;-6.9;0
Svalbard Lufthavn;SN99840;27.12.2023 12:00;-6.5;0
Svalbard Lufthavn;SN99840;27.12.2023 13:00;-6.7;0
Svalbard Lufthavn;SN99840;27.12.2023 14:00;-6.9;0
Svalbard Lufthavn;SN99840;27.12.2023 15:00;-7.2;0
Svalbard Lufthavn;SN99840;27.12.2023 16:00;-6.7;0
Svalbard Lufthavn;SN99840;27.12.2023 17:00;-5.6;0
Svalbard Lufthavn;SN99840;27.12.2023 18:00;-5.2;0
Svalbard Lufthavn;SN99840;27.12.2023 19:00;-6.1;0
Svalbard Lufthavn;SN99840;27.12.2023 20:00;-5.2;0
Svalbard Lufthavn;SN99840;27.12.2023 21:00;-5.1;0
Svalbard Lufthavn;SN99840;27.12.2023 22:00;-4.6;0
Svalbard Lufthavn;SN99840;27.12.2023 23:00;-4.2;0
Svalbard Lufthavn;SN99840;28.12.2023 00:00;-3.2;0
Svalbard Lufthavn;SN99840;28.12.2023 01:00;-3.3;0
Svalbard Lufthavn;SN99840;28.12.2023 02:00;-3.5;0
Svalbard Lufthavn;SN99840;28.12.2023 03:00;-4;0
Svalbard Lufthavn;SN99840;28.12.2023 04:00;-3.6;0
Svalbard Lufthavn;SN99840;28.12.2023 05:00;-3.7;0
Svalbard Lufthavn;SN99840;28.12.2023 06:00;-3.8;0
Svalbard Lufthavn;SN99840;28.12.2023 07:00;-4;0
Svalbard Lufthavn;SN99840;28.12.2023 08:00;-4.1;0
Svalbard Lufthavn;SN99840;28.12.2023 09:00;-3.5;0
Svalbard Lufthavn;SN99840;28.12.2023 10:00;-2.9;0
Svalbard Lufthavn;SN99840;28.12.2023 11:00;-2.9;0
Svalbard Lufthavn;SN99840;28.12.2023 12:00;-2.3;0
Svalbard Lufthavn;SN99840;28.12.2023 13:00;-2.4;0
Svalbard Lufthavn;SN99840;28.12.2023 14:00;-1.6;0
Svalbard Lufthavn;SN99840;28.12.2023 15:00;-2.4;0
Svalbard Lufthavn;SN99840;28.12.2023 16:00;-2;0
Svalbard Lufthavn;SN99840;28.12.2023 17:00;-2.3;0
Svalbard Lufthavn;SN99840;28.12.2023 18:00;-2.3;0
Svalbard Lufthavn;SN99840;28.12.2023 19:00;-2.5;0
Svalbard Lufthavn;SN99840;28.12.2023 20:00;-3;0
Svalbard Lufthavn;SN99840;28.12.2023 21:00;-2.1;0
Svalbard Lufthavn;SN99840;28.12.2023 22:00;-1.3;0
Svalbard Lufthavn;SN99840;28.12.2023 23:00;-1.6;0
Svalbard Lufthavn;SN99840;29.12.2023 00:00;-1.9;0
Svalbard Lufthavn;SN99840;29.12.2023 01:00;-1.8;0
Svalbard Lufthavn;SN99840;29.12.2023 02:00;-1.3;0
Svalbard Lufthavn;SN99840;29.12.2023 03:00;-1.5;0
Svalbard Lufthavn;SN99840;29.12.2023 04:00;-1.3;0
Svalbard Lufthavn;SN99840;29.12.2023 05:00;-1.9;0
Svalbard Lufthavn;SN99840;29.12.2023 06:00;-1.3;0
Svalbard Lufthavn;SN99840;29.12.2023 07:00;-1.3;0
Svalbard Lufthavn;SN99840;29.12.2023 08:00;-1.3;0
Svalbard Lufthavn;SN99840;29.12.2023 09:00;-1.4;0
Svalbard Lufthavn;SN99840;29.12.2023 10:00;-1.5;0
Svalbard Lufthavn;SN99840;29.12.2023 11:00;-1.6;0
Svalbard Lufthavn;SN99840;29.12.2023 12:00;-0.9;0
Svalbard Lufthavn;SN99840;29.12.2023 13:00;-0.5;0
Svalbard Lufthavn;SN99840;29.12.2023 14:00;-0.3;0
Svalbard Lufthavn;SN99840;29.12.2023 15:00;-0.2;0
Svalbard Lufthavn;SN99840;29.12.2023 16:00;-0.1;0
Svalbard Lufthavn;SN99840;29.12.2023 17:00;0.1;0
Svalbard Lufthavn;SN99840;29.12.2023 18:00;1.1;0
Svalbard Lufthavn;SN99840;29.12.2023 19:00;1.1;0
Svalbard Lufthavn;SN99840;29.12.2023 20:00;0.3;0
Svalbard Lufthavn;SN99840;29.12.2023 21:00;1;0
Svalbard Lufthavn;SN99840;29.12.2023 22:00;1.1;0
Svalbard Lufthavn;SN99840;29.12.2023 23:00;0.9;0
Svalbard Lufthavn;SN99840;30.12.2023 00:00;1.1;0
Svalbard Lufthavn;SN99840;30.12.2023 01:00;0.7;0
Svalbard Lufthavn;SN99840;30.12.2023 02:00;1.1;0
Svalbard Lufthavn;SN99840;30.12.2023 03:00;0.8;0
Svalbard Lufthavn;SN99840;30.12.2023 04:00;0.2;0
Svalbard Lufthavn;SN99840;30.12.2023 05:00;0.2;0
Svalbard Lufthavn;SN99840;30.12.2023 06:00;0.3;0
Svalbard Lufthavn;SN99840;30.12.2023 07:00;0.2;0
Svalbard Lufthavn;SN99840;30.12.2023 08:00;0.1;0
Svalbard Lufthavn;SN99840;30.12.2023 09:00;-0.8;0
Svalbard Lufthavn;SN99840;30.12.2023 10:00;-0.2;0
Svalbard Lufthavn;SN99840;30.12.2023 11:00;-0.9;0
Svalbard Lufthavn;SN99840;30.12.2023 12:00;-0.4;0
Svalbard Lufthavn;SN99840;30.12.2023 13:00;0.5;0
Svalbard Lufthavn;SN99840;30.12.2023 14:00;0;0
Svalbard Lufthavn;SN99840;30.12.2023 15:00;0.4;0
Svalbard Lufthavn;SN99840;30.12.2023 16:00;0.2;0
Svalbard Lufthavn;SN99840;30.12.2023 17:00;0.7;0
Svalbard Lufthavn;SN99840;30.12.2023 18:00;0.3;0
Svalbard Lufthavn;SN99840;30.12.2023 19:00;0.5;0
Svalbard Lufthavn;SN99840;30.12.2023 20:00;-0.1;0
Svalbard Lufthavn;SN99840;30.12.2023 21:00;-0.7;0
Svalbard Lufthavn;SN99840;30.12.2023 22:00;-0.6;0
Svalbard Lufthavn;SN99840;30.12.2023 23:00;-0.6;0
Svalbard Lufthavn;SN99840;31.12.2023 00:00;-0.5;0
Svalbard Lufthavn;SN99840;31.12.2023 01:00;-0.5;0
Svalbard Lufthavn;SN99840;31.12.2023 02:00;-1;0
Svalbard Lufthavn;SN99840;31.12.2023 03:00;-0.9;0
Svalbard Lufthavn;SN99840;31.12.2023 04:00;-0.3;0
Svalbard Lufthavn;SN99840;31.12.2023 05:00;-0.7;0
Svalbard Lufthavn;SN99840;31.12.2023 06:00;-1;0
Svalbard Lufthavn;SN99840;31.12.2023 07:00;-0.7;0
Svalbard Lufthavn;SN99840;31.12.2023 08:00;-1.4;0
Svalbard Lufthavn;SN99840;31.12.2023 09:00;-1.3;0
Svalbard Lufthavn;SN99840;31.12.2023 10:00;-0.3;0
Svalbard Lufthavn;SN99840;31.12.2023 11:00;0;0
Svalbard Lufthavn;SN99840;31.12.2023 12:00;-0.6;0
Svalbard Lufthavn;SN99840;31.12.2023 13:00;-1.1;0
Svalbard Lufthavn;SN99840;31.12.2023 14:00;-0.5;0
Svalbard Lufthavn;SN99840;31.12.2023 15:00;-0.1;0
Svalbard Lufthavn;SN99840;31.12.2023 16:00;-0.1;0
Svalbard Lufthavn;SN99840;31.12.2023 17:00;0.2;0
Svalbard Lufthavn;SN99840;31.12.2023 18:00;0.6;0
Svalbard Lufthavn;SN99840;31.12.2023 19:00;0.6;0
Svalbard Lufthavn;SN99840;31.12.2023 20:00;0.7;0
Svalbard Lufthavn;SN99840;31.12.2023 21:00;0.1;0
Svalbard Lufthavn;SN99840;31.12.2023 22:00;-0.5;0
Svalbard Lufthavn;SN99840;31.12.2023 23:00;0;0
Svalbard Lufthavn;SN99840;01.01.2024 00:00;-0.9;0.1
Svalbard Lufthavn;SN99840;01.01.2024 01:00;-1.7;0
Svalbard Lufthavn;SN99840;01.01.2024 02:00;-2.6;0
Svalbard Lufthavn;SN99840;01.01.2024 03:00;-3.6;0
Svalbard Lufthavn;SN99840;01.01.2024 04:00;-3.5;0
Svalbard Lufthavn;SN99840;01.01.2024 05:00;-3.4;0
Svalbard Lufthavn;SN99840;01.01.2024 06:00;-4.9;0
Svalbard Lufthavn;SN99840;01.01.2024 07:00;-4.7;0
Svalbard Lufthavn;SN99840;01.01.2024 08:00;-4.4;0
Svalbard Lufthavn;SN99840;01.01.2024 09:00;-4.8;0
Svalbard Lufthavn;SN99840;01.01.2024 10:00;-5.4;0
Svalbard Lufthavn;SN99840;01.01.2024 11:00;-4;0.1
Svalbard Lufthavn;SN99840;01.01.2024 12:00;-3.8;0.4
Svalbard Lufthavn;SN99840;01.01.2024 13:00;-3.2;0.7
Svalbard Lufthavn;SN99840;01.01.2024 14:00;-2.9;0
Svalbard Lufthavn;SN99840;01.01.2024 15:00;-2.7;0
Svalbard Lufthavn;SN99840;01.01.2024 16:00;-2.7;0
Svalbard Lufthavn;SN99840;01.01.2024 17:00;-2.6;0
Svalbard Lufthavn;SN99840;01.01.2024 18:00;-2.7;0
Svalbard Lufthavn;SN99840;01.01.2024 19:00;-2.7;0.1
Svalbard Lufthavn;SN99840;01.01.2024 20:00;-2.6;0
Svalbard Lufthavn;SN99840;01.01.2024 21:00;-2;0
Svalbard Lufthavn;SN99840;01.01.2024 22:00;-2.5;0
Svalbard Lufthavn;SN99840;01.01.2024 23:00;-1.8;0
Svalbard Lufthavn;SN99840;02.01.2024 00:00;-2.1;0
Svalbard Lufthavn;SN99840;02.01.2024 01:00;-2.6;0
Svalbard Lufthavn;SN99840;02.01.2024 02:00;-3.5;0
Svalbard Lufthavn;SN99840;02.01.2024 03:00;-4.2;0
Svalbard Lufthavn;SN99840;02.01.2024 04:00;-5.7;0
Svalbard Lufthavn;SN99840;02.01.2024 05:00;-5.9;0
Svalbard Lufthavn;SN99840;02.01.2024 06:00;-6.3;0
Svalbard Lufthavn;SN99840;02.01.2024 07:00;-6.2;0
Svalbard Lufthavn;SN99840;02.01.2024 08:00;-6.6;0
Svalbard Lufthavn;SN99840;02.01.2024 09:00;-6.8;0
Svalbard Lufthavn;SN99840;02.01.2024 10:00;-7.2;0
Svalbard Lufthavn;SN99840;02.01.2024 11:00;-7.6;0
Svalbard Lufthavn;SN99840;02.01.2024 12:00;-8;0
Svalbard Lufthavn;SN99840;02.01.2024 13:00;-8.6;0
Svalbard Lufthavn;SN99840;02.01.2024 14:00;-9.1;0
Svalbard Lufthavn;SN99840;02.01.2024 15:00;-9;0
Svalbard Lufthavn;SN99840;02.01.2024 16:00;-9.3;0
Svalbard Lufthavn;SN99840;02.01.2024 17:00;-9.2;0
Svalbard Lufthavn;SN99840;02.01.2024 18:00;-9.5;0
Svalbard Lufthavn;SN99840;02.01.2024 19:00;-9.4;0
Svalbard Lufthavn;SN99840;02.01.2024 20:00;-9.2;0
Svalbard Lufthavn;SN99840;02.01.2024 21:00;-9.1;0
Svalbard Lufthavn;SN99840;02.01.2024 22:00;-9;0
Svalbard Lufthavn;SN99840;02.01.2024 23:00;-9.2;0
Svalbard Lufthavn;SN99840;03.01.2024 00:00;-9.3;0
Svalbard Lufthavn;SN99840;03.01.2024 01:00;-9.5;0
Svalbard Lufthavn;SN99840;03.01.2024 02:00;-9.5;0
Svalbard Lufthavn;SN99840;03.01.2024 03:00;-9.9;0
Svalbard Lufthavn;SN99840;03.01.2024 04:00;-9.9;0
Svalbard Lufthavn;SN99840;03.01.2024 05:00;-10.3;0
Svalbard Lufthavn;SN99840;03.01.2024 06:00;-10.5;0
Svalbard Lufthavn;SN99840;03.01.2024 07:00;-10.9;0
Svalbard Lufthavn;SN99840;03.01.2024 08:00;-11;0
Svalbard Lufthavn;SN99840;03.01.2024 09:00;-11.1;0
Svalbard Lufthavn;SN99840;03.01.2024 10:00;-11.4;0
Svalbard Lufthavn;SN99840;03.01.2024 11:00;-11.3;0
Svalbard Lufthavn;SN99840;03.01.2024 12:00;-11.4;0
Svalbard Lufthavn;SN99840;03.01.2024 13:00;-11.9;0.1
Svalbard Lufthavn;SN99840;03.01.2024 14:00;-12.1;0.3
Svalbard Lufthavn;SN99840;03.01.2024 15:00;-12.3;0
Svalbard Lufthavn;SN99840;03.01.2024 16:00;-12.3;0
Svalbard Lufthavn;SN99840;03.01.2024 17:00;-12.5;0
Svalbard Lufthavn;SN99840;03.01.2024 18:00;-12.9;0
Svalbard Lufthavn;SN99840;03.01.2024 19:00;-13.8;0
Svalbard Lufthavn;SN99840;03.01.2024 20:00;-13.1;0
Svalbard Lufthavn;SN99840;03.01.2024 21:00;-14.2;0
Svalbard Lufthavn;SN99840;03.01.2024 22:00;-14.6;0
Svalbard Lufthavn;SN99840;03.01.2024 23:00;-14.3;0
Svalbard Lufthavn;SN99840;04.01.2024 00:00;-14.7;0
Svalbard Lufthavn;SN99840;04.01.2024 01:00;-15.2;0
Svalbard Lufthavn;SN99840;04.01.2024 02:00;-15.2;0
Svalbard Lufthavn;SN99840;04.01.2024 03:00;-15.3;0
Svalbard Lufthavn;SN99840;04.01.2024 04:00;-15.5;0
Svalbard Lufthavn;SN99840;04.01.2024 05:00;-15.7;0
Svalbard Lufthavn;SN99840;04.01.2024 06:00;-15.7;0
Svalbard Lufthavn;SN99840;04.01.2024 07:00;-16;0
Svalbard Lufthavn;SN99840;04.01.2024 08:00;-15.9;0
Svalbard Lufthavn;SN99840;04.01.2024 09:00;-15.6;0.2
Svalbard Lufthavn;SN99840;04.01.2024 10:00;-15.8;0.2
Svalbard Lufthavn;SN99840;04.01.2024 11:00;-16.6;0
Svalbard Lufthavn;SN99840;04.01.2024 12:00;-17.3;0
Svalbard Lufthavn;SN99840;04.01.2024 13:00;-17.7;0
Svalbard Lufthavn;SN99840;04.01.2024 14:00;-18;0.1
Svalbard Lufthavn;SN99840;04.01.2024 15:00;-18.2;0
Svalbard Lufthavn;SN99840;04.01.2024 16:00;-19.1;0
Svalbard Lufthavn;SN99840;04.01.2024 17:00;-18.8;0
Svalbard Lufthavn;SN99840;04.01.2024 18:00;-19.3;0
Svalbard Lufthavn;SN99840;04.01.2024 19:00;-19.5;0
Svalbard Lufthavn;SN99840;04.01.2024 20:00;-19.7;0
Svalbard Lufthavn;SN99840;04.01.2024 21:00;-20;0
Svalbard Lufthavn;SN99840;04.01.2024 22:00;-19.5;0
Svalbard Lufthavn;SN99840;04.01.2024 23:00;-19.5;0
Svalbard Lufthavn;SN99840;05.01.2024 00:00;-19.7;0
Svalbard Lufthavn;SN99840;05.01.2024 01:00;-20.1;0
Svalbard Lufthavn;SN99840;05.01.2024 02:00;-20.3;0
Svalbard Lufthavn;SN99840;05.01.2024 03:00;-20.7;0
Svalbard Lufthavn;SN99840;05.01.2024 04:00;-20.3;0
Svalbard Lufthavn;SN99840;05.01.2024 05:00;-20.9;0
Svalbard Lufthavn;SN99840;05.01.2024 06:00;-20.4;0
Svalbard Lufthavn;SN99840;05.01.2024 07:00;-19.8;0
Svalbard Lufthavn;SN99840;05.01.2024 08:00;-19.3;0
Svalbard Lufthavn;SN99840;05.01.2024 09:00;-19.2;0
Svalbard Lufthavn;SN99840;05.01.2024 10:00;-18.5;0
Svalbard Lufthavn;SN99840;05.01.2024 11:00;-18.3;0
Svalbard Lufthavn;SN99840;05.01.2024 12:00;-17.6;0
Svalbard Lufthavn;SN99840;05.01.2024 13:00;-17.6;0
Svalbard Lufthavn;SN99840;05.01.2024 14:00;-16.4;0
Svalbard Lufthavn;SN99840;05.01.2024 15:00;-16.4;0
Svalbard Lufthavn;SN99840;05.01.2024 16:00;-16.6;0
Svalbard Lufthavn;SN99840;05.01.2024 17:00;-15.9;0
Svalbard Lufthavn;SN99840;05.01.2024 18:00;-15.9;0
Svalbard Lufthavn;SN99840;05.01.2024 19:00;-16;0
Svalbard Lufthavn;SN99840;05.01.2024 20:00;-15.9;0
Svalbard Lufthavn;SN99840;05.01.2024 21:00;-15.9;0
Svalbard Lufthavn;SN99840;05.01.2024 22:00;-15.7;0
Svalbard Lufthavn;SN99840;05.01.2024 23:00;-15.6;0
Svalbard Lufthavn;SN99840;06.01.2024 00:00;-15.6;0
Svalbard Lufthavn;SN99840;06.01.2024 01:00;-15.6;0
Svalbard Lufthavn;SN99840;06.01.2024 02:00;-15.6;0
Svalbard Lufthavn;SN99840;06.01.2024 03:00;-15.6;0
Svalbard Lufthavn;SN99840;06.01.2024 04:00;-15.8;0
Svalbard Lufthavn;SN99840;06.01.2024 05:00;-16;0
Svalbard Lufthavn;SN99840;06.01.2024 06:00;-15.7;0
Svalbard Lufthavn;SN99840;06.01.2024 07:00;-15.6;0
Svalbard Lufthavn;SN99840;06.01.2024 08:00;-15.6;0
Svalbard Lufthavn;SN99840;06.01.2024 09:00;-16.5;0
Svalbard Lufthavn;SN99840;06.01.2024 10:00;-15.9;0
Svalbard Lufthavn;SN99840;06.01.2024 11:00;-16.1;0
Svalbard Lufthavn;SN99840;06.01.2024 12:00;-16.5;0
Svalbard Lufthavn;SN99840;06.01.2024 13:00;-15.9;0
Svalbard Lufthavn;SN99840;06.01.2024 14:00;-16.4;0
Svalbard Lufthavn;SN99840;06.01.2024 15:00;-16;0
Svalbard Lufthavn;SN99840;06.01.2024 16:00;-16.3;0
Svalbard Lufthavn;SN99840;06.01.2024 17:00;-16.1;0
Svalbard Lufthavn;SN99840;06.01.2024 18:00;-16.5;0
Svalbard Lufthavn;SN99840;06.01.2024 19:00;-16.3;0
Svalbard Lufthavn;SN99840;06.01.2024 20:00;-16.4;0
Svalbard Lufthavn;SN99840;06.01.2024 21:00;-16.3;0
Svalbard Lufthavn;SN99840;06.01.2024 22:00;-15.8;0
Svalbard Lufthavn;SN99840;06.01.2024 23:00;-16;0
Svalbard Lufthavn;SN99840;07.01.2024 00:00;-15.8;0
Svalbard Lufthavn;SN99840;07.01.2024 01:00;-15.8;0
Svalbard Lufthavn;SN99840;07.01.2024 02:00;-15.5;0
Svalbard Lufthavn;SN99840;07.01.2024 03:00;-15.9;0
Svalbard Lufthavn;SN99840;07.01.2024 04:00;-16.6;0
Svalbard Lufthavn;SN99840;07.01.2024 05:00;-16.7;0
Svalbard Lufthavn;SN99840;07.01.2024 06:00;-15.9;0
Svalbard Lufthavn;SN99840;07.01.2024 07:00;-15.6;0
Svalbard Lufthavn;SN99840;07.01.2024 08:00;-17.7;0
Svalbard Lufthavn;SN99840;07.01.2024 09:00;-18.1;0
Svalbard Lufthavn;SN99840;07.01.2024 10:00;-19.2;0
Svalbard Lufthavn;SN99840;07.01.2024 11:00;-19.5;0
Svalbard Lufthavn;SN99840;07.01.2024 12:00;-19.1;0
Svalbard Lufthavn;SN99840;07.01.2024 13:00;-17.9;0
Svalbard Lufthavn;SN99840;07.01.2024 14:00;-17.6;0
Svalbard Lufthavn;SN99840;07.01.2024 15:00;-18.8;0
Svalbard Lufthavn;SN99840;07.01.2024 16:00;-18;0
Svalbard Lufthavn;SN99840;07.01.2024 17:00;-18.1;0
Svalbard Lufthavn;SN99840;07.01.2024 18:00;-16.2;0
Svalbard Lufthavn;SN99840;07.01.2024 19:00;-16.2;0
Svalbard Lufthavn;SN99840;07.01.2024 20:00;-17.6;0
Svalbard Lufthavn;SN99840;07.01.2024 21:00;-17.6;0
Svalbard Lufthavn;SN99840;07.01.2024 22:00;-17.2;0
Svalbard Lufthavn;SN99840;07.01.2024 23:00;-16.9;0
Svalbard Lufthavn;SN99840;08.01.2024 00:00;-16.8;0
Svalbard Lufthavn;SN99840;08.01.2024 01:00;-16.5;0
Svalbard Lufthavn;SN99840;08.01.2024 02:00;-16.2;0
Svalbard Lufthavn;SN99840;08.01.2024 03:00;-15.5;0
Svalbard Lufthavn;SN99840;08.01.2024 04:00;-15.2;0
Svalbard Lufthavn;SN99840;08.01.2024 05:00;-14.7;0
Svalbard Lufthavn;SN99840;08.01.2024 06:00;-14.1;0
Svalbard Lufthavn;SN99840;08.01.2024 07:00;-14;0
Svalbard Lufthavn;SN99840;08.01.2024 08:00;-14.1;0
Svalbard Lufthavn;SN99840;08.01.2024 09:00;-13.8;0
Svalbard Lufthavn;SN99840;08.01.2024 10:00;-13.7;0
Svalbard Lufthavn;SN99840;08.01.2024 11:00;-12.8;0
Svalbard Lufthavn;SN99840;08.01.2024 12:00;-13.1;0
Svalbard Lufthavn;SN99840;08.01.2024 13:00;-12.5;0
Svalbard Lufthavn;SN99840;08.01.2024 14:00;-11.9;0
Svalbard Lufthavn;SN99840;08.01.2024 15:00;-12.6;0
Svalbard Lufthavn;SN99840;08.01.2024 16:00;-12.2;0
Svalbard Lufthavn;SN99840;08.01.2024 17:00;-11.9;0
Svalbard Lufthavn;SN99840;08.01.2024 18:00;-12.4;0
Svalbard Lufthavn;SN99840;08.01.2024 19:00;-12.6;0
Svalbard Lufthavn;SN99840;08.01.2024 20:00;-12.5;0
Svalbard Lufthavn;SN99840;08.01.2024 21:00;-12.9;0
Svalbard Lufthavn;SN99840;08.01.2024 22:00;-12.9;0
Svalbard Lufthavn;SN99840;08.01.2024 23:00;-12.6;0
Svalbard Lufthavn;SN99840;09.01.2024 00:00;-13.3;0
Svalbard Lufthavn;SN99840;09.01.2024 01:00;-13;0
Svalbard Lufthavn;SN99840;09.01.2024 02:00;-12.3;0
Svalbard Lufthavn;SN99840;09.01.2024 03:00;-12.3;0
Svalbard Lufthavn;SN99840;09.01.2024 04:00;-12.4;0
Svalbard Lufthavn;SN99840;09.01.2024 05:00;-12.1;0
Svalbard Lufthavn;SN99840;09.01.2024 06:00;-12.3;0
Svalbard Lufthavn;SN99840;09.01.2024 07:00;-11.8;0
Svalbard Lufthavn;SN99840;09.01.2024 08:00;-11;0
Svalbard Lufthavn;SN99840;09.01.2024 09:00;-11.5;0
Svalbard Lufthavn;SN99840;09.01.2024 10:00;-10.7;0
Svalbard Lufthavn;SN99840;09.01.2024 11:00;-12;0
Svalbard Lufthavn;SN99840;09.01.2024 12:00;-12.8;0
Svalbard Lufthavn;SN99840;09.01.2024 13:00;-13;0
Svalbard Lufthavn;SN99840;09.01.2024 14:00;-12.7;0
Svalbard Lufthavn;SN99840;09.01.2024 15:00;-14;0
Svalbard Lufthavn;SN99840;09.01.2024 16:00;-14.4;0
Svalbard Lufthavn;SN99840;09.01.2024 17:00;-14.5;0
Svalbard Lufthavn;SN99840;09.01.2024 18:00;-14.3;0
Svalbard Lufthavn;SN99840;09.01.2024 19:00;-13.9;0
Svalbard Lufthavn;SN99840;09.01.2024 20:00;-14.2;0
Svalbard Lufthavn;SN99840;09.01.2024 21:00;-14.7;0
Svalbard Lufthavn;SN99840;09.01.2024 22:00;-14.8;0
Svalbard Lufthavn;SN99840;09.01.2024 23:00;-14.4;0
Svalbard Lufthavn;SN99840;10.01.2024 00:00;-14.7;0
Svalbard Lufthavn;SN99840;10.01.2024 01:00;-14.7;0
Svalbard Lufthavn;SN99840;10.01.2024 02:00;-14.4;0
Svalbard Lufthavn;SN99840;10.01.2024 03:00;-14.5;0
Svalbard Lufthavn;SN99840;10.01.2024 04:00;-14.9;-
Svalbard Lufthavn;SN99840;10.01.2024 05:00;-14.6;0
Svalbard Lufthavn;SN99840;10.01.2024 06:00;-14.5;0
Svalbard Lufthavn;SN99840;10.01.2024 07:00;-14.5;0
Svalbard Lufthavn;SN99840;10.01.2024 08:00;-14.2;0
Svalbard Lufthavn;SN99840;10.01.2024 09:00;-13.9;0
Svalbard Lufthavn;SN99840;10.01.2024 10:00;-14.1;0
Svalbard Lufthavn;SN99840;10.01.2024 11:00;-14.8;0
Svalbard Lufthavn;SN99840;10.01.2024 12:00;-15.4;0
Svalbard Lufthavn;SN99840;10.01.2024 13:00;-14.9;0
Svalbard Lufthavn;SN99840;10.01.2024 14:00;-15.6;0
Svalbard Lufthavn;SN99840;10.01.2024 15:00;-15.4;0
Svalbard Lufthavn;SN99840;10.01.2024 16:00;-15;0
Svalbard Lufthavn;SN99840;10.01.2024 17:00;-14.8;0
Svalbard Lufthavn;SN99840;10.01.2024 18:00;-14.2;0
Svalbard Lufthavn;SN99840;10.01.2024 19:00;-14.2;0
Svalbard Lufthavn;SN99840;10.01.2024 20:00;-13.8;0
Svalbard Lufthavn;SN99840;10.01.2024 21:00;-13.7;0.1
Svalbard Lufthavn;SN99840;10.01.2024 22:00;-13.3;0.2
Svalbard Lufthavn;SN99840;10.01.2024 23:00;-13.4;0.1
Svalbard Lufthavn;SN99840;11.01.2024 00:00;-12.5;0.1
Svalbard Lufthavn;SN99840;11.01.2024 01:00;-12.4;0
Svalbard Lufthavn;SN99840;11.01.2024 02:00;-11.9;0.1
Svalbard Lufthavn;SN99840;11.01.2024 03:00;-11.1;0
Svalbard Lufthavn;SN99840;11.01.2024 04:00;-11.4;0.2
Svalbard Lufthavn;SN99840;11.01.2024 05:00;-11.8;0.3
Svalbard Lufthavn;SN99840;11.01.2024 06:00;-12;0
Svalbard Lufthavn;SN99840;11.01.2024 07:00;-12.6;0
Svalbard Lufthavn;SN99840;11.01.2024 08:00;-12.4;0
Svalbard Lufthavn;SN99840;11.01.2024 09:00;-12.3;0
Svalbard Lufthavn;SN99840;11.01.2024 10:00;-12.9;0
Svalbard Lufthavn;SN99840;11.01.2024 11:00;-13.1;0
Svalbard Lufthavn;SN99840;11.01.2024 12:00;-12;0
Svalbard Lufthavn;SN99840;11.01.2024 13:00;-11.7;0
Svalbard Lufthavn;SN99840;11.01.2024 14:00;-12.5;0
Svalbard Lufthavn;SN99840;11.01.2024 15:00;-12.1;0
Svalbard Lufthavn;SN99840;11.01.2024 16:00;-12.4;0
Svalbard Lufthavn;SN99840;11.01.2024 17:00;-13.2;0
Svalbard Lufthavn;SN99840;11.01.2024 18:00;-13.3;0
Svalbard Lufthavn;SN99840;11.01.2024 19:00;-13.8;0
Svalbard Lufthavn;SN99840;11.01.2024 20:00;-15.2;0
Svalbard Lufthavn;SN99840;11.01.2024 21:00;-15;0
Svalbard Lufthavn;SN99840;11.01.2024 22:00;-15.7;0
Svalbard Lufthavn;SN99840;11.01.2024 23:00;-16.6;0
Svalbard Lufthavn;SN99840;12.01.2024 00:00;-15.8;0
Svalbard Lufthavn;SN99840;12.01.2024 01:00;-16.1;0
Svalbard Lufthavn;SN99840;12.01.2024 02:00;-16.5;0
Svalbard Lufthavn;SN99840;12.01.2024 03:00;-15.6;0
Svalbard Lufthavn;SN99840;12.01.2024 04:00;-15.1;0
Svalbard Lufthavn;SN99840;12.01.2024 05:00;-15;0
Svalbard Lufthavn;SN99840;12.01.2024 06:00;-15.7;0
Svalbard Lufthavn;SN99840;12.01.2024 07:00;-14.2;0
Svalbard Lufthavn;SN99840;12.01.2024 08:00;-14.5;0
Svalbard Lufthavn;SN99840;12.01.2024 09:00;-15.4;0
Svalbard Lufthavn;SN99840;12.01.2024 10:00;-13.9;0
Svalbard Lufthavn;SN99840;12.01.2024 11:00;-14.7;0
Svalbard Lufthavn;SN99840;12.01.2024 12:00;-14.9;0
Svalbard Lufthavn;SN99840;12.01.2024 13:00;-14.5;0
Svalbard Lufthavn;SN99840;12.01.2024 14:00;-15.4;0
Svalbard Lufthavn;SN99840;12.01.2024 15:00;-15.1;0
Svalbard Lufthavn;SN99840;12.01.2024 16:00;-15.5;0
Svalbard Lufthavn;SN99840;12.01.2024 17:00;-15.3;0
Svalbard Lufthavn;SN99840;12.01.2024 18:00;-14.5;0
Svalbard Lufthavn;SN99840;12.01.2024 19:00;-14.8;0
Svalbard Lufthavn;SN99840;12.01.2024 20:00;-13;0
Svalbard Lufthavn;SN99840;12.01.2024 21:00;-11;0
Svalbard Lufthavn;SN99840;12.01.2024 22:00;-11.6;0
Svalbard Lufthavn;SN99840;12.01.2024 23:00;-11.3;0
Svalbard Lufthavn;SN99840;13.01.2024 00:00;-11.7;0
Svalbard Lufthavn;SN99840;13.01.2024 01:00;-11.4;0
Svalbard Lufthavn;SN99840;13.01.2024 02:00;-13;0
Svalbard Lufthavn;SN99840;13.01.2024 03:00;-11.5;0
Svalbard Lufthavn;SN99840;13.01.2024 04:00;-12.1;0
Svalbard Lufthavn;SN99840;13.01.2024 05:00;-12.9;0
Svalbard Lufthavn;SN99840;13.01.2024 06:00;-13.6;0
Svalbard Lufthavn;SN99840;13.01.2024 07:00;-14;0
Svalbard Lufthavn;SN99840;13.01.2024 08:00;-14.2;0
Svalbard Lufthavn;SN99840;13.01.2024 09:00;-14.6;0
Svalbard Lufthavn;SN99840;13.01.2024 10:00;-14.8;0
Svalbard Lufthavn;SN99840;13.01.2024 11:00;-14.8;0
Svalbard Lufthavn;SN99840;13.01.2024 12:00;-14.9;0
Svalbard Lufthavn;SN99840;13.01.2024 13:00;-14.6;0
Svalbard Lufthavn;SN99840;13.01.2024 14:00;-14.2;0
Svalbard Lufthavn;SN99840;13.01.2024 15:00;-14.3;0
Svalbard Lufthavn;SN99840;13.01.2024 16:00;-14.1;0
Svalbard Lufthavn;SN99840;13.01.2024 17:00;-14.1;0
Svalbard Lufthavn;SN99840;13.01.2024 18:00;-14.2;0
Svalbard Lufthavn;SN99840;13.01.2024 19:00;-14.2;0
Svalbard Lufthavn;SN99840;13.01.2024 20:00;-14.4;0
Svalbard Lufthavn;SN99840;13.01.2024 21:00;-15.2;0
Svalbard Lufthavn;SN99840;13.01.2024 22:00;-15.6;0
Svalbard Lufthavn;SN99840;13.01.2024 23:00;-15.9;0
Svalbard Lufthavn;SN99840;14.01.2024 00:00;-16.5;0
Svalbard Lufthavn;SN99840;14.01.2024 01:00;-17;0
Svalbard Lufthavn;SN99840;14.01.2024 02:00;-17.3;0
Svalbard Lufthavn;SN99840;14.01.2024 03:00;-17.6;0
Svalbard Lufthavn;SN99840;14.01.2024 04:00;-17.9;0
Svalbard Lufthavn;SN99840;14.01.2024 05:00;-17.9;0
Svalbard Lufthavn;SN99840;14.01.2024 06:00;-18.5;0
Svalbard Lufthavn;SN99840;14.01.2024 07:00;-18.9;0
Svalbard Lufthavn;SN99840;14.01.2024 08:00;-18.9;0
Svalbard Lufthavn;SN99840;14.01.2024 09:00;-19.6;0
Svalbard Lufthavn;SN99840;14.01.2024 10:00;-18.7;0
Svalbard Lufthavn;SN99840;14.01.2024 11:00;-19;0
Svalbard Lufthavn;SN99840;14.01.2024 12:00;-19.6;0
Svalbard Lufthavn;SN99840;14.01.2024 13:00;-20;0
Svalbard Lufthavn;SN99840;14.01.2024 14:00;-19.6;0
Svalbard Lufthavn;SN99840;14.01.2024 15:00;-20.9;0
Svalbard Lufthavn;SN99840;14.01.2024 16:00;-21.1;0
Svalbard Lufthavn;SN99840;14.01.2024 17:00;-21.6;0
Svalbard Lufthavn;SN99840;14.01.2024 18:00;-21.7;0
Svalbard Lufthavn;SN99840;14.01.2024 19:00;-21.1;0
Svalbard Lufthavn;SN99840;14.01.2024 20:00;-20.8;0
Svalbard Lufthavn;SN99840;14.01.2024 21:00;-20.4;0
Svalbard Lufthavn;SN99840;14.01.2024 22:00;-20.6;0
Svalbard Lufthavn;SN99840;14.01.2024 23:00;-21.3;0
Svalbard Lufthavn;SN99840;15.01.2024 00:00;-21.4;0
Svalbard Lufthavn;SN99840;15.01.2024 01:00;-20.4;0
Svalbard Lufthavn;SN99840;15.01.2024 02:00;-20.5;0
Svalbard Lufthavn;SN99840;15.01.2024 03:00;-21.1;0
Svalbard Lufthavn;SN99840;15.01.2024 04:00;-21.1;0
Svalbard Lufthavn;SN99840;15.01.2024 05:00;-20.7;0
Svalbard Lufthavn;SN99840;15.01.2024 06:00;-20.7;0
Svalbard Lufthavn;SN99840;15.01.2024 07:00;-21.1;0
Svalbard Lufthavn;SN99840;15.01.2024 08:00;-21.1;0
Svalbard Lufthavn;SN99840;15.01.2024 09:00;-21.4;0
Svalbard Lufthavn;SN99840;15.01.2024 10:00;-21.2;0
Svalbard Lufthavn;SN99840;15.01.2024 11:00;-21.2;0
Svalbard Lufthavn;SN99840;15.01.2024 12:00;-20.6;0
Svalbard Lufthavn;SN99840;15.01.2024 13:00;-19.9;0
Svalbard Lufthavn;SN99840;15.01.2024 14:00;-20.1;0
Svalbard Lufthavn;SN99840;15.01.2024 15:00;-19.5;0
Svalbard Lufthavn;SN99840;15.01.2024 16:00;-19.5;0
Svalbard Lufthavn;SN99840;15.01.2024 17:00;-19.3;0
Svalbard Lufthavn;SN99840;15.01.2024 18:00;-19.3;0
Svalbard Lufthavn;SN99840;15.01.2024 19:00;-19.3;0
Svalbard Lufthavn;SN99840;15.01.2024 20:00;-18.7;0
Svalbard Lufthavn;SN99840;15.01.2024 21:00;-18.3;0
Svalbard Lufthavn;SN99840;15.01.2024 22:00;-19.2;0
Svalbard Lufthavn;SN99840;15.01.2024 23:00;-18.5;0
Svalbard Lufthavn;SN99840;16.01.2024 00:00;-18.2;0
Svalbard Lufthavn;SN99840;16.01.2024 01:00;-18.3;0
Svalbard Lufthavn;SN99840;16.01.2024 02:00;-18.8;0
Svalbard Lufthavn;SN99840;16.01.2024 03:00;-18.2;0
Svalbard Lufthavn;SN99840;16.01.2024 04:00;-18.5;0
Svalbard Lufthavn;SN99840;16.01.2024 05:00;-18.5;0
Svalbard Lufthavn;SN99840;16.01.2024 06:00;-18.1;0
Svalbard Lufthavn;SN99840;16.01.2024 07:00;-18.8;0
Svalbard Lufthavn;SN99840;16.01.2024 08:00;-18.7;0
Svalbard Lufthavn;SN99840;16.01.2024 09:00;-19.5;0
Svalbard Lufthavn;SN99840;16.01.2024 10:00;-19.9;0
Svalbard Lufthavn;SN99840;16.01.2024 11:00;-20.1;0
Svalbard Lufthavn;SN99840;16.01.2024 12:00;-21.6;0
Svalbard Lufthavn;SN99840;16.01.2024 13:00;-22.5;0
Svalbard Lufthavn;SN99840;16.01.2024 14:00;-23;0
Svalbard Lufthavn;SN99840;16.01.2024 15:00;-24.1;0
Svalbard Lufthavn;SN99840;16.01.2024 16:00;-24.1;0
Svalbard Lufthavn;SN99840;16.01.2024 17:00;-24.9;0
Svalbard Lufthavn;SN99840;16.01.2024 18:00;-25.1;0
Svalbard Lufthavn;SN99840;16.01.2024 19:00;-25.5;0
Svalbard Lufthavn;SN99840;16.01.2024 20:00;-25.4;0
Svalbard Lufthavn;SN99840;16.01.2024 21:00;-25.8;0
Svalbard Lufthavn;SN99840;16.01.2024 22:00;-24.9;0
Svalbard Lufthavn;SN99840;16.01.2024 23:00;-23.9;0
Svalbard Lufthavn;SN99840;17.01.2024 00:00;-22.5;0
Svalbard Lufthavn;SN99840;17.01.2024 01:00;-20.9;0
Svalbard Lufthavn;SN99840;17.01.2024 02:00;-21.6;0
Svalbard Lufthavn;SN99840;17.01.2024 03:00;-21.4;0
Svalbard Lufthavn;SN99840;17.01.2024 04:00;-20.7;0
Svalbard Lufthavn;SN99840;17.01.2024 05:00;-19.9;0
Svalbard Lufthavn;SN99840;17.01.2024 06:00;-18.6;0
Svalbard Lufthavn;SN99840;17.01.2024 07:00;-16.8;0
Svalbard Lufthavn;SN99840;17.01.2024 08:00;-15.3;0
Svalbard Lufthavn;SN99840;17.01.2024 09:00;-13.8;0
Svalbard Lufthavn;SN99840;17.01.2024 10:00;-13.1;0
Svalbard Lufthavn;SN99840;17.01.2024 11:00;-12.1;0
Svalbard Lufthavn;SN99840;17.01.2024 12:00;-12;0
Svalbard Lufthavn;SN99840;17.01.2024 13:00;-10.8;0
Svalbard Lufthavn;SN99840;17.01.2024 14:00;-10.9;0
Svalbard Lufthavn;SN99840;17.01.2024 15:00;-11.2;0
Svalbard Lufthavn;SN99840;17.01.2024 16:00;-10.9;0
Svalbard Lufthavn;SN99840;17.01.2024 17:00;-9.5;0
Svalbard Lufthavn;SN99840;17.01.2024 18:00;-10.9;0
Svalbard Lufthavn;SN99840;17.01.2024 19:00;-11.3;0
Svalbard Lufthavn;SN99840;17.01.2024 20:00;-12.2;0
Svalbard Lufthavn;SN99840;17.01.2024 21:00;-12.2;0
Svalbard Lufthavn;SN99840;17.01.2024 22:00;-12.2;0
Svalbard Lufthavn;SN99840;17.01.2024 23:00;-11.9;0
Svalbard Lufthavn;SN99840;18.01.2024 00:00;-11.8;0
Svalbard Lufthavn;SN99840;18.01.2024 01:00;-12.4;0
Svalbard Lufthavn;SN99840;18.01.2024 02:00;-14;0
Svalbard Lufthavn;SN99840;18.01.2024 03:00;-14.8;0
Svalbard Lufthavn;SN99840;18.01.2024 04:00;-16.2;0
Svalbard Lufthavn;SN99840;18.01.2024 05:00;-15.8;0
Svalbard Lufthavn;SN99840;18.01.2024 06:00;-15.4;0
Svalbard Lufthavn;SN99840;18.01.2024 07:00;-17.1;0
Svalbard Lufthavn;SN99840;18.01.2024 08:00;-16.6;0
Svalbard Lufthavn;SN99840;18.01.2024 09:00;-17;0
Svalbard Lufthavn;SN99840;18.01.2024 10:00;-17.8;0
Svalbard Lufthavn;SN99840;18.01.2024 11:00;-18.1;0
Svalbard Lufthavn;SN99840;18.01.2024 12:00;-18.5;0
Svalbard Lufthavn;SN99840;18.01.2024 13:00;-18.6;0
Svalbard Lufthavn;SN99840;18.01.2024 14:00;-17.9;0
Svalbard Lufthavn;SN99840;18.01.2024 15:00;-18;0
Svalbard Lufthavn;SN99840;18.01.2024 16:00;-16.8;0
Svalbard Lufthavn;SN99840;18.01.2024 17:00;-16.4;0
Svalbard Lufthavn;SN99840;18.01.2024 18:00;-15.9;0
Svalbard Lufthavn;SN99840;18.01.2024 19:00;-16;0
Svalbard Lufthavn;SN99840;18.01.2024 20:00;-16.1;0
Svalbard Lufthavn;SN99840;18.01.2024 21:00;-16.2;0
Svalbard Lufthavn;SN99840;18.01.2024 22:00;-14.8;0
Svalbard Lufthavn;SN99840;18.01.2024 23:00;-16.3;0
Svalbard Lufthavn;SN99840;19.01.2024 00:00;-16.6;0
Svalbard Lufthavn;SN99840;19.01.2024 01:00;-16.4;0
Svalbard Lufthavn;SN99840;19.01.2024 02:00;-16.8;0
Svalbard Lufthavn;SN99840;19.01.2024 03:00;-17.3;0
Svalbard Lufthavn;SN99840;19.01.2024 04:00;-17;0
Svalbard Lufthavn;SN99840;19.01.2024 05:00;-17.9;0
Svalbard Lufthavn;SN99840;19.01.2024 06:00;-17.6;0
Svalbard Lufthavn;SN99840;19.01.2024 07:00;-17;0
Svalbard Lufthavn;SN99840;19.01.2024 08:00;-17.3;0
Svalbard Lufthavn;SN99840;19.01.2024 09:00;-16.6;0
Svalbard Lufthavn;SN99840;19.01.2024 10:00;-16.8;0
Svalbard Lufthavn;SN99840;19.01.2024 11:00;-17.7;0
Svalbard Lufthavn;SN99840;19.01.2024 12:00;-17.3;0
Svalbard Lufthavn;SN99840;19.01.2024 13:00;-18;0
Svalbard Lufthavn;SN99840;19.01.2024 14:00;-17.8;0
Svalbard Lufthavn;SN99840;19.01.2024 15:00;-18.9;0
Svalbard Lufthavn;SN99840;19.01.2024 16:00;-17.9;0
Svalbard Lufthavn;SN99840;19.01.2024 17:00;-16.8;0
Svalbard Lufthavn;SN99840;19.01.2024 18:00;-17.1;0
Svalbard Lufthavn;SN99840;19.01.2024 19:00;-16.6;0
Svalbard Lufthavn;SN99840;19.01.2024 20:00;-18.4;0
Svalbard Lufthavn;SN99840;19.01.2024 21:00;-18.2;0
Svalbard Lufthavn;SN99840;19.01.2024 22:00;-17.7;0
Svalbard Lufthavn;SN99840;19.01.2024 23:00;-18.6;0
Svalbard Lufthavn;SN99840;20.01.2024 00:00;-18.6;0
Svalbard Lufthavn;SN99840;20.01.2024 01:00;-17.9;0
Svalbard Lufthavn;SN99840;20.01.2024 02:00;-18.6;0
Svalbard Lufthavn;SN99840;20.01.2024 03:00;-17.9;0
Svalbard Lufthavn;SN99840;20.01.2024 04:00;-19.1;0
Svalbard Lufthavn;SN99840;20.01.2024 05:00;-18.4;0
Svalbard Lufthavn;SN99840;20.01.2024 06:00;-17.5;0
Svalbard Lufthavn;SN99840;20.01.2024 07:00;-17.5;0
Svalbard Lufthavn;SN99840;20.01.2024 08:00;-17.9;0
Svalbard Lufthavn;SN99840;20.01.2024 09:00;-17.9;0
Svalbard Lufthavn;SN99840;20.01.2024 10:00;-17.3;0
Svalbard Lufthavn;SN99840;20.01.2024 11:00;-18.6;0
Svalbard Lufthavn;SN99840;20.01.2024 12:00;-17.8;0
Svalbard Lufthavn;SN99840;20.01.2024 13:00;-18.5;0
Svalbard Lufthavn;SN99840;20.01.2024 14:00;-17.9;0
Svalbard Lufthavn;SN99840;20.01.2024 15:00;-17.5;0
Svalbard Lufthavn;SN99840;20.01.2024 16:00;-17.4;0
Svalbard Lufthavn;SN99840;20.01.2024 17:00;-18;0
Svalbard Lufthavn;SN99840;20.01.2024 18:00;-17.6;0
Svalbard Lufthavn;SN99840;20.01.2024 19:00;-17.4;0
Svalbard Lufthavn;SN99840;20.01.2024 20:00;-17.6;0
Svalbard Lufthavn;SN99840;20.01.2024 21:00;-17.5;0
Svalbard Lufthavn;SN99840;20.01.2024 22:00;-17;0
Svalbard Lufthavn;SN99840;20.01.2024 23:00;-16;0
Svalbard Lufthavn;SN99840;21.01.2024 00:00;-16.6;0
Svalbard Lufthavn;SN99840;21.01.2024 01:00;-16.6;0
Svalbard Lufthavn;SN99840;21.01.2024 02:00;-16.6;0
Svalbard Lufthavn;SN99840;21.01.2024 03:00;-17.9;0
Svalbard Lufthavn;SN99840;21.01.2024 04:00;-17.3;0
Svalbard Lufthavn;SN99840;21.01.2024 05:00;-18.3;0
Svalbard Lufthavn;SN99840;21.01.2024 06:00;-17.4;0
Svalbard Lufthavn;SN99840;21.01.2024 07:00;-17.7;0
Svalbard Lufthavn;SN99840;21.01.2024 08:00;-17.4;0
Svalbard Lufthavn;SN99840;21.01.2024 09:00;-16.8;0
Svalbard Lufthavn;SN99840;21.01.2024 10:00;-15.5;0
Svalbard Lufthavn;SN99840;21.01.2024 11:00;-14.8;0
Svalbard Lufthavn;SN99840;21.01.2024 12:00;-13.6;0
Svalbard Lufthavn;SN99840;21.01.2024 13:00;-12.8;0
Svalbard Lufthavn;SN99840;21.01.2024 14:00;-11.3;0
Svalbard Lufthavn;SN99840;21.01.2024 15:00;-10.8;0
Svalbard Lufthavn;SN99840;21.01.2024 16:00;-12.1;0
Svalbard Lufthavn;SN99840;21.01.2024 17:00;-11.7;0
Svalbard Lufthavn;SN99840;21.01.2024 18:00;-12;0
Svalbard Lufthavn;SN99840;21.01.2024 19:00;-11.4;0
Svalbard Lufthavn;SN99840;21.01.2024 20:00;-12.7;0
Svalbard Lufthavn;SN99840;21.01.2024 21:00;-12.7;0
Svalbard Lufthavn;SN99840;21.01.2024 22:00;-12;0
Svalbard Lufthavn;SN99840;21.01.2024 23:00;-10.9;0
Svalbard Lufthavn;SN99840;22.01.2024 00:00;-11.3;0
Svalbard Lufthavn;SN99840;22.01.2024 01:00;-9.8;0
Svalbard Lufthavn;SN99840;22.01.2024 02:00;-9.1;0
Svalbard Lufthavn;SN99840;22.01.2024 03:00;-6.6;0
Svalbard Lufthavn;SN99840;22.01.2024 04:00;-7;0
Svalbard Lufthavn;SN99840;22.01.2024 05:00;-6.8;0
Svalbard Lufthavn;SN99840;22.01.2024 06:00;-6.7;0
Svalbard Lufthavn;SN99840;22.01.2024 07:00;-7;0
Svalbard Lufthavn;SN99840;22.01.2024 08:00;-8.4;0
Svalbard Lufthavn;SN99840;22.01.2024 09:00;-8.5;0
Svalbard Lufthavn;SN99840;22.01.2024 10:00;-8.4;0
Svalbard Lufthavn;SN99840;22.01.2024 11:00;-8.4;0
Svalbard Lufthavn;SN99840;22.01.2024 12:00;-8.4;0
Svalbard Lufthavn;SN99840;22.01.2024 13:00;-9.1;0
Svalbard Lufthavn;SN99840;22.01.2024 14:00;-8.9;0
Svalbard Lufthavn;SN99840;22.01.2024 15:00;-7.5;0
Svalbard Lufthavn;SN99840;22.01.2024 16:00;-7.5;0
Svalbard Lufthavn;SN99840;22.01.2024 17:00;-7.4;0
Svalbard Lufthavn;SN99840;22.01.2024 18:00;-6;0
Svalbard Lufthavn;SN99840;22.01.2024 19:00;-6.9;0
Svalbard Lufthavn;SN99840;22.01.2024 20:00;-6.8;0
Svalbard Lufthavn;SN99840;22.01.2024 21:00;-6.4;0
Svalbard Lufthavn;SN99840;22.01.2024 22:00;-6.1;0
Svalbard Lufthavn;SN99840;22.01.2024 23:00;-5.8;0
Svalbard Lufthavn;SN99840;23.01.2024 00:00;-4.4;0
Svalbard Lufthavn;SN99840;23.01.2024 01:00;-3.9;0
Svalbard Lufthavn;SN99840;23.01.2024 02:00;-4.5;0
Svalbard Lufthavn;SN99840;23.01.2024 03:00;-4.1;0
Svalbard Lufthavn;SN99840;23.01.2024 04:00;-2.9;0
Svalbard Lufthavn;SN99840;23.01.2024 05:00;-2.7;0
Svalbard Lufthavn;SN99840;23.01.2024 06:00;-2.4;0
Svalbard Lufthavn;SN99840;23.01.2024 07:00;-2.1;0
Svalbard Lufthavn;SN99840;23.01.2024 08:00;-1.8;0
Svalbard Lufthavn;SN99840;23.01.2024 09:00;-1.4;0
Svalbard Lufthavn;SN99840;23.01.2024 10:00;-1.4;0
Svalbard Lufthavn;SN99840;23.01.2024 11:00;-1.1;0
Svalbard Lufthavn;SN99840;23.01.2024 12:00;-1.9;0
Svalbard Lufthavn;SN99840;23.01.2024 13:00;-1.6;0
Svalbard Lufthavn;SN99840;23.01.2024 14:00;-2;0
Svalbard Lufthavn;SN99840;23.01.2024 15:00;-2;0
Svalbard Lufthavn;SN99840;23.01.2024 16:00;-2;0
Svalbard Lufthavn;SN99840;23.01.2024 17:00;-2.2;0
Svalbard Lufthavn;SN99840;23.01.2024 18:00;-1.9;0
Svalbard Lufthavn;SN99840;23.01.2024 19:00;-1.9;0
Svalbard Lufthavn;SN99840;23.01.2024 20:00;-2.2;0
Svalbard Lufthavn;SN99840;23.01.2024 21:00;-2.3;0
Svalbard Lufthavn;SN99840;23.01.2024 22:00;-1.9;0
Svalbard Lufthavn;SN99840;23.01.2024 23:00;-1.6;0
Svalbard Lufthavn;SN99840;24.01.2024 00:00;-1.8;0
Svalbard Lufthavn;SN99840;24.01.2024 01:00;-2;0
Svalbard Lufthavn;SN99840;24.01.2024 02:00;-1.6;0
Svalbard Lufthavn;SN99840;24.01.2024 03:00;-1.5;0
Svalbard Lufthavn;SN99840;24.01.2024 04:00;-1.2;0
Svalbard Lufthavn;SN99840;24.01.2024 05:00;-0.8;0
Svalbard Lufthavn;SN99840;24.01.2024 06:00;-1.2;0
Svalbard Lufthavn;SN99840;24.01.2024 07:00;-0.9;0
Svalbard Lufthavn;SN99840;24.01.2024 08:00;-1.1;0
Svalbard Lufthavn;SN99840;24.01.2024 09:00;-1.7;0
Svalbard Lufthavn;SN99840;24.01.2024 10:00;-2.3;0
Svalbard Lufthavn;SN99840;24.01.2024 11:00;-2.3;0
Svalbard Lufthavn;SN99840;24.01.2024 12:00;-2.4;0.1
Svalbard Lufthavn;SN99840;24.01.2024 13:00;-2.4;0
Svalbard Lufthavn;SN99840;24.01.2024 14:00;-3.8;0
Svalbard Lufthavn;SN99840;24.01.2024 15:00;-2.9;0
Svalbard Lufthavn;SN99840;24.01.2024 16:00;-4.2;0
Svalbard Lufthavn;SN99840;24.01.2024 17:00;-4.2;0
Svalbard Lufthavn;SN99840;24.01.2024 18:00;-6;0
Svalbard Lufthavn;SN99840;24.01.2024 19:00;-7.8;0
Svalbard Lufthavn;SN99840;24.01.2024 20:00;-6.7;0
Svalbard Lufthavn;SN99840;24.01.2024 21:00;-5.8;0
Svalbard Lufthavn;SN99840;24.01.2024 22:00;-2.3;0
Svalbard Lufthavn;SN99840;24.01.2024 23:00;-3;0
Svalbard Lufthavn;SN99840;25.01.2024 00:00;-2.8;0.1
Svalbard Lufthavn;SN99840;25.01.2024 01:00;-2.9;0.1
Svalbard Lufthavn;SN99840;25.01.2024 02:00;-2.9;0
Svalbard Lufthavn;SN99840;25.01.2024 03:00;-4.8;0
Svalbard Lufthavn;SN99840;25.01.2024 04:00;-4.3;0
Svalbard Lufthavn;SN99840;25.01.2024 05:00;-3.4;0
Svalbard Lufthavn;SN99840;25.01.2024 06:00;-2.7;0
Svalbard Lufthavn;SN99840;25.01.2024 07:00;-1.3;0
Svalbard Lufthavn;SN99840;25.01.2024 08:00;-2.7;0
Svalbard Lufthavn;SN99840;25.01.2024 09:00;-2.8;0
Svalbard Lufthavn;SN99840;25.01.2024 10:00;-1.9;0
Svalbard Lufthavn;SN99840;25.01.2024 11:00;-1.6;0
Svalbard Lufthavn;SN99840;25.01.2024 12:00;-1;0
Svalbard Lufthavn;SN99840;25.01.2024 13:00;-1.3;0
Svalbard Lufthavn;SN99840;25.01.2024 14:00;-0.7;0
Svalbard Lufthavn;SN99840;25.01.2024 15:00;-0.3;0
Svalbard Lufthavn;SN99840;25.01.2024 16:00;-0.3;0
Svalbard Lufthavn;SN99840;25.01.2024 17:00;-0.8;0
Svalbard Lufthavn;SN99840;25.01.2024 18:00;-1.6;0
Svalbard Lufthavn;SN99840;25.01.2024 19:00;0.1;0
Svalbard Lufthavn;SN99840;25.01.2024 20:00;2.8;0
Svalbard Lufthavn;SN99840;25.01.2024 21:00;2;0
Svalbard Lufthavn;SN99840;25.01.2024 22:00;2.7;0
Svalbard Lufthavn;SN99840;25.01.2024 23:00;1.8;0
Svalbard Lufthavn;SN99840;26.01.2024 00:00;1.6;0
Svalbard Lufthavn;SN99840;26.01.2024 01:00;2.8;0
Svalbard Lufthavn;SN99840;26.01.2024 02:00;2.9;0
Svalbard Lufthavn;SN99840;26.01.2024 03:00;5.2;0
Svalbard Lufthavn;SN99840;26.01.2024 04:00;5.3;0
Svalbard Lufthavn;SN99840;26.01.2024 05:00;5.3;0
Svalbard Lufthavn;SN99840;26.01.2024 06:00;4.9;0
Svalbard Lufthavn;SN99840;26.01.2024 07:00;5;0
Svalbard Lufthavn;SN99840;26.01.2024 08:00;5;0
Svalbard Lufthavn;SN99840;26.01.2024 09:00;4.7;0
Svalbard Lufthavn;SN99840;26.01.2024 10:00;4.9;0
Svalbard Lufthavn;SN99840;26.01.2024 11:00;4.5;0
Svalbard Lufthavn;SN99840;26.01.2024 12:00;3.9;0
Svalbard Lufthavn;SN99840;26.01.2024 13:00;3;0
Svalbard Lufthavn;SN99840;26.01.2024 14:00;1.6;0
Svalbard Lufthavn;SN99840;26.01.2024 15:00;1.2;0
Svalbard Lufthavn;SN99840;26.01.2024 16:00;3.9;0
Svalbard Lufthavn;SN99840;26.01.2024 17:00;2.9;0
Svalbard Lufthavn;SN99840;26.01.2024 18:00;2.3;0
Svalbard Lufthavn;SN99840;26.01.2024 19:00;2.1;0
Svalbard Lufthavn;SN99840;26.01.2024 20:00;1.3;0
Svalbard Lufthavn;SN99840;26.01.2024 21:00;0.5;0
Svalbard Lufthavn;SN99840;26.01.2024 22:00;0.5;0
Svalbard Lufthavn;SN99840;26.01.2024 23:00;-0.6;0
Svalbard Lufthavn;SN99840;27.01.2024 00:00;-0.5;0
Svalbard Lufthavn;SN99840;27.01.2024 01:00;-0.6;0
Svalbard Lufthavn;SN99840;27.01.2024 02:00;-0.4;0
Svalbard Lufthavn;SN99840;27.01.2024 03:00;-0.8;0
Svalbard Lufthavn;SN99840;27.01.2024 04:00;-0.9;0
Svalbard Lufthavn;SN99840;27.01.2024 05:00;-0.9;-
Svalbard Lufthavn;SN99840;27.01.2024 06:00;-1.1;0
Svalbard Lufthavn;SN99840;27.01.2024 07:00;-1.3;0
Svalbard Lufthavn;SN99840;27.01.2024 08:00;-1.1;0
Svalbard Lufthavn;SN99840;27.01.2024 09:00;-1;0
Svalbard Lufthavn;SN99840;27.01.2024 10:00;-0.8;0
Svalbard Lufthavn;SN99840;27.01.2024 11:00;-1.1;0
Svalbard Lufthavn;SN99840;27.01.2024 12:00;-1.4;0
Svalbard Lufthavn;SN99840;27.01.2024 13:00;-1.2;0
Svalbard Lufthavn;SN99840;27.01.2024 14:00;-1.3;0
Svalbard Lufthavn;SN99840;27.01.2024 15:00;-1.9;0
Svalbard Lufthavn;SN99840;27.01.2024 16:00;-3.9;0
Svalbard Lufthavn;SN99840;27.01.2024 17:00;-4.6;0
Svalbard Lufthavn;SN99840;27.01.2024 18:00;-5.6;0
Svalbard Lufthavn;SN99840;27.01.2024 19:00;-6;0
Svalbard Lufthavn;SN99840;27.01.2024 20:00;-5.9;0
Svalbard Lufthavn;SN99840;27.01.2024 21:00;-5.3;0
Svalbard Lufthavn;SN99840;27.01.2024 22:00;-5.2;0
Svalbard Lufthavn;SN99840;27.01.2024 23:00;-5;0
Svalbard Lufthavn;SN99840;28.01.2024 00:00;-5.3;0
Svalbard Lufthavn;SN99840;28.01.2024 01:00;-4.5;0
Svalbard Lufthavn;SN99840;28.01.2024 02:00;-4.6;0
Svalbard Lufthavn;SN99840;28.01.2024 03:00;-4;0
Svalbard Lufthavn;SN99840;28.01.2024 04:00;-4;0
Svalbard Lufthavn;SN99840;28.01.2024 05:00;-4.3;0
Svalbard Lufthavn;SN99840;28.01.2024 06:00;-4.3;0
Svalbard Lufthavn;SN99840;28.01.2024 07:00;-4.9;0
Svalbard Lufthavn;SN99840;28.01.2024 08:00;-5;0
Svalbard Lufthavn;SN99840;28.01.2024 09:00;-5.3;0
Svalbard Lufthavn;SN99840;28.01.2024 10:00;-5.7;0
Svalbard Lufthavn;SN99840;28.01.2024 11:00;-5.8;0
Svalbard Lufthavn;SN99840;28.01.2024 12:00;-5.9;0
Svalbard Lufthavn;SN99840;28.01.2024 13:00;-5.8;0
Svalbard Lufthavn;SN99840;28.01.2024 14:00;-6.4;0
Svalbard Lufthavn;SN99840;28.01.2024 15:00;-7.5;0
Svalbard Lufthavn;SN99840;28.01.2024 16:00;-7.6;0
Svalbard Lufthavn;SN99840;28.01.2024 17:00;-9.1;0
Svalbard Lufthavn;SN99840;28.01.2024 18:00;-10.2;0
Svalbard Lufthavn;SN99840;28.01.2024 19:00;-9.6;0
Svalbard Lufthavn;SN99840;28.01.2024 20:00;-9.7;0
Svalbard Lufthavn;SN99840;28.01.2024 21:00;-10.5;0
Svalbard Lufthavn;SN99840;28.01.2024 22:00;-10.5;0
Svalbard Lufthavn;SN99840;28.01.2024 23:00;-11.9;0
Svalbard Lufthavn;SN99840;29.01.2024 00:00;-12.4;0
Svalbard Lufthavn;SN99840;29.01.2024 01:00;-10.8;0
Svalbard Lufthavn;SN99840;29.01.2024 02:00;-10.7;0
Svalbard Lufthavn;SN99840;29.01.2024 03:00;-11.5;0
Svalbard Lufthavn;SN99840;29.01.2024 04:00;-11.1;0
Svalbard Lufthavn;SN99840;29.01.2024 05:00;-6.7;0
Svalbard Lufthavn;SN99840;29.01.2024 06:00;-5.5;0
Svalbard Lufthavn;SN99840;29.01.2024 07:00;-5.4;0
Svalbard Lufthavn;SN99840;29.01.2024 08:00;-5.8;0
Svalbard Lufthavn;SN99840;29.01.2024 09:00;-5.4;0
Svalbard Lufthavn;SN99840;29.01.2024 10:00;-5.5;0
Svalbard Lufthavn;SN99840;29.01.2024 11:00;-4.7;0
Svalbard Lufthavn;SN99840;29.01.2024 12:00;-4.3;0
Svalbard Lufthavn;SN99840;29.01.2024 13:00;-4;0
Svalbard Lufthavn;SN99840;29.01.2024 14:00;-3.4;0
Svalbard Lufthavn;SN99840;29.01.2024 15:00;-3.4;0
Svalbard Lufthavn;SN99840;29.01.2024 16:00;-3.4;0.1
Svalbard Lufthavn;SN99840;29.01.2024 17:00;-3.1;0.1
Svalbard Lufthavn;SN99840;29.01.2024 18:00;-3.2;0
Svalbard Lufthavn;SN99840;29.01.2024 19:00;-3.1;0.1
Svalbard Lufthavn;SN99840;29.01.2024 20:00;-2.6;0
Svalbard Lufthavn;SN99840;29.01.2024 21:00;-3.2;0
Svalbard Lufthavn;SN99840;29.01.2024 22:00;-3.1;0.2
Svalbard Lufthavn;SN99840;29.01.2024 23:00;-2.9;0.1
Svalbard Lufthavn;SN99840;30.01.2024 00:00;-2.7;0
Svalbard Lufthavn;SN99840;30.01.2024 01:00;-2.6;0
Svalbard Lufthavn;SN99840;30.01.2024 02:00;-2.1;0
Svalbard Lufthavn;SN99840;30.01.2024 03:00;-2.3;0
Svalbard Lufthavn;SN99840;30.01.2024 04:00;-2.4;0
Svalbard Lufthavn;SN99840;30.01.2024 05:00;-2;0
Svalbard Lufthavn;SN99840;30.01.2024 06:00;-1.8;0
Svalbard Lufthavn;SN99840;30.01.2024 07:00;-1.2;0
Svalbard Lufthavn;SN99840;30.01.2024 08:00;-1.7;0
Svalbard Lufthavn;SN99840;30.01.2024 09:00;-1.6;0
Svalbard Lufthavn;SN99840;30.01.2024 10:00;-2.3;0
Svalbard Lufthavn;SN99840;30.01.2024 11:00;-2.8;0
Svalbard Lufthavn;SN99840;30.01.2024 12:00;-2.9;0
Svalbard Lufthavn;SN99840;30.01.2024 13:00;-3;0
Svalbard Lufthavn;SN99840;30.01.2024 14:00;-3.1;0
Svalbard Lufthavn;SN99840;30.01.2024 15:00;-3.8;0
Svalbard Lufthavn;SN99840;30.01.2024 16:00;-4;0
Svalbard Lufthavn;SN99840;30.01.2024 17:00;-3.9;0
Svalbard Lufthavn;SN99840;30.01.2024 18:00;-4.3;0
Svalbard Lufthavn;SN99840;30.01.2024 19:00;-4.5;0
Svalbard Lufthavn;SN99840;30.01.2024 20:00;-4.6;0
Svalbard Lufthavn;SN99840;30.01.2024 21:00;-4.5;0
Svalbard Lufthavn;SN99840;30.01.2024 22:00;-4.8;0
Svalbard Lufthavn;SN99840;30.01.2024 23:00;-4.6;0
Svalbard Lufthavn;SN99840;31.01.2024 00:00;-4.7;0
Svalbard Lufthavn;SN99840;31.01.2024 01:00;-4.7;0
Svalbard Lufthavn;SN99840;31.01.2024 02:00;-5.4;0
Svalbard Lufthavn;SN99840;31.01.2024 03:00;-5.2;0
Svalbard Lufthavn;SN99840;31.01.2024 04:00;-5.3;0
Svalbard Lufthavn;SN99840;31.01.2024 05:00;-5.4;0
Svalbard Lufthavn;SN99840;31.01.2024 06:00;-6.1;0
Svalbard Lufthavn;SN99840;31.01.2024 07:00;-6.8;0
Svalbard Lufthavn;SN99840;31.01.2024 08:00;-6.9;0
Svalbard Lufthavn;SN99840;31.01.2024 09:00;-7.6;0
Svalbard Lufthavn;SN99840;31.01.2024 10:00;-8.1;0
Svalbard Lufthavn;SN99840;31.01.2024 11:00;-8.3;0
Svalbard Lufthavn;SN99840;31.01.2024 12:00;-8.9;0
Svalbard Lufthavn;SN99840;31.01.2024 13:00;-9.2;0
Svalbard Lufthavn;SN99840;31.01.2024 14:00;-9.3;0
Svalbard Lufthavn;SN99840;31.01.2024 15:00;-9.2;0
Svalbard Lufthavn;SN99840;31.01.2024 16:00;-9.3;0
Svalbard Lufthavn;SN99840;31.01.2024 17:00;-9.1;0
Svalbard Lufthavn;SN99840;31.01.2024 18:00;-9.2;0
Svalbard Lufthavn;SN99840;31.01.2024 19:00;-9.5;0
Svalbard Lufthavn;SN99840;31.01.2024 20:00;-9.4;0
Svalbard Lufthavn;SN99840;31.01.2024 21:00;-9.6;0
Svalbard Lufthavn;SN99840;31.01.2024 22:00;-9.5;0.1
Svalbard Lufthavn;SN99840;31.01.2024 23:00;-9.8;0.8
Svalbard Lufthavn;SN99840;01.02.2024 00:00;-9.9;0.8
Svalbard Lufthavn;SN99840;01.02.2024 01:00;-10.1;0
Svalbard Lufthavn;SN99840;01.02.2024 02:00;-9.8;0
Svalbard Lufthavn;SN99840;01.02.2024 03:00;-10;0
Svalbard Lufthavn;SN99840;01.02.2024 04:00;-10.6;0
Svalbard Lufthavn;SN99840;01.02.2024 05:00;-10.5;0
Svalbard Lufthavn;SN99840;01.02.2024 06:00;-10.8;0
Svalbard Lufthavn;SN99840;01.02.2024 07:00;-11.1;0
Svalbard Lufthavn;SN99840;01.02.2024 08:00;-10.7;0.2
Svalbard Lufthavn;SN99840;01.02.2024 09:00;-10.4;0
Svalbard Lufthavn;SN99840;01.02.2024 10:00;-11;0
Svalbard Lufthavn;SN99840;01.02.2024 11:00;-11;0
Svalbard Lufthavn;SN99840;01.02.2024 12:00;-10.5;0
Svalbard Lufthavn;SN99840;01.02.2024 13:00;-10.5;0
Svalbard Lufthavn;SN99840;01.02.2024 14:00;-10.6;0
Svalbard Lufthavn;SN99840;01.02.2024 15:00;-10.6;0
Svalbard Lufthavn;SN99840;01.02.2024 16:00;-10.6;0
Svalbard Lufthavn;SN99840;01.02.2024 17:00;-10.3;0.1
Svalbard Lufthavn;SN99840;01.02.2024 18:00;-10.2;0.3
Svalbard Lufthavn;SN99840;01.02.2024 19:00;-9.9;0.1
Svalbard Lufthavn;SN99840;01.02.2024 20:00;-9.9;0
Svalbard Lufthavn;SN99840;01.02.2024 21:00;-10;0
Svalbard Lufthavn;SN99840;01.02.2024 22:00;-9.9;0
Svalbard Lufthavn;SN99840;01.02.2024 23:00;-9.5;0
Svalbard Lufthavn;SN99840;02.02.2024 00:00;-9.4;0
Svalbard Lufthavn;SN99840;02.02.2024 01:00;-9.8;0
Svalbard Lufthavn;SN99840;02.02.2024 02:00;-9.4;0
Svalbard Lufthavn;SN99840;02.02.2024 03:00;-9.3;0
Svalbard Lufthavn;SN99840;02.02.2024 04:00;-9.4;0
Svalbard Lufthavn;SN99840;02.02.2024 05:00;-9.5;0
Svalbard Lufthavn;SN99840;02.02.2024 06:00;-9.7;0
Svalbard Lufthavn;SN99840;02.02.2024 07:00;-9.8;0
Svalbard Lufthavn;SN99840;02.02.2024 08:00;-10;0
Svalbard Lufthavn;SN99840;02.02.2024 09:00;-10.2;-
Svalbard Lufthavn;SN99840;02.02.2024 10:00;-10.7;0
Svalbard Lufthavn;SN99840;02.02.2024 11:00;-10.5;0
Svalbard Lufthavn;SN99840;02.02.2024 12:00;-14.3;0
Svalbard Lufthavn;SN99840;02.02.2024 13:00;-12.9;0
Svalbard Lufthavn;SN99840;02.02.2024 14:00;-12.8;0
Svalbard Lufthavn;SN99840;02.02.2024 15:00;-12.6;0
Svalbard Lufthavn;SN99840;02.02.2024 16:00;-12.1;0
Svalbard Lufthavn;SN99840;02.02.2024 17:00;-11.2;0
Svalbard Lufthavn;SN99840;02.02.2024 18:00;-11.2;0
Svalbard Lufthavn;SN99840;02.02.2024 19:00;-10.6;0
Svalbard Lufthavn;SN99840;02.02.2024 20:00;-10.7;0
Svalbard Lufthavn;SN99840;02.02.2024 21:00;-11.8;0
Svalbard Lufthavn;SN99840;02.02.2024 22:00;-11.3;0
Svalbard Lufthavn;SN99840;02.02.2024 23:00;-12;0
Svalbard Lufthavn;SN99840;03.02.2024 00:00;-12;0
Svalbard Lufthavn;SN99840;03.02.2024 01:00;-10.9;0
Svalbard Lufthavn;SN99840;03.02.2024 02:00;-11.4;0
Svalbard Lufthavn;SN99840;03.02.2024 03:00;-11;0
Svalbard Lufthavn;SN99840;03.02.2024 04:00;-10.9;0
Svalbard Lufthavn;SN99840;03.02.2024 05:00;-10;0
Svalbard Lufthavn;SN99840;03.02.2024 06:00;-9.1;0
Svalbard Lufthavn;SN99840;03.02.2024 07:00;-8.3;0
Svalbard Lufthavn;SN99840;03.02.2024 08:00;-8.2;0
Svalbard Lufthavn;SN99840;03.02.2024 09:00;-7.7;0
Svalbard Lufthavn;SN99840;03.02.2024 10:00;-7.4;0
Svalbard Lufthavn;SN99840;03.02.2024 11:00;-8.9;0
Svalbard Lufthavn;SN99840;03.02.2024 12:00;-9.6;0
Svalbard Lufthavn;SN99840;03.02.2024 13:00;-9.6;0
Svalbard Lufthavn;SN99840;03.02.2024 14:00;-11.8;0
Svalbard Lufthavn;SN99840;03.02.2024 15:00;-10.4;0
Svalbard Lufthavn;SN99840;03.02.2024 16:00;-10.8;0
Svalbard Lufthavn;SN99840;03.02.2024 17:00;-9.5;0
Svalbard Lufthavn;SN99840;03.02.2024 18:00;-10.4;0
Svalbard Lufthavn;SN99840;03.02.2024 19:00;-11.4;0
Svalbard Lufthavn;SN99840;03.02.2024 20:00;-12.3;0
Svalbard Lufthavn;SN99840;03.02.2024 21:00;-12.6;0
Svalbard Lufthavn;SN99840;03.02.2024 22:00;-11.4;0
Svalbard Lufthavn;SN99840;03.02.2024 23:00;-10.6;0
Svalbard Lufthavn;SN99840;04.02.2024 00:00;-9.9;0
Svalbard Lufthavn;SN99840;04.02.2024 01:00;-12;0
Svalbard Lufthavn;SN99840;04.02.2024 02:00;-12.9;0
Svalbard Lufthavn;SN99840;04.02.2024 03:00;-14;0
Svalbard Lufthavn;SN99840;04.02.2024 04:00;-12.6;0
Svalbard Lufthavn;SN99840;04.02.2024 05:00;-12.3;0
Svalbard Lufthavn;SN99840;04.02.2024 06:00;-11.8;0
Svalbard Lufthavn;SN99840;04.02.2024 07:00;-9.7;0
Svalbard Lufthavn;SN99840;04.02.2024 08:00;-10;0
Svalbard Lufthavn;SN99840;04.02.2024 09:00;-6.6;0
Svalbard Lufthavn;SN99840;04.02.2024 10:00;-4;0
Svalbard Lufthavn;SN99840;04.02.2024 11:00;-2.9;0
Svalbard Lufthavn;SN99840;04.02.2024 12:00;-1.9;0
Svalbard Lufthavn;SN99840;04.02.2024 13:00;-2;0
Svalbard Lufthavn;SN99840;04.02.2024 14:00;-1.1;0
Svalbard Lufthavn;SN99840;04.02.2024 15:00;-1.4;0
Svalbard Lufthavn;SN99840;04.02.2024 16:00;-1.3;0
Svalbard Lufthavn;SN99840;04.02.2024 17:00;-1.2;0
Svalbard Lufthavn;SN99840;04.02.2024 18:00;-1.3;0
Svalbard Lufthavn;SN99840;04.02.2024 19:00;-1.8;0
Svalbard Lufthavn;SN99840;04.02.2024 20:00;-1.7;0
Svalbard Lufthavn;SN99840;04.02.2024 21:00;-1.4;0
Svalbard Lufthavn;SN99840;04.02.2024 22:00;-1.2;0
Svalbard Lufthavn;SN99840;04.02.2024 23:00;-1.6;0
Svalbard Lufthavn;SN99840;05.02.2024 00:00;-1;0
Svalbard Lufthavn;SN99840;05.02.2024 01:00;-0.8;0
Svalbard Lufthavn;SN99840;05.02.2024 02:00;-1.2;0
Svalbard Lufthavn;SN99840;05.02.2024 03:00;-1.2;0
Svalbard Lufthavn;SN99840;05.02.2024 04:00;-1.1;0
Svalbard Lufthavn;SN99840;05.02.2024 05:00;-0.7;0
Svalbard Lufthavn;SN99840;05.02.2024 06:00;-1.8;0
Svalbard Lufthavn;SN99840;05.02.2024 07:00;-1.3;0
Svalbard Lufthavn;SN99840;05.02.2024 08:00;-2.2;0
Svalbard Lufthavn;SN99840;05.02.2024 09:00;-2;0
Svalbard Lufthavn;SN99840;05.02.2024 10:00;-1.8;0
Svalbard Lufthavn;SN99840;05.02.2024 11:00;-1.7;0
Svalbard Lufthavn;SN99840;05.02.2024 12:00;-2;0
Svalbard Lufthavn;SN99840;05.02.2024 13:00;-2;0
Svalbard Lufthavn;SN99840;05.02.2024 14:00;-2.1;0
Svalbard Lufthavn;SN99840;05.02.2024 15:00;-2.3;0
Svalbard Lufthavn;SN99840;05.02.2024 16:00;-2.7;0
Svalbard Lufthavn;SN99840;05.02.2024 17:00;-2.7;0
Svalbard Lufthavn;SN99840;05.02.2024 18:00;-3.1;0
Svalbard Lufthavn;SN99840;05.02.2024 19:00;-3.1;0
Svalbard Lufthavn;SN99840;05.02.2024 20:00;-3.7;0
Svalbard Lufthavn;SN99840;05.02.2024 21:00;-3.7;0
Svalbard Lufthavn;SN99840;05.02.2024 22:00;-3.8;0
Svalbard Lufthavn;SN99840;05.02.2024 23:00;-3.9;0
Svalbard Lufthavn;SN99840;06.02.2024 00:00;-4.4;0
Svalbard Lufthavn;SN99840;06.02.2024 01:00;-4.1;0
Svalbard Lufthavn;SN99840;06.02.2024 02:00;-4.6;0
Svalbard Lufthavn;SN99840;06.02.2024 03:00;-5.1;0
Svalbard Lufthavn;SN99840;06.02.2024 04:00;-5.2;0
Svalbard Lufthavn;SN99840;06.02.2024 05:00;-5.5;0
Svalbard Lufthavn;SN99840;06.02.2024 06:00;-5.6;0
Svalbard Lufthavn;SN99840;06.02.2024 07:00;-7.2;0
Svalbard Lufthavn;SN99840;06.02.2024 08:00;-8.3;0
Svalbard Lufthavn;SN99840;06.02.2024 09:00;-9;0
Svalbard Lufthavn;SN99840;06.02.2024 10:00;-9.7;0
Svalbard Lufthavn;SN99840;06.02.2024 11:00;-10.7;0
Svalbard Lufthavn;SN99840;06.02.2024 12:00;-11;0
Svalbard Lufthavn;SN99840;06.02.2024 13:00;-11.2;0
Svalbard Lufthavn;SN99840;06.02.2024 14:00;-11.1;0
Svalbard Lufthavn;SN99840;06.02.2024 15:00;-10.8;0
Svalbard Lufthavn;SN99840;06.02.2024 16:00;-10.4;0
Svalbard Lufthavn;SN99840;06.02.2024 17:00;-10.2;0
Svalbard Lufthavn;SN99840;06.02.2024 18:00;-9.3;0
Svalbard Lufthavn;SN99840;06.02.2024 19:00;-9;0
Svalbard Lufthavn;SN99840;06.02.2024 20:00;-9.1;0
Svalbard Lufthavn;SN99840;06.02.2024 21:00;-9.8;0
Svalbard Lufthavn;SN99840;06.02.2024 22:00;-9.5;0
Svalbard Lufthavn;SN99840;06.02.2024 23:00;-9.8;0
Svalbard Lufthavn;SN99840;07.02.2024 00:00;-8.1;0
Svalbard Lufthavn;SN99840;07.02.2024 01:00;-9.1;0
Svalbard Lufthavn;SN99840;07.02.2024 02:00;-8.7;0
Svalbard Lufthavn;SN99840;07.02.2024 03:00;-9.2;0
Svalbard Lufthavn;SN99840;07.02.2024 04:00;-8.9;0
Svalbard Lufthavn;SN99840;07.02.2024 05:00;-9.1;0
Svalbard Lufthavn;SN99840;07.02.2024 06:00;-8.9;0
Svalbard Lufthavn;SN99840;07.02.2024 07:00;-9.2;0
Svalbard Lufthavn;SN99840;07.02.2024 08:00;-8.9;0
Svalbard Lufthavn;SN99840;07.02.2024 09:00;-8.7;0
Svalbard Lufthavn;SN99840;07.02.2024 10:00;-9.4;0
Svalbard Lufthavn;SN99840;07.02.2024 11:00;-9;0
Svalbard Lufthavn;SN99840;07.02.2024 12:00;-9.1;0
Svalbard Lufthavn;SN99840;07.02.2024 13:00;-8.7;0
Svalbard Lufthavn;SN99840;07.02.2024 14:00;-7.9;0
Svalbard Lufthavn;SN99840;07.02.2024 15:00;-7.5;0
Svalbard Lufthavn;SN99840;07.02.2024 16:00;-7.6;0
Svalbard Lufthavn;SN99840;07.02.2024 17:00;-7.1;0
Svalbard Lufthavn;SN99840;07.02.2024 18:00;-7.5;0
Svalbard Lufthavn;SN99840;07.02.2024 19:00;-7.3;0
Svalbard Lufthavn;SN99840;07.02.2024 20:00;-7;0
Svalbard Lufthavn;SN99840;07.02.2024 21:00;-6.7;0
Svalbard Lufthavn;SN99840;07.02.2024 22:00;-7;0
Svalbard Lufthavn;SN99840;07.02.2024 23:00;-7.3;0
Svalbard Lufthavn;SN99840;08.02.2024 00:00;-7.4;0
Svalbard Lufthavn;SN99840;08.02.2024 01:00;-7.3;0
Svalbard Lufthavn;SN99840;08.02.2024 02:00;-7.6;0
Svalbard Lufthavn;SN99840;08.02.2024 03:00;-8;0
Svalbard Lufthavn;SN99840;08.02.2024 04:00;-8;0
Svalbard Lufthavn;SN99840;08.02.2024 05:00;-7.9;0
Svalbard Lufthavn;SN99840;08.02.2024 06:00;-8.4;0
Svalbard Lufthavn;SN99840;08.02.2024 07:00;-8.4;0
Svalbard Lufthavn;SN99840;08.02.2024 08:00;-8.3;0
Svalbard Lufthavn;SN99840;08.02.2024 09:00;-8.4;0
Svalbard Lufthavn;SN99840;08.02.2024 10:00;-8.3;0
Svalbard Lufthavn;SN99840;08.02.2024 11:00;-8.4;0
Svalbard Lufthavn;SN99840;08.02.2024 12:00;-8.4;0
Svalbard Lufthavn;SN99840;08.02.2024 13:00;-8.9;0
Svalbard Lufthavn;SN99840;08.02.2024 14:00;-8.5;0
Svalbard Lufthavn;SN99840;08.02.2024 15:00;-8.7;0
Svalbard Lufthavn;SN99840;08.02.2024 16:00;-8.4;0
Svalbard Lufthavn;SN99840;08.02.2024 17:00;-8.7;0
Svalbard Lufthavn;SN99840;08.02.2024 18:00;-9.3;0
Svalbard Lufthavn;SN99840;08.02.2024 19:00;-9.2;0
Svalbard Lufthavn;SN99840;08.02.2024 20:00;-9.6;0
Svalbard Lufthavn;SN99840;08.02.2024 21:00;-9.6;0
Svalbard Lufthavn;SN99840;08.02.2024 22:00;-10.1;0
Svalbard Lufthavn;SN99840;08.02.2024 23:00;-11.4;0
Svalbard Lufthavn;SN99840;09.02.2024 00:00;-11.8;0
Svalbard Lufthavn;SN99840;09.02.2024 01:00;-12.8;0
Svalbard Lufthavn;SN99840;09.02.2024 02:00;-11.4;0
Svalbard Lufthavn;SN99840;09.02.2024 03:00;-12.1;0
Svalbard Lufthavn;SN99840;09.02.2024 04:00;-11.9;0
Svalbard Lufthavn;SN99840;09.02.2024 05:00;-11.4;0
Svalbard Lufthavn;SN99840;09.02.2024 06:00;-12.4;0
Svalbard Lufthavn;SN99840;09.02.2024 07:00;-12;0
Svalbard Lufthavn;SN99840;09.02.2024 08:00;-11.9;0
Svalbard Lufthavn;SN99840;09.02.2024 09:00;-11.5;0
Svalbard Lufthavn;SN99840;09.02.2024 10:00;-11.2;0
Svalbard Lufthavn;SN99840;09.02.2024 11:00;-10.3;0
Svalbard Lufthavn;SN99840;09.02.2024 12:00;-10.8;0
Svalbard Lufthavn;SN99840;09.02.2024 13:00;-10.1;0
Svalbard Lufthavn;SN99840;09.02.2024 14:00;-10.1;0
Svalbard Lufthavn;SN99840;09.02.2024 15:00;-8.5;0
Svalbard Lufthavn;SN99840;09.02.2024 16:00;-7.6;0
Svalbard Lufthavn;SN99840;09.02.2024 17:00;-7.1;0
Svalbard Lufthavn;SN99840;09.02.2024 18:00;-5.4;0
Svalbard Lufthavn;SN99840;09.02.2024 19:00;-5.3;0
Svalbard Lufthavn;SN99840;09.02.2024 20:00;-5.4;0
Svalbard Lufthavn;SN99840;09.02.2024 21:00;-5;0
Svalbard Lufthavn;SN99840;09.02.2024 22:00;-4.9;0
Svalbard Lufthavn;SN99840;09.02.2024 23:00;-4.8;0
Svalbard Lufthavn;SN99840;10.02.2024 00:00;-5.1;0
Svalbard Lufthavn;SN99840;10.02.2024 01:00;-5.2;0
Svalbard Lufthavn;SN99840;10.02.2024 02:00;-5.1;0
Svalbard Lufthavn;SN99840;10.02.2024 03:00;-5.2;0
Svalbard Lufthavn;SN99840;10.02.2024 04:00;-5.5;0
Svalbard Lufthavn;SN99840;10.02.2024 05:00;-5.1;0
Svalbard Lufthavn;SN99840;10.02.2024 06:00;-5.2;0
Svalbard Lufthavn;SN99840;10.02.2024 07:00;-5.4;0
Svalbard Lufthavn;SN99840;10.02.2024 08:00;-5.2;0
Svalbard Lufthavn;SN99840;10.02.2024 09:00;-4.8;0
Svalbard Lufthavn;SN99840;10.02.2024 10:00;-4.6;0
Svalbard Lufthavn;SN99840;10.02.2024 11:00;-4.1;0
Svalbard Lufthavn;SN99840;10.02.2024 12:00;-4;0
Svalbard Lufthavn;SN99840;10.02.2024 13:00;-4.1;0
Svalbard Lufthavn;SN99840;10.02.2024 14:00;-3.7;0
Svalbard Lufthavn;SN99840;10.02.2024 15:00;-3.6;0
Svalbard Lufthavn;SN99840;10.02.2024 16:00;-3.3;0
Svalbard Lufthavn;SN99840;10.02.2024 17:00;-2.8;0
Svalbard Lufthavn;SN99840;10.02.2024 18:00;-3.3;0
Svalbard Lufthavn;SN99840;10.02.2024 19:00;-3.8;0
Svalbard Lufthavn;SN99840;10.02.2024 20:00;-3.8;0
Svalbard Lufthavn;SN99840;10.02.2024 21:00;-3;0
Svalbard Lufthavn;SN99840;10.02.2024 22:00;-3.7;0
Svalbard Lufthavn;SN99840;10.02.2024 23:00;-3.7;0
Svalbard Lufthavn;SN99840;11.02.2024 00:00;-3.4;-
Svalbard Lufthavn;SN99840;11.02.2024 01:00;-4.8;0
Svalbard Lufthavn;SN99840;11.02.2024 02:00;-4.5;0
Svalbard Lufthavn;SN99840;11.02.2024 03:00;-6.2;0
Svalbard Lufthavn;SN99840;11.02.2024 04:00;-6.5;0
Svalbard Lufthavn;SN99840;11.02.2024 05:00;-5.9;0
Svalbard Lufthavn;SN99840;11.02.2024 06:00;-5.9;0
Svalbard Lufthavn;SN99840;11.02.2024 07:00;-6.7;0
Svalbard Lufthavn;SN99840;11.02.2024 08:00;-7.7;0
Svalbard Lufthavn;SN99840;11.02.2024 09:00;-8.2;0
Svalbard Lufthavn;SN99840;11.02.2024 10:00;-8;0
Svalbard Lufthavn;SN99840;11.02.2024 11:00;-7;0
Svalbard Lufthavn;SN99840;11.02.2024 12:00;-7.1;0
Svalbard Lufthavn;SN99840;11.02.2024 13:00;-6.8;0
Svalbard Lufthavn;SN99840;11.02.2024 14:00;-6.8;0
Svalbard Lufthavn;SN99840;11.02.2024 15:00;-7.5;0
Svalbard Lufthavn;SN99840;11.02.2024 16:00;-7.3;0
Svalbard Lufthavn;SN99840;11.02.2024 17:00;-6.6;0
Svalbard Lufthavn;SN99840;11.02.2024 18:00;-6.8;0
Svalbard Lufthavn;SN99840;11.02.2024 19:00;-6.7;0.1
Svalbard Lufthavn;SN99840;11.02.2024 20:00;-6.9;0.2
Svalbard Lufthavn;SN99840;11.02.2024 21:00;-5.8;0
Svalbard Lufthavn;SN99840;11.02.2024 22:00;-6.4;0.2
Svalbard Lufthavn;SN99840;11.02.2024 23:00;-6.6;0
Svalbard Lufthavn;SN99840;12.02.2024 00:00;-7;0
Svalbard Lufthavn;SN99840;12.02.2024 01:00;-7.6;0
Svalbard Lufthavn;SN99840;12.02.2024 02:00;-7.9;0
Svalbard Lufthavn;SN99840;12.02.2024 03:00;-8.7;0
Svalbard Lufthavn;SN99840;12.02.2024 04:00;-9.2;0
Svalbard Lufthavn;SN99840;12.02.2024 05:00;-9.6;0
Svalbard Lufthavn;SN99840;12.02.2024 06:00;-9.7;0
Svalbard Lufthavn;SN99840;12.02.2024 07:00;-10.8;0
Svalbard Lufthavn;SN99840;12.02.2024 08:00;-11.4;0
Svalbard Lufthavn;SN99840;12.02.2024 09:00;-13.1;0
Svalbard Lufthavn;SN99840;12.02.2024 10:00;-11.6;0
Svalbard Lufthavn;SN99840;12.02.2024 11:00;-10;0
Svalbard Lufthavn;SN99840;12.02.2024 12:00;-10.8;0
Svalbard Lufthavn;SN99840;12.02.2024 13:00;-12.8;0
Svalbard Lufthavn;SN99840;12.02.2024 14:00;-12.8;0
Svalbard Lufthavn;SN99840;12.02.2024 15:00;-13.6;0
Svalbard Lufthavn;SN99840;12.02.2024 16:00;-13.2;0
Svalbard Lufthavn;SN99840;12.02.2024 17:00;-13.2;0
Svalbard Lufthavn;SN99840;12.02.2024 18:00;-13.5;0
Svalbard Lufthavn;SN99840;12.02.2024 19:00;-13.9;0
Svalbard Lufthavn;SN99840;12.02.2024 20:00;-13.8;0
Svalbard Lufthavn;SN99840;12.02.2024 21:00;-14.3;0
Svalbard Lufthavn;SN99840;12.02.2024 22:00;-15.6;0
Svalbard Lufthavn;SN99840;12.02.2024 23:00;-14.4;0
Svalbard Lufthavn;SN99840;13.02.2024 00:00;-14.2;0
Svalbard Lufthavn;SN99840;13.02.2024 01:00;-12.5;0
Svalbard Lufthavn;SN99840;13.02.2024 02:00;-12.7;0
Svalbard Lufthavn;SN99840;13.02.2024 03:00;-11;0
Svalbard Lufthavn;SN99840;13.02.2024 04:00;-11.1;0
Svalbard Lufthavn;SN99840;13.02.2024 05:00;-12.1;0
Svalbard Lufthavn;SN99840;13.02.2024 06:00;-12.6;0
Svalbard Lufthavn;SN99840;13.02.2024 07:00;-13.2;0
Svalbard Lufthavn;SN99840;13.02.2024 08:00;-10.1;0
Svalbard Lufthavn;SN99840;13.02.2024 09:00;-11.6;0
Svalbard Lufthavn;SN99840;13.02.2024 10:00;-11.4;0
Svalbard Lufthavn;SN99840;13.02.2024 11:00;-10.6;0
Svalbard Lufthavn;SN99840;13.02.2024 12:00;-11.1;0
Svalbard Lufthavn;SN99840;13.02.2024 13:00;-9.1;0
Svalbard Lufthavn;SN99840;13.02.2024 14:00;-9.2;0
Svalbard Lufthavn;SN99840;13.02.2024 15:00;-5.8;0
Svalbard Lufthavn;SN99840;13.02.2024 16:00;-5.8;0
Svalbard Lufthavn;SN99840;13.02.2024 17:00;-6.1;0
Svalbard Lufthavn;SN99840;13.02.2024 18:00;-5.1;0
Svalbard Lufthavn;SN99840;13.02.2024 19:00;-3.7;0
Svalbard Lufthavn;SN99840;13.02.2024 20:00;-4;0
Svalbard Lufthavn;SN99840;13.02.2024 21:00;-3.6;0
Svalbard Lufthavn;SN99840;13.02.2024 22:00;-3.6;0
Svalbard Lufthavn;SN99840;13.02.2024 23:00;-3.1;0
Svalbard Lufthavn;SN99840;14.02.2024 00:00;-3.1;0
Svalbard Lufthavn;SN99840;14.02.2024 01:00;-2.9;0
Svalbard Lufthavn;SN99840;14.02.2024 02:00;-2.8;0
Svalbard Lufthavn;SN99840;14.02.2024 03:00;-2.1;0
Svalbard Lufthavn;SN99840;14.02.2024 04:00;-2;0
Svalbard Lufthavn;SN99840;14.02.2024 05:00;-1.8;0
Svalbard Lufthavn;SN99840;14.02.2024 06:00;-1.8;0
Svalbard Lufthavn;SN99840;14.02.2024 07:00;-1.7;0
Svalbard Lufthavn;SN99840;14.02.2024 08:00;-1.2;0
Svalbard Lufthavn;SN99840;14.02.2024 09:00;-1.3;0
Svalbard Lufthavn;SN99840;14.02.2024 10:00;-0.8;0
Svalbard Lufthavn;SN99840;14.02.2024 11:00;-1;0
Svalbard Lufthavn;SN99840;14.02.2024 12:00;-1.1;0
Svalbard Lufthavn;SN99840;14.02.2024 13:00;-1.8;0
Svalbard Lufthavn;SN99840;14.02.2024 14:00;-1;0
Svalbard Lufthavn;SN99840;14.02.2024 15:00;-0.7;0
Svalbard Lufthavn;SN99840;14.02.2024 16:00;-1.1;0
Svalbard Lufthavn;SN99840;14.02.2024 17:00;-0.1;0
Svalbard Lufthavn;SN99840;14.02.2024 18:00;-0.9;0
Svalbard Lufthavn;SN99840;14.02.2024 19:00;0.6;0
Svalbard Lufthavn;SN99840;14.02.2024 20:00;0.8;0
Svalbard Lufthavn;SN99840;14.02.2024 21:00;1.5;0
Svalbard Lufthavn;SN99840;14.02.2024 22:00;1.1;0
Svalbard Lufthavn;SN99840;14.02.2024 23:00;1.4;0
Svalbard Lufthavn;SN99840;15.02.2024 00:00;1.1;0
Svalbard Lufthavn;SN99840;15.02.2024 01:00;1.4;0
Svalbard Lufthavn;SN99840;15.02.2024 02:00;1.6;0
Svalbard Lufthavn;SN99840;15.02.2024 03:00;2.3;0
Svalbard Lufthavn;SN99840;15.02.2024 04:00;1.9;0
Svalbard Lufthavn;SN99840;15.02.2024 05:00;1.9;0
Svalbard Lufthavn;SN99840;15.02.2024 06:00;2.1;0
Svalbard Lufthavn;SN99840;15.02.2024 07:00;1.5;0
Svalbard Lufthavn;SN99840;15.02.2024 08:00;1.6;0
Svalbard Lufthavn;SN99840;15.02.2024 09:00;2.2;0
Svalbard Lufthavn;SN99840;15.02.2024 10:00;0.6;0
Svalbard Lufthavn;SN99840;15.02.2024 11:00;-0.9;0
Svalbard Lufthavn;SN99840;15.02.2024 12:00;-0.5;0
Svalbard Lufthavn;SN99840;15.02.2024 13:00;-0.8;0.1
Svalbard Lufthavn;SN99840;15.02.2024 14:00;-1;0.2
Svalbard Lufthavn;SN99840;15.02.2024 15:00;-1.8;0
Svalbard Lufthavn;SN99840;15.02.2024 16:00;-2.3;0
Svalbard Lufthavn;SN99840;15.02.2024 17:00;-2.5;0
Svalbard Lufthavn;SN99840;15.02.2024 18:00;-2.8;0
Svalbard Lufthavn;SN99840;15.02.2024 19:00;-2.9;0
Svalbard Lufthavn;SN99840;15.02.2024 20:00;-3.1;0
Svalbard Lufthavn;SN99840;15.02.2024 21:00;-2.7;0
Svalbard Lufthavn;SN99840;15.02.2024 22:00;-1.7;0
Svalbard Lufthavn;SN99840;15.02.2024 23:00;-2;0
Svalbard Lufthavn;SN99840;16.02.2024 00:00;-2.9;0.1
Svalbard Lufthavn;SN99840;16.02.2024 01:00;-2.5;0.1
Svalbard Lufthavn;SN99840;16.02.2024 02:00;-3.8;0
Svalbard Lufthavn;SN99840;16.02.2024 03:00;-4.7;0.2
Svalbard Lufthavn;SN99840;16.02.2024 04:00;-5.7;0
Svalbard Lufthavn;SN99840;16.02.2024 05:00;-6.6;0
Svalbard Lufthavn;SN99840;16.02.2024 06:00;-6.3;0
Svalbard Lufthavn;SN99840;16.02.2024 07:00;-7.2;0.1
Svalbard Lufthavn;SN99840;16.02.2024 08:00;-7.6;0.3
Svalbard Lufthavn;SN99840;16.02.2024 09:00;-7.8;0
Svalbard Lufthavn;SN99840;16.02.2024 10:00;-9;0
Svalbard Lufthavn;SN99840;16.02.2024 11:00;-8.2;0
Svalbard Lufthavn;SN99840;16.02.2024 12:00;-8.4;0
Svalbard Lufthavn;SN99840;16.02.2024 13:00;-8.3;0
Svalbard Lufthavn;SN99840;16.02.2024 14:00;-8.6;0
Svalbard Lufthavn;SN99840;16.02.2024 15:00;-8.5;0
Svalbard Lufthavn;SN99840;16.02.2024 16:00;-9;0
Svalbard Lufthavn;SN99840;16.02.2024 17:00;-8.5;0
Svalbard Lufthavn;SN99840;16.02.2024 18:00;-9.2;0
Svalbard Lufthavn;SN99840;16.02.2024 19:00;-9.4;0
Svalbard Lufthavn;SN99840;16.02.2024 20:00;-9.4;0
Svalbard Lufthavn;SN99840;16.02.2024 21:00;-9.1;0
Svalbard Lufthavn;SN99840;16.02.2024 22:00;-8.6;0
Svalbard Lufthavn;SN99840;16.02.2024 23:00;-8.6;0
Svalbard Lufthavn;SN99840;17.02.2024 00:00;-8.7;0
Svalbard Lufthavn;SN99840;17.02.2024 01:00;-8.6;0
Svalbard Lufthavn;SN99840;17.02.2024 02:00;-9.8;0
Svalbard Lufthavn;SN99840;17.02.2024 03:00;-8.9;0
Svalbard Lufthavn;SN99840;17.02.2024 04:00;-9.1;0
Svalbard Lufthavn;SN99840;17.02.2024 05:00;-8.9;0
Svalbard Lufthavn;SN99840;17.02.2024 06:00;-8.2;0
Svalbard Lufthavn;SN99840;17.02.2024 07:00;-8.8;0.2
Svalbard Lufthavn;SN99840;17.02.2024 08:00;-9.7;0
Svalbard Lufthavn;SN99840;17.02.2024 09:00;-10.5;0.1
Svalbard Lufthavn;SN99840;17.02.2024 10:00;-11.4;0
Svalbard Lufthavn;SN99840;17.02.2024 11:00;-11.7;0
Svalbard Lufthavn;SN99840;17.02.2024 12:00;-11.7;0
Svalbard Lufthavn;SN99840;17.02.2024 13:00;-11.6;0
Svalbard Lufthavn;SN99840;17.02.2024 14:00;-12.3;0
Svalbard Lufthavn;SN99840;17.02.2024 15:00;-11.4;0
Svalbard Lufthavn;SN99840;17.02.2024 16:00;-11.2;0
Svalbard Lufthavn;SN99840;17.02.2024 17:00;-11.1;0
Svalbard Lufthavn;SN99840;17.02.2024 18:00;-11.1;0
Svalbard Lufthavn;SN99840;17.02.2024 19:00;-11.5;0
Svalbard Lufthavn;SN99840;17.02.2024 20:00;-12.6;0
Svalbard Lufthavn;SN99840;17.02.2024 21:00;-13.1;0
Svalbard Lufthavn;SN99840;17.02.2024 22:00;-13.4;0
Svalbard Lufthavn;SN99840;17.02.2024 23:00;-13.6;0
Svalbard Lufthavn;SN99840;18.02.2024 00:00;-14.1;0
Svalbard Lufthavn;SN99840;18.02.2024 01:00;-14.1;0
Svalbard Lufthavn;SN99840;18.02.2024 02:00;-14.1;0
Svalbard Lufthavn;SN99840;18.02.2024 03:00;-14;0
Svalbard Lufthavn;SN99840;18.02.2024 04:00;-14.1;0
Svalbard Lufthavn;SN99840;18.02.2024 05:00;-14.1;0
Svalbard Lufthavn;SN99840;18.02.2024 06:00;-14.3;0
Svalbard Lufthavn;SN99840;18.02.2024 07:00;-14.3;0
Svalbard Lufthavn;SN99840;18.02.2024 08:00;-14.3;0
Svalbard Lufthavn;SN99840;18.02.2024 09:00;-14.2;0
Svalbard Lufthavn;SN99840;18.02.2024 10:00;-13.2;0
Svalbard Lufthavn;SN99840;18.02.2024 11:00;-13.2;0
Svalbard Lufthavn;SN99840;18.02.2024 12:00;-12.7;0
Svalbard Lufthavn;SN99840;18.02.2024 13:00;-12.9;0
Svalbard Lufthavn;SN99840;18.02.2024 14:00;-13.2;0
Svalbard Lufthavn;SN99840;18.02.2024 15:00;-13.1;0
Svalbard Lufthavn;SN99840;18.02.2024 16:00;-13;0
Svalbard Lufthavn;SN99840;18.02.2024 17:00;-12.3;0
Svalbard Lufthavn;SN99840;18.02.2024 18:00;-11.7;0
Svalbard Lufthavn;SN99840;18.02.2024 19:00;-11.9;0
Svalbard Lufthavn;SN99840;18.02.2024 20:00;-11.9;0
Svalbard Lufthavn;SN99840;18.02.2024 21:00;-11.8;0
Svalbard Lufthavn;SN99840;18.02.2024 22:00;-11.9;0
Svalbard Lufthavn;SN99840;18.02.2024 23:00;-11.8;0
Svalbard Lufthavn;SN99840;19.02.2024 00:00;-12.3;0
Svalbard Lufthavn;SN99840;19.02.2024 01:00;-12.6;0
Svalbard Lufthavn;SN99840;19.02.2024 02:00;-12.6;0
Svalbard Lufthavn;SN99840;19.02.2024 03:00;-12.7;0
Svalbard Lufthavn;SN99840;19.02.2024 04:00;-12.7;0
Svalbard Lufthavn;SN99840;19.02.2024 05:00;-12.8;0
Svalbard Lufthavn;SN99840;19.02.2024 06:00;-13.6;0
Svalbard Lufthavn;SN99840;19.02.2024 07:00;-13.7;0
Svalbard Lufthavn;SN99840;19.02.2024 08:00;-13.7;0
Svalbard Lufthavn;SN99840;19.02.2024 09:00;-14.1;0
Svalbard Lufthavn;SN99840;19.02.2024 10:00;-13.5;0
Svalbard Lufthavn;SN99840;19.02.2024 11:00;-13.8;0
Svalbard Lufthavn;SN99840;19.02.2024 12:00;-14;0
Svalbard Lufthavn;SN99840;19.02.2024 13:00;-14.4;0
Svalbard Lufthavn;SN99840;19.02.2024 14:00;-14.6;0
Svalbard Lufthavn;SN99840;19.02.2024 15:00;-15.6;0
Svalbard Lufthavn;SN99840;19.02.2024 16:00;-14.8;0
Svalbard Lufthavn;SN99840;19.02.2024 17:00;-16.1;0
Svalbard Lufthavn;SN99840;19.02.2024 18:00;-15.1;0
Svalbard Lufthavn;SN99840;19.02.2024 19:00;-13.4;0
Svalbard Lufthavn;SN99840;19.02.2024 20:00;-15.5;0
Svalbard Lufthavn;SN99840;19.02.2024 21:00;-14.8;0
Svalbard Lufthavn;SN99840;19.02.2024 22:00;-13.7;0
Svalbard Lufthavn;SN99840;19.02.2024 23:00;-13.2;0
Svalbard Lufthavn;SN99840;20.02.2024 00:00;-13.8;0
Svalbard Lufthavn;SN99840;20.02.2024 01:00;-10.6;0
Svalbard Lufthavn;SN99840;20.02.2024 02:00;-10;0
Svalbard Lufthavn;SN99840;20.02.2024 03:00;-11.3;0
Svalbard Lufthavn;SN99840;20.02.2024 04:00;-11.5;0
Svalbard Lufthavn;SN99840;20.02.2024 05:00;-11.8;0
Svalbard Lufthavn;SN99840;20.02.2024 06:00;-13.7;0
Svalbard Lufthavn;SN99840;20.02.2024 07:00;-13.5;0
Svalbard Lufthavn;SN99840;20.02.2024 08:00;-16;0
Svalbard Lufthavn;SN99840;20.02.2024 09:00;-14.8;0
Svalbard Lufthavn;SN99840;20.02.2024 10:00;-15.7;0
Svalbard Lufthavn;SN99840;20.02.2024 11:00;-15.3;0
Svalbard Lufthavn;SN99840;20.02.2024 12:00;-15.6;0
Svalbard Lufthavn;SN99840;20.02.2024 13:00;-17.8;0
Svalbard Lufthavn;SN99840;20.02.2024 14:00;-18;0
Svalbard Lufthavn;SN99840;20.02.2024 15:00;-17.2;0
Svalbard Lufthavn;SN99840;20.02.2024 16:00;-16.4;0
Svalbard Lufthavn;SN99840;20.02.2024 17:00;-16.4;0
Svalbard Lufthavn;SN99840;20.02.2024 18:00;-13.7;0
Svalbard Lufthavn;SN99840;20.02.2024 19:00;-13.6;0
Svalbard Lufthavn;SN99840;20.02.2024 20:00;-13.7;0
Svalbard Lufthavn;SN99840;20.02.2024 21:00;-12.9;0
Svalbard Lufthavn;SN99840;20.02.2024 22:00;-12.8;0
Svalbard Lufthavn;SN99840;20.02.2024 23:00;-11.6;0
Svalbard Lufthavn;SN99840;21.02.2024 00:00;-11.2;0
Svalbard Lufthavn;SN99840;21.02.2024 01:00;-9.9;0
Svalbard Lufthavn;SN99840;21.02.2024 02:00;-9.9;0
Svalbard Lufthavn;SN99840;21.02.2024 03:00;-10.2;0
Svalbard Lufthavn;SN99840;21.02.2024 04:00;-10.7;0
Svalbard Lufthavn;SN99840;21.02.2024 05:00;-10.2;0
Svalbard Lufthavn;SN99840;21.02.2024 06:00;-9.9;0
Svalbard Lufthavn;SN99840;21.02.2024 07:00;-10.2;0
Svalbard Lufthavn;SN99840;21.02.2024 08:00;-10.5;0
Svalbard Lufthavn;SN99840;21.02.2024 09:00;-10.4;0
Svalbard Lufthavn;SN99840;21.02.2024 10:00;-10.2;0
Svalbard Lufthavn;SN99840;21.02.2024 11:00;-10.3;0
Svalbard Lufthavn;SN99840;21.02.2024 12:00;-10.4;0
Svalbard Lufthavn;SN99840;21.02.2024 13:00;-10.2;0
Svalbard Lufthavn;SN99840;21.02.2024 14:00;-10.3;0.1
Svalbard Lufthavn;SN99840;21.02.2024 15:00;-10.4;0.1
Svalbard Lufthavn;SN99840;21.02.2024 16:00;-10.4;0
Svalbard Lufthavn;SN99840;21.02.2024 17:00;-10.6;0.1
Svalbard Lufthavn;SN99840;21.02.2024 18:00;-10.3;0.2
Svalbard Lufthavn;SN99840;21.02.2024 19:00;-10.2;0.2
Svalbard Lufthavn;SN99840;21.02.2024 20:00;-10.1;0
Svalbard Lufthavn;SN99840;21.02.2024 21:00;-10.1;0
Svalbard Lufthavn;SN99840;21.02.2024 22:00;-9.9;0
Svalbard Lufthavn;SN99840;21.02.2024 23:00;-9.8;0.2
Svalbard Lufthavn;SN99840;22.02.2024 00:00;-10.1;0
Svalbard Lufthavn;SN99840;22.02.2024 01:00;-10.4;0
Svalbard Lufthavn;SN99840;22.02.2024 02:00;-11.5;0
Svalbard Lufthavn;SN99840;22.02.2024 03:00;-13.4;0
Svalbard Lufthavn;SN99840;22.02.2024 04:00;-12.2;0
Svalbard Lufthavn;SN99840;22.02.2024 05:00;-11.5;0
Svalbard Lufthavn;SN99840;22.02.2024 06:00;-11.3;0
Svalbard Lufthavn;SN99840;22.02.2024 07:00;-12.3;0
Svalbard Lufthavn;SN99840;22.02.2024 08:00;-12.6;0
Svalbard Lufthavn;SN99840;22.02.2024 09:00;-12.4;0
Svalbard Lufthavn;SN99840;22.02.2024 10:00;-12.4;0
Svalbard Lufthavn;SN99840;22.02.2024 11:00;-11.8;0
Svalbard Lufthavn;SN99840;22.02.2024 12:00;-11.7;0
Svalbard Lufthavn;SN99840;22.02.2024 13:00;-10.6;0
Svalbard Lufthavn;SN99840;22.02.2024 14:00;-11;0
Svalbard Lufthavn;SN99840;22.02.2024 15:00;-11.5;0
Svalbard Lufthavn;SN99840;22.02.2024 16:00;-11.4;0
Svalbard Lufthavn;SN99840;22.02.2024 17:00;-11.4;0
Svalbard Lufthavn;SN99840;22.02.2024 18:00;-9.8;0
Svalbard Lufthavn;SN99840;22.02.2024 19:00;-11.6;0
Svalbard Lufthavn;SN99840;22.02.2024 20:00;-10.8;0
Svalbard Lufthavn;SN99840;22.02.2024 21:00;-11.7;0
Svalbard Lufthavn;SN99840;22.02.2024 22:00;-11.8;0
Svalbard Lufthavn;SN99840;22.02.2024 23:00;-11.5;0
Svalbard Lufthavn;SN99840;23.02.2024 00:00;-10.3;0
Svalbard Lufthavn;SN99840;23.02.2024 01:00;-9.3;0
Svalbard Lufthavn;SN99840;23.02.2024 02:00;-7.9;0
Svalbard Lufthavn;SN99840;23.02.2024 03:00;-7.1;0
Svalbard Lufthavn;SN99840;23.02.2024 04:00;-6.6;0
Svalbard Lufthavn;SN99840;23.02.2024 05:00;-6.9;0
Svalbard Lufthavn;SN99840;23.02.2024 06:00;-5.1;0
Svalbard Lufthavn;SN99840;23.02.2024 07:00;-5.1;0
Svalbard Lufthavn;SN99840;23.02.2024 08:00;-4.8;0
Svalbard Lufthavn;SN99840;23.02.2024 09:00;-5;0
Svalbard Lufthavn;SN99840;23.02.2024 10:00;-5.1;0
Svalbard Lufthavn;SN99840;23.02.2024 11:00;-6.8;0
Svalbard Lufthavn;SN99840;23.02.2024 12:00;-5.4;0
Svalbard Lufthavn;SN99840;23.02.2024 13:00;-3.3;0
Svalbard Lufthavn;SN99840;23.02.2024 14:00;-3.3;0
Svalbard Lufthavn;SN99840;23.02.2024 15:00;-2.9;0
Svalbard Lufthavn;SN99840;23.02.2024 16:00;-3.6;0
Svalbard Lufthavn;SN99840;23.02.2024 17:00;-3.5;0
Svalbard Lufthavn;SN99840;23.02.2024 18:00;-3.6;0
Svalbard Lufthavn;SN99840;23.02.2024 19:00;-4.5;0
Svalbard Lufthavn;SN99840;23.02.2024 20:00;-3.2;0
Svalbard Lufthavn;SN99840;23.02.2024 21:00;-3.8;0
Svalbard Lufthavn;SN99840;23.02.2024 22:00;-2.6;0
Svalbard Lufthavn;SN99840;23.02.2024 23:00;-3;0
Svalbard Lufthavn;SN99840;24.02.2024 00:00;-4.2;0
Svalbard Lufthavn;SN99840;24.02.2024 01:00;-3.8;0
Svalbard Lufthavn;SN99840;24.02.2024 02:00;-4.1;0
Svalbard Lufthavn;SN99840;24.02.2024 03:00;-4.4;0
Svalbard Lufthavn;SN99840;24.02.2024 04:00;-4.5;0.1
Svalbard Lufthavn;SN99840;24.02.2024 05:00;-4.3;0.4
Svalbard Lufthavn;SN99840;24.02.2024 06:00;-4.3;0.2
Svalbard Lufthavn;SN99840;24.02.2024 07:00;-4.4;0.3
Svalbard Lufthavn;SN99840;24.02.2024 08:00;-4.4;0.1
Svalbard Lufthavn;SN99840;24.02.2024 09:00;-4.1;0.2
Svalbard Lufthavn;SN99840;24.02.2024 10:00;-4.4;0.1
Svalbard Lufthavn;SN99840;24.02.2024 11:00;-4.3;0.1
Svalbard Lufthavn;SN99840;24.02.2024 12:00;-4.4;0
Svalbard Lufthavn;SN99840;24.02.2024 13:00;-3.9;0.1
Svalbard Lufthavn;SN99840;24.02.2024 14:00;-3.9;0.1
Svalbard Lufthavn;SN99840;24.02.2024 15:00;-4.1;-
Svalbard Lufthavn;SN99840;24.02.2024 16:00;-4.7;0
Svalbard Lufthavn;SN99840;24.02.2024 17:00;-5.4;0
Svalbard Lufthavn;SN99840;24.02.2024 18:00;-5.6;0
Svalbard Lufthavn;SN99840;24.02.2024 19:00;-4.9;0
Svalbard Lufthavn;SN99840;24.02.2024 20:00;-5.5;0
Svalbard Lufthavn;SN99840;24.02.2024 21:00;-6;0
Svalbard Lufthavn;SN99840;24.02.2024 22:00;-5.7;0
Svalbard Lufthavn;SN99840;24.02.2024 23:00;-6.3;0
Svalbard Lufthavn;SN99840;25.02.2024 00:00;-6.2;0
Svalbard Lufthavn;SN99840;25.02.2024 01:00;-6.8;0
Svalbard Lufthavn;SN99840;25.02.2024 02:00;-8.2;0
Svalbard Lufthavn;SN99840;25.02.2024 03:00;-7.3;0
Svalbard Lufthavn;SN99840;25.02.2024 04:00;-8;0
Svalbard Lufthavn;SN99840;25.02.2024 05:00;-7.4;0
Svalbard Lufthavn;SN99840;25.02.2024 06:00;-8.8;0
Svalbard Lufthavn;SN99840;25.02.2024 07:00;-8.1;0
Svalbard Lufthavn;SN99840;25.02.2024 08:00;-7.6;0
Svalbard Lufthavn;SN99840;25.02.2024 09:00;-7.8;0
Svalbard Lufthavn;SN99840;25.02.2024 10:00;-8.9;0
Svalbard Lufthavn;SN99840;25.02.2024 11:00;-11.4;0
Svalbard Lufthavn;SN99840;25.02.2024 12:00;-12.3;0
Svalbard Lufthavn;SN99840;25.02.2024 13:00;-11.8;0
Svalbard Lufthavn;SN99840;25.02.2024 14:00;-12.2;0
Svalbard Lufthavn;SN99840;25.02.2024 15:00;-15.2;0
Svalbard Lufthavn;SN99840;25.02.2024 16:00;-16.8;0
Svalbard Lufthavn;SN99840;25.02.2024 17:00;-14.1;0
Svalbard Lufthavn;SN99840;25.02.2024 18:00;-16.3;0
Svalbard Lufthavn;SN99840;25.02.2024 19:00;-15.1;0
Svalbard Lufthavn;SN99840;25.02.2024 20:00;-15.4;0
Svalbard Lufthavn;SN99840;25.02.2024 21:00;-14.9;0
Svalbard Lufthavn;SN99840;25.02.2024 22:00;-16.3;0
Svalbard Lufthavn;SN99840;25.02.2024 23:00;-18.2;0
Svalbard Lufthavn;SN99840;26.02.2024 00:00;-17;0
Svalbard Lufthavn;SN99840;26.02.2024 01:00;-15.6;0
Svalbard Lufthavn;SN99840;26.02.2024 02:00;-15.8;0
Svalbard Lufthavn;SN99840;26.02.2024 03:00;-17.6;0
Svalbard Lufthavn;SN99840;26.02.2024 04:00;-16.5;0
Svalbard Lufthavn;SN99840;26.02.2024 05:00;-18;0
Svalbard Lufthavn;SN99840;26.02.2024 06:00;-16.3;0
Svalbard Lufthavn;SN99840;26.02.2024 07:00;-17.3;0
Svalbard Lufthavn;SN99840;26.02.2024 08:00;-15.1;0
Svalbard Lufthavn;SN99840;26.02.2024 09:00;-14;0
Svalbard Lufthavn;SN99840;26.02.2024 10:00;-12.9;0
Svalbard Lufthavn;SN99840;26.02.2024 11:00;-12.7;0
Svalbard Lufthavn;SN99840;26.02.2024 12:00;-12.7;0
Svalbard Lufthavn;SN99840;26.02.2024 13:00;-11.9;0
Svalbard Lufthavn;SN99840;26.02.2024 14:00;-12;0
Svalbard Lufthavn;SN99840;26.02.2024 15:00;-12.7;0
Svalbard Lufthavn;SN99840;26.02.2024 16:00;-13;0
Svalbard Lufthavn;SN99840;26.02.2024 17:00;-13.6;0
Svalbard Lufthavn;SN99840;26.02.2024 18:00;-13;0
Svalbard Lufthavn;SN99840;26.02.2024 19:00;-17;0
Svalbard Lufthavn;SN99840;26.02.2024 20:00;-19.6;0
Svalbard Lufthavn;SN99840;26.02.2024 21:00;-17.6;0
Svalbard Lufthavn;SN99840;26.02.2024 22:00;-17.5;0
Svalbard Lufthavn;SN99840;26.02.2024 23:00;-16.4;0
Svalbard Lufthavn;SN99840;27.02.2024 00:00;-13.6;0
Svalbard Lufthavn;SN99840;27.02.2024 01:00;-10.9;0
Svalbard Lufthavn;SN99840;27.02.2024 02:00;-10.7;0
Svalbard Lufthavn;SN99840;27.02.2024 03:00;-9.3;0
Svalbard Lufthavn;SN99840;27.02.2024 04:00;-9.1;0
Svalbard Lufthavn;SN99840;27.02.2024 05:00;-8.5;0
Svalbard Lufthavn;SN99840;27.02.2024 06:00;-9;0
Svalbard Lufthavn;SN99840;27.02.2024 07:00;-9.2;0
Svalbard Lufthavn;SN99840;27.02.2024 08:00;-8.7;0
Svalbard Lufthavn;SN99840;27.02.2024 09:00;-7.4;0
Svalbard Lufthavn;SN99840;27.02.2024 10:00;-5.1;0
Svalbard Lufthavn;SN99840;27.02.2024 11:00;-4.8;0
Svalbard Lufthavn;SN99840;27.02.2024 12:00;-5.2;0
Svalbard Lufthavn;SN99840;27.02.2024 13:00;-4.6;0
Svalbard Lufthavn;SN99840;27.02.2024 14:00;-4;0
Svalbard Lufthavn;SN99840;27.02.2024 15:00;-4;0
Svalbard Lufthavn;SN99840;27.02.2024 16:00;-4.2;0
Svalbard Lufthavn;SN99840;27.02.2024 17:00;-4;0
Svalbard Lufthavn;SN99840;27.02.2024 18:00;-3.7;0
Svalbard Lufthavn;SN99840;27.02.2024 19:00;-3.7;0
Svalbard Lufthavn;SN99840;27.02.2024 20:00;-3.1;0
Svalbard Lufthavn;SN99840;27.02.2024 21:00;-2.6;0
Svalbard Lufthavn;SN99840;27.02.2024 22:00;-2.2;0
Svalbard Lufthavn;SN99840;27.02.2024 23:00;-1.6;0
Svalbard Lufthavn;SN99840;28.02.2024 00:00;-1.3;0
Svalbard Lufthavn;SN99840;28.02.2024 01:00;-1.2;0
Svalbard Lufthavn;SN99840;28.02.2024 02:00;-1.2;0
Svalbard Lufthavn;SN99840;28.02.2024 03:00;-0.8;0
Svalbard Lufthavn;SN99840;28.02.2024 04:00;-1;0
Svalbard Lufthavn;SN99840;28.02.2024 05:00;-0.8;0
Svalbard Lufthavn;SN99840;28.02.2024 06:00;-0.8;0
Svalbard Lufthavn;SN99840;28.02.2024 07:00;0;0
Svalbard Lufthavn;SN99840;28.02.2024 08:00;0.2;0
Svalbard Lufthavn;SN99840;28.02.2024 09:00;0.2;0
Svalbard Lufthavn;SN99840;28.02.2024 10:00;0.4;0
Svalbard Lufthavn;SN99840;28.02.2024 11:00;0.8;0
Svalbard Lufthavn;SN99840;28.02.2024 12:00;0.9;0
Svalbard Lufthavn;SN99840;28.02.2024 13:00;1.7;0
Svalbard Lufthavn;SN99840;28.02.2024 14:00;1.8;0
Svalbard Lufthavn;SN99840;28.02.2024 15:00;1.6;0
Svalbard Lufthavn;SN99840;28.02.2024 16:00;1.8;0
Svalbard Lufthavn;SN99840;28.02.2024 17:00;1.9;0
Svalbard Lufthavn;SN99840;28.02.2024 18:00;2.4;0
Svalbard Lufthavn;SN99840;28.02.2024 19:00;2;0
Svalbard Lufthavn;SN99840;28.02.2024 20:00;3;0
Svalbard Lufthavn;SN99840;28.02.2024 21:00;2;0
Svalbard Lufthavn;SN99840;28.02.2024 22:00;2.2;0
Svalbard Lufthavn;SN99840;28.02.2024 23:00;2.6;0
Svalbard Lufthavn;SN99840;29.02.2024 00:00;2.4;0
Svalbard Lufthavn;SN99840;29.02.2024 01:00;2.8;0
Svalbard Lufthavn;SN99840;29.02.2024 02:00;2.7;0
Svalbard Lufthavn;SN99840;29.02.2024 03:00;3.1;0
Svalbard Lufthavn;SN99840;29.02.2024 04:00;2.5;0
Svalbard Lufthavn;SN99840;29.02.2024 05:00;1.9;0
Svalbard Lufthavn;SN99840;29.02.2024 06:00;2.3;0
Svalbard Lufthavn;SN99840;29.02.2024 07:00;-0.6;0
Svalbard Lufthavn;SN99840;29.02.2024 08:00;-1.4;0
Svalbard Lufthavn;SN99840;29.02.2024 09:00;-1.2;0
Svalbard Lufthavn;SN99840;29.02.2024 10:00;-1.3;0
Svalbard Lufthavn;SN99840;29.02.2024 11:00;-1.5;0
Svalbard Lufthavn;SN99840;29.02.2024 12:00;-2.1;0.3
Svalbard Lufthavn;SN99840;29.02.2024 13:00;-2.2;0.1
Svalbard Lufthavn;SN99840;29.02.2024 14:00;-2.7;0.3
Svalbard Lufthavn;SN99840;29.02.2024 15:00;-3.3;0
Svalbard Lufthavn;SN99840;29.02.2024 16:00;-3.7;0
Svalbard Lufthavn;SN99840;29.02.2024 17:00;-4.3;0
Svalbard Lufthavn;SN99840;29.02.2024 18:00;-4.1;0.1
Svalbard Lufthavn;SN99840;29.02.2024 19:00;-4.3;0.1
Svalbard Lufthavn;SN99840;29.02.2024 20:00;-4.2;0.1
Svalbard Lufthavn;SN99840;29.02.2024 21:00;-4;0
Svalbard Lufthavn;SN99840;29.02.2024 22:00;-4.4;0
Svalbard Lufthavn;SN99840;29.02.2024 23:00;-4.6;0
Svalbard Lufthavn;SN99840;01.03.2024 00:00;-4.9;0
Svalbard Lufthavn;SN99840;01.03.2024 01:00;-5.3;0
Svalbard Lufthavn;SN99840;01.03.2024 02:00;-5.5;0
Svalbard Lufthavn;SN99840;01.03.2024 03:00;-6.4;0
Svalbard Lufthavn;SN99840;01.03.2024 04:00;-6.3;0
Svalbard Lufthavn;SN99840;01.03.2024 05:00;-6.2;0
Svalbard Lufthavn;SN99840;01.03.2024 06:00;-6.1;0
Svalbard Lufthavn;SN99840;01.03.2024 07:00;-7.1;0
Svalbard Lufthavn;SN99840;01.03.2024 08:00;-7.7;0
Svalbard Lufthavn;SN99840;01.03.2024 09:00;-7.8;0
Svalbard Lufthavn;SN99840;01.03.2024 10:00;-6.1;0
Svalbard Lufthavn;SN99840;01.03.2024 11:00;-5.3;0
Svalbard Lufthavn;SN99840;01.03.2024 12:00;-3.1;0
Svalbard Lufthavn;SN99840;01.03.2024 13:00;-2.5;0
Svalbard Lufthavn;SN99840;01.03.2024 14:00;-2.3;0
Svalbard Lufthavn;SN99840;01.03.2024 15:00;-3.2;0
Svalbard Lufthavn;SN99840;01.03.2024 16:00;-4;0
Svalbard Lufthavn;SN99840;01.03.2024 17:00;-4.9;0
Svalbard Lufthavn;SN99840;01.03.2024 18:00;-5.1;0
Svalbard Lufthavn;SN99840;01.03.2024 19:00;-5.5;0
Svalbard Lufthavn;SN99840;01.03.2024 20:00;-6.3;0
Svalbard Lufthavn;SN99840;01.03.2024 21:00;-6.4;0
Svalbard Lufthavn;SN99840;01.03.2024 22:00;-6.7;0
Svalbard Lufthavn;SN99840;01.03.2024 23:00;-6.6;0
Svalbard Lufthavn;SN99840;02.03.2024 00:00;-6.9;0
Svalbard Lufthavn;SN99840;02.03.2024 01:00;-7.5;0
Svalbard Lufthavn;SN99840;02.03.2024 02:00;-8;0
Svalbard Lufthavn;SN99840;02.03.2024 03:00;-8.3;0
Svalbard Lufthavn;SN99840;02.03.2024 04:00;-8.2;0
Svalbard Lufthavn;SN99840;02.03.2024 05:00;-8.7;0
Svalbard Lufthavn;SN99840;02.03.2024 06:00;-8.8;0
Svalbard Lufthavn;SN99840;02.03.2024 07:00;-9;0
Svalbard Lufthavn;SN99840;02.03.2024 08:00;-9.5;0
Svalbard Lufthavn;SN99840;02.03.2024 09:00;-9.3;0
Svalbard Lufthavn;SN99840;02.03.2024 10:00;-8.7;0
Svalbard Lufthavn;SN99840;02.03.2024 11:00;-9;0
Svalbard Lufthavn;SN99840;02.03.2024 12:00;-9.6;0
Svalbard Lufthavn;SN99840;02.03.2024 13:00;-10.4;0
Svalbard Lufthavn;SN99840;02.03.2024 14:00;-11.1;0
Svalbard Lufthavn;SN99840;02.03.2024 15:00;-10.8;0
Svalbard Lufthavn;SN99840;02.03.2024 16:00;-10.1;0
Svalbard Lufthavn;SN99840;02.03.2024 17:00;-10;0
Svalbard Lufthavn;SN99840;02.03.2024 18:00;-9.7;0
Svalbard Lufthavn;SN99840;02.03.2024 19:00;-8.9;0
Svalbard Lufthavn;SN99840;02.03.2024 20:00;-8.8;0
Svalbard Lufthavn;SN99840;02.03.2024 21:00;-8.5;0
Svalbard Lufthavn;SN99840;02.03.2024 22:00;-8;0
Svalbard Lufthavn;SN99840;02.03.2024 23:00;-8.1;0
Svalbard Lufthavn;SN99840;03.03.2024 00:00;-7.8;0
Svalbard Lufthavn;SN99840;03.03.2024 01:00;-7.8;0
Svalbard Lufthavn;SN99840;03.03.2024 02:00;-7.7;0
Svalbard Lufthavn;SN99840;03.03.2024 03:00;-7.2;0
Svalbard Lufthavn;SN99840;03.03.2024 04:00;-7;0
Svalbard Lufthavn;SN99840;03.03.2024 05:00;-7.4;0
Svalbard Lufthavn;SN99840;03.03.2024 06:00;-6.3;0
Svalbard Lufthavn;SN99840;03.03.2024 07:00;-5.9;0
Svalbard Lufthavn;SN99840;03.03.2024 08:00;-3.9;0
Svalbard Lufthavn;SN99840;03.03.2024 09:00;-1.2;0
Svalbard Lufthavn;SN99840;03.03.2024 10:00;-0.3;0
Svalbard Lufthavn;SN99840;03.03.2024 11:00;-0.1;0
Svalbard Lufthavn;SN99840;03.03.2024 12:00;0;0
Svalbard Lufthavn;SN99840;03.03.2024 13:00;0.2;0
Svalbard Lufthavn;SN99840;03.03.2024 14:00;0.4;0
Svalbard Lufthavn;SN99840;03.03.2024 15:00;0.4;0
Svalbard Lufthavn;SN99840;03.03.2024 16:00;0.5;0
Svalbard Lufthavn;SN99840;03.03.2024 17:00;0.5;0
Svalbard Lufthavn;SN99840;03.03.2024 18:00;0.2;0.2
Svalbard Lufthavn;SN99840;03.03.2024 19:00;-0.1;0
Svalbard Lufthavn;SN99840;03.03.2024 20:00;0.1;0.1
Svalbard Lufthavn;SN99840;03.03.2024 21:00;-0.2;0
Svalbard Lufthavn;SN99840;03.03.2024 22:00;-0.1;0
Svalbard Lufthavn;SN99840;03.03.2024 23:00;-0.4;0
Svalbard Lufthavn;SN99840;04.03.2024 00:00;-0.4;0
Svalbard Lufthavn;SN99840;04.03.2024 01:00;-0.4;0
Svalbard Lufthavn;SN99840;04.03.2024 02:00;-0.1;0
Svalbard Lufthavn;SN99840;04.03.2024 03:00;-0.1;0
Svalbard Lufthavn;SN99840;04.03.2024 04:00;-0.1;0
Svalbard Lufthavn;SN99840;04.03.2024 05:00;-0.3;0
Svalbard Lufthavn;SN99840;04.03.2024 06:00;-0.4;0
Svalbard Lufthavn;SN99840;04.03.2024 07:00;-0.3;0
Svalbard Lufthavn;SN99840;04.03.2024 08:00;-0.4;0
Svalbard Lufthavn;SN99840;04.03.2024 09:00;-0.1;0
Svalbard Lufthavn;SN99840;04.03.2024 10:00;-0.3;0
Svalbard Lufthavn;SN99840;04.03.2024 11:00;-0.4;0
Svalbard Lufthavn;SN99840;04.03.2024 12:00;-0.1;0
Svalbard Lufthavn;SN99840;04.03.2024 13:00;-0.4;0
Svalbard Lufthavn;SN99840;04.03.2024 14:00;-0.3;0
Svalbard Lufthavn;SN99840;04.03.2024 15:00;-0.2;0
Svalbard Lufthavn;SN99840;04.03.2024 16:00;-0.3;0
Svalbard Lufthavn;SN99840;04.03.2024 17:00;-0.5;0
Svalbard Lufthavn;SN99840;04.03.2024 18:00;-0.6;0
Svalbard Lufthavn;SN99840;04.03.2024 19:00;-0.6;0
Svalbard Lufthavn;SN99840;04.03.2024 20:00;-0.8;0
Svalbard Lufthavn;SN99840;04.03.2024 21:00;-1;0
Svalbard Lufthavn;SN99840;04.03.2024 22:00;-1.5;0
Svalbard Lufthavn;SN99840;04.03.2024 23:00;-1.8;0
Svalbard Lufthavn;SN99840;05.03.2024 00:00;-2.6;0
Svalbard Lufthavn;SN99840;05.03.2024 01:00;-3.2;0
Svalbard Lufthavn;SN99840;05.03.2024 02:00;-3.8;0
Svalbard Lufthavn;SN99840;05.03.2024 03:00;-4.8;0
Svalbard Lufthavn;SN99840;05.03.2024 04:00;-6.4;0
Svalbard Lufthavn;SN99840;05.03.2024 05:00;-6;0
Svalbard Lufthavn;SN99840;05.03.2024 06:00;-6.3;0
Svalbard Lufthavn;SN99840;05.03.2024 07:00;-5.6;0
Svalbard Lufthavn;SN99840;05.03.2024 08:00;-5.2;0
Svalbard Lufthavn;SN99840;05.03.2024 09:00;-5.6;0
Svalbard Lufthavn;SN99840;05.03.2024 10:00;-5.5;0
Svalbard Lufthavn;SN99840;05.03.2024 11:00;-4.6;0
Svalbard Lufthavn;SN99840;05.03.2024 12:00;-5.2;0
Svalbard Lufthavn;SN99840;05.03.2024 13:00;-4.9;0
Svalbard Lufthavn;SN99840;05.03.2024 14:00;-3.5;0
Svalbard Lufthavn;SN99840;05.03.2024 15:00;-3.9;0
Svalbard Lufthavn;SN99840;05.03.2024 16:00;-2.8;0
Svalbard Lufthavn;SN99840;05.03.2024 17:00;-3.6;0
Svalbard Lufthavn;SN99840;05.03.2024 18:00;-4.2;0
Svalbard Lufthavn;SN99840;05.03.2024 19:00;-4;0
Svalbard Lufthavn;SN99840;05.03.2024 20:00;-3.9;0
Svalbard Lufthavn;SN99840;05.03.2024 21:00;-3.2;0
Svalbard Lufthavn;SN99840;05.03.2024 22:00;-3.3;0
Svalbard Lufthavn;SN99840;05.03.2024 23:00;-2.9;0
Svalbard Lufthavn;SN99840;06.03.2024 00:00;-3.1;0.1
Svalbard Lufthavn;SN99840;06.03.2024 01:00;-2.9;0
Svalbard Lufthavn;SN99840;06.03.2024 02:00;-1.7;0.2
Svalbard Lufthavn;SN99840;06.03.2024 03:00;1.4;0.2
Svalbard Lufthavn;SN99840;06.03.2024 04:00;1.4;0
Svalbard Lufthavn;SN99840;06.03.2024 05:00;2.1;0
Svalbard Lufthavn;SN99840;06.03.2024 06:00;2.4;0
Svalbard Lufthavn;SN99840;06.03.2024 07:00;1.9;0
Svalbard Lufthavn;SN99840;06.03.2024 08:00;1;0
Svalbard Lufthavn;SN99840;06.03.2024 09:00;-0.1;0
Svalbard Lufthavn;SN99840;06.03.2024 10:00;1.8;0.3
Svalbard Lufthavn;SN99840;06.03.2024 11:00;0.8;0.4
Svalbard Lufthavn;SN99840;06.03.2024 12:00;1.2;0.1
Svalbard Lufthavn;SN99840;06.03.2024 13:00;0.2;0
Svalbard Lufthavn;SN99840;06.03.2024 14:00;-1.1;0
Svalbard Lufthavn;SN99840;06.03.2024 15:00;-1.4;0
Svalbard Lufthavn;SN99840;06.03.2024 16:00;-2.5;0
Svalbard Lufthavn;SN99840;06.03.2024 17:00;-3.8;0
Svalbard Lufthavn;SN99840;06.03.2024 18:00;-4.6;0
Svalbard Lufthavn;SN99840;06.03.2024 19:00;-5.3;0
Svalbard Lufthavn;SN99840;06.03.2024 20:00;-5.8;0
Svalbard Lufthavn;SN99840;06.03.2024 21:00;-5.7;0
Svalbard Lufthavn;SN99840;06.03.2024 22:00;-7.3;0
Svalbard Lufthavn;SN99840;06.03.2024 23:00;-6.3;0
Svalbard Lufthavn;SN99840;07.03.2024 00:00;-7.1;0
Svalbard Lufthavn;SN99840;07.03.2024 01:00;-7;0
Svalbard Lufthavn;SN99840;07.03.2024 02:00;-7.7;0
Svalbard Lufthavn;SN99840;07.03.2024 03:00;-8.8;0
Svalbard Lufthavn;SN99840;07.03.2024 04:00;-9.5;0
Svalbard Lufthavn;SN99840;07.03.2024 05:00;-9.4;0
Svalbard Lufthavn;SN99840;07.03.2024 06:00;-9.5;0
Svalbard Lufthavn;SN99840;07.03.2024 07:00;-9.9;0
Svalbard Lufthavn;SN99840;07.03.2024 08:00;-9.6;0
Svalbard Lufthavn;SN99840;07.03.2024 09:00;-8.8;0
Svalbard Lufthavn;SN99840;07.03.2024 10:00;-9.8;0
Svalbard Lufthavn;SN99840;07.03.2024 11:00;-9.6;0
Svalbard Lufthavn;SN99840;07.03.2024 12:00;-8.4;0
Svalbard Lufthavn;SN99840;07.03.2024 13:00;-8.3;0
Svalbard Lufthavn;SN99840;07.03.2024 14:00;-7.2;0
Svalbard Lufthavn;SN99840;07.03.2024 15:00;-6.9;0
Svalbard Lufthavn;SN99840;07.03.2024 16:00;-6.3;0
Svalbard Lufthavn;SN99840;07.03.2024 17:00;-6.2;0
Svalbard Lufthavn;SN99840;07.03.2024 18:00;-6;0
Svalbard Lufthavn;SN99840;07.03.2024 19:00;-5.8;0.1
Svalbard Lufthavn;SN99840;07.03.2024 20:00;-5.6;0.2
Svalbard Lufthavn;SN99840;07.03.2024 21:00;-5.1;0
Svalbard Lufthavn;SN99840;07.03.2024 22:00;-5;0
Svalbard Lufthavn;SN99840;07.03.2024 23:00;-4.9;0.1
Svalbard Lufthavn;SN99840;08.03.2024 00:00;-5;0.2
Svalbard Lufthavn;SN99840;08.03.2024 01:00;-4.3;0.2
Svalbard Lufthavn;SN99840;08.03.2024 02:00;-4.1;0.2
Svalbard Lufthavn;SN99840;08.03.2024 03:00;-3.7;0.2
Svalbard Lufthavn;SN99840;08.03.2024 04:00;-2.8;0
Svalbard Lufthavn;SN99840;08.03.2024 05:00;0.4;0
Svalbard Lufthavn;SN99840;08.03.2024 06:00;0.5;0
Svalbard Lufthavn;SN99840;08.03.2024 07:00;0.8;0
Svalbard Lufthavn;SN99840;08.03.2024 08:00;0.7;0
Svalbard Lufthavn;SN99840;08.03.2024 09:00;0.6;0
Svalbard Lufthavn;SN99840;08.03.2024 10:00;1.1;0
Svalbard Lufthavn;SN99840;08.03.2024 11:00;1.3;0
Svalbard Lufthavn;SN99840;08.03.2024 12:00;1;0
Svalbard Lufthavn;SN99840;08.03.2024 13:00;-0.1;0
Svalbard Lufthavn;SN99840;08.03.2024 14:00;-1.8;0.2
Svalbard Lufthavn;SN99840;08.03.2024 15:00;0;0.1
Svalbard Lufthavn;SN99840;08.03.2024 16:00;0.3;0
Svalbard Lufthavn;SN99840;08.03.2024 17:00;0.4;0
Svalbard Lufthavn;SN99840;08.03.2024 18:00;0.9;0
Svalbard Lufthavn;SN99840;08.03.2024 19:00;0.6;0
Svalbard Lufthavn;SN99840;08.03.2024 20:00;0.5;0
Svalbard Lufthavn;SN99840;08.03.2024 21:00;0.6;0
Svalbard Lufthavn;SN99840;08.03.2024 22:00;1.1;0
Svalbard Lufthavn;SN99840;08.03.2024 23:00;1.1;0
Svalbard Lufthavn;SN99840;09.03.2024 00:00;-0.8;0
Svalbard Lufthavn;SN99840;09.03.2024 01:00;-0.7;0
Svalbard Lufthavn;SN99840;09.03.2024 02:00;-0.3;0
Svalbard Lufthavn;SN99840;09.03.2024 03:00;-0.2;0
Svalbard Lufthavn;SN99840;09.03.2024 04:00;1.1;0
Svalbard Lufthavn;SN99840;09.03.2024 05:00;-0.6;0
Svalbard Lufthavn;SN99840;09.03.2024 06:00;3.1;0
Svalbard Lufthavn;SN99840;09.03.2024 07:00;3;0
Svalbard Lufthavn;SN99840;09.03.2024 08:00;1.6;0
Svalbard Lufthavn;SN99840;09.03.2024 09:00;2.8;0
Svalbard Lufthavn;SN99840;09.03.2024 10:00;1.1;0.3
Svalbard Lufthavn;SN99840;09.03.2024 11:00;0.2;0
Svalbard Lufthavn;SN99840;09.03.2024 12:00;0;0
Svalbard Lufthavn;SN99840;09.03.2024 13:00;-0.1;0
Svalbard Lufthavn;SN99840;09.03.2024 14:00;-0.4;0
Svalbard Lufthavn;SN99840;09.03.2024 15:00;-1.6;0
Svalbard Lufthavn;SN99840;09.03.2024 16:00;-1.7;0
Svalbard Lufthavn;SN99840;09.03.2024 17:00;-2.2;0
Svalbard Lufthavn;SN99840;09.03.2024 18:00;-2.5;0.1
Svalbard Lufthavn;SN99840;09.03.2024 19:00;-2.7;0
Svalbard Lufthavn;SN99840;09.03.2024 20:00;-2.5;0
Svalbard Lufthavn;SN99840;09.03.2024 21:00;-2.9;0
Svalbard Lufthavn;SN99840;09.03.2024 22:00;-3.2;0
Svalbard Lufthavn;SN99840;09.03.2024 23:00;-3.2;0
Svalbard Lufthavn;SN99840;10.03.2024 00:00;-4;0
Svalbard Lufthavn;SN99840;10.03.2024 01:00;-4.2;0
Svalbard Lufthavn;SN99840;10.03.2024 02:00;-3.9;0
Svalbard Lufthavn;SN99840;10.03.2024 03:00;-5.2;0
Svalbard Lufthavn;SN99840;10.03.2024 04:00;-5.8;0
Svalbard Lufthavn;SN99840;10.03.2024 05:00;-6.4;0
Svalbard Lufthavn;SN99840;10.03.2024 06:00;-5.9;0
Svalbard Lufthavn;SN99840;10.03.2024 07:00;-6.4;0
Svalbard Lufthavn;SN99840;10.03.2024 08:00;-6.4;0
Svalbard Lufthavn;SN99840;10.03.2024 09:00;-6.8;0
Svalbard Lufthavn;SN99840;10.03.2024 10:00;-7.2;0
Svalbard Lufthavn;SN99840;10.03.2024 11:00;-7.1;0
Svalbard Lufthavn;SN99840;10.03.2024 12:00;-7.5;0
Svalbard Lufthavn;SN99840;10.03.2024 13:00;-7.8;0
Svalbard Lufthavn;SN99840;10.03.2024 14:00;-8.1;0
Svalbard Lufthavn;SN99840;10.03.2024 15:00;-8.3;0
Svalbard Lufthavn;SN99840;10.03.2024 16:00;-9.4;0
Svalbard Lufthavn;SN99840;10.03.2024 17:00;-9.9;0
Svalbard Lufthavn;SN99840;10.03.2024 18:00;-10;0
Svalbard Lufthavn;SN99840;10.03.2024 19:00;-10.1;0
Svalbard Lufthavn;SN99840;10.03.2024 20:00;-10.8;0
Svalbard Lufthavn;SN99840;10.03.2024 21:00;-11.3;0
Svalbard Lufthavn;SN99840;10.03.2024 22:00;-11.2;0
Svalbard Lufthavn;SN99840;10.03.2024 23:00;-11.1;0
Svalbard Lufthavn;SN99840;11.03.2024 00:00;-11.8;0
Svalbard Lufthavn;SN99840;11.03.2024 01:00;-11.7;0
Svalbard Lufthavn;SN99840;11.03.2024 02:00;-11.8;0
Svalbard Lufthavn;SN99840;11.03.2024 03:00;-11.6;0
Svalbard Lufthavn;SN99840;11.03.2024 04:00;-11.7;0
Svalbard Lufthavn;SN99840;11.03.2024 05:00;-11.5;0
Svalbard Lufthavn;SN99840;11.03.2024 06:00;-11.6;0
Svalbard Lufthavn;SN99840;11.03.2024 07:00;-11.6;0
Svalbard Lufthavn;SN99840;11.03.2024 08:00;-11.7;0
Svalbard Lufthavn;SN99840;11.03.2024 09:00;-11.5;0
Svalbard Lufthavn;SN99840;11.03.2024 10:00;-11.6;0
Svalbard Lufthavn;SN99840;11.03.2024 11:00;-11.5;0
Svalbard Lufthavn;SN99840;11.03.2024 12:00;-11.9;0
Svalbard Lufthavn;SN99840;11.03.2024 13:00;-11.8;0
Svalbard Lufthavn;SN99840;11.03.2024 14:00;-11.7;0
Svalbard Lufthavn;SN99840;11.03.2024 15:00;-11.5;0.1
Svalbard Lufthavn;SN99840;11.03.2024 16:00;-12.9;0
Svalbard Lufthavn;SN99840;11.03.2024 17:00;-12.5;0
Svalbard Lufthavn;SN99840;11.03.2024 18:00;-13;0
Svalbard Lufthavn;SN99840;11.03.2024 19:00;-13.5;0
Svalbard Lufthavn;SN99840;11.03.2024 20:00;-14;0
Svalbard Lufthavn;SN99840;11.03.2024 21:00;-14.4;0
Svalbard Lufthavn;SN99840;11.03.2024 22:00;-14.5;0
Svalbard Lufthavn;SN99840;11.03.2024 23:00;-14.9;0
Svalbard Lufthavn;SN99840;12.03.2024 00:00;-15.5;0
Svalbard Lufthavn;SN99840;12.03.2024 01:00;-16.1;0
Svalbard Lufthavn;SN99840;12.03.2024 02:00;-16.6;0
Svalbard Lufthavn;SN99840;12.03.2024 03:00;-16.9;0
Svalbard Lufthavn;SN99840;12.03.2024 04:00;-17.1;0
Svalbard Lufthavn;SN99840;12.03.2024 05:00;-17.8;0
Svalbard Lufthavn;SN99840;12.03.2024 06:00;-18.1;0
Svalbard Lufthavn;SN99840;12.03.2024 07:00;-18.7;0
Svalbard Lufthavn;SN99840;12.03.2024 08:00;-18.1;0
Svalbard Lufthavn;SN99840;12.03.2024 09:00;-18.4;0
Svalbard Lufthavn;SN99840;12.03.2024 10:00;-19.3;0
Svalbard Lufthavn;SN99840;12.03.2024 11:00;-19.3;0
Svalbard Lufthavn;SN99840;12.03.2024 12:00;-18.8;0
Svalbard Lufthavn;SN99840;12.03.2024 13:00;-18.7;0
Svalbard Lufthavn;SN99840;12.03.2024 14:00;-17.8;0
Svalbard Lufthavn;SN99840;12.03.2024 15:00;-16.6;0
Svalbard Lufthavn;SN99840;12.03.2024 16:00;-13.4;0
Svalbard Lufthavn;SN99840;12.03.2024 17:00;-12.5;0
Svalbard Lufthavn;SN99840;12.03.2024 18:00;-11.4;0
Svalbard Lufthavn;SN99840;12.03.2024 19:00;-10.9;0
Svalbard Lufthavn;SN99840;12.03.2024 20:00;-10.2;0
Svalbard Lufthavn;SN99840;12.03.2024 21:00;-10.6;0
Svalbard Lufthavn;SN99840;12.03.2024 22:00;-9.8;0
Svalbard Lufthavn;SN99840;12.03.2024 23:00;-9.8;0
Svalbard Lufthavn;SN99840;13.03.2024 00:00;-9.6;0
Svalbard Lufthavn;SN99840;13.03.2024 01:00;-9.8;0
Svalbard Lufthavn;SN99840;13.03.2024 02:00;-10.1;0
Svalbard Lufthavn;SN99840;13.03.2024 03:00;-10.8;0
Svalbard Lufthavn;SN99840;13.03.2024 04:00;-11.2;0
Svalbard Lufthavn;SN99840;13.03.2024 05:00;-10.8;0
Svalbard Lufthavn;SN99840;13.03.2024 06:00;-10.5;0
Svalbard Lufthavn;SN99840;13.03.2024 07:00;-10.5;0
Svalbard Lufthavn;SN99840;13.03.2024 08:00;-10.9;0
Svalbard Lufthavn;SN99840;13.03.2024 09:00;-11;0
Svalbard Lufthavn;SN99840;13.03.2024 10:00;-10.8;0
Svalbard Lufthavn;SN99840;13.03.2024 11:00;-10.7;0
Svalbard Lufthavn;SN99840;13.03.2024 12:00;-10.7;0
Svalbard Lufthavn;SN99840;13.03.2024 13:00;-11.1;0
Svalbard Lufthavn;SN99840;13.03.2024 14:00;-11.4;0
Svalbard Lufthavn;SN99840;13.03.2024 15:00;-12;0
Svalbard Lufthavn;SN99840;13.03.2024 16:00;-12.1;0
Svalbard Lufthavn;SN99840;13.03.2024 17:00;-12.5;0
Svalbard Lufthavn;SN99840;13.03.2024 18:00;-13;0
Svalbard Lufthavn;SN99840;13.03.2024 19:00;-13.4;0
Svalbard Lufthavn;SN99840;13.03.2024 20:00;-13.5;0
Svalbard Lufthavn;SN99840;13.03.2024 21:00;-14.2;0
Svalbard Lufthavn;SN99840;13.03.2024 22:00;-14.7;0
Svalbard Lufthavn;SN99840;13.03.2024 23:00;-15.1;0
Svalbard Lufthavn;SN99840;14.03.2024 00:00;-15.7;0
Svalbard Lufthavn;SN99840;14.03.2024 01:00;-16.1;0
Svalbard Lufthavn;SN99840;14.03.2024 02:00;-16.8;0
Svalbard Lufthavn;SN99840;14.03.2024 03:00;-16.9;0
Svalbard Lufthavn;SN99840;14.03.2024 04:00;-17.6;0
Svalbard Lufthavn;SN99840;14.03.2024 05:00;-18.1;0
Svalbard Lufthavn;SN99840;14.03.2024 06:00;-18.7;0
Svalbard Lufthavn;SN99840;14.03.2024 07:00;-18.8;0
Svalbard Lufthavn;SN99840;14.03.2024 08:00;-19.3;0
Svalbard Lufthavn;SN99840;14.03.2024 09:00;-18.9;0
Svalbard Lufthavn;SN99840;14.03.2024 10:00;-19.3;0
Svalbard Lufthavn;SN99840;14.03.2024 11:00;-19.9;0
Svalbard Lufthavn;SN99840;14.03.2024 12:00;-20.2;0
Svalbard Lufthavn;SN99840;14.03.2024 13:00;-20.4;0
Svalbard Lufthavn;SN99840;14.03.2024 14:00;-20.9;0
Svalbard Lufthavn;SN99840;14.03.2024 15:00;-21.5;0
Svalbard Lufthavn;SN99840;14.03.2024 16:00;-21.3;0
Svalbard Lufthavn;SN99840;14.03.2024 17:00;-20.7;0
Svalbard Lufthavn;SN99840;14.03.2024 18:00;-21.3;0
Svalbard Lufthavn;SN99840;14.03.2024 19:00;-23.1;0
Svalbard Lufthavn;SN99840;14.03.2024 20:00;-23;0
Svalbard Lufthavn;SN99840;14.03.2024 21:00;-23.9;0
Svalbard Lufthavn;SN99840;14.03.2024 22:00;-23.7;0
Svalbard Lufthavn;SN99840;14.03.2024 23:00;-22.7;0
Svalbard Lufthavn;SN99840;15.03.2024 00:00;-23.8;0
Svalbard Lufthavn;SN99840;15.03.2024 01:00;-22.7;0
Svalbard Lufthavn;SN99840;15.03.2024 02:00;-23.2;0
Svalbard Lufthavn;SN99840;15.03.2024 03:00;-23.5;0
Svalbard Lufthavn;SN99840;15.03.2024 04:00;-23;0
Svalbard Lufthavn;SN99840;15.03.2024 05:00;-22.7;0
Svalbard Lufthavn;SN99840;15.03.2024 06:00;-22.9;0
Svalbard Lufthavn;SN99840;15.03.2024 07:00;-23.4;0
Svalbard Lufthavn;SN99840;15.03.2024 08:00;-23.4;0
Svalbard Lufthavn;SN99840;15.03.2024 09:00;-23.4;0
Svalbard Lufthavn;SN99840;15.03.2024 10:00;-24.3;0
Svalbard Lufthavn;SN99840;15.03.2024 11:00;-24.2;0
Svalbard Lufthavn;SN99840;15.03.2024 12:00;-24;0
Svalbard Lufthavn;SN99840;15.03.2024 13:00;-24.4;0
Svalbard Lufthavn;SN99840;15.03.2024 14:00;-24.6;0
Svalbard Lufthavn;SN99840;15.03.2024 15:00;-24.7;0
Svalbard Lufthavn;SN99840;15.03.2024 16:00;-24.2;0
Svalbard Lufthavn;SN99840;15.03.2024 17:00;-24.5;0
Svalbard Lufthavn;SN99840;15.03.2024 18:00;-24.3;0
Svalbard Lufthavn;SN99840;15.03.2024 19:00;-23.9;0
Svalbard Lufthavn;SN99840;15.03.2024 20:00;-23.7;0
Svalbard Lufthavn;SN99840;15.03.2024 21:00;-23.4;0
Svalbard Lufthavn;SN99840;15.03.2024 22:00;-23.1;0
Svalbard Lufthavn;SN99840;15.03.2024 23:00;-22.8;0
Svalbard Lufthavn;SN99840;16.03.2024 00:00;-22.6;0
Svalbard Lufthavn;SN99840;16.03.2024 01:00;-21.6;0
Svalbard Lufthavn;SN99840;16.03.2024 02:00;-20.3;0
Svalbard Lufthavn;SN99840;16.03.2024 03:00;-20.4;0
Svalbard Lufthavn;SN99840;16.03.2024 04:00;-20.7;0
Svalbard Lufthavn;SN99840;16.03.2024 05:00;-20.7;0
Svalbard Lufthavn;SN99840;16.03.2024 06:00;-20.9;0
Svalbard Lufthavn;SN99840;16.03.2024 07:00;-21.4;0
Svalbard Lufthavn;SN99840;16.03.2024 08:00;-22;0
Svalbard Lufthavn;SN99840;16.03.2024 09:00;-22.3;0
Svalbard Lufthavn;SN99840;16.03.2024 10:00;-21.8;0
Svalbard Lufthavn;SN99840;16.03.2024 11:00;-21.9;0
Svalbard Lufthavn;SN99840;16.03.2024 12:00;-22.2;0
Svalbard Lufthavn;SN99840;16.03.2024 13:00;-22.3;0
Svalbard Lufthavn;SN99840;16.03.2024 14:00;-22.1;0
Svalbard Lufthavn;SN99840;16.03.2024 15:00;-21.2;0
Svalbard Lufthavn;SN99840;16.03.2024 16:00;-21.8;0
Svalbard Lufthavn;SN99840;16.03.2024 17:00;-21.5;0
Svalbard Lufthavn;SN99840;16.03.2024 18:00;-20;0
Svalbard Lufthavn;SN99840;16.03.2024 19:00;-19.4;0
Svalbard Lufthavn;SN99840;16.03.2024 20:00;-19.5;0
Svalbard Lufthavn;SN99840;16.03.2024 21:00;-19.8;0
Svalbard Lufthavn;SN99840;16.03.2024 22:00;-19.7;0
Svalbard Lufthavn;SN99840;16.03.2024 23:00;-20.1;0
Svalbard Lufthavn;SN99840;17.03.2024 00:00;-20.4;0
Svalbard Lufthavn;SN99840;17.03.2024 01:00;-20.8;0
Svalbard Lufthavn;SN99840;17.03.2024 02:00;-21;0
Svalbard Lufthavn;SN99840;17.03.2024 03:00;-21.2;0
Svalbard Lufthavn;SN99840;17.03.2024 04:00;-21.4;0
Svalbard Lufthavn;SN99840;17.03.2024 05:00;-21.1;0
Svalbard Lufthavn;SN99840;17.03.2024 06:00;-20.8;0
Svalbard Lufthavn;SN99840;17.03.2024 07:00;-21.4;0
Svalbard Lufthavn;SN99840;17.03.2024 08:00;-21.8;0
Svalbard Lufthavn;SN99840;17.03.2024 09:00;-21.6;0
Svalbard Lufthavn;SN99840;17.03.2024 10:00;-21.5;0
Svalbard Lufthavn;SN99840;17.03.2024 11:00;-21.7;0
Svalbard Lufthavn;SN99840;17.03.2024 12:00;-21.7;0
Svalbard Lufthavn;SN99840;17.03.2024 13:00;-22.1;0
Svalbard Lufthavn;SN99840;17.03.2024 14:00;-21.9;0
Svalbard Lufthavn;SN99840;17.03.2024 15:00;-22;0
Svalbard Lufthavn;SN99840;17.03.2024 16:00;-22.1;0
Svalbard Lufthavn;SN99840;17.03.2024 17:00;-22.3;0
Svalbard Lufthavn;SN99840;17.03.2024 18:00;-23;0
Svalbard Lufthavn;SN99840;17.03.2024 19:00;-22.7;0
Svalbard Lufthavn;SN99840;17.03.2024 20:00;-24.5;0
Svalbard Lufthavn;SN99840;17.03.2024 21:00;-24.9;0
Svalbard Lufthavn;SN99840;17.03.2024 22:00;-23.9;0
Svalbard Lufthavn;SN99840;17.03.2024 23:00;-24.7;0
Svalbard Lufthavn;SN99840;18.03.2024 00:00;-25.5;0
Svalbard Lufthavn;SN99840;18.03.2024 01:00;-25.2;0
Svalbard Lufthavn;SN99840;18.03.2024 02:00;-25.6;0
Svalbard Lufthavn;SN99840;18.03.2024 03:00;-25.7;0
Svalbard Lufthavn;SN99840;18.03.2024 04:00;-25.7;0
Svalbard Lufthavn;SN99840;18.03.2024 05:00;-25.4;0
Svalbard Lufthavn;SN99840;18.03.2024 06:00;-25.9;0
Svalbard Lufthavn;SN99840;18.03.2024 07:00;-26.3;0
Svalbard Lufthavn;SN99840;18.03.2024 08:00;-24.9;0
Svalbard Lufthavn;SN99840;18.03.2024 09:00;-24.5;0
Svalbard Lufthavn;SN99840;18.03.2024 10:00;-24.5;0
Svalbard Lufthavn;SN99840;18.03.2024 11:00;-23.7;0
Svalbard Lufthavn;SN99840;18.03.2024 12:00;-23.6;0
Svalbard Lufthavn;SN99840;18.03.2024 13:00;-23.6;0
Svalbard Lufthavn;SN99840;18.03.2024 14:00;-24.1;0
Svalbard Lufthavn;SN99840;18.03.2024 15:00;-23.7;0
Svalbard Lufthavn;SN99840;18.03.2024 16:00;-24.5;0
Svalbard Lufthavn;SN99840;18.03.2024 17:00;-24.2;0
Svalbard Lufthavn;SN99840;18.03.2024 18:00;-24.6;0
Svalbard Lufthavn;SN99840;18.03.2024 19:00;-25.2;0
Svalbard Lufthavn;SN99840;18.03.2024 20:00;-24.8;0
Svalbard Lufthavn;SN99840;18.03.2024 21:00;-25.3;0
Svalbard Lufthavn;SN99840;18.03.2024 22:00;-24.8;0
Svalbard Lufthavn;SN99840;18.03.2024 23:00;-25.7;0
Svalbard Lufthavn;SN99840;19.03.2024 00:00;-25.6;0
Svalbard Lufthavn;SN99840;19.03.2024 01:00;-25.4;0
Svalbard Lufthavn;SN99840;19.03.2024 02:00;-26.8;0
Svalbard Lufthavn;SN99840;19.03.2024 03:00;-25.9;0
Svalbard Lufthavn;SN99840;19.03.2024 04:00;-26;0
Svalbard Lufthavn;SN99840;19.03.2024 05:00;-26.5;0
Svalbard Lufthavn;SN99840;19.03.2024 06:00;-26;0
Svalbard Lufthavn;SN99840;19.03.2024 07:00;-26.1;0
Svalbard Lufthavn;SN99840;19.03.2024 08:00;-25.4;0
Svalbard Lufthavn;SN99840;19.03.2024 09:00;-24.1;0
Svalbard Lufthavn;SN99840;19.03.2024 10:00;-23.6;0
Svalbard Lufthavn;SN99840;19.03.2024 11:00;-23.7;0
Svalbard Lufthavn;SN99840;19.03.2024 12:00;-23.9;0
Svalbard Lufthavn;SN99840;19.03.2024 13:00;-24.8;0
Svalbard Lufthavn;SN99840;19.03.2024 14:00;-23.6;0
Svalbard Lufthavn;SN99840;19.03.2024 15:00;-24.2;0
Svalbard Lufthavn;SN99840;19.03.2024 16:00;-23.5;0
Svalbard Lufthavn;SN99840;19.03.2024 17:00;-24.4;0
Svalbard Lufthavn;SN99840;19.03.2024 18:00;-24.2;0
Svalbard Lufthavn;SN99840;19.03.2024 19:00;-24.9;0
Svalbard Lufthavn;SN99840;19.03.2024 20:00;-25.3;0
Svalbard Lufthavn;SN99840;19.03.2024 21:00;-24.9;0
Svalbard Lufthavn;SN99840;19.03.2024 22:00;-25.4;0
Svalbard Lufthavn;SN99840;19.03.2024 23:00;-26.3;0
Svalbard Lufthavn;SN99840;20.03.2024 00:00;-25.4;0
Svalbard Lufthavn;SN99840;20.03.2024 01:00;-26.1;0
Svalbard Lufthavn;SN99840;20.03.2024 02:00;-25.6;0
Svalbard Lufthavn;SN99840;20.03.2024 03:00;-25.9;0
Svalbard Lufthavn;SN99840;20.03.2024 04:00;-25.7;0
Svalbard Lufthavn;SN99840;20.03.2024 05:00;-26.1;0
Svalbard Lufthavn;SN99840;20.03.2024 06:00;-25.9;0
Svalbard Lufthavn;SN99840;20.03.2024 07:00;-25.1;0
Svalbard Lufthavn;SN99840;20.03.2024 08:00;-25.3;0
Svalbard Lufthavn;SN99840;20.03.2024 09:00;-23.2;0
Svalbard Lufthavn;SN99840;20.03.2024 10:00;-22.6;0
Svalbard Lufthavn;SN99840;20.03.2024 11:00;-23;0
Svalbard Lufthavn;SN99840;20.03.2024 12:00;-22.2;0
Svalbard Lufthavn;SN99840;20.03.2024 13:00;-21.7;0
Svalbard Lufthavn;SN99840;20.03.2024 14:00;-22;0
Svalbard Lufthavn;SN99840;20.03.2024 15:00;-22.2;0
Svalbard Lufthavn;SN99840;20.03.2024 16:00;-23.2;0
Svalbard Lufthavn;SN99840;20.03.2024 17:00;-24;0
Svalbard Lufthavn;SN99840;20.03.2024 18:00;-23.2;0
Svalbard Lufthavn;SN99840;20.03.2024 19:00;-24.1;0
Svalbard Lufthavn;SN99840;20.03.2024 20:00;-23.6;0
Svalbard Lufthavn;SN99840;20.03.2024 21:00;-22.5;0
Svalbard Lufthavn;SN99840;20.03.2024 22:00;-22.9;0
Svalbard Lufthavn;SN99840;20.03.2024 23:00;-23.6;0
Svalbard Lufthavn;SN99840;21.03.2024 00:00;-24.5;0
Svalbard Lufthavn;SN99840;21.03.2024 01:00;-23.4;0
Svalbard Lufthavn;SN99840;21.03.2024 02:00;-24.1;0
Svalbard Lufthavn;SN99840;21.03.2024 03:00;-23.2;0
Svalbard Lufthavn;SN99840;21.03.2024 04:00;-24.5;0
Svalbard Lufthavn;SN99840;21.03.2024 05:00;-22.7;0
Svalbard Lufthavn;SN99840;21.03.2024 06:00;-24.1;0
Svalbard Lufthavn;SN99840;21.03.2024 07:00;-24.3;0
Svalbard Lufthavn;SN99840;21.03.2024 08:00;-23;0
Svalbard Lufthavn;SN99840;21.03.2024 09:00;-22.2;0
Svalbard Lufthavn;SN99840;21.03.2024 10:00;-21.5;0
Svalbard Lufthavn;SN99840;21.03.2024 11:00;-20.9;0
Svalbard Lufthavn;SN99840;21.03.2024 12:00;-22;0
Svalbard Lufthavn;SN99840;21.03.2024 13:00;-22.1;0
Svalbard Lufthavn;SN99840;21.03.2024 14:00;-21.8;0
Svalbard Lufthavn;SN99840;21.03.2024 15:00;-22.2;0
Svalbard Lufthavn;SN99840;21.03.2024 16:00;-21.6;0
Svalbard Lufthavn;SN99840;21.03.2024 17:00;-22.6;0
Svalbard Lufthavn;SN99840;21.03.2024 18:00;-23.4;0
Svalbard Lufthavn;SN99840;21.03.2024 19:00;-21.9;0
Svalbard Lufthavn;SN99840;21.03.2024 20:00;-22.3;0
Svalbard Lufthavn;SN99840;21.03.2024 21:00;-23.2;0
Svalbard Lufthavn;SN99840;21.03.2024 22:00;-22.7;0
Svalbard Lufthavn;SN99840;21.03.2024 23:00;-23.2;0
Svalbard Lufthavn;SN99840;22.03.2024 00:00;-23;0
Svalbard Lufthavn;SN99840;22.03.2024 01:00;-22.8;0
Svalbard Lufthavn;SN99840;22.03.2024 02:00;-23;0
Svalbard Lufthavn;SN99840;22.03.2024 03:00;-22.1;0
Svalbard Lufthavn;SN99840;22.03.2024 04:00;-21.7;0
Svalbard Lufthavn;SN99840;22.03.2024 05:00;-23.2;0
Svalbard Lufthavn;SN99840;22.03.2024 06:00;-19.6;0
Svalbard Lufthavn;SN99840;22.03.2024 07:00;-19.6;0
Svalbard Lufthavn;SN99840;22.03.2024 08:00;-19.5;0
Svalbard Lufthavn;SN99840;22.03.2024 09:00;-19.7;0
Svalbard Lufthavn;SN99840;22.03.2024 10:00;-19.5;0
Svalbard Lufthavn;SN99840;22.03.2024 11:00;-19;0
Svalbard Lufthavn;SN99840;22.03.2024 12:00;-17.3;0
Svalbard Lufthavn;SN99840;22.03.2024 13:00;-18.6;0
Svalbard Lufthavn;SN99840;22.03.2024 14:00;-17.8;0
Svalbard Lufthavn;SN99840;22.03.2024 15:00;-17.7;0
Svalbard Lufthavn;SN99840;22.03.2024 16:00;-17.2;0
Svalbard Lufthavn;SN99840;22.03.2024 17:00;-16.9;0
Svalbard Lufthavn;SN99840;22.03.2024 18:00;-16.9;0
Svalbard Lufthavn;SN99840;22.03.2024 19:00;-17.9;0
Svalbard Lufthavn;SN99840;22.03.2024 20:00;-18.8;0
Svalbard Lufthavn;SN99840;22.03.2024 21:00;-19.5;0
Svalbard Lufthavn;SN99840;22.03.2024 22:00;-20;0
Svalbard Lufthavn;SN99840;22.03.2024 23:00;-18.7;0
Svalbard Lufthavn;SN99840;23.03.2024 00:00;-19;0
Svalbard Lufthavn;SN99840;23.03.2024 01:00;-20.4;0
Svalbard Lufthavn;SN99840;23.03.2024 02:00;-20.4;0
Svalbard Lufthavn;SN99840;23.03.2024 03:00;-19.8;0
Svalbard Lufthavn;SN99840;23.03.2024 04:00;-20.6;0
Svalbard Lufthavn;SN99840;23.03.2024 05:00;-20.7;0
Svalbard Lufthavn;SN99840;23.03.2024 06:00;-21.2;0
Svalbard Lufthavn;SN99840;23.03.2024 07:00;-22.2;0
Svalbard Lufthavn;SN99840;23.03.2024 08:00;-21.3;0
Svalbard Lufthavn;SN99840;23.03.2024 09:00;-21.1;0
Svalbard Lufthavn;SN99840;23.03.2024 10:00;-21.3;0
Svalbard Lufthavn;SN99840;23.03.2024 11:00;-19.7;0
Svalbard Lufthavn;SN99840;23.03.2024 12:00;-18.8;0
Svalbard Lufthavn;SN99840;23.03.2024 13:00;-18.6;0
Svalbard Lufthavn;SN99840;23.03.2024 14:00;-19.3;0
Svalbard Lufthavn;SN99840;23.03.2024 15:00;-18.7;0
Svalbard Lufthavn;SN99840;23.03.2024 16:00;-18.3;0
Svalbard Lufthavn;SN99840;23.03.2024 17:00;-18.1;0
Svalbard Lufthavn;SN99840;23.03.2024 18:00;-18.5;0
Svalbard Lufthavn;SN99840;23.03.2024 19:00;-18.5;0
Svalbard Lufthavn;SN99840;23.03.2024 20:00;-18.6;0
Svalbard Lufthavn;SN99840;23.03.2024 21:00;-17.9;0
Svalbard Lufthavn;SN99840;23.03.2024 22:00;-19.6;0
Svalbard Lufthavn;SN99840;23.03.2024 23:00;-17.8;0
Svalbard Lufthavn;SN99840;24.03.2024 00:00;-16.9;0
Svalbard Lufthavn;SN99840;24.03.2024 01:00;-17.3;0
Svalbard Lufthavn;SN99840;24.03.2024 02:00;-18.7;0
Svalbard Lufthavn;SN99840;24.03.2024 03:00;-18.8;0
Svalbard Lufthavn;SN99840;24.03.2024 04:00;-19.1;0
Svalbard Lufthavn;SN99840;24.03.2024 05:00;-18.8;0
Svalbard Lufthavn;SN99840;24.03.2024 06:00;-18.4;0
Svalbard Lufthavn;SN99840;24.03.2024 07:00;-18;0
Svalbard Lufthavn;SN99840;24.03.2024 08:00;-17.5;0
Svalbard Lufthavn;SN99840;24.03.2024 09:00;-17.4;0
Svalbard Lufthavn;SN99840;24.03.2024 10:00;-17.7;0
Svalbard Lufthavn;SN99840;24.03.2024 11:00;-18;0
Svalbard Lufthavn;SN99840;24.03.2024 12:00;-17.2;0
Svalbard Lufthavn;SN99840;24.03.2024 13:00;-17.9;0
Svalbard Lufthavn;SN99840;24.03.2024 14:00;-17.9;0
Svalbard Lufthavn;SN99840;24.03.2024 15:00;-18.8;0
Svalbard Lufthavn;SN99840;24.03.2024 16:00;-18.9;0
Svalbard Lufthavn;SN99840;24.03.2024 17:00;-19.1;0
Svalbard Lufthavn;SN99840;24.03.2024 18:00;-19.5;0
Svalbard Lufthavn;SN99840;24.03.2024 19:00;-20.4;0
Svalbard Lufthavn;SN99840;24.03.2024 20:00;-20.8;0
Svalbard Lufthavn;SN99840;24.03.2024 21:00;-19.9;0
Svalbard Lufthavn;SN99840;24.03.2024 22:00;-20.2;0
Svalbard Lufthavn;SN99840;24.03.2024 23:00;-21;0
Svalbard Lufthavn;SN99840;25.03.2024 00:00;-20.3;0
Svalbard Lufthavn;SN99840;25.03.2024 01:00;-20.7;0
Svalbard Lufthavn;SN99840;25.03.2024 02:00;-20.8;0
Svalbard Lufthavn;SN99840;25.03.2024 03:00;-21.1;0
Svalbard Lufthavn;SN99840;25.03.2024 04:00;-20.7;0
Svalbard Lufthavn;SN99840;25.03.2024 05:00;-20.1;0
Svalbard Lufthavn;SN99840;25.03.2024 06:00;-21.4;0
Svalbard Lufthavn;SN99840;25.03.2024 07:00;-21.4;0
Svalbard Lufthavn;SN99840;25.03.2024 08:00;-19.7;0
Svalbard Lufthavn;SN99840;25.03.2024 09:00;-19.3;0
Svalbard Lufthavn;SN99840;25.03.2024 10:00;-18.5;0
Svalbard Lufthavn;SN99840;25.03.2024 11:00;-18.2;0
Svalbard Lufthavn;SN99840;25.03.2024 12:00;-17.3;0
Svalbard Lufthavn;SN99840;25.03.2024 13:00;-18.8;0
Svalbard Lufthavn;SN99840;25.03.2024 14:00;-18.4;0
Svalbard Lufthavn;SN99840;25.03.2024 15:00;-18.5;0
Svalbard Lufthavn;SN99840;25.03.2024 16:00;-18.7;0
Svalbard Lufthavn;SN99840;25.03.2024 17:00;-19.5;0
Svalbard Lufthavn;SN99840;25.03.2024 18:00;-19.6;0
Svalbard Lufthavn;SN99840;25.03.2024 19:00;-19.4;0
Svalbard Lufthavn;SN99840;25.03.2024 20:00;-20.4;0
Svalbard Lufthavn;SN99840;25.03.2024 21:00;-20.6;0
Svalbard Lufthavn;SN99840;25.03.2024 22:00;-19.7;0
Svalbard Lufthavn;SN99840;25.03.2024 23:00;-21;0
Svalbard Lufthavn;SN99840;26.03.2024 00:00;-21;0
Svalbard Lufthavn;SN99840;26.03.2024 01:00;-20.9;0
Svalbard Lufthavn;SN99840;26.03.2024 02:00;-21;0
Svalbard Lufthavn;SN99840;26.03.2024 03:00;-19.3;0
Svalbard Lufthavn;SN99840;26.03.2024 04:00;-20;0
Svalbard Lufthavn;SN99840;26.03.2024 05:00;-20.5;0
Svalbard Lufthavn;SN99840;26.03.2024 06:00;-20.9;0
Svalbard Lufthavn;SN99840;26.03.2024 07:00;-20.2;0
Svalbard Lufthavn;SN99840;26.03.2024 08:00;-19.1;0
Svalbard Lufthavn;SN99840;26.03.2024 09:00;-18.1;0
Svalbard Lufthavn;SN99840;26.03.2024 10:00;-16.4;0
Svalbard Lufthavn;SN99840;26.03.2024 11:00;-16.7;0
Svalbard Lufthavn;SN99840;26.03.2024 12:00;-16.2;0
Svalbard Lufthavn;SN99840;26.03.2024 13:00;-15.7;0
Svalbard Lufthavn;SN99840;26.03.2024 14:00;-15;0
Svalbard Lufthavn;SN99840;26.03.2024 15:00;-14;0
Svalbard Lufthavn;SN99840;26.03.2024 16:00;-13.9;0
Svalbard Lufthavn;SN99840;26.03.2024 17:00;-14.4;0
Svalbard Lufthavn;SN99840;26.03.2024 18:00;-14.6;0
Svalbard Lufthavn;SN99840;26.03.2024 19:00;-14.8;0
Svalbard Lufthavn;SN99840;26.03.2024 20:00;-15;0
Svalbard Lufthavn;SN99840;26.03.2024 21:00;-14.3;0
Svalbard Lufthavn;SN99840;26.03.2024 22:00;-14;0
Svalbard Lufthavn;SN99840;26.03.2024 23:00;-13.9;0
Svalbard Lufthavn;SN99840;27.03.2024 00:00;-14.4;0
Svalbard Lufthavn;SN99840;27.03.2024 01:00;-13.8;0
Svalbard Lufthavn;SN99840;27.03.2024 02:00;-14;0
Svalbard Lufthavn;SN99840;27.03.2024 03:00;-13.4;0
Svalbard Lufthavn;SN99840;27.03.2024 04:00;-13.3;0
Svalbard Lufthavn;SN99840;27.03.2024 05:00;-12.8;0
Svalbard Lufthavn;SN99840;27.03.2024 06:00;-12.9;0
Svalbard Lufthavn;SN99840;27.03.2024 07:00;-12.3;0
Svalbard Lufthavn;SN99840;27.03.2024 08:00;-11.3;0
Svalbard Lufthavn;SN99840;27.03.2024 09:00;-9.7;0
Svalbard Lufthavn;SN99840;27.03.2024 10:00;-9.4;0
Svalbard Lufthavn;SN99840;27.03.2024 11:00;-9;0
Svalbard Lufthavn;SN99840;27.03.2024 12:00;-8;0
Svalbard Lufthavn;SN99840;27.03.2024 13:00;-8;0
Svalbard Lufthavn;SN99840;27.03.2024 14:00;-7.6;0
Svalbard Lufthavn;SN99840;27.03.2024 15:00;-7.2;0
Svalbard Lufthavn;SN99840;27.03.2024 16:00;-6;0
Svalbard Lufthavn;SN99840;27.03.2024 17:00;-5.4;0
Svalbard Lufthavn;SN99840;27.03.2024 18:00;-5.2;0
Svalbard Lufthavn;SN99840;27.03.2024 19:00;-5.7;0.1
Svalbard Lufthavn;SN99840;27.03.2024 20:00;-4.6;0
Svalbard Lufthavn;SN99840;27.03.2024 21:00;-4.4;0
Svalbard Lufthavn;SN99840;27.03.2024 22:00;-4.4;0
Svalbard Lufthavn;SN99840;27.03.2024 23:00;-5.2;0.2
Svalbard Lufthavn;SN99840;28.03.2024 00:00;-5.1;0
Svalbard Lufthavn;SN99840;28.03.2024 01:00;-5.9;0
Svalbard Lufthavn;SN99840;28.03.2024 02:00;-5.7;0
Svalbard Lufthavn;SN99840;28.03.2024 03:00;-5.2;0.1
Svalbard Lufthavn;SN99840;28.03.2024 04:00;-6.5;0.1
Svalbard Lufthavn;SN99840;28.03.2024 05:00;-6.8;0.2
Svalbard Lufthavn;SN99840;28.03.2024 06:00;-8.2;0.1
Svalbard Lufthavn;SN99840;28.03.2024 07:00;-8.6;0.1
Svalbard Lufthavn;SN99840;28.03.2024 08:00;-9.5;0
Svalbard Lufthavn;SN99840;28.03.2024 09:00;-10.2;0
Svalbard Lufthavn;SN99840;28.03.2024 10:00;-11.4;0
Svalbard Lufthavn;SN99840;28.03.2024 11:00;-11.2;0
Svalbard Lufthavn;SN99840;28.03.2024 12:00;-11.8;0
Svalbard Lufthavn;SN99840;28.03.2024 13:00;-12.7;0
Svalbard Lufthavn;SN99840;28.03.2024 14:00;-13.1;0
Svalbard Lufthavn;SN99840;28.03.2024 15:00;-13.5;0
Svalbard Lufthavn;SN99840;28.03.2024 16:00;-14.4;0
Svalbard Lufthavn;SN99840;28.03.2024 17:00;-15.1;0
Svalbard Lufthavn;SN99840;28.03.2024 18:00;-15.4;0
Svalbard Lufthavn;SN99840;28.03.2024 19:00;-16;0
Svalbard Lufthavn;SN99840;28.03.2024 20:00;-16.5;0
Svalbard Lufthavn;SN99840;28.03.2024 21:00;-17.8;0
Svalbard Lufthavn;SN99840;28.03.2024 22:00;-18.8;0
Svalbard Lufthavn;SN99840;28.03.2024 23:00;-19.6;0
Svalbard Lufthavn;SN99840;29.03.2024 00:00;-20.4;0
Svalbard Lufthavn;SN99840;29.03.2024 01:00;-20.5;0
Svalbard Lufthavn;SN99840;29.03.2024 02:00;-22.1;0
Svalbard Lufthavn;SN99840;29.03.2024 03:00;-22.5;0
Svalbard Lufthavn;SN99840;29.03.2024 04:00;-22.9;0
Svalbard Lufthavn;SN99840;29.03.2024 05:00;-23;0
Svalbard Lufthavn;SN99840;29.03.2024 06:00;-23.4;0
Svalbard Lufthavn;SN99840;29.03.2024 07:00;-23.5;0
Svalbard Lufthavn;SN99840;29.03.2024 08:00;-22.5;0
Svalbard Lufthavn;SN99840;29.03.2024 09:00;-21.2;0
Svalbard Lufthavn;SN99840;29.03.2024 10:00;-21.2;0
Svalbard Lufthavn;SN99840;29.03.2024 11:00;-20.9;0
Svalbard Lufthavn;SN99840;29.03.2024 12:00;-22.7;0
Svalbard Lufthavn;SN99840;29.03.2024 13:00;-22.6;0
Svalbard Lufthavn;SN99840;29.03.2024 14:00;-22.6;0
Svalbard Lufthavn;SN99840;29.03.2024 15:00;-22.7;0
Svalbard Lufthavn;SN99840;29.03.2024 16:00;-23.7;0
Svalbard Lufthavn;SN99840;29.03.2024 17:00;-24;0
Svalbard Lufthavn;SN99840;29.03.2024 18:00;-23.8;0
Svalbard Lufthavn;SN99840;29.03.2024 19:00;-24.7;0
Svalbard Lufthavn;SN99840;29.03.2024 20:00;-24.6;0
Svalbard Lufthavn;SN99840;29.03.2024 21:00;-25.3;0
Svalbard Lufthavn;SN99840;29.03.2024 22:00;-22.5;0
Svalbard Lufthavn;SN99840;29.03.2024 23:00;-22.1;0
Svalbard Lufthavn;SN99840;30.03.2024 00:00;-19.6;0
Svalbard Lufthavn;SN99840;30.03.2024 01:00;-17.6;0
Svalbard Lufthavn;SN99840;30.03.2024 02:00;-17.3;0
Svalbard Lufthavn;SN99840;30.03.2024 03:00;-17.5;0
Svalbard Lufthavn;SN99840;30.03.2024 04:00;-17.7;0
Svalbard Lufthavn;SN99840;30.03.2024 05:00;-18.1;0
Svalbard Lufthavn;SN99840;30.03.2024 06:00;-19.3;0.1
Svalbard Lufthavn;SN99840;30.03.2024 07:00;-20.2;0
Svalbard Lufthavn;SN99840;30.03.2024 08:00;-20.7;0
Svalbard Lufthavn;SN99840;30.03.2024 09:00;-20.6;0
Svalbard Lufthavn;SN99840;30.03.2024 10:00;-20.6;0
Svalbard Lufthavn;SN99840;30.03.2024 11:00;-20.2;0
Svalbard Lufthavn;SN99840;30.03.2024 12:00;-20.3;0
Svalbard Lufthavn;SN99840;30.03.2024 13:00;-19.8;0
Svalbard Lufthavn;SN99840;30.03.2024 14:00;-20.2;0
Svalbard Lufthavn;SN99840;30.03.2024 15:00;-20.1;0
Svalbard Lufthavn;SN99840;30.03.2024 16:00;-20.4;0
Svalbard Lufthavn;SN99840;30.03.2024 17:00;-20.6;0
Svalbard Lufthavn;SN99840;30.03.2024 18:00;-21.3;0
Svalbard Lufthavn;SN99840;30.03.2024 19:00;-21.9;0
Svalbard Lufthavn;SN99840;30.03.2024 20:00;-21.8;0
Svalbard Lufthavn;SN99840;30.03.2024 21:00;-22.1;0
Svalbard Lufthavn;SN99840;30.03.2024 22:00;-22.6;0
Svalbard Lufthavn;SN99840;30.03.2024 23:00;-23.6;0
Svalbard Lufthavn;SN99840;31.03.2024 00:00;-24.1;0
Svalbard Lufthavn;SN99840;31.03.2024 01:00;-24.5;0
Svalbard Lufthavn;SN99840;31.03.2024 02:00;-24.8;0
Svalbard Lufthavn;SN99840;31.03.2024 03:00;-24.7;0
Svalbard Lufthavn;SN99840;31.03.2024 04:00;-25.3;0
Svalbard Lufthavn;SN99840;31.03.2024 05:00;-25.2;0
Svalbard Lufthavn;SN99840;31.03.2024 06:00;-25.5;0
Svalbard Lufthavn;SN99840;31.03.2024 07:00;-22.6;0
Svalbard Lufthavn;SN99840;31.03.2024 08:00;-22;0
Svalbard Lufthavn;SN99840;31.03.2024 09:00;-22.2;0
Svalbard Lufthavn;SN99840;31.03.2024 10:00;-21.9;0
Svalbard Lufthavn;SN99840;31.03.2024 11:00;-23;0
Svalbard Lufthavn;SN99840;31.03.2024 12:00;-22.6;0
Svalbard Lufthavn;SN99840;31.03.2024 13:00;-22.4;0
Svalbard Lufthavn;SN99840;31.03.2024 14:00;-21.9;0
Svalbard Lufthavn;SN99840;31.03.2024 15:00;-21.2;0
Svalbard Lufthavn;SN99840;31.03.2024 16:00;-21.4;0
Svalbard Lufthavn;SN99840;31.03.2024 17:00;-20.8;0
Svalbard Lufthavn;SN99840;31.03.2024 18:00;-20.6;0
Svalbard Lufthavn;SN99840;31.03.2024 19:00;-21.5;0
Svalbard Lufthavn;SN99840;31.03.2024 20:00;-21;0
Svalbard Lufthavn;SN99840;31.03.2024 21:00;-21.1;0
Svalbard Lufthavn;SN99840;31.03.2024 22:00;-19.1;0
Svalbard Lufthavn;SN99840;31.03.2024 23:00;-21.1;0
Svalbard Lufthavn;SN99840;01.04.2024 00:00;-21.3;0
Svalbard Lufthavn;SN99840;01.04.2024 01:00;-22.2;0
Svalbard Lufthavn;SN99840;01.04.2024 02:00;-22.4;0
Svalbard Lufthavn;SN99840;01.04.2024 03:00;-22.9;0
Svalbard Lufthavn;SN99840;01.04.2024 04:00;-22.1;0
Svalbard Lufthavn;SN99840;01.04.2024 05:00;-22.3;0
Svalbard Lufthavn;SN99840;01.04.2024 06:00;-21.5;0
Svalbard Lufthavn;SN99840;01.04.2024 07:00;-20.7;0
Svalbard Lufthavn;SN99840;01.04.2024 08:00;-20;0
Svalbard Lufthavn;SN99840;01.04.2024 09:00;-18.2;0
Svalbard Lufthavn;SN99840;01.04.2024 10:00;-18.9;0
Svalbard Lufthavn;SN99840;01.04.2024 11:00;-17.7;0
Svalbard Lufthavn;SN99840;01.04.2024 12:00;-17.6;0
Svalbard Lufthavn;SN99840;01.04.2024 13:00;-17.7;0
Svalbard Lufthavn;SN99840;01.04.2024 14:00;-17.4;0
Svalbard Lufthavn;SN99840;01.04.2024 15:00;-16.3;0
Svalbard Lufthavn;SN99840;01.04.2024 16:00;-17;0
Svalbard Lufthavn;SN99840;01.04.2024 17:00;-16.5;0
Svalbard Lufthavn;SN99840;01.04.2024 18:00;-16.1;0
Svalbard Lufthavn;SN99840;01.04.2024 19:00;-16.1;0
Svalbard Lufthavn;SN99840;01.04.2024 20:00;-16.3;0
Svalbard Lufthavn;SN99840;01.04.2024 21:00;-14.3;0
Svalbard Lufthavn;SN99840;01.04.2024 22:00;-14.8;0
Svalbard Lufthavn;SN99840;01.04.2024 23:00;-16;0
Svalbard Lufthavn;SN99840;02.04.2024 00:00;-15.9;0
Svalbard Lufthavn;SN99840;02.04.2024 01:00;-16.8;0
Svalbard Lufthavn;SN99840;02.04.2024 02:00;-17.1;0
Svalbard Lufthavn;SN99840;02.04.2024 03:00;-17.9;0
Svalbard Lufthavn;SN99840;02.04.2024 04:00;-20;0
Svalbard Lufthavn;SN99840;02.04.2024 05:00;-20.3;0
Svalbard Lufthavn;SN99840;02.04.2024 06:00;-18.8;0
Svalbard Lufthavn;SN99840;02.04.2024 07:00;-18;0
Svalbard Lufthavn;SN99840;02.04.2024 08:00;-18.2;0
Svalbard Lufthavn;SN99840;02.04.2024 09:00;-17;0
Svalbard Lufthavn;SN99840;02.04.2024 10:00;-16.8;0
Svalbard Lufthavn;SN99840;02.04.2024 11:00;-16.6;0
Svalbard Lufthavn;SN99840;02.04.2024 12:00;-16.6;0
Svalbard Lufthavn;SN99840;02.04.2024 13:00;-16.3;0
Svalbard Lufthavn;SN99840;02.04.2024 14:00;-16.6;0
Svalbard Lufthavn;SN99840;02.04.2024 15:00;-16.6;0
Svalbard Lufthavn;SN99840;02.04.2024 16:00;-16.6;0
Svalbard Lufthavn;SN99840;02.04.2024 17:00;-17.3;0
Svalbard Lufthavn;SN99840;02.04.2024 18:00;-17.4;0
Svalbard Lufthavn;SN99840;02.04.2024 19:00;-18.3;0
Svalbard Lufthavn;SN99840;02.04.2024 20:00;-19;0
Svalbard Lufthavn;SN99840;02.04.2024 21:00;-18;0
Svalbard Lufthavn;SN99840;02.04.2024 22:00;-17.5;0
Svalbard Lufthavn;SN99840;02.04.2024 23:00;-16.8;0
Svalbard Lufthavn;SN99840;03.04.2024 00:00;-17;0
Svalbard Lufthavn;SN99840;03.04.2024 01:00;-15.6;0
Svalbard Lufthavn;SN99840;03.04.2024 02:00;-16.4;0
Svalbard Lufthavn;SN99840;03.04.2024 03:00;-15.5;0
Svalbard Lufthavn;SN99840;03.04.2024 04:00;-15.2;0
Svalbard Lufthavn;SN99840;03.04.2024 05:00;-15;0
Svalbard Lufthavn;SN99840;03.04.2024 06:00;-15.1;0
Svalbard Lufthavn;SN99840;03.04.2024 07:00;-14.9;0
Svalbard Lufthavn;SN99840;03.04.2024 08:00;-14.3;0
Svalbard Lufthavn;SN99840;03.04.2024 09:00;-14.2;0
Svalbard Lufthavn;SN99840;03.04.2024 10:00;-13.7;0
Svalbard Lufthavn;SN99840;03.04.2024 11:00;-13.1;0
Svalbard Lufthavn;SN99840;03.04.2024 12:00;-12.8;0
Svalbard Lufthavn;SN99840;03.04.2024 13:00;-12.6;0
Svalbard Lufthavn;SN99840;03.04.2024 14:00;-12.5;0
Svalbard Lufthavn;SN99840;03.04.2024 15:00;-12.7;0
Svalbard Lufthavn;SN99840;03.04.2024 16:00;-12.7;0
Svalbard Lufthavn;SN99840;03.04.2024 17:00;-12.7;0
Svalbard Lufthavn;SN99840;03.04.2024 18:00;-12.1;0
Svalbard Lufthavn;SN99840;03.04.2024 19:00;-12.3;0
Svalbard Lufthavn;SN99840;03.04.2024 20:00;-12.7;0
Svalbard Lufthavn;SN99840;03.04.2024 21:00;-12.4;0
Svalbard Lufthavn;SN99840;03.04.2024 22:00;-12.7;0
Svalbard Lufthavn;SN99840;03.04.2024 23:00;-11.4;0
Svalbard Lufthavn;SN99840;04.04.2024 00:00;-11.3;0
Svalbard Lufthavn;SN99840;04.04.2024 01:00;-13.1;0
Svalbard Lufthavn;SN99840;04.04.2024 02:00;-12.9;0
Svalbard Lufthavn;SN99840;04.04.2024 03:00;-12;0
Svalbard Lufthavn;SN99840;04.04.2024 04:00;-11.4;0
Svalbard Lufthavn;SN99840;04.04.2024 05:00;-9.8;0
Svalbard Lufthavn;SN99840;04.04.2024 06:00;-9.1;0
Svalbard Lufthavn;SN99840;04.04.2024 07:00;-9.6;0
Svalbard Lufthavn;SN99840;04.04.2024 08:00;-8.5;0
Svalbard Lufthavn;SN99840;04.04.2024 09:00;-7.9;0
Svalbard Lufthavn;SN99840;04.04.2024 10:00;-7.6;0
Svalbard Lufthavn;SN99840;04.04.2024 11:00;-6.6;0
Svalbard Lufthavn;SN99840;04.04.2024 12:00;-6.3;0
Svalbard Lufthavn;SN99840;04.04.2024 13:00;-2.6;0
Svalbard Lufthavn;SN99840;04.04.2024 14:00;-2.7;0
Svalbard Lufthavn;SN99840;04.04.2024 15:00;-3.4;0
Svalbard Lufthavn;SN99840;04.04.2024 16:00;-6.7;0
Svalbard Lufthavn;SN99840;04.04.2024 17:00;-7.9;0.5
Svalbard Lufthavn;SN99840;04.04.2024 18:00;-8.3;0.4
Svalbard Lufthavn;SN99840;04.04.2024 19:00;-8.9;0.1
Svalbard Lufthavn;SN99840;04.04.2024 20:00;-9.8;0
Svalbard Lufthavn;SN99840;04.04.2024 21:00;-10.4;0
Svalbard Lufthavn;SN99840;04.04.2024 22:00;-10.7;0
Svalbard Lufthavn;SN99840;04.04.2024 23:00;-10.9;0
Svalbard Lufthavn;SN99840;05.04.2024 00:00;-12.1;0
Svalbard Lufthavn;SN99840;05.04.2024 01:00;-13.5;0
Svalbard Lufthavn;SN99840;05.04.2024 02:00;-13.6;0
Svalbard Lufthavn;SN99840;05.04.2024 03:00;-13.6;0
Svalbard Lufthavn;SN99840;05.04.2024 04:00;-13.8;0
Svalbard Lufthavn;SN99840;05.04.2024 05:00;-14.4;0
Svalbard Lufthavn;SN99840;05.04.2024 06:00;-14.5;0
Svalbard Lufthavn;SN99840;05.04.2024 07:00;-15.7;0
Svalbard Lufthavn;SN99840;05.04.2024 08:00;-15.2;0
Svalbard Lufthavn;SN99840;05.04.2024 09:00;-14.7;0
Svalbard Lufthavn;SN99840;05.04.2024 10:00;-15.9;0
Svalbard Lufthavn;SN99840;05.04.2024 11:00;-17;0
Svalbard Lufthavn;SN99840;05.04.2024 12:00;-16.2;0
Svalbard Lufthavn;SN99840;05.04.2024 13:00;-16.5;0
Svalbard Lufthavn;SN99840;05.04.2024 14:00;-18;0
Svalbard Lufthavn;SN99840;05.04.2024 15:00;-19.4;0
Svalbard Lufthavn;SN99840;05.04.2024 16:00;-18.4;0
Svalbard Lufthavn;SN99840;05.04.2024 17:00;-19.5;0
Svalbard Lufthavn;SN99840;05.04.2024 18:00;-20.1;0
Svalbard Lufthavn;SN99840;05.04.2024 19:00;-21.1;0
Svalbard Lufthavn;SN99840;05.04.2024 20:00;-21.6;0
Svalbard Lufthavn;SN99840;05.04.2024 21:00;-22.1;0
Svalbard Lufthavn;SN99840;05.04.2024 22:00;-22.9;0
Svalbard Lufthavn;SN99840;05.04.2024 23:00;-23.7;0
Svalbard Lufthavn;SN99840;06.04.2024 00:00;-24.5;0
Svalbard Lufthavn;SN99840;06.04.2024 01:00;-24.9;0
Svalbard Lufthavn;SN99840;06.04.2024 02:00;-24.6;0
Svalbard Lufthavn;SN99840;06.04.2024 03:00;-24.6;0
Svalbard Lufthavn;SN99840;06.04.2024 04:00;-24.2;0
Svalbard Lufthavn;SN99840;06.04.2024 05:00;-23.9;0
Svalbard Lufthavn;SN99840;06.04.2024 06:00;-22.6;0
Svalbard Lufthavn;SN99840;06.04.2024 07:00;-22.6;0
Svalbard Lufthavn;SN99840;06.04.2024 08:00;-22.5;0
Svalbard Lufthavn;SN99840;06.04.2024 09:00;-19.7;0
Svalbard Lufthavn;SN99840;06.04.2024 10:00;-18.7;0
Svalbard Lufthavn;SN99840;06.04.2024 11:00;-19.4;0
Svalbard Lufthavn;SN99840;06.04.2024 12:00;-19.4;0
Svalbard Lufthavn;SN99840;06.04.2024 13:00;-17.9;0
Svalbard Lufthavn;SN99840;06.04.2024 14:00;-18.8;0
Svalbard Lufthavn;SN99840;06.04.2024 15:00;-20;0
Svalbard Lufthavn;SN99840;06.04.2024 16:00;-19.8;0
Svalbard Lufthavn;SN99840;06.04.2024 17:00;-20.8;0
Svalbard Lufthavn;SN99840;06.04.2024 18:00;-20.7;0
Svalbard Lufthavn;SN99840;06.04.2024 19:00;-21.8;0
Svalbard Lufthavn;SN99840;06.04.2024 20:00;-22;0
Svalbard Lufthavn;SN99840;06.04.2024 21:00;-22.2;0
Svalbard Lufthavn;SN99840;06.04.2024 22:00;-22.8;0
Svalbard Lufthavn;SN99840;06.04.2024 23:00;-23.1;0
Svalbard Lufthavn;SN99840;07.04.2024 00:00;-22.1;0
Svalbard Lufthavn;SN99840;07.04.2024 01:00;-22.3;0
Svalbard Lufthavn;SN99840;07.04.2024 02:00;-24.1;0
Svalbard Lufthavn;SN99840;07.04.2024 03:00;-22.6;0
Svalbard Lufthavn;SN99840;07.04.2024 04:00;-21;0
Svalbard Lufthavn;SN99840;07.04.2024 05:00;-19.9;0
Svalbard Lufthavn;SN99840;07.04.2024 06:00;-22.2;0
Svalbard Lufthavn;SN99840;07.04.2024 07:00;-19.4;0
Svalbard Lufthavn;SN99840;07.04.2024 08:00;-19.2;0
Svalbard Lufthavn;SN99840;07.04.2024 09:00;-19.6;0
Svalbard Lufthavn;SN99840;07.04.2024 10:00;-18.4;0
Svalbard Lufthavn;SN99840;07.04.2024 11:00;-17.9;0
Svalbard Lufthavn;SN99840;07.04.2024 12:00;-16.7;0
Svalbard Lufthavn;SN99840;07.04.2024 13:00;-16.7;0
Svalbard Lufthavn;SN99840;07.04.2024 14:00;-17;0
Svalbard Lufthavn;SN99840;07.04.2024 15:00;-17.1;0
Svalbard Lufthavn;SN99840;07.04.2024 16:00;-17.5;0
Svalbard Lufthavn;SN99840;07.04.2024 17:00;-17.2;0
Svalbard Lufthavn;SN99840;07.04.2024 18:00;-17.9;0
Svalbard Lufthavn;SN99840;07.04.2024 19:00;-18.3;0
Svalbard Lufthavn;SN99840;07.04.2024 20:00;-17.8;0
Svalbard Lufthavn;SN99840;07.04.2024 21:00;-19.6;0
Svalbard Lufthavn;SN99840;07.04.2024 22:00;-18.2;0
Svalbard Lufthavn;SN99840;07.04.2024 23:00;-18.8;0
Svalbard Lufthavn;SN99840;08.04.2024 00:00;-18;0
Svalbard Lufthavn;SN99840;08.04.2024 01:00;-17.4;0
Svalbard Lufthavn;SN99840;08.04.2024 02:00;-18.3;0
Svalbard Lufthavn;SN99840;08.04.2024 03:00;-19.2;0
Svalbard Lufthavn;SN99840;08.04.2024 04:00;-17.7;0
Svalbard Lufthavn;SN99840;08.04.2024 05:00;-17.1;0
Svalbard Lufthavn;SN99840;08.04.2024 06:00;-16.2;0
Svalbard Lufthavn;SN99840;08.04.2024 07:00;-15.4;0
Svalbard Lufthavn;SN99840;08.04.2024 08:00;-15.2;0
Svalbard Lufthavn;SN99840;08.04.2024 09:00;-13.8;0
Svalbard Lufthavn;SN99840;08.04.2024 10:00;-15;0
Svalbard Lufthavn;SN99840;08.04.2024 11:00;-14.3;0
Svalbard Lufthavn;SN99840;08.04.2024 12:00;-13.6;0
Svalbard Lufthavn;SN99840;08.04.2024 13:00;-14;0
Svalbard Lufthavn;SN99840;08.04.2024 14:00;-14.2;0
Svalbard Lufthavn;SN99840;08.04.2024 15:00;-13.5;0
Svalbard Lufthavn;SN99840;08.04.2024 16:00;-14.1;0
Svalbard Lufthavn;SN99840;08.04.2024 17:00;-14.6;0
Svalbard Lufthavn;SN99840;08.04.2024 18:00;-14.7;0
Svalbard Lufthavn;SN99840;08.04.2024 19:00;-15.8;0
Svalbard Lufthavn;SN99840;08.04.2024 20:00;-15;0
Svalbard Lufthavn;SN99840;08.04.2024 21:00;-15.1;0
Svalbard Lufthavn;SN99840;08.04.2024 22:00;-14.6;0
Svalbard Lufthavn;SN99840;08.04.2024 23:00;-14.4;0
Svalbard Lufthavn;SN99840;09.04.2024 00:00;-14.2;0
Svalbard Lufthavn;SN99840;09.04.2024 01:00;-14;0
Svalbard Lufthavn;SN99840;09.04.2024 02:00;-13.3;0
Svalbard Lufthavn;SN99840;09.04.2024 03:00;-13.2;0
Svalbard Lufthavn;SN99840;09.04.2024 04:00;-13.5;0
Svalbard Lufthavn;SN99840;09.04.2024 05:00;-12.6;0.1
Svalbard Lufthavn;SN99840;09.04.2024 06:00;-11.7;0.3
Svalbard Lufthavn;SN99840;09.04.2024 07:00;-10.9;0.4
Svalbard Lufthavn;SN99840;09.04.2024 08:00;-10.4;0.5
Svalbard Lufthavn;SN99840;09.04.2024 09:00;-9.7;0.4
Svalbard Lufthavn;SN99840;09.04.2024 10:00;-9.1;0
Svalbard Lufthavn;SN99840;09.04.2024 11:00;-7.9;0
Svalbard Lufthavn;SN99840;09.04.2024 12:00;-8.5;0.4
Svalbard Lufthavn;SN99840;09.04.2024 13:00;-9.6;0
Svalbard Lufthavn;SN99840;09.04.2024 14:00;-9.4;0
Svalbard Lufthavn;SN99840;09.04.2024 15:00;-9.4;0
Svalbard Lufthavn;SN99840;09.04.2024 16:00;-9.6;0
Svalbard Lufthavn;SN99840;09.04.2024 17:00;-9.3;0.2
Svalbard Lufthavn;SN99840;09.04.2024 18:00;-9.4;0.1
Svalbard Lufthavn;SN99840;09.04.2024 19:00;-9.3;0
Svalbard Lufthavn;SN99840;09.04.2024 20:00;-9.9;0
Svalbard Lufthavn;SN99840;09.04.2024 21:00;-10.7;0
Svalbard Lufthavn;SN99840;09.04.2024 22:00;-10.2;0
Svalbard Lufthavn;SN99840;09.04.2024 23:00;-10.2;0
Svalbard Lufthavn;SN99840;10.04.2024 00:00;-11;0
Svalbard Lufthavn;SN99840;10.04.2024 01:00;-12;0
Svalbard Lufthavn;SN99840;10.04.2024 02:00;-14.4;0
Svalbard Lufthavn;SN99840;10.04.2024 03:00;-16.9;0
Svalbard Lufthavn;SN99840;10.04.2024 04:00;-15.8;0
Svalbard Lufthavn;SN99840;10.04.2024 05:00;-14.6;0
Svalbard Lufthavn;SN99840;10.04.2024 06:00;-15.4;0
Svalbard Lufthavn;SN99840;10.04.2024 07:00;-15.2;0
Svalbard Lufthavn;SN99840;10.04.2024 08:00;-14.1;0
Svalbard Lufthavn;SN99840;10.04.2024 09:00;-13.5;0
Svalbard Lufthavn;SN99840;10.04.2024 10:00;-12.5;0
Svalbard Lufthavn;SN99840;10.04.2024 11:00;-12;0
Svalbard Lufthavn;SN99840;10.04.2024 12:00;-11.6;0
Svalbard Lufthavn;SN99840;10.04.2024 13:00;-11.8;0
Svalbard Lufthavn;SN99840;10.04.2024 14:00;-12.3;0
Svalbard Lufthavn;SN99840;10.04.2024 15:00;-12.1;0
Svalbard Lufthavn;SN99840;10.04.2024 16:00;-13.9;0
Svalbard Lufthavn;SN99840;10.04.2024 17:00;-13.2;0
Svalbard Lufthavn;SN99840;10.04.2024 18:00;-14.7;0
Svalbard Lufthavn;SN99840;10.04.2024 19:00;-14.8;0
Svalbard Lufthavn;SN99840;10.04.2024 20:00;-14.7;0
Svalbard Lufthavn;SN99840;10.04.2024 21:00;-15.9;0
Svalbard Lufthavn;SN99840;10.04.2024 22:00;-15.2;0
Svalbard Lufthavn;SN99840;10.04.2024 23:00;-16.2;0
Svalbard Lufthavn;SN99840;11.04.2024 00:00;-15.8;0
Svalbard Lufthavn;SN99840;11.04.2024 01:00;-15.3;0
Svalbard Lufthavn;SN99840;11.04.2024 02:00;-15.1;0
Svalbard Lufthavn;SN99840;11.04.2024 03:00;-15.4;0
Svalbard Lufthavn;SN99840;11.04.2024 04:00;-14.7;0
Svalbard Lufthavn;SN99840;11.04.2024 05:00;-14.2;0
Svalbard Lufthavn;SN99840;11.04.2024 06:00;-13.6;0
Svalbard Lufthavn;SN99840;11.04.2024 07:00;-12.8;0
Svalbard Lufthavn;SN99840;11.04.2024 08:00;-12.5;0
Svalbard Lufthavn;SN99840;11.04.2024 09:00;-13.2;0
Svalbard Lufthavn;SN99840;11.04.2024 10:00;-12.9;0
Svalbard Lufthavn;SN99840;11.04.2024 11:00;-12.5;0
Svalbard Lufthavn;SN99840;11.04.2024 12:00;-11.3;0
Svalbard Lufthavn;SN99840;11.04.2024 13:00;-12;0
Svalbard Lufthavn;SN99840;11.04.2024 14:00;-11.4;0
Svalbard Lufthavn;SN99840;11.04.2024 15:00;-11.2;0
Svalbard Lufthavn;SN99840;11.04.2024 16:00;-11.1;0
Svalbard Lufthavn;SN99840;11.04.2024 17:00;-12.9;0
Svalbard Lufthavn;SN99840;11.04.2024 18:00;-13.9;0
Svalbard Lufthavn;SN99840;11.04.2024 19:00;-13.4;0
Svalbard Lufthavn;SN99840;11.04.2024 20:00;-15.1;0
Svalbard Lufthavn;SN99840;11.04.2024 21:00;-15.4;0
Svalbard Lufthavn;SN99840;11.04.2024 22:00;-15.1;0
Svalbard Lufthavn;SN99840;11.04.2024 23:00;-15.8;0
Svalbard Lufthavn;SN99840;12.04.2024 00:00;-15.9;0
Svalbard Lufthavn;SN99840;12.04.2024 01:00;-16.2;0
Svalbard Lufthavn;SN99840;12.04.2024 02:00;-15.8;0
Svalbard Lufthavn;SN99840;12.04.2024 03:00;-16.2;0
Svalbard Lufthavn;SN99840;12.04.2024 04:00;-15.5;0
Svalbard Lufthavn;SN99840;12.04.2024 05:00;-16.8;0
Svalbard Lufthavn;SN99840;12.04.2024 06:00;-16;0
Svalbard Lufthavn;SN99840;12.04.2024 07:00;-15.7;0
Svalbard Lufthavn;SN99840;12.04.2024 08:00;-15.4;0
Svalbard Lufthavn;SN99840;12.04.2024 09:00;-14.4;0
Svalbard Lufthavn;SN99840;12.04.2024 10:00;-14.8;0
Svalbard Lufthavn;SN99840;12.04.2024 11:00;-12.5;0
Svalbard Lufthavn;SN99840;12.04.2024 12:00;-12.8;0
Svalbard Lufthavn;SN99840;12.04.2024 13:00;-11.7;0
Svalbard Lufthavn;SN99840;12.04.2024 14:00;-11.5;0
Svalbard Lufthavn;SN99840;12.04.2024 15:00;-11.1;0
Svalbard Lufthavn;SN99840;12.04.2024 16:00;-9.4;0
Svalbard Lufthavn;SN99840;12.04.2024 17:00;-10;0
Svalbard Lufthavn;SN99840;12.04.2024 18:00;-10.1;0
Svalbard Lufthavn;SN99840;12.04.2024 19:00;-9.5;0
Svalbard Lufthavn;SN99840;12.04.2024 20:00;-10.3;0
Svalbard Lufthavn;SN99840;12.04.2024 21:00;-10;0
Svalbard Lufthavn;SN99840;12.04.2024 22:00;-9.7;0
Svalbard Lufthavn;SN99840;12.04.2024 23:00;-9.8;0
Svalbard Lufthavn;SN99840;13.04.2024 00:00;-8.9;0
Svalbard Lufthavn;SN99840;13.04.2024 01:00;-8.9;0
Svalbard Lufthavn;SN99840;13.04.2024 02:00;-8.3;0
Svalbard Lufthavn;SN99840;13.04.2024 03:00;-8;0
Svalbard Lufthavn;SN99840;13.04.2024 04:00;-7.4;0
Svalbard Lufthavn;SN99840;13.04.2024 05:00;-7.4;0
Svalbard Lufthavn;SN99840;13.04.2024 06:00;-7.5;0
Svalbard Lufthavn;SN99840;13.04.2024 07:00;-7.8;0
Svalbard Lufthavn;SN99840;13.04.2024 08:00;-7.6;0
Svalbard Lufthavn;SN99840;13.04.2024 09:00;-7.2;0
Svalbard Lufthavn;SN99840;13.04.2024 10:00;-6.6;0
Svalbard Lufthavn;SN99840;13.04.2024 11:00;-6.3;0
Svalbard Lufthavn;SN99840;13.04.2024 12:00;-6.1;0
Svalbard Lufthavn;SN99840;13.04.2024 13:00;-5.9;0
Svalbard Lufthavn;SN99840;13.04.2024 14:00;-5.6;0
Svalbard Lufthavn;SN99840;13.04.2024 15:00;-5.8;0
Svalbard Lufthavn;SN99840;13.04.2024 16:00;-6.2;0
Svalbard Lufthavn;SN99840;13.04.2024 17:00;-6.1;0
Svalbard Lufthavn;SN99840;13.04.2024 18:00;-6.3;0
Svalbard Lufthavn;SN99840;13.04.2024 19:00;-7.2;0
Svalbard Lufthavn;SN99840;13.04.2024 20:00;-7.9;0
Svalbard Lufthavn;SN99840;13.04.2024 21:00;-9.1;0
Svalbard Lufthavn;SN99840;13.04.2024 22:00;-9.3;0
Svalbard Lufthavn;SN99840;13.04.2024 23:00;-8.8;0
Svalbard Lufthavn;SN99840;14.04.2024 00:00;-9.9;0
Svalbard Lufthavn;SN99840;14.04.2024 01:00;-10.1;0
Svalbard Lufthavn;SN99840;14.04.2024 02:00;-9.3;0
Svalbard Lufthavn;SN99840;14.04.2024 03:00;-9.6;0
Svalbard Lufthavn;SN99840;14.04.2024 04:00;-9.5;0
Svalbard Lufthavn;SN99840;14.04.2024 05:00;-12.1;0
Svalbard Lufthavn;SN99840;14.04.2024 06:00;-11.1;0
Svalbard Lufthavn;SN99840;14.04.2024 07:00;-11.6;0
Svalbard Lufthavn;SN99840;14.04.2024 08:00;-12.3;0
Svalbard Lufthavn;SN99840;14.04.2024 09:00;-11.6;0
Svalbard Lufthavn;SN99840;14.04.2024 10:00;-11.8;0
Svalbard Lufthavn;SN99840;14.04.2024 11:00;-11.5;0
Svalbard Lufthavn;SN99840;14.04.2024 12:00;-11.4;0
Svalbard Lufthavn;SN99840;14.04.2024 13:00;-11.4;0
Svalbard Lufthavn;SN99840;14.04.2024 14:00;-11.5;0
Svalbard Lufthavn;SN99840;14.04.2024 15:00;-10.7;0
Svalbard Lufthavn;SN99840;14.04.2024 16:00;-11;0
Svalbard Lufthavn;SN99840;14.04.2024 17:00;-11.3;0
Svalbard Lufthavn;SN99840;14.04.2024 18:00;-11.8;0
Svalbard Lufthavn;SN99840;14.04.2024 19:00;-12;0
Svalbard Lufthavn;SN99840;14.04.2024 20:00;-12.4;0
Svalbard Lufthavn;SN99840;14.04.2024 21:00;-11.4;0
Svalbard Lufthavn;SN99840;14.04.2024 22:00;-12.7;0
Svalbard Lufthavn;SN99840;14.04.2024 23:00;-13.8;0
Svalbard Lufthavn;SN99840;15.04.2024 00:00;-14.7;0
Svalbard Lufthavn;SN99840;15.04.2024 01:00;-15.3;0
Svalbard Lufthavn;SN99840;15.04.2024 02:00;-15.4;0
Svalbard Lufthavn;SN99840;15.04.2024 03:00;-15.9;0
Svalbard Lufthavn;SN99840;15.04.2024 04:00;-16.2;0
Svalbard Lufthavn;SN99840;15.04.2024 05:00;-15.5;0
Svalbard Lufthavn;SN99840;15.04.2024 06:00;-15;0
Svalbard Lufthavn;SN99840;15.04.2024 07:00;-14.9;0
Svalbard Lufthavn;SN99840;15.04.2024 08:00;-14.7;0
Svalbard Lufthavn;SN99840;15.04.2024 09:00;-14.2;0
Svalbard Lufthavn;SN99840;15.04.2024 10:00;-13.6;0
Svalbard Lufthavn;SN99840;15.04.2024 11:00;-13.2;0
Svalbard Lufthavn;SN99840;15.04.2024 12:00;-12.8;0
Svalbard Lufthavn;SN99840;15.04.2024 13:00;-12.6;0
Svalbard Lufthavn;SN99840;15.04.2024 14:00;-12.6;0
Svalbard Lufthavn;SN99840;15.04.2024 15:00;-12.8;0
Svalbard Lufthavn;SN99840;15.04.2024 16:00;-13;0
Svalbard Lufthavn;SN99840;15.04.2024 17:00;-13;0
Svalbard Lufthavn;SN99840;15.04.2024 18:00;-13.3;0
Svalbard Lufthavn;SN99840;15.04.2024 19:00;-14.4;0
Svalbard Lufthavn;SN99840;15.04.2024 20:00;-14.8;0
Svalbard Lufthavn;SN99840;15.04.2024 21:00;-14.7;0
Svalbard Lufthavn;SN99840;15.04.2024 22:00;-14.5;0
Svalbard Lufthavn;SN99840;15.04.2024 23:00;-13.7;0
Svalbard Lufthavn;SN99840;16.04.2024 00:00;-13.8;0
Svalbard Lufthavn;SN99840;16.04.2024 01:00;-13.6;0
Svalbard Lufthavn;SN99840;16.04.2024 02:00;-13.2;0
Svalbard Lufthavn;SN99840;16.04.2024 03:00;-13.2;0
Svalbard Lufthavn;SN99840;16.04.2024 04:00;-13;0
Svalbard Lufthavn;SN99840;16.04.2024 05:00;-13;0
Svalbard Lufthavn;SN99840;16.04.2024 06:00;-12.7;0
Svalbard Lufthavn;SN99840;16.04.2024 07:00;-12.4;0
Svalbard Lufthavn;SN99840;16.04.2024 08:00;-12.5;0
Svalbard Lufthavn;SN99840;16.04.2024 09:00;-12.6;0
Svalbard Lufthavn;SN99840;16.04.2024 10:00;-11.8;0
Svalbard Lufthavn;SN99840;16.04.2024 11:00;-11.6;0
Svalbard Lufthavn;SN99840;16.04.2024 12:00;-11;0
Svalbard Lufthavn;SN99840;16.04.2024 13:00;-11.8;0
Svalbard Lufthavn;SN99840;16.04.2024 14:00;-10.9;0
Svalbard Lufthavn;SN99840;16.04.2024 15:00;-10.7;0
Svalbard Lufthavn;SN99840;16.04.2024 16:00;-10.9;0
Svalbard Lufthavn;SN99840;16.04.2024 17:00;-10.9;0
Svalbard Lufthavn;SN99840;16.04.2024 18:00;-11.3;0
Svalbard Lufthavn;SN99840;16.04.2024 19:00;-11.7;0
Svalbard Lufthavn;SN99840;16.04.2024 20:00;-12;0
Svalbard Lufthavn;SN99840;16.04.2024 21:00;-12.7;0
Svalbard Lufthavn;SN99840;16.04.2024 22:00;-13.4;0
Svalbard Lufthavn;SN99840;16.04.2024 23:00;-14.3;0
Svalbard Lufthavn;SN99840;17.04.2024 00:00;-13.4;0
Svalbard Lufthavn;SN99840;17.04.2024 01:00;-13.8;0
Svalbard Lufthavn;SN99840;17.04.2024 02:00;-12.6;0
Svalbard Lufthavn;SN99840;17.04.2024 03:00;-12.7;0
Svalbard Lufthavn;SN99840;17.04.2024 04:00;-12.1;0
Svalbard Lufthavn;SN99840;17.04.2024 05:00;-12;0
Svalbard Lufthavn;SN99840;17.04.2024 06:00;-11.7;0
Svalbard Lufthavn;SN99840;17.04.2024 07:00;-10.7;0
Svalbard Lufthavn;SN99840;17.04.2024 08:00;-10.3;0
Svalbard Lufthavn;SN99840;17.04.2024 09:00;-9.7;0
Svalbard Lufthavn;SN99840;17.04.2024 10:00;-10.6;0
Svalbard Lufthavn;SN99840;17.04.2024 11:00;-10.4;0
Svalbard Lufthavn;SN99840;17.04.2024 12:00;-9;0
Svalbard Lufthavn;SN99840;17.04.2024 13:00;-9.3;0
Svalbard Lufthavn;SN99840;17.04.2024 14:00;-9.8;0
Svalbard Lufthavn;SN99840;17.04.2024 15:00;-9.8;0
Svalbard Lufthavn;SN99840;17.04.2024 16:00;-10.2;0
Svalbard Lufthavn;SN99840;17.04.2024 17:00;-10.2;0
Svalbard Lufthavn;SN99840;17.04.2024 18:00;-10.3;0
Svalbard Lufthavn;SN99840;17.04.2024 19:00;-11.2;0
Svalbard Lufthavn;SN99840;17.04.2024 20:00;-11.8;0
Svalbard Lufthavn;SN99840;17.04.2024 21:00;-12.1;0
Svalbard Lufthavn;SN99840;17.04.2024 22:00;-13;0
Svalbard Lufthavn;SN99840;17.04.2024 23:00;-13;0
Svalbard Lufthavn;SN99840;18.04.2024 00:00;-12.4;0
Svalbard Lufthavn;SN99840;18.04.2024 01:00;-10.2;0
Svalbard Lufthavn;SN99840;18.04.2024 02:00;-11.4;0
Svalbard Lufthavn;SN99840;18.04.2024 03:00;-8.7;0
Svalbard Lufthavn;SN99840;18.04.2024 04:00;-5.7;0
Svalbard Lufthavn;SN99840;18.04.2024 05:00;-6.2;0
Svalbard Lufthavn;SN99840;18.04.2024 06:00;-5.9;0
Svalbard Lufthavn;SN99840;18.04.2024 07:00;-5;0
Svalbard Lufthavn;SN99840;18.04.2024 08:00;-4.6;0
Svalbard Lufthavn;SN99840;18.04.2024 09:00;-4.7;0
Svalbard Lufthavn;SN99840;18.04.2024 10:00;-4.5;0
Svalbard Lufthavn;SN99840;18.04.2024 11:00;-4.9;0
Svalbard Lufthavn;SN99840;18.04.2024 12:00;-4.7;0
Svalbard Lufthavn;SN99840;18.04.2024 13:00;-4.9;0
Svalbard Lufthavn;SN99840;18.04.2024 14:00;-4.4;0
Svalbard Lufthavn;SN99840;18.04.2024 15:00;-3.2;0
Svalbard Lufthavn;SN99840;18.04.2024 16:00;-3.3;0
Svalbard Lufthavn;SN99840;18.04.2024 17:00;-3.7;0
Svalbard Lufthavn;SN99840;18.04.2024 18:00;-3.7;0
Svalbard Lufthavn;SN99840;18.04.2024 19:00;-3;0
Svalbard Lufthavn;SN99840;18.04.2024 20:00;-2.4;0
Svalbard Lufthavn;SN99840;18.04.2024 21:00;-1.6;0
Svalbard Lufthavn;SN99840;18.04.2024 22:00;-2.2;0
Svalbard Lufthavn;SN99840;18.04.2024 23:00;-1.1;0
Svalbard Lufthavn;SN99840;19.04.2024 00:00;0;0
Svalbard Lufthavn;SN99840;19.04.2024 01:00;-1.6;0
Svalbard Lufthavn;SN99840;19.04.2024 02:00;-1.4;0
Svalbard Lufthavn;SN99840;19.04.2024 03:00;-1.2;0
Svalbard Lufthavn;SN99840;19.04.2024 04:00;-2.3;0
Svalbard Lufthavn;SN99840;19.04.2024 05:00;-2;0
Svalbard Lufthavn;SN99840;19.04.2024 06:00;-2.1;0
Svalbard Lufthavn;SN99840;19.04.2024 07:00;-2;0
Svalbard Lufthavn;SN99840;19.04.2024 08:00;-1.9;0
Svalbard Lufthavn;SN99840;19.04.2024 09:00;-1.9;0
Svalbard Lufthavn;SN99840;19.04.2024 10:00;-1.5;0
Svalbard Lufthavn;SN99840;19.04.2024 11:00;-1.4;0
Svalbard Lufthavn;SN99840;19.04.2024 12:00;-1;0
Svalbard Lufthavn;SN99840;19.04.2024 13:00;-1;0
Svalbard Lufthavn;SN99840;19.04.2024 14:00;-1;0
Svalbard Lufthavn;SN99840;19.04.2024 15:00;-1.2;0
Svalbard Lufthavn;SN99840;19.04.2024 16:00;-1.1;0
Svalbard Lufthavn;SN99840;19.04.2024 17:00;-1.4;0
Svalbard Lufthavn;SN99840;19.04.2024 18:00;-1.6;0
Svalbard Lufthavn;SN99840;19.04.2024 19:00;-1.8;0
Svalbard Lufthavn;SN99840;19.04.2024 20:00;-1.7;0
Svalbard Lufthavn;SN99840;19.04.2024 21:00;-2.4;0
Svalbard Lufthavn;SN99840;19.04.2024 22:00;-2.3;0
Svalbard Lufthavn;SN99840;19.04.2024 23:00;-2.3;0
Svalbard Lufthavn;SN99840;20.04.2024 00:00;-2.2;0
Svalbard Lufthavn;SN99840;20.04.2024 01:00;-2.2;0
Svalbard Lufthavn;SN99840;20.04.2024 02:00;-1.5;0
Svalbard Lufthavn;SN99840;20.04.2024 03:00;-1.9;0
Svalbard Lufthavn;SN99840;20.04.2024 04:00;-1.7;0
Svalbard Lufthavn;SN99840;20.04.2024 05:00;-1.2;0
Svalbard Lufthavn;SN99840;20.04.2024 06:00;-0.9;0
Svalbard Lufthavn;SN99840;20.04.2024 07:00;-0.8;0
Svalbard Lufthavn;SN99840;20.04.2024 08:00;-0.4;0
Svalbard Lufthavn;SN99840;20.04.2024 09:00;-0.6;0
Svalbard Lufthavn;SN99840;20.04.2024 10:00;-0.3;0
Svalbard Lufthavn;SN99840;20.04.2024 11:00;-0.3;0
Svalbard Lufthavn;SN99840;20.04.2024 12:00;-0.2;0
Svalbard Lufthavn;SN99840;20.04.2024 13:00;0.1;0
Svalbard Lufthavn;SN99840;20.04.2024 14:00;-0.1;0
Svalbard Lufthavn;SN99840;20.04.2024 15:00;-0.2;0
Svalbard Lufthavn;SN99840;20.04.2024 16:00;-0.4;0
Svalbard Lufthavn;SN99840;20.04.2024 17:00;-1.1;0
Svalbard Lufthavn;SN99840;20.04.2024 18:00;-1.7;0
Svalbard Lufthavn;SN99840;20.04.2024 19:00;-1.5;0
Svalbard Lufthavn;SN99840;20.04.2024 20:00;0;0
Svalbard Lufthavn;SN99840;20.04.2024 21:00;-1.2;0
Svalbard Lufthavn;SN99840;20.04.2024 22:00;-2.1;0
Svalbard Lufthavn;SN99840;20.04.2024 23:00;-2.2;0
Svalbard Lufthavn;SN99840;21.04.2024 00:00;-2.4;0
Svalbard Lufthavn;SN99840;21.04.2024 01:00;-2.9;0
Svalbard Lufthavn;SN99840;21.04.2024 02:00;-2.8;0
Svalbard Lufthavn;SN99840;21.04.2024 03:00;-2.8;0
Svalbard Lufthavn;SN99840;21.04.2024 04:00;-2.4;0
Svalbard Lufthavn;SN99840;21.04.2024 05:00;-2.6;0
Svalbard Lufthavn;SN99840;21.04.2024 06:00;-2.2;0
Svalbard Lufthavn;SN99840;21.04.2024 07:00;-2.2;0
Svalbard Lufthavn;SN99840;21.04.2024 08:00;-2.8;0
Svalbard Lufthavn;SN99840;21.04.2024 09:00;-2.2;0
Svalbard Lufthavn;SN99840;21.04.2024 10:00;-1.9;0
Svalbard Lufthavn;SN99840;21.04.2024 11:00;-1.5;0
Svalbard Lufthavn;SN99840;21.04.2024 12:00;-0.9;0
Svalbard Lufthavn;SN99840;21.04.2024 13:00;1;0
Svalbard Lufthavn;SN99840;21.04.2024 14:00;2;0
Svalbard Lufthavn;SN99840;21.04.2024 15:00;3.2;0
Svalbard Lufthavn;SN99840;21.04.2024 16:00;3;0
Svalbard Lufthavn;SN99840;21.04.2024 17:00;2.8;0
Svalbard Lufthavn;SN99840;21.04.2024 18:00;2.7;0
Svalbard Lufthavn;SN99840;21.04.2024 19:00;1.9;0
Svalbard Lufthavn;SN99840;21.04.2024 20:00;2.2;0
Svalbard Lufthavn;SN99840;21.04.2024 21:00;2.2;0
Svalbard Lufthavn;SN99840;21.04.2024 22:00;2.2;0
Svalbard Lufthavn;SN99840;21.04.2024 23:00;1.8;0
Svalbard Lufthavn;SN99840;22.04.2024 00:00;2.1;0
Svalbard Lufthavn;SN99840;22.04.2024 01:00;2.2;0
Svalbard Lufthavn;SN99840;22.04.2024 02:00;2.8;0
Svalbard Lufthavn;SN99840;22.04.2024 03:00;3.7;0
Svalbard Lufthavn;SN99840;22.04.2024 04:00;3.7;0
Svalbard Lufthavn;SN99840;22.04.2024 05:00;4.1;0
Svalbard Lufthavn;SN99840;22.04.2024 06:00;2.8;0
Svalbard Lufthavn;SN99840;22.04.2024 07:00;4.3;0
Svalbard Lufthavn;SN99840;22.04.2024 08:00;4;0
Svalbard Lufthavn;SN99840;22.04.2024 09:00;4;0
Svalbard Lufthavn;SN99840;22.04.2024 10:00;4.8;0
Svalbard Lufthavn;SN99840;22.04.2024 11:00;4.6;0
Svalbard Lufthavn;SN99840;22.04.2024 12:00;4.7;0
Svalbard Lufthavn;SN99840;22.04.2024 13:00;5;0
Svalbard Lufthavn;SN99840;22.04.2024 14:00;4.1;0
Svalbard Lufthavn;SN99840;22.04.2024 15:00;3.3;0
Svalbard Lufthavn;SN99840;22.04.2024 16:00;3.1;0
Svalbard Lufthavn;SN99840;22.04.2024 17:00;2.6;0
Svalbard Lufthavn;SN99840;22.04.2024 18:00;1.8;0
Svalbard Lufthavn;SN99840;22.04.2024 19:00;1;0
Svalbard Lufthavn;SN99840;22.04.2024 20:00;1.2;0
Svalbard Lufthavn;SN99840;22.04.2024 21:00;0.7;0
Svalbard Lufthavn;SN99840;22.04.2024 22:00;0.1;0
Svalbard Lufthavn;SN99840;22.04.2024 23:00;-0.4;0
Svalbard Lufthavn;SN99840;23.04.2024 00:00;-0.9;0
Svalbard Lufthavn;SN99840;23.04.2024 01:00;-0.7;0
Svalbard Lufthavn;SN99840;23.04.2024 02:00;-1.4;0
Svalbard Lufthavn;SN99840;23.04.2024 03:00;-1.8;0
Svalbard Lufthavn;SN99840;23.04.2024 04:00;-0.9;0
Svalbard Lufthavn;SN99840;23.04.2024 05:00;-0.8;0
Svalbard Lufthavn;SN99840;23.04.2024 06:00;-0.5;0
Svalbard Lufthavn;SN99840;23.04.2024 07:00;-0.1;0
Svalbard Lufthavn;SN99840;23.04.2024 08:00;-0.2;0
Svalbard Lufthavn;SN99840;23.04.2024 09:00;0.3;0
Svalbard Lufthavn;SN99840;23.04.2024 10:00;0.6;0
Svalbard Lufthavn;SN99840;23.04.2024 11:00;0.5;0
Svalbard Lufthavn;SN99840;23.04.2024 12:00;0;0
Svalbard Lufthavn;SN99840;23.04.2024 13:00;0;0
Svalbard Lufthavn;SN99840;23.04.2024 14:00;0.1;0
Svalbard Lufthavn;SN99840;23.04.2024 15:00;-0.3;0
Svalbard Lufthavn;SN99840;23.04.2024 16:00;-0.2;0
Svalbard Lufthavn;SN99840;23.04.2024 17:00;-0.2;0
Svalbard Lufthavn;SN99840;23.04.2024 18:00;-1;0
Svalbard Lufthavn;SN99840;23.04.2024 19:00;-1.7;0
Svalbard Lufthavn;SN99840;23.04.2024 20:00;-2.6;0
Svalbard Lufthavn;SN99840;23.04.2024 21:00;-3.3;0
Svalbard Lufthavn;SN99840;23.04.2024 22:00;-4.3;0
Svalbard Lufthavn;SN99840;23.04.2024 23:00;-4.5;0
Svalbard Lufthavn;SN99840;24.04.2024 00:00;-6.3;0
Svalbard Lufthavn;SN99840;24.04.2024 01:00;-5.8;0
Svalbard Lufthavn;SN99840;24.04.2024 02:00;-6.2;0
Svalbard Lufthavn;SN99840;24.04.2024 03:00;-5.9;0
Svalbard Lufthavn;SN99840;24.04.2024 04:00;-5.5;0
Svalbard Lufthavn;SN99840;24.04.2024 05:00;-4.9;0
Svalbard Lufthavn;SN99840;24.04.2024 06:00;-3.4;0
Svalbard Lufthavn;SN99840;24.04.2024 07:00;-3;0
Svalbard Lufthavn;SN99840;24.04.2024 08:00;-2.7;0
Svalbard Lufthavn;SN99840;24.04.2024 09:00;-2.4;0
Svalbard Lufthavn;SN99840;24.04.2024 10:00;-2;0
Svalbard Lufthavn;SN99840;24.04.2024 11:00;-1.7;0
Svalbard Lufthavn;SN99840;24.04.2024 12:00;-1;0
Svalbard Lufthavn;SN99840;24.04.2024 13:00;-1.4;0
Svalbard Lufthavn;SN99840;24.04.2024 14:00;-1.3;0
Svalbard Lufthavn;SN99840;24.04.2024 15:00;-1.5;0
Svalbard Lufthavn;SN99840;24.04.2024 16:00;-0.2;0
Svalbard Lufthavn;SN99840;24.04.2024 17:00;0.6;0
Svalbard Lufthavn;SN99840;24.04.2024 18:00;-0.9;0
Svalbard Lufthavn;SN99840;24.04.2024 19:00;-0.3;0
Svalbard Lufthavn;SN99840;24.04.2024 20:00;-1.2;0
Svalbard Lufthavn;SN99840;24.04.2024 21:00;-0.7;0
Svalbard Lufthavn;SN99840;24.04.2024 22:00;-1.9;0
Svalbard Lufthavn;SN99840;24.04.2024 23:00;-2.7;0
Svalbard Lufthavn;SN99840;25.04.2024 00:00;-2.6;0
Svalbard Lufthavn;SN99840;25.04.2024 01:00;-2.7;0
Svalbard Lufthavn;SN99840;25.04.2024 02:00;-2.8;0
Svalbard Lufthavn;SN99840;25.04.2024 03:00;-1.7;0
Svalbard Lufthavn;SN99840;25.04.2024 04:00;-3;0
Svalbard Lufthavn;SN99840;25.04.2024 05:00;-2.2;0
Svalbard Lufthavn;SN99840;25.04.2024 06:00;-1.7;0
Svalbard Lufthavn;SN99840;25.04.2024 07:00;-1;0
Svalbard Lufthavn;SN99840;25.04.2024 08:00;0.5;0
Svalbard Lufthavn;SN99840;25.04.2024 09:00;-0.2;0
Svalbard Lufthavn;SN99840;25.04.2024 10:00;0.8;0
Svalbard Lufthavn;SN99840;25.04.2024 11:00;0.7;0
Svalbard Lufthavn;SN99840;25.04.2024 12:00;0.5;0
Svalbard Lufthavn;SN99840;25.04.2024 13:00;0.4;0
Svalbard Lufthavn;SN99840;25.04.2024 14:00;0.2;0
Svalbard Lufthavn;SN99840;25.04.2024 15:00;-0.3;0
Svalbard Lufthavn;SN99840;25.04.2024 16:00;-0.5;0
Svalbard Lufthavn;SN99840;25.04.2024 17:00;-0.8;0
Svalbard Lufthavn;SN99840;25.04.2024 18:00;-1.1;0
Svalbard Lufthavn;SN99840;25.04.2024 19:00;-1.4;0
Svalbard Lufthavn;SN99840;25.04.2024 20:00;-1.7;0
Svalbard Lufthavn;SN99840;25.04.2024 21:00;-1.9;0
Svalbard Lufthavn;SN99840;25.04.2024 22:00;-2.1;0
Svalbard Lufthavn;SN99840;25.04.2024 23:00;-2.2;0
Svalbard Lufthavn;SN99840;26.04.2024 00:00;-2.7;0
Svalbard Lufthavn;SN99840;26.04.2024 01:00;-3;0
Svalbard Lufthavn;SN99840;26.04.2024 02:00;-3.3;0
Svalbard Lufthavn;SN99840;26.04.2024 03:00;-3.6;0
Svalbard Lufthavn;SN99840;26.04.2024 04:00;-3.3;0
Svalbard Lufthavn;SN99840;26.04.2024 05:00;-3.8;0
Svalbard Lufthavn;SN99840;26.04.2024 06:00;-3.7;0
Svalbard Lufthavn;SN99840;26.04.2024 07:00;-3.6;0
Svalbard Lufthavn;SN99840;26.04.2024 08:00;-3.1;0
Svalbard Lufthavn;SN99840;26.04.2024 09:00;-2.7;0
Svalbard Lufthavn;SN99840;26.04.2024 10:00;-2.4;0
Svalbard Lufthavn;SN99840;26.04.2024 11:00;-2;0
Svalbard Lufthavn;SN99840;26.04.2024 12:00;-2.2;0
Svalbard Lufthavn;SN99840;26.04.2024 13:00;-0.9;0
Svalbard Lufthavn;SN99840;26.04.2024 14:00;-2.4;0
Svalbard Lufthavn;SN99840;26.04.2024 15:00;-2.4;0
Svalbard Lufthavn;SN99840;26.04.2024 16:00;-2.6;0
Svalbard Lufthavn;SN99840;26.04.2024 17:00;-2.5;0
Svalbard Lufthavn;SN99840;26.04.2024 18:00;-1.8;0
Svalbard Lufthavn;SN99840;26.04.2024 19:00;-1.7;0
Svalbard Lufthavn;SN99840;26.04.2024 20:00;-2.4;0
Svalbard Lufthavn;SN99840;26.04.2024 21:00;-3.9;0
Svalbard Lufthavn;SN99840;26.04.2024 22:00;-3.7;0
Svalbard Lufthavn;SN99840;26.04.2024 23:00;-3.8;0
Svalbard Lufthavn;SN99840;27.04.2024 00:00;-4.3;0
Svalbard Lufthavn;SN99840;27.04.2024 01:00;-4.1;0
Svalbard Lufthavn;SN99840;27.04.2024 02:00;-3.7;0
Svalbard Lufthavn;SN99840;27.04.2024 03:00;-3.6;0
Svalbard Lufthavn;SN99840;27.04.2024 04:00;-4.3;0
Svalbard Lufthavn;SN99840;27.04.2024 05:00;-4.5;0
Svalbard Lufthavn;SN99840;27.04.2024 06:00;-4.3;0
Svalbard Lufthavn;SN99840;27.04.2024 07:00;-3.9;0
Svalbard Lufthavn;SN99840;27.04.2024 08:00;-3.7;0
Svalbard Lufthavn;SN99840;27.04.2024 09:00;-3.6;0
Svalbard Lufthavn;SN99840;27.04.2024 10:00;-3.4;0
Svalbard Lufthavn;SN99840;27.04.2024 11:00;-2.5;0
Svalbard Lufthavn;SN99840;27.04.2024 12:00;-2.2;0
Svalbard Lufthavn;SN99840;27.04.2024 13:00;-2;0
Svalbard Lufthavn;SN99840;27.04.2024 14:00;-2.4;0
Svalbard Lufthavn;SN99840;27.04.2024 15:00;-1.9;0
Svalbard Lufthavn;SN99840;27.04.2024 16:00;-1.9;0
Svalbard Lufthavn;SN99840;27.04.2024 17:00;-2.1;0
Svalbard Lufthavn;SN99840;27.04.2024 18:00;-1.1;0
Svalbard Lufthavn;SN99840;27.04.2024 19:00;-1.2;0
Svalbard Lufthavn;SN99840;27.04.2024 20:00;-1.9;0
Svalbard Lufthavn;SN99840;27.04.2024 21:00;-2.1;0
Svalbard Lufthavn;SN99840;27.04.2024 22:00;-2.1;0
Svalbard Lufthavn;SN99840;27.04.2024 23:00;-2.1;0
Svalbard Lufthavn;SN99840;28.04.2024 00:00;-2;0
Svalbard Lufthavn;SN99840;28.04.2024 01:00;-1;0
Svalbard Lufthavn;SN99840;28.04.2024 02:00;0.4;0
Svalbard Lufthavn;SN99840;28.04.2024 03:00;0.9;0
Svalbard Lufthavn;SN99840;28.04.2024 04:00;0.4;0
Svalbard Lufthavn;SN99840;28.04.2024 05:00;0.7;0
Svalbard Lufthavn;SN99840;28.04.2024 06:00;0.7;0
Svalbard Lufthavn;SN99840;28.04.2024 07:00;0.8;0
Svalbard Lufthavn;SN99840;28.04.2024 08:00;1;0
Svalbard Lufthavn;SN99840;28.04.2024 09:00;1.1;0
Svalbard Lufthavn;SN99840;28.04.2024 10:00;1.5;0
Svalbard Lufthavn;SN99840;28.04.2024 11:00;1.4;0
Svalbard Lufthavn;SN99840;28.04.2024 12:00;1.5;0
Svalbard Lufthavn;SN99840;28.04.2024 13:00;1.4;0
Svalbard Lufthavn;SN99840;28.04.2024 14:00;1.5;0
Svalbard Lufthavn;SN99840;28.04.2024 15:00;1.4;0
Svalbard Lufthavn;SN99840;28.04.2024 16:00;1.6;0
Svalbard Lufthavn;SN99840;28.04.2024 17:00;1.5;0
Svalbard Lufthavn;SN99840;28.04.2024 18:00;1.2;0
Svalbard Lufthavn;SN99840;28.04.2024 19:00;1.5;0
Svalbard Lufthavn;SN99840;28.04.2024 20:00;1.2;0
Svalbard Lufthavn;SN99840;28.04.2024 21:00;1.2;0
Svalbard Lufthavn;SN99840;28.04.2024 22:00;1.1;0
Svalbard Lufthavn;SN99840;28.04.2024 23:00;1.2;0
Svalbard Lufthavn;SN99840;29.04.2024 00:00;1.2;0.1
Svalbard Lufthavn;SN99840;29.04.2024 01:00;1.1;0
Svalbard Lufthavn;SN99840;29.04.2024 02:00;0.8;0
Svalbard Lufthavn;SN99840;29.04.2024 03:00;0.8;0
Svalbard Lufthavn;SN99840;29.04.2024 04:00;0.8;0.1
Svalbard Lufthavn;SN99840;29.04.2024 05:00;0.7;0
Svalbard Lufthavn;SN99840;29.04.2024 06:00;0.8;0
Svalbard Lufthavn;SN99840;29.04.2024 07:00;1.1;0
Svalbard Lufthavn;SN99840;29.04.2024 08:00;1.2;0
Svalbard Lufthavn;SN99840;29.04.2024 09:00;1.3;0
Svalbard Lufthavn;SN99840;29.04.2024 10:00;1.1;0
Svalbard Lufthavn;SN99840;29.04.2024 11:00;1.5;0
Svalbard Lufthavn;SN99840;29.04.2024 12:00;1.4;0
Svalbard Lufthavn;SN99840;29.04.2024 13:00;1.2;0
Svalbard Lufthavn;SN99840;29.04.2024 14:00;1.2;0
Svalbard Lufthavn;SN99840;29.04.2024 15:00;1.3;0
Svalbard Lufthavn;SN99840;29.04.2024 16:00;1.8;0
Svalbard Lufthavn;SN99840;29.04.2024 17:00;0.8;0
Svalbard Lufthavn;SN99840;29.04.2024 18:00;0.8;0
Svalbard Lufthavn;SN99840;29.04.2024 19:00;0.7;0
Svalbard Lufthavn;SN99840;29.04.2024 20:00;0.5;0
Svalbard Lufthavn;SN99840;29.04.2024 21:00;0.1;0
Svalbard Lufthavn;SN99840;29.04.2024 22:00;0.1;0
Svalbard Lufthavn;SN99840;29.04.2024 23:00;-0.2;0
Svalbard Lufthavn;SN99840;30.04.2024 00:00;-0.1;0
Svalbard Lufthavn;SN99840;30.04.2024 01:00;0.5;0
Svalbard Lufthavn;SN99840;30.04.2024 02:00;0.7;0
Svalbard Lufthavn;SN99840;30.04.2024 03:00;0.8;0
Svalbard Lufthavn;SN99840;30.04.2024 04:00;0.6;0
Svalbard Lufthavn;SN99840;30.04.2024 05:00;0.4;0
Svalbard Lufthavn;SN99840;30.04.2024 06:00;0.5;0
Svalbard Lufthavn;SN99840;30.04.2024 07:00;0.7;0
Svalbard Lufthavn;SN99840;30.04.2024 08:00;0.8;0
Svalbard Lufthavn;SN99840;30.04.2024 09:00;1.5;0
Svalbard Lufthavn;SN99840;30.04.2024 10:00;1.6;0
Svalbard Lufthavn;SN99840;30.04.2024 11:00;1.4;0
Svalbard Lufthavn;SN99840;30.04.2024 12:00;1.4;0
Svalbard Lufthavn;SN99840;30.04.2024 13:00;1.3;0
Svalbard Lufthavn;SN99840;30.04.2024 14:00;1.5;0
Svalbard Lufthavn;SN99840;30.04.2024 15:00;1.6;0
Svalbard Lufthavn;SN99840;30.04.2024 16:00;1.8;0
Svalbard Lufthavn;SN99840;30.04.2024 17:00;1.8;0
Svalbard Lufthavn;SN99840;30.04.2024 18:00;1.6;0
Svalbard Lufthavn;SN99840;30.04.2024 19:00;1.2;0
Svalbard Lufthavn;SN99840;30.04.2024 20:00;1.4;0
Svalbard Lufthavn;SN99840;30.04.2024 21:00;1.4;0
Svalbard Lufthavn;SN99840;30.04.2024 22:00;1.3;0
Svalbard Lufthavn;SN99840;30.04.2024 23:00;1.3;0
Svalbard Lufthavn;SN99840;01.05.2024 00:00;1;0
Svalbard Lufthavn;SN99840;01.05.2024 01:00;1.1;0
Svalbard Lufthavn;SN99840;01.05.2024 02:00;1;0
Svalbard Lufthavn;SN99840;01.05.2024 03:00;1.1;0
Svalbard Lufthavn;SN99840;01.05.2024 04:00;1.2;0
Svalbard Lufthavn;SN99840;01.05.2024 05:00;0.9;0
Svalbard Lufthavn;SN99840;01.05.2024 06:00;1.6;0
Svalbard Lufthavn;SN99840;01.05.2024 07:00;1.4;0
Svalbard Lufthavn;SN99840;01.05.2024 08:00;1.4;0
Svalbard Lufthavn;SN99840;01.05.2024 09:00;1.8;0
Svalbard Lufthavn;SN99840;01.05.2024 10:00;1.2;0
Svalbard Lufthavn;SN99840;01.05.2024 11:00;1.9;0
Svalbard Lufthavn;SN99840;01.05.2024 12:00;1.1;0
Svalbard Lufthavn;SN99840;01.05.2024 13:00;1.3;0
Svalbard Lufthavn;SN99840;01.05.2024 14:00;1.7;0
Svalbard Lufthavn;SN99840;01.05.2024 15:00;1.3;0
Svalbard Lufthavn;SN99840;01.05.2024 16:00;1.2;0
Svalbard Lufthavn;SN99840;01.05.2024 17:00;0.8;0
Svalbard Lufthavn;SN99840;01.05.2024 18:00;0.8;0
Svalbard Lufthavn;SN99840;01.05.2024 19:00;0.5;0
Svalbard Lufthavn;SN99840;01.05.2024 20:00;0.4;0
Svalbard Lufthavn;SN99840;01.05.2024 21:00;-0.4;0
Svalbard Lufthavn;SN99840;01.05.2024 22:00;-0.2;0
Svalbard Lufthavn;SN99840;01.05.2024 23:00;-0.3;0
Svalbard Lufthavn;SN99840;02.05.2024 00:00;-0.5;0
Reindalspasset;SN99763;01.11.2023 01:00;-12.2;-
Reindalspasset;SN99763;01.11.2023 02:00;-13.2;-
Reindalspasset;SN99763;01.11.2023 03:00;-12.9;-
Reindalspasset;SN99763;01.11.2023 04:00;-13.5;-
Reindalspasset;SN99763;01.11.2023 05:00;-14.1;-
Reindalspasset;SN99763;01.11.2023 06:00;-14;-
Reindalspasset;SN99763;01.11.2023 07:00;-13.4;-
Reindalspasset;SN99763;01.11.2023 08:00;-13.1;-
Reindalspasset;SN99763;01.11.2023 09:00;-14.1;-
Reindalspasset;SN99763;01.11.2023 10:00;-14;-
Reindalspasset;SN99763;01.11.2023 11:00;-12.9;-
Reindalspasset;SN99763;01.11.2023 12:00;-13.8;-
Reindalspasset;SN99763;01.11.2023 13:00;-14.6;-
Reindalspasset;SN99763;01.11.2023 14:00;-14.9;-
Reindalspasset;SN99763;01.11.2023 15:00;-14;-
Reindalspasset;SN99763;01.11.2023 16:00;-15.3;-
Reindalspasset;SN99763;01.11.2023 17:00;-15.4;-
Reindalspasset;SN99763;01.11.2023 18:00;-14.9;-
Reindalspasset;SN99763;01.11.2023 19:00;-16.6;-
Reindalspasset;SN99763;01.11.2023 20:00;-16.4;-
Reindalspasset;SN99763;01.11.2023 21:00;-16.5;-
Reindalspasset;SN99763;01.11.2023 22:00;-16.4;-
Reindalspasset;SN99763;01.11.2023 23:00;-16.7;-
Reindalspasset;SN99763;02.11.2023 00:00;-15.9;-
Reindalspasset;SN99763;02.11.2023 01:00;-16.1;-
Reindalspasset;SN99763;02.11.2023 02:00;-16.8;-
Reindalspasset;SN99763;02.11.2023 03:00;-15.6;-
Reindalspasset;SN99763;02.11.2023 04:00;-16.8;-
Reindalspasset;SN99763;02.11.2023 05:00;-16.4;-
Reindalspasset;SN99763;02.11.2023 06:00;-15.5;-
Reindalspasset;SN99763;02.11.2023 07:00;-15.9;-
Reindalspasset;SN99763;02.11.2023 08:00;-15.4;-
Reindalspasset;SN99763;02.11.2023 09:00;-15.9;-
Reindalspasset;SN99763;02.11.2023 10:00;-16.2;-
Reindalspasset;SN99763;02.11.2023 11:00;-15.7;-
Reindalspasset;SN99763;02.11.2023 12:00;-16.9;-
Reindalspasset;SN99763;02.11.2023 13:00;-16.2;-
Reindalspasset;SN99763;02.11.2023 14:00;-14.2;-
Reindalspasset;SN99763;02.11.2023 15:00;-12.8;-
Reindalspasset;SN99763;02.11.2023 16:00;-13.2;-
Reindalspasset;SN99763;02.11.2023 17:00;-12.5;-
Reindalspasset;SN99763;02.11.2023 18:00;-12.8;-
Reindalspasset;SN99763;02.11.2023 19:00;-11.5;-
Reindalspasset;SN99763;02.11.2023 20:00;-11.8;-
Reindalspasset;SN99763;02.11.2023 21:00;-10.8;-
Reindalspasset;SN99763;02.11.2023 22:00;-11.1;-
Reindalspasset;SN99763;02.11.2023 23:00;-10.6;-
Reindalspasset;SN99763;03.11.2023 00:00;-10.4;-
Reindalspasset;SN99763;03.11.2023 01:00;-10.3;-
Reindalspasset;SN99763;03.11.2023 02:00;-10.3;-
Reindalspasset;SN99763;03.11.2023 03:00;-10.4;-
Reindalspasset;SN99763;03.11.2023 04:00;-10.5;-
Reindalspasset;SN99763;03.11.2023 05:00;-10.7;-
Reindalspasset;SN99763;03.11.2023 06:00;-10.3;-
Reindalspasset;SN99763;03.11.2023 07:00;-10.3;-
Reindalspasset;SN99763;03.11.2023 08:00;-10.2;-
Reindalspasset;SN99763;03.11.2023 09:00;-9.7;-
Reindalspasset;SN99763;03.11.2023 10:00;-9.8;-
Reindalspasset;SN99763;03.11.2023 11:00;-9.9;-
Reindalspasset;SN99763;03.11.2023 12:00;-10.8;-
Reindalspasset;SN99763;03.11.2023 13:00;-10.7;-
Reindalspasset;SN99763;03.11.2023 14:00;-10.4;-
Reindalspasset;SN99763;03.11.2023 15:00;-10.2;-
Reindalspasset;SN99763;03.11.2023 16:00;-9.7;-
Reindalspasset;SN99763;03.11.2023 17:00;-9.7;-
Reindalspasset;SN99763;03.11.2023 18:00;-9.9;-
Reindalspasset;SN99763;03.11.2023 19:00;-9.6;-
Reindalspasset;SN99763;03.11.2023 20:00;-9.4;-
Reindalspasset;SN99763;03.11.2023 21:00;-9.2;-
Reindalspasset;SN99763;03.11.2023 22:00;-9.1;-
Reindalspasset;SN99763;03.11.2023 23:00;-9.1;-
Reindalspasset;SN99763;04.11.2023 00:00;-8.8;-
Reindalspasset;SN99763;04.11.2023 01:00;-9.9;-
Reindalspasset;SN99763;04.11.2023 02:00;-9.2;-
Reindalspasset;SN99763;04.11.2023 03:00;-9.6;-
Reindalspasset;SN99763;04.11.2023 04:00;-9.1;-
Reindalspasset;SN99763;04.11.2023 05:00;-7.8;-
Reindalspasset;SN99763;04.11.2023 06:00;-8.4;-
Reindalspasset;SN99763;04.11.2023 07:00;-8.7;-
Reindalspasset;SN99763;04.11.2023 08:00;-9.2;-
Reindalspasset;SN99763;04.11.2023 09:00;-9.6;-
Reindalspasset;SN99763;04.11.2023 10:00;-9.7;-
Reindalspasset;SN99763;04.11.2023 11:00;-9.8;-
Reindalspasset;SN99763;04.11.2023 12:00;-9.7;-
Reindalspasset;SN99763;04.11.2023 13:00;-10.2;-
Reindalspasset;SN99763;04.11.2023 14:00;-10.7;-
Reindalspasset;SN99763;04.11.2023 15:00;-10.6;-
Reindalspasset;SN99763;04.11.2023 16:00;-10.7;-
Reindalspasset;SN99763;04.11.2023 17:00;-10.8;-
Reindalspasset;SN99763;04.11.2023 18:00;-10.9;-
Reindalspasset;SN99763;04.11.2023 19:00;-10.9;-
Reindalspasset;SN99763;04.11.2023 20:00;-10.3;-
Reindalspasset;SN99763;04.11.2023 21:00;-10.3;-
Reindalspasset;SN99763;04.11.2023 22:00;-10.7;-
Reindalspasset;SN99763;04.11.2023 23:00;-10.6;-
Reindalspasset;SN99763;05.11.2023 00:00;-10.8;-
Reindalspasset;SN99763;05.11.2023 01:00;-10.6;-
Reindalspasset;SN99763;05.11.2023 02:00;-10.8;-
Reindalspasset;SN99763;05.11.2023 03:00;-10.8;-
Reindalspasset;SN99763;05.11.2023 04:00;-10.8;-
Reindalspasset;SN99763;05.11.2023 05:00;-10.5;-
Reindalspasset;SN99763;05.11.2023 06:00;-10.4;-
Reindalspasset;SN99763;05.11.2023 07:00;-10.4;-
Reindalspasset;SN99763;05.11.2023 08:00;-10.2;-
Reindalspasset;SN99763;05.11.2023 09:00;-10.3;-
Reindalspasset;SN99763;05.11.2023 10:00;-10.5;-
Reindalspasset;SN99763;05.11.2023 11:00;-10.7;-
Reindalspasset;SN99763;05.11.2023 12:00;-10.6;-
Reindalspasset;SN99763;05.11.2023 13:00;-10.9;-
Reindalspasset;SN99763;05.11.2023 14:00;-10.8;-
Reindalspasset;SN99763;05.11.2023 15:00;-11;-
Reindalspasset;SN99763;05.11.2023 16:00;-10.9;-
Reindalspasset;SN99763;05.11.2023 17:00;-11.1;-
Reindalspasset;SN99763;05.11.2023 18:00;-11.6;-
Reindalspasset;SN99763;05.11.2023 19:00;-12;-
Reindalspasset;SN99763;05.11.2023 20:00;-12.6;-
Reindalspasset;SN99763;05.11.2023 21:00;-12.6;-
Reindalspasset;SN99763;05.11.2023 22:00;-13.1;-
Reindalspasset;SN99763;05.11.2023 23:00;-14.1;-
Reindalspasset;SN99763;06.11.2023 00:00;-14.5;-
Reindalspasset;SN99763;06.11.2023 01:00;-14.4;-
Reindalspasset;SN99763;06.11.2023 02:00;-14.4;-
Reindalspasset;SN99763;06.11.2023 03:00;-12.2;-
Reindalspasset;SN99763;06.11.2023 04:00;-12.7;-
Reindalspasset;SN99763;06.11.2023 05:00;-14.7;-
Reindalspasset;SN99763;06.11.2023 06:00;-14.1;-
Reindalspasset;SN99763;06.11.2023 07:00;-14.1;-
Reindalspasset;SN99763;06.11.2023 08:00;-13.7;-
Reindalspasset;SN99763;06.11.2023 09:00;-14.8;-
Reindalspasset;SN99763;06.11.2023 10:00;-13.9;-
Reindalspasset;SN99763;06.11.2023 11:00;-14.9;-
Reindalspasset;SN99763;06.11.2023 12:00;-14.6;-
Reindalspasset;SN99763;06.11.2023 13:00;-15.4;-
Reindalspasset;SN99763;06.11.2023 14:00;-12.7;-
Reindalspasset;SN99763;06.11.2023 15:00;-13.6;-
Reindalspasset;SN99763;06.11.2023 16:00;-13.7;-
Reindalspasset;SN99763;06.11.2023 17:00;-15.2;-
Reindalspasset;SN99763;06.11.2023 18:00;-16.2;-
Reindalspasset;SN99763;06.11.2023 19:00;-17.6;-
Reindalspasset;SN99763;06.11.2023 20:00;-17.6;-
Reindalspasset;SN99763;06.11.2023 21:00;-18.2;-
Reindalspasset;SN99763;06.11.2023 22:00;-18.1;-
Reindalspasset;SN99763;06.11.2023 23:00;-18.3;-
Reindalspasset;SN99763;07.11.2023 00:00;-18.3;-
Reindalspasset;SN99763;07.11.2023 01:00;-19.1;-
Reindalspasset;SN99763;07.11.2023 02:00;-16.8;-
Reindalspasset;SN99763;07.11.2023 03:00;-16.9;-
Reindalspasset;SN99763;07.11.2023 04:00;-16.3;-
Reindalspasset;SN99763;07.11.2023 05:00;-16.6;-
Reindalspasset;SN99763;07.11.2023 06:00;-17.1;-
Reindalspasset;SN99763;07.11.2023 07:00;-16.1;-
Reindalspasset;SN99763;07.11.2023 08:00;-16.6;-
Reindalspasset;SN99763;07.11.2023 09:00;-16.7;-
Reindalspasset;SN99763;07.11.2023 10:00;-17;-
Reindalspasset;SN99763;07.11.2023 11:00;-17.6;-
Reindalspasset;SN99763;07.11.2023 12:00;-17.8;-
Reindalspasset;SN99763;07.11.2023 13:00;-17.7;-
Reindalspasset;SN99763;07.11.2023 14:00;-17.8;-
Reindalspasset;SN99763;07.11.2023 15:00;-18.2;-
Reindalspasset;SN99763;07.11.2023 16:00;-17.7;-
Reindalspasset;SN99763;07.11.2023 17:00;-17.3;-
Reindalspasset;SN99763;07.11.2023 18:00;-18.4;-
Reindalspasset;SN99763;07.11.2023 19:00;-19;-
Reindalspasset;SN99763;07.11.2023 20:00;-18.3;-
Reindalspasset;SN99763;07.11.2023 21:00;-17.9;-
Reindalspasset;SN99763;07.11.2023 22:00;-16.1;-
Reindalspasset;SN99763;07.11.2023 23:00;-15;-
Reindalspasset;SN99763;08.11.2023 00:00;-13.3;-
Reindalspasset;SN99763;08.11.2023 01:00;-13.1;-
Reindalspasset;SN99763;08.11.2023 02:00;-9.6;-
Reindalspasset;SN99763;08.11.2023 03:00;-9.4;-
Reindalspasset;SN99763;08.11.2023 04:00;-9;-
Reindalspasset;SN99763;08.11.2023 05:00;-8.5;-
Reindalspasset;SN99763;08.11.2023 06:00;-8.1;-
Reindalspasset;SN99763;08.11.2023 07:00;-9.4;-
Reindalspasset;SN99763;08.11.2023 08:00;-9.3;-
Reindalspasset;SN99763;08.11.2023 09:00;-10;-
Reindalspasset;SN99763;08.11.2023 10:00;-8.6;-
Reindalspasset;SN99763;08.11.2023 11:00;-6;-
Reindalspasset;SN99763;08.11.2023 12:00;-6.6;-
Reindalspasset;SN99763;08.11.2023 13:00;-6.6;-
Reindalspasset;SN99763;08.11.2023 14:00;-6.1;-
Reindalspasset;SN99763;08.11.2023 15:00;-6.4;-
Reindalspasset;SN99763;08.11.2023 16:00;-9.4;-
Reindalspasset;SN99763;08.11.2023 17:00;-8.7;-
Reindalspasset;SN99763;08.11.2023 18:00;-8.4;-
Reindalspasset;SN99763;08.11.2023 19:00;-7.9;-
Reindalspasset;SN99763;08.11.2023 20:00;-8;-
Reindalspasset;SN99763;08.11.2023 21:00;-7.4;-
Reindalspasset;SN99763;08.11.2023 22:00;-7.7;-
Reindalspasset;SN99763;08.11.2023 23:00;-8.1;-
Reindalspasset;SN99763;09.11.2023 00:00;-6.3;-
Reindalspasset;SN99763;09.11.2023 01:00;-5.6;-
Reindalspasset;SN99763;09.11.2023 02:00;-5.1;-
Reindalspasset;SN99763;09.11.2023 03:00;-5.3;-
Reindalspasset;SN99763;09.11.2023 04:00;-4.7;-
Reindalspasset;SN99763;09.11.2023 05:00;-5.2;-
Reindalspasset;SN99763;09.11.2023 06:00;-4.7;-
Reindalspasset;SN99763;09.11.2023 07:00;-3.6;-
Reindalspasset;SN99763;09.11.2023 08:00;-3.4;-
Reindalspasset;SN99763;09.11.2023 09:00;-4.1;-
Reindalspasset;SN99763;09.11.2023 10:00;-4;-
Reindalspasset;SN99763;09.11.2023 11:00;-3.9;-
Reindalspasset;SN99763;09.11.2023 12:00;-3.7;-
Reindalspasset;SN99763;09.11.2023 13:00;-3.4;-
Reindalspasset;SN99763;09.11.2023 14:00;-3.4;-
Reindalspasset;SN99763;09.11.2023 15:00;-3.1;-
Reindalspasset;SN99763;09.11.2023 16:00;-2.6;-
Reindalspasset;SN99763;09.11.2023 17:00;-2.8;-
Reindalspasset;SN99763;09.11.2023 18:00;-3.1;-
Reindalspasset;SN99763;09.11.2023 19:00;-3.4;-
Reindalspasset;SN99763;09.11.2023 20:00;-4.4;-
Reindalspasset;SN99763;09.11.2023 21:00;-5.1;-
Reindalspasset;SN99763;09.11.2023 22:00;-5.2;-
Reindalspasset;SN99763;09.11.2023 23:00;-5.4;-
Reindalspasset;SN99763;10.11.2023 00:00;-5.5;-
Reindalspasset;SN99763;10.11.2023 01:00;-6.3;-
Reindalspasset;SN99763;10.11.2023 02:00;-6.5;-
Reindalspasset;SN99763;10.11.2023 03:00;-6.7;-
Reindalspasset;SN99763;10.11.2023 04:00;-7.4;-
Reindalspasset;SN99763;10.11.2023 05:00;-8.1;-
Reindalspasset;SN99763;10.11.2023 06:00;-8;-
Reindalspasset;SN99763;10.11.2023 07:00;-7.9;-
Reindalspasset;SN99763;10.11.2023 08:00;-8.3;-
Reindalspasset;SN99763;10.11.2023 09:00;-8.4;-
Reindalspasset;SN99763;10.11.2023 10:00;-8.7;-
Reindalspasset;SN99763;10.11.2023 11:00;-9.1;-
Reindalspasset;SN99763;10.11.2023 12:00;-9.4;-
Reindalspasset;SN99763;10.11.2023 13:00;-9.3;-
Reindalspasset;SN99763;10.11.2023 14:00;-9.3;-
Reindalspasset;SN99763;10.11.2023 15:00;-9.8;-
Reindalspasset;SN99763;10.11.2023 16:00;-10;-
Reindalspasset;SN99763;10.11.2023 17:00;-10.1;-
Reindalspasset;SN99763;10.11.2023 18:00;-10.2;-
Reindalspasset;SN99763;10.11.2023 19:00;-10.4;-
Reindalspasset;SN99763;10.11.2023 20:00;-10.5;-
Reindalspasset;SN99763;10.11.2023 21:00;-10.6;-
Reindalspasset;SN99763;10.11.2023 22:00;-10.6;-
Reindalspasset;SN99763;10.11.2023 23:00;-12.1;-
Reindalspasset;SN99763;11.11.2023 00:00;-13.4;-
Reindalspasset;SN99763;11.11.2023 01:00;-15.5;-
Reindalspasset;SN99763;11.11.2023 02:00;-16.6;-
Reindalspasset;SN99763;11.11.2023 03:00;-16.6;-
Reindalspasset;SN99763;11.11.2023 04:00;-16.7;-
Reindalspasset;SN99763;11.11.2023 05:00;-15.7;-
Reindalspasset;SN99763;11.11.2023 06:00;-16.4;-
Reindalspasset;SN99763;11.11.2023 07:00;-15.3;-
Reindalspasset;SN99763;11.11.2023 08:00;-12.7;-
Reindalspasset;SN99763;11.11.2023 09:00;-11.6;-
Reindalspasset;SN99763;11.11.2023 10:00;-11.1;-
Reindalspasset;SN99763;11.11.2023 11:00;-11.5;-
Reindalspasset;SN99763;11.11.2023 12:00;-11.3;-
Reindalspasset;SN99763;11.11.2023 13:00;-11.5;-
Reindalspasset;SN99763;11.11.2023 14:00;-11.7;-
Reindalspasset;SN99763;11.11.2023 15:00;-11.3;-
Reindalspasset;SN99763;11.11.2023 16:00;-10.7;-
Reindalspasset;SN99763;11.11.2023 17:00;-10.9;-
Reindalspasset;SN99763;11.11.2023 18:00;-10.5;-
Reindalspasset;SN99763;11.11.2023 19:00;-9.1;-
Reindalspasset;SN99763;11.11.2023 20:00;-9.6;-
Reindalspasset;SN99763;11.11.2023 21:00;-8;-
Reindalspasset;SN99763;11.11.2023 22:00;-6.3;-
Reindalspasset;SN99763;11.11.2023 23:00;-6.7;-
Reindalspasset;SN99763;12.11.2023 00:00;-6.6;-
Reindalspasset;SN99763;12.11.2023 01:00;-6.8;-
Reindalspasset;SN99763;12.11.2023 02:00;-7.6;-
Reindalspasset;SN99763;12.11.2023 03:00;-7.9;-
Reindalspasset;SN99763;12.11.2023 04:00;-7.1;-
Reindalspasset;SN99763;12.11.2023 05:00;-5;-
Reindalspasset;SN99763;12.11.2023 06:00;-5.4;-
Reindalspasset;SN99763;12.11.2023 07:00;-5.3;-
Reindalspasset;SN99763;12.11.2023 08:00;-5.7;-
Reindalspasset;SN99763;12.11.2023 09:00;-5.7;-
Reindalspasset;SN99763;12.11.2023 10:00;-8.6;-
Reindalspasset;SN99763;12.11.2023 11:00;-7.8;-
Reindalspasset;SN99763;12.11.2023 12:00;-7.5;-
Reindalspasset;SN99763;12.11.2023 13:00;-7;-
Reindalspasset;SN99763;12.11.2023 14:00;-6.1;-
Reindalspasset;SN99763;12.11.2023 15:00;-7.3;-
Reindalspasset;SN99763;12.11.2023 16:00;-8.1;-
Reindalspasset;SN99763;12.11.2023 17:00;-9.3;-
Reindalspasset;SN99763;12.11.2023 18:00;-9.7;-
Reindalspasset;SN99763;12.11.2023 19:00;-9.2;-
Reindalspasset;SN99763;12.11.2023 20:00;-9.3;-
Reindalspasset;SN99763;12.11.2023 21:00;-9.5;-
Reindalspasset;SN99763;12.11.2023 22:00;-9.4;-
Reindalspasset;SN99763;12.11.2023 23:00;-8.9;-
Reindalspasset;SN99763;13.11.2023 00:00;-9.4;-
Reindalspasset;SN99763;13.11.2023 01:00;-7.8;-
Reindalspasset;SN99763;13.11.2023 02:00;-6.2;-
Reindalspasset;SN99763;13.11.2023 03:00;-6;-
Reindalspasset;SN99763;13.11.2023 04:00;-7;-
Reindalspasset;SN99763;13.11.2023 05:00;-7.9;-
Reindalspasset;SN99763;13.11.2023 06:00;-7.8;-
Reindalspasset;SN99763;13.11.2023 07:00;-8.7;-
Reindalspasset;SN99763;13.11.2023 08:00;-8.7;-
Reindalspasset;SN99763;13.11.2023 09:00;-9;-
Reindalspasset;SN99763;13.11.2023 10:00;-9.3;-
Reindalspasset;SN99763;13.11.2023 11:00;-9.6;-
Reindalspasset;SN99763;13.11.2023 12:00;-9.7;-
Reindalspasset;SN99763;13.11.2023 13:00;-10.5;-
Reindalspasset;SN99763;13.11.2023 14:00;-11;-
Reindalspasset;SN99763;13.11.2023 15:00;-11.6;-
Reindalspasset;SN99763;13.11.2023 16:00;-11.5;-
Reindalspasset;SN99763;13.11.2023 17:00;-11.5;-
Reindalspasset;SN99763;13.11.2023 18:00;-11.4;-
Reindalspasset;SN99763;13.11.2023 19:00;-11.5;-
Reindalspasset;SN99763;13.11.2023 20:00;-11.4;-
Reindalspasset;SN99763;13.11.2023 21:00;-11.3;-
Reindalspasset;SN99763;13.11.2023 22:00;-11.2;-
Reindalspasset;SN99763;13.11.2023 23:00;-10.9;-
Reindalspasset;SN99763;14.11.2023 00:00;-10.9;-
Reindalspasset;SN99763;14.11.2023 01:00;-11.3;-
Reindalspasset;SN99763;14.11.2023 02:00;-11.2;-
Reindalspasset;SN99763;14.11.2023 03:00;-11.2;-
Reindalspasset;SN99763;14.11.2023 04:00;-11.5;-
Reindalspasset;SN99763;14.11.2023 05:00;-11.7;-
Reindalspasset;SN99763;14.11.2023 06:00;-11.9;-
Reindalspasset;SN99763;14.11.2023 07:00;-12;-
Reindalspasset;SN99763;14.11.2023 08:00;-12.1;-
Reindalspasset;SN99763;14.11.2023 09:00;-12.1;-
Reindalspasset;SN99763;14.11.2023 10:00;-12.2;-
Reindalspasset;SN99763;14.11.2023 11:00;-12.4;-
Reindalspasset;SN99763;14.11.2023 12:00;-12.5;-
Reindalspasset;SN99763;14.11.2023 13:00;-12.6;-
Reindalspasset;SN99763;14.11.2023 14:00;-12.5;-
Reindalspasset;SN99763;14.11.2023 15:00;-13;-
Reindalspasset;SN99763;14.11.2023 16:00;-13;-
Reindalspasset;SN99763;14.11.2023 17:00;-13;-
Reindalspasset;SN99763;14.11.2023 18:00;-12.9;-
Reindalspasset;SN99763;14.11.2023 19:00;-13.1;-
Reindalspasset;SN99763;14.11.2023 20:00;-12.9;-
Reindalspasset;SN99763;14.11.2023 21:00;-12.9;-
Reindalspasset;SN99763;14.11.2023 22:00;-13;-
Reindalspasset;SN99763;14.11.2023 23:00;-13.1;-
Reindalspasset;SN99763;15.11.2023 00:00;-13.8;-
Reindalspasset;SN99763;15.11.2023 01:00;-13.9;-
Reindalspasset;SN99763;15.11.2023 02:00;-14;-
Reindalspasset;SN99763;15.11.2023 03:00;-14.9;-
Reindalspasset;SN99763;15.11.2023 04:00;-15.9;-
Reindalspasset;SN99763;15.11.2023 05:00;-17.3;-
Reindalspasset;SN99763;15.11.2023 06:00;-17.8;-
Reindalspasset;SN99763;15.11.2023 07:00;-19.1;-
Reindalspasset;SN99763;15.11.2023 08:00;-18.6;-
Reindalspasset;SN99763;15.11.2023 09:00;-19;-
Reindalspasset;SN99763;15.11.2023 10:00;-17.9;-
Reindalspasset;SN99763;15.11.2023 11:00;-20;-
Reindalspasset;SN99763;15.11.2023 12:00;-18.8;-
Reindalspasset;SN99763;15.11.2023 13:00;-19.5;-
Reindalspasset;SN99763;15.11.2023 14:00;-19.9;-
Reindalspasset;SN99763;15.11.2023 15:00;-20.8;-
Reindalspasset;SN99763;15.11.2023 16:00;-19.4;-
Reindalspasset;SN99763;15.11.2023 17:00;-19.9;-
Reindalspasset;SN99763;15.11.2023 18:00;-20.9;-
Reindalspasset;SN99763;15.11.2023 19:00;-20;-
Reindalspasset;SN99763;15.11.2023 20:00;-20.5;-
Reindalspasset;SN99763;15.11.2023 21:00;-20.8;-
Reindalspasset;SN99763;15.11.2023 22:00;-21;-
Reindalspasset;SN99763;15.11.2023 23:00;-22.4;-
Reindalspasset;SN99763;16.11.2023 00:00;-21.2;-
Reindalspasset;SN99763;16.11.2023 01:00;-21.5;-
Reindalspasset;SN99763;16.11.2023 02:00;-21.8;-
Reindalspasset;SN99763;16.11.2023 03:00;-20.9;-
Reindalspasset;SN99763;16.11.2023 04:00;-21.4;-
Reindalspasset;SN99763;16.11.2023 05:00;-17.7;-
Reindalspasset;SN99763;16.11.2023 06:00;-14.2;-
Reindalspasset;SN99763;16.11.2023 07:00;-13.5;-
Reindalspasset;SN99763;16.11.2023 08:00;-12.6;-
Reindalspasset;SN99763;16.11.2023 09:00;-11.7;-
Reindalspasset;SN99763;16.11.2023 10:00;-12.6;-
Reindalspasset;SN99763;16.11.2023 11:00;-13.5;-
Reindalspasset;SN99763;16.11.2023 12:00;-12.5;-
Reindalspasset;SN99763;16.11.2023 13:00;-12.6;-
Reindalspasset;SN99763;16.11.2023 14:00;-12.5;-
Reindalspasset;SN99763;16.11.2023 15:00;-12.5;-
Reindalspasset;SN99763;16.11.2023 16:00;-12.6;-
Reindalspasset;SN99763;16.11.2023 17:00;-13.1;-
Reindalspasset;SN99763;16.11.2023 18:00;-13.4;-
Reindalspasset;SN99763;16.11.2023 19:00;-13.8;-
Reindalspasset;SN99763;16.11.2023 20:00;-13.9;-
Reindalspasset;SN99763;16.11.2023 21:00;-16.3;-
Reindalspasset;SN99763;16.11.2023 22:00;-15.4;-
Reindalspasset;SN99763;16.11.2023 23:00;-13.4;-
Reindalspasset;SN99763;17.11.2023 00:00;-12.6;-
Reindalspasset;SN99763;17.11.2023 01:00;-12.6;-
Reindalspasset;SN99763;17.11.2023 02:00;-12.8;-
Reindalspasset;SN99763;17.11.2023 03:00;-15.8;-
Reindalspasset;SN99763;17.11.2023 04:00;-15.2;-
Reindalspasset;SN99763;17.11.2023 05:00;-14.7;-
Reindalspasset;SN99763;17.11.2023 06:00;-15;-
Reindalspasset;SN99763;17.11.2023 07:00;-17.2;-
Reindalspasset;SN99763;17.11.2023 08:00;-18.6;-
Reindalspasset;SN99763;17.11.2023 09:00;-19.5;-
Reindalspasset;SN99763;17.11.2023 10:00;-17.9;-
Reindalspasset;SN99763;17.11.2023 11:00;-19.3;-
Reindalspasset;SN99763;17.11.2023 12:00;-18.1;-
Reindalspasset;SN99763;17.11.2023 13:00;-17.3;-
Reindalspasset;SN99763;17.11.2023 14:00;-16.6;-
Reindalspasset;SN99763;17.11.2023 15:00;-16.3;-
Reindalspasset;SN99763;17.11.2023 16:00;-14.7;-
Reindalspasset;SN99763;17.11.2023 17:00;-14.5;-
Reindalspasset;SN99763;17.11.2023 18:00;-14.4;-
Reindalspasset;SN99763;17.11.2023 19:00;-13.4;-
Reindalspasset;SN99763;17.11.2023 20:00;-13.7;-
Reindalspasset;SN99763;17.11.2023 21:00;-13.8;-
Reindalspasset;SN99763;17.11.2023 22:00;-13.6;-
Reindalspasset;SN99763;17.11.2023 23:00;-13.4;-
Reindalspasset;SN99763;18.11.2023 00:00;-13.3;-
Reindalspasset;SN99763;18.11.2023 01:00;-14;-
Reindalspasset;SN99763;18.11.2023 02:00;-14.1;-
Reindalspasset;SN99763;18.11.2023 03:00;-13.9;-
Reindalspasset;SN99763;18.11.2023 04:00;-15.2;-
Reindalspasset;SN99763;18.11.2023 05:00;-16.2;-
Reindalspasset;SN99763;18.11.2023 06:00;-17.3;-
Reindalspasset;SN99763;18.11.2023 07:00;-17.5;-
Reindalspasset;SN99763;18.11.2023 08:00;-18;-
Reindalspasset;SN99763;18.11.2023 09:00;-18.6;-
Reindalspasset;SN99763;18.11.2023 10:00;-18.3;-
Reindalspasset;SN99763;18.11.2023 11:00;-18.4;-
Reindalspasset;SN99763;18.11.2023 12:00;-20.3;-
Reindalspasset;SN99763;18.11.2023 13:00;-19.2;-
Reindalspasset;SN99763;18.11.2023 14:00;-20.9;-
Reindalspasset;SN99763;18.11.2023 15:00;-20.4;-
Reindalspasset;SN99763;18.11.2023 16:00;-21;-
Reindalspasset;SN99763;18.11.2023 17:00;-20.4;-
Reindalspasset;SN99763;18.11.2023 18:00;-20.2;-
Reindalspasset;SN99763;18.11.2023 19:00;-20;-
Reindalspasset;SN99763;18.11.2023 20:00;-17.8;-
Reindalspasset;SN99763;18.11.2023 21:00;-17.3;-
Reindalspasset;SN99763;18.11.2023 22:00;-16.4;-
Reindalspasset;SN99763;18.11.2023 23:00;-17.4;-
Reindalspasset;SN99763;19.11.2023 00:00;-17.7;-
Reindalspasset;SN99763;19.11.2023 01:00;-19.3;-
Reindalspasset;SN99763;19.11.2023 02:00;-21.1;-
Reindalspasset;SN99763;19.11.2023 03:00;-20.7;-
Reindalspasset;SN99763;19.11.2023 04:00;-20.1;-
Reindalspasset;SN99763;19.11.2023 05:00;-22.1;-
Reindalspasset;SN99763;19.11.2023 06:00;-20.5;-
Reindalspasset;SN99763;19.11.2023 07:00;-19.7;-
Reindalspasset;SN99763;19.11.2023 08:00;-18.5;-
Reindalspasset;SN99763;19.11.2023 09:00;-17.9;-
Reindalspasset;SN99763;19.11.2023 10:00;-17.6;-
Reindalspasset;SN99763;19.11.2023 11:00;-17.6;-
Reindalspasset;SN99763;19.11.2023 12:00;-18.8;-
Reindalspasset;SN99763;19.11.2023 13:00;-19.1;-
Reindalspasset;SN99763;19.11.2023 14:00;-18.4;-
Reindalspasset;SN99763;19.11.2023 15:00;-16.7;-
Reindalspasset;SN99763;19.11.2023 16:00;-16.8;-
Reindalspasset;SN99763;19.11.2023 17:00;-15.1;-
Reindalspasset;SN99763;19.11.2023 18:00;-13.9;-
Reindalspasset;SN99763;19.11.2023 19:00;-13.3;-
Reindalspasset;SN99763;19.11.2023 20:00;-13.4;-
Reindalspasset;SN99763;19.11.2023 21:00;-12.8;-
Reindalspasset;SN99763;19.11.2023 22:00;-12.9;-
Reindalspasset;SN99763;19.11.2023 23:00;-12.1;-
Reindalspasset;SN99763;20.11.2023 00:00;-11.4;-
Reindalspasset;SN99763;20.11.2023 01:00;-11.2;-
Reindalspasset;SN99763;20.11.2023 02:00;-10.6;-
Reindalspasset;SN99763;20.11.2023 03:00;-7.8;-
Reindalspasset;SN99763;20.11.2023 04:00;-6.9;-
Reindalspasset;SN99763;20.11.2023 05:00;-6.4;-
Reindalspasset;SN99763;20.11.2023 06:00;-6.4;-
Reindalspasset;SN99763;20.11.2023 07:00;-5.8;-
Reindalspasset;SN99763;20.11.2023 08:00;-5.2;-
Reindalspasset;SN99763;20.11.2023 09:00;-5.2;-
Reindalspasset;SN99763;20.11.2023 10:00;-4.7;-
Reindalspasset;SN99763;20.11.2023 11:00;-4.6;-
Reindalspasset;SN99763;20.11.2023 12:00;-3.9;-
Reindalspasset;SN99763;20.11.2023 13:00;-3.9;-
Reindalspasset;SN99763;20.11.2023 14:00;-3.7;-
Reindalspasset;SN99763;20.11.2023 15:00;-4.1;-
Reindalspasset;SN99763;20.11.2023 16:00;-4.4;-
Reindalspasset;SN99763;20.11.2023 17:00;-3.4;-
Reindalspasset;SN99763;20.11.2023 18:00;-4;-
Reindalspasset;SN99763;20.11.2023 19:00;-2.6;-
Reindalspasset;SN99763;20.11.2023 20:00;-2.5;-
Reindalspasset;SN99763;20.11.2023 21:00;-3.5;-
Reindalspasset;SN99763;20.11.2023 22:00;-3.4;-
Reindalspasset;SN99763;20.11.2023 23:00;-2.5;-
Reindalspasset;SN99763;21.11.2023 00:00;-3.3;-
Reindalspasset;SN99763;21.11.2023 01:00;-3.1;-
Reindalspasset;SN99763;21.11.2023 02:00;-2.1;-
Reindalspasset;SN99763;21.11.2023 03:00;-1.8;-
Reindalspasset;SN99763;21.11.2023 04:00;-1.4;-
Reindalspasset;SN99763;21.11.2023 05:00;-1.5;-
Reindalspasset;SN99763;21.11.2023 06:00;-1.2;-
Reindalspasset;SN99763;21.11.2023 07:00;-1.7;-
Reindalspasset;SN99763;21.11.2023 08:00;-1.2;-
Reindalspasset;SN99763;21.11.2023 09:00;-0.6;-
Reindalspasset;SN99763;21.11.2023 10:00;-0.8;-
Reindalspasset;SN99763;21.11.2023 11:00;-0.3;-
Reindalspasset;SN99763;21.11.2023 12:00;-1.3;-
Reindalspasset;SN99763;21.11.2023 13:00;-0.7;-
Reindalspasset;SN99763;21.11.2023 14:00;-1.3;-
Reindalspasset;SN99763;21.11.2023 15:00;-1.6;-
Reindalspasset;SN99763;21.11.2023 16:00;-1.4;-
Reindalspasset;SN99763;21.11.2023 17:00;-1.5;-
Reindalspasset;SN99763;21.11.2023 18:00;-1.6;-
Reindalspasset;SN99763;21.11.2023 19:00;-0.9;-
Reindalspasset;SN99763;21.11.2023 20:00;-1;-
Reindalspasset;SN99763;21.11.2023 21:00;0.3;-
Reindalspasset;SN99763;21.11.2023 22:00;-0.3;-
Reindalspasset;SN99763;21.11.2023 23:00;1.8;-
Reindalspasset;SN99763;22.11.2023 00:00;2.9;-
Reindalspasset;SN99763;22.11.2023 01:00;3.1;-
Reindalspasset;SN99763;22.11.2023 02:00;3;-
Reindalspasset;SN99763;22.11.2023 03:00;3;-
Reindalspasset;SN99763;22.11.2023 04:00;3.1;-
Reindalspasset;SN99763;22.11.2023 05:00;2.8;-
Reindalspasset;SN99763;22.11.2023 06:00;2.2;-
Reindalspasset;SN99763;22.11.2023 07:00;1.6;-
Reindalspasset;SN99763;22.11.2023 08:00;1.1;-
Reindalspasset;SN99763;22.11.2023 09:00;0.7;-
Reindalspasset;SN99763;22.11.2023 10:00;0.2;-
Reindalspasset;SN99763;22.11.2023 11:00;-0.2;-
Reindalspasset;SN99763;22.11.2023 12:00;-0.3;-
Reindalspasset;SN99763;22.11.2023 13:00;-0.4;-
Reindalspasset;SN99763;22.11.2023 14:00;-0.3;-
Reindalspasset;SN99763;22.11.2023 15:00;-0.6;-
Reindalspasset;SN99763;22.11.2023 16:00;-1;-
Reindalspasset;SN99763;22.11.2023 17:00;-1.3;-
Reindalspasset;SN99763;22.11.2023 18:00;-1.4;-
Reindalspasset;SN99763;22.11.2023 19:00;-1.1;-
Reindalspasset;SN99763;22.11.2023 20:00;-1.1;-
Reindalspasset;SN99763;22.11.2023 21:00;-1.1;-
Reindalspasset;SN99763;22.11.2023 22:00;-1.3;-
Reindalspasset;SN99763;22.11.2023 23:00;-1.5;-
Reindalspasset;SN99763;23.11.2023 00:00;-1.6;-
Reindalspasset;SN99763;23.11.2023 01:00;-1.6;-
Reindalspasset;SN99763;23.11.2023 02:00;-1.8;-
Reindalspasset;SN99763;23.11.2023 03:00;-2;-
Reindalspasset;SN99763;23.11.2023 04:00;-2.3;-
Reindalspasset;SN99763;23.11.2023 05:00;-2.5;-
Reindalspasset;SN99763;23.11.2023 06:00;-2.3;-
Reindalspasset;SN99763;23.11.2023 07:00;-2.5;-
Reindalspasset;SN99763;23.11.2023 08:00;-2.4;-
Reindalspasset;SN99763;23.11.2023 09:00;-2.2;-
Reindalspasset;SN99763;23.11.2023 10:00;-2.2;-
Reindalspasset;SN99763;23.11.2023 11:00;-2.5;-
Reindalspasset;SN99763;23.11.2023 12:00;-2.5;-
Reindalspasset;SN99763;23.11.2023 13:00;-2.5;-
Reindalspasset;SN99763;23.11.2023 14:00;-2.4;-
Reindalspasset;SN99763;23.11.2023 15:00;-2.9;-
Reindalspasset;SN99763;23.11.2023 16:00;-3.1;-
Reindalspasset;SN99763;23.11.2023 17:00;-3.4;-
Reindalspasset;SN99763;23.11.2023 18:00;-3.2;-
Reindalspasset;SN99763;23.11.2023 19:00;-3.2;-
Reindalspasset;SN99763;23.11.2023 20:00;-3.3;-
Reindalspasset;SN99763;23.11.2023 21:00;-3.4;-
Reindalspasset;SN99763;23.11.2023 22:00;-4.1;-
Reindalspasset;SN99763;23.11.2023 23:00;-4.2;-
Reindalspasset;SN99763;24.11.2023 00:00;-3.7;-
Reindalspasset;SN99763;24.11.2023 01:00;-6.2;-
Reindalspasset;SN99763;24.11.2023 02:00;-6.9;-
Reindalspasset;SN99763;24.11.2023 03:00;-8.8;-
Reindalspasset;SN99763;24.11.2023 04:00;-10.4;-
Reindalspasset;SN99763;24.11.2023 05:00;-10.6;-
Reindalspasset;SN99763;24.11.2023 06:00;-10.7;-
Reindalspasset;SN99763;24.11.2023 07:00;-12.5;-
Reindalspasset;SN99763;24.11.2023 08:00;-10.9;-
Reindalspasset;SN99763;24.11.2023 09:00;-9.8;-
Reindalspasset;SN99763;24.11.2023 10:00;-8.6;-
Reindalspasset;SN99763;24.11.2023 11:00;-9.3;-
Reindalspasset;SN99763;24.11.2023 12:00;-6.8;-
Reindalspasset;SN99763;24.11.2023 13:00;-5.3;-
Reindalspasset;SN99763;24.11.2023 14:00;-4.9;-
Reindalspasset;SN99763;24.11.2023 15:00;-5;-
Reindalspasset;SN99763;24.11.2023 16:00;-5.1;-
Reindalspasset;SN99763;24.11.2023 17:00;-5.2;-
Reindalspasset;SN99763;24.11.2023 18:00;-5.1;-
Reindalspasset;SN99763;24.11.2023 19:00;-4.8;-
Reindalspasset;SN99763;24.11.2023 20:00;-5.2;-
Reindalspasset;SN99763;24.11.2023 21:00;-5.3;-
Reindalspasset;SN99763;24.11.2023 22:00;-4.9;-
Reindalspasset;SN99763;24.11.2023 23:00;-5.4;-
Reindalspasset;SN99763;25.11.2023 00:00;-5.2;-
Reindalspasset;SN99763;25.11.2023 01:00;-5.4;-
Reindalspasset;SN99763;25.11.2023 02:00;-6.1;-
Reindalspasset;SN99763;25.11.2023 03:00;-6;-
Reindalspasset;SN99763;25.11.2023 04:00;-6.3;-
Reindalspasset;SN99763;25.11.2023 05:00;-6.6;-
Reindalspasset;SN99763;25.11.2023 06:00;-6.8;-
Reindalspasset;SN99763;25.11.2023 07:00;-7;-
Reindalspasset;SN99763;25.11.2023 08:00;-7.1;-
Reindalspasset;SN99763;25.11.2023 09:00;-7.4;-
Reindalspasset;SN99763;25.11.2023 10:00;-7.7;-
Reindalspasset;SN99763;25.11.2023 11:00;-7.9;-
Reindalspasset;SN99763;25.11.2023 12:00;-8;-
Reindalspasset;SN99763;25.11.2023 13:00;-7.9;-
Reindalspasset;SN99763;25.11.2023 14:00;-8.1;-
Reindalspasset;SN99763;25.11.2023 15:00;-8.1;-
Reindalspasset;SN99763;25.11.2023 16:00;-8.2;-
Reindalspasset;SN99763;25.11.2023 17:00;-8.4;-
Reindalspasset;SN99763;25.11.2023 18:00;-9.3;-
Reindalspasset;SN99763;25.11.2023 19:00;-8.7;-
Reindalspasset;SN99763;25.11.2023 20:00;-8.5;-
Reindalspasset;SN99763;25.11.2023 21:00;-7.8;-
Reindalspasset;SN99763;25.11.2023 22:00;-9.3;-
Reindalspasset;SN99763;25.11.2023 23:00;-9.1;-
Reindalspasset;SN99763;26.11.2023 00:00;-8.2;-
Reindalspasset;SN99763;26.11.2023 01:00;-8.1;-
Reindalspasset;SN99763;26.11.2023 02:00;-8.3;-
Reindalspasset;SN99763;26.11.2023 03:00;-8.5;-
Reindalspasset;SN99763;26.11.2023 04:00;-9.7;-
Reindalspasset;SN99763;26.11.2023 05:00;-10.3;-
Reindalspasset;SN99763;26.11.2023 06:00;-9.6;-
Reindalspasset;SN99763;26.11.2023 07:00;-9.3;-
Reindalspasset;SN99763;26.11.2023 08:00;-8.9;-
Reindalspasset;SN99763;26.11.2023 09:00;-8.2;-
Reindalspasset;SN99763;26.11.2023 10:00;-8.2;-
Reindalspasset;SN99763;26.11.2023 11:00;-8.2;-
Reindalspasset;SN99763;26.11.2023 12:00;-7.5;-
Reindalspasset;SN99763;26.11.2023 13:00;-6.9;-
Reindalspasset;SN99763;26.11.2023 14:00;-5.7;-
Reindalspasset;SN99763;26.11.2023 15:00;-5.5;-
Reindalspasset;SN99763;26.11.2023 16:00;-5.3;-
Reindalspasset;SN99763;26.11.2023 17:00;-5.1;-
Reindalspasset;SN99763;26.11.2023 18:00;-2.2;-
Reindalspasset;SN99763;26.11.2023 19:00;-2.2;-
Reindalspasset;SN99763;26.11.2023 20:00;-1.6;-
Reindalspasset;SN99763;26.11.2023 21:00;-2.1;-
Reindalspasset;SN99763;26.11.2023 22:00;-2;-
Reindalspasset;SN99763;26.11.2023 23:00;-2;-
Reindalspasset;SN99763;27.11.2023 00:00;-0.4;-
Reindalspasset;SN99763;27.11.2023 01:00;-0.4;-
Reindalspasset;SN99763;27.11.2023 02:00;0.1;-
Reindalspasset;SN99763;27.11.2023 03:00;0;-
Reindalspasset;SN99763;27.11.2023 04:00;0.5;-
Reindalspasset;SN99763;27.11.2023 05:00;1.3;-
Reindalspasset;SN99763;27.11.2023 06:00;0.7;-
Reindalspasset;SN99763;27.11.2023 07:00;0.9;-
Reindalspasset;SN99763;27.11.2023 08:00;0.7;-
Reindalspasset;SN99763;27.11.2023 09:00;0.6;-
Reindalspasset;SN99763;27.11.2023 10:00;1.2;-
Reindalspasset;SN99763;27.11.2023 11:00;0.4;-
Reindalspasset;SN99763;27.11.2023 12:00;1;-
Reindalspasset;SN99763;27.11.2023 13:00;0.6;-
Reindalspasset;SN99763;27.11.2023 14:00;0.4;-
Reindalspasset;SN99763;27.11.2023 15:00;0.7;-
Reindalspasset;SN99763;27.11.2023 16:00;1.1;-
Reindalspasset;SN99763;27.11.2023 17:00;1.6;-
Reindalspasset;SN99763;27.11.2023 18:00;1.3;-
Reindalspasset;SN99763;27.11.2023 19:00;1.5;-
Reindalspasset;SN99763;27.11.2023 20:00;1.1;-
Reindalspasset;SN99763;27.11.2023 21:00;0.9;-
Reindalspasset;SN99763;27.11.2023 22:00;1.1;-
Reindalspasset;SN99763;27.11.2023 23:00;1.2;-
Reindalspasset;SN99763;28.11.2023 00:00;0.7;-
Reindalspasset;SN99763;28.11.2023 01:00;1.5;-
Reindalspasset;SN99763;28.11.2023 02:00;1;-
Reindalspasset;SN99763;28.11.2023 03:00;1.2;-
Reindalspasset;SN99763;28.11.2023 04:00;1;-
Reindalspasset;SN99763;28.11.2023 05:00;1.1;-
Reindalspasset;SN99763;28.11.2023 06:00;0.8;-
Reindalspasset;SN99763;28.11.2023 07:00;1.2;-
Reindalspasset;SN99763;28.11.2023 08:00;1;-
Reindalspasset;SN99763;28.11.2023 09:00;1;-
Reindalspasset;SN99763;28.11.2023 10:00;1.3;-
Reindalspasset;SN99763;28.11.2023 11:00;1.1;-
Reindalspasset;SN99763;28.11.2023 12:00;1.1;-
Reindalspasset;SN99763;28.11.2023 13:00;1;-
Reindalspasset;SN99763;28.11.2023 14:00;0.8;-
Reindalspasset;SN99763;28.11.2023 15:00;1.1;-
Reindalspasset;SN99763;28.11.2023 16:00;0.9;-
Reindalspasset;SN99763;28.11.2023 17:00;0.7;-
Reindalspasset;SN99763;28.11.2023 18:00;0.9;-
Reindalspasset;SN99763;28.11.2023 20:00;0.6;-
Reindalspasset;SN99763;28.11.2023 21:00;0.4;-
Reindalspasset;SN99763;28.11.2023 22:00;0.1;-
Reindalspasset;SN99763;28.11.2023 23:00;-0.3;-
Reindalspasset;SN99763;29.11.2023 00:00;0.2;-
Reindalspasset;SN99763;29.11.2023 01:00;-0.3;-
Reindalspasset;SN99763;29.11.2023 02:00;-0.9;-
Reindalspasset;SN99763;29.11.2023 03:00;-0.8;-
Reindalspasset;SN99763;29.11.2023 04:00;-0.5;-
Reindalspasset;SN99763;29.11.2023 05:00;-0.6;-
Reindalspasset;SN99763;29.11.2023 06:00;-0.6;-
Reindalspasset;SN99763;29.11.2023 07:00;-1.3;-
Reindalspasset;SN99763;29.11.2023 08:00;-1.7;-
Reindalspasset;SN99763;29.11.2023 09:00;-1.3;-
Reindalspasset;SN99763;29.11.2023 10:00;-1.3;-
Reindalspasset;SN99763;29.11.2023 11:00;-0.3;-
Reindalspasset;SN99763;29.11.2023 12:00;-0.5;-
Reindalspasset;SN99763;29.11.2023 13:00;-0.8;-
Reindalspasset;SN99763;29.11.2023 14:00;-1.5;-
Reindalspasset;SN99763;29.11.2023 15:00;-2.6;-
Reindalspasset;SN99763;29.11.2023 16:00;-2.6;-
Reindalspasset;SN99763;29.11.2023 17:00;-3.3;-
Reindalspasset;SN99763;29.11.2023 18:00;-3.7;-
Reindalspasset;SN99763;29.11.2023 19:00;-4.1;-
Reindalspasset;SN99763;29.11.2023 20:00;-4.6;-
Reindalspasset;SN99763;29.11.2023 21:00;-4.7;-
Reindalspasset;SN99763;29.11.2023 22:00;-4.8;-
Reindalspasset;SN99763;29.11.2023 23:00;-5.1;-
Reindalspasset;SN99763;30.11.2023 00:00;-5.3;-
Reindalspasset;SN99763;30.11.2023 01:00;-5.7;-
Reindalspasset;SN99763;30.11.2023 02:00;-5.9;-
Reindalspasset;SN99763;30.11.2023 03:00;-6.4;-
Reindalspasset;SN99763;30.11.2023 04:00;-6.5;-
Reindalspasset;SN99763;30.11.2023 05:00;-6.6;-
Reindalspasset;SN99763;30.11.2023 06:00;-6.7;-
Reindalspasset;SN99763;30.11.2023 07:00;-6.8;-
Reindalspasset;SN99763;30.11.2023 08:00;-7;-
Reindalspasset;SN99763;30.11.2023 09:00;-7.4;-
Reindalspasset;SN99763;30.11.2023 10:00;-7.5;-
Reindalspasset;SN99763;30.11.2023 11:00;-7.8;-
Reindalspasset;SN99763;30.11.2023 12:00;-7.9;-
Reindalspasset;SN99763;30.11.2023 13:00;-8.1;-
Reindalspasset;SN99763;30.11.2023 14:00;-8.4;-
Reindalspasset;SN99763;30.11.2023 15:00;-8.5;-
Reindalspasset;SN99763;30.11.2023 16:00;-8.7;-
Reindalspasset;SN99763;30.11.2023 17:00;-8.8;-
Reindalspasset;SN99763;30.11.2023 18:00;-8.9;-
Reindalspasset;SN99763;30.11.2023 19:00;-9.1;-
Reindalspasset;SN99763;30.11.2023 20:00;-9.3;-
Reindalspasset;SN99763;30.11.2023 21:00;-9.5;-
Reindalspasset;SN99763;30.11.2023 22:00;-9.6;-
Reindalspasset;SN99763;30.11.2023 23:00;-9.7;-
Reindalspasset;SN99763;01.12.2023 00:00;-10;-
Reindalspasset;SN99763;01.12.2023 01:00;-10.9;-
Reindalspasset;SN99763;01.12.2023 02:00;-11.8;-
Reindalspasset;SN99763;01.12.2023 03:00;-11.7;-
Reindalspasset;SN99763;01.12.2023 04:00;-12.9;-
Reindalspasset;SN99763;01.12.2023 05:00;-13.1;-
Reindalspasset;SN99763;01.12.2023 06:00;-13.4;-
Reindalspasset;SN99763;01.12.2023 07:00;-14.1;-
Reindalspasset;SN99763;01.12.2023 08:00;-14.4;-
Reindalspasset;SN99763;01.12.2023 09:00;-14.8;-
Reindalspasset;SN99763;01.12.2023 10:00;-14.8;-
Reindalspasset;SN99763;01.12.2023 11:00;-15.2;-
Reindalspasset;SN99763;01.12.2023 12:00;-15.2;-
Reindalspasset;SN99763;01.12.2023 13:00;-15.1;-
Reindalspasset;SN99763;01.12.2023 14:00;-14.9;-
Reindalspasset;SN99763;01.12.2023 15:00;-14.1;-
Reindalspasset;SN99763;01.12.2023 16:00;-13;-
Reindalspasset;SN99763;01.12.2023 17:00;-12.6;-
Reindalspasset;SN99763;01.12.2023 18:00;-12.4;-
Reindalspasset;SN99763;01.12.2023 19:00;-12.2;-
Reindalspasset;SN99763;01.12.2023 20:00;-12;-
Reindalspasset;SN99763;01.12.2023 21:00;-11.1;-
Reindalspasset;SN99763;01.12.2023 22:00;-10.8;-
Reindalspasset;SN99763;01.12.2023 23:00;-10.3;-
Reindalspasset;SN99763;02.12.2023 00:00;-10.1;-
Reindalspasset;SN99763;02.12.2023 01:00;-9.7;-
Reindalspasset;SN99763;02.12.2023 02:00;-9.1;-
Reindalspasset;SN99763;02.12.2023 03:00;-8.9;-
Reindalspasset;SN99763;02.12.2023 04:00;-8.6;-
Reindalspasset;SN99763;02.12.2023 05:00;-8.3;-
Reindalspasset;SN99763;02.12.2023 06:00;-8.3;-
Reindalspasset;SN99763;02.12.2023 07:00;-8.2;-
Reindalspasset;SN99763;02.12.2023 08:00;-8.3;-
Reindalspasset;SN99763;02.12.2023 09:00;-8.4;-
Reindalspasset;SN99763;02.12.2023 10:00;-8.4;-
Reindalspasset;SN99763;02.12.2023 11:00;-8.8;-
Reindalspasset;SN99763;02.12.2023 12:00;-9.1;-
Reindalspasset;SN99763;02.12.2023 13:00;-9.4;-
Reindalspasset;SN99763;02.12.2023 14:00;-11.3;-
Reindalspasset;SN99763;02.12.2023 15:00;-12.2;-
Reindalspasset;SN99763;02.12.2023 16:00;-12.3;-
Reindalspasset;SN99763;02.12.2023 17:00;-15;-
Reindalspasset;SN99763;02.12.2023 18:00;-15;-
Reindalspasset;SN99763;02.12.2023 19:00;-15.7;-
Reindalspasset;SN99763;02.12.2023 20:00;-16.3;-
Reindalspasset;SN99763;02.12.2023 21:00;-12.2;-
Reindalspasset;SN99763;02.12.2023 22:00;-11.8;-
Reindalspasset;SN99763;02.12.2023 23:00;-12.6;-
Reindalspasset;SN99763;03.12.2023 00:00;-11.9;-
Reindalspasset;SN99763;03.12.2023 01:00;-12.6;-
Reindalspasset;SN99763;03.12.2023 02:00;-12.8;-
Reindalspasset;SN99763;03.12.2023 03:00;-12.3;-
Reindalspasset;SN99763;03.12.2023 04:00;-12.2;-
Reindalspasset;SN99763;03.12.2023 05:00;-10.8;-
Reindalspasset;SN99763;03.12.2023 06:00;-11.5;-
Reindalspasset;SN99763;03.12.2023 07:00;-10.8;-
Reindalspasset;SN99763;03.12.2023 08:00;-10.7;-
Reindalspasset;SN99763;03.12.2023 09:00;-12.4;-
Reindalspasset;SN99763;03.12.2023 10:00;-11.3;-
Reindalspasset;SN99763;03.12.2023 11:00;-11.9;-
Reindalspasset;SN99763;03.12.2023 12:00;-11;-
Reindalspasset;SN99763;03.12.2023 13:00;-12.6;-
Reindalspasset;SN99763;03.12.2023 14:00;-11.9;-
Reindalspasset;SN99763;03.12.2023 15:00;-13.1;-
Reindalspasset;SN99763;03.12.2023 16:00;-12.6;-
Reindalspasset;SN99763;03.12.2023 17:00;-12.8;-
Reindalspasset;SN99763;03.12.2023 18:00;-12.9;-
Reindalspasset;SN99763;03.12.2023 19:00;-14;-
Reindalspasset;SN99763;03.12.2023 20:00;-14;-
Reindalspasset;SN99763;03.12.2023 21:00;-12.1;-
Reindalspasset;SN99763;03.12.2023 22:00;-12.1;-
Reindalspasset;SN99763;03.12.2023 23:00;-13.3;-
Reindalspasset;SN99763;04.12.2023 00:00;-11.5;-
Reindalspasset;SN99763;04.12.2023 01:00;-10.6;-
Reindalspasset;SN99763;04.12.2023 02:00;-9.7;-
Reindalspasset;SN99763;04.12.2023 03:00;-9.6;-
Reindalspasset;SN99763;04.12.2023 04:00;-8.7;-
Reindalspasset;SN99763;04.12.2023 05:00;-9;-
Reindalspasset;SN99763;04.12.2023 06:00;-9.2;-
Reindalspasset;SN99763;04.12.2023 07:00;-8.8;-
Reindalspasset;SN99763;04.12.2023 08:00;-8.8;-
Reindalspasset;SN99763;04.12.2023 09:00;-8;-
Reindalspasset;SN99763;04.12.2023 10:00;-7.9;-
Reindalspasset;SN99763;04.12.2023 11:00;-8.7;-
Reindalspasset;SN99763;04.12.2023 12:00;-9.1;-
Reindalspasset;SN99763;04.12.2023 13:00;-8.4;-
Reindalspasset;SN99763;04.12.2023 14:00;-7.6;-
Reindalspasset;SN99763;04.12.2023 15:00;-6.8;-
Reindalspasset;SN99763;04.12.2023 16:00;-7;-
Reindalspasset;SN99763;04.12.2023 17:00;-6.9;-
Reindalspasset;SN99763;04.12.2023 18:00;-6.2;-
Reindalspasset;SN99763;04.12.2023 19:00;-5.8;-
Reindalspasset;SN99763;04.12.2023 20:00;-6.1;-
Reindalspasset;SN99763;04.12.2023 21:00;-6;-
Reindalspasset;SN99763;04.12.2023 22:00;-5.3;-
Reindalspasset;SN99763;04.12.2023 23:00;-5.4;-
Reindalspasset;SN99763;05.12.2023 00:00;-4.9;-
Reindalspasset;SN99763;05.12.2023 01:00;-4.6;-
Reindalspasset;SN99763;05.12.2023 02:00;-4.5;-
Reindalspasset;SN99763;05.12.2023 03:00;-4.8;-
Reindalspasset;SN99763;05.12.2023 04:00;-5;-
Reindalspasset;SN99763;05.12.2023 05:00;-5.3;-
Reindalspasset;SN99763;05.12.2023 06:00;-5.5;-
Reindalspasset;SN99763;05.12.2023 07:00;-5.8;-
Reindalspasset;SN99763;05.12.2023 08:00;-5.9;-
Reindalspasset;SN99763;05.12.2023 09:00;-5.8;-
Reindalspasset;SN99763;05.12.2023 10:00;-5.9;-
Reindalspasset;SN99763;05.12.2023 11:00;-5.9;-
Reindalspasset;SN99763;05.12.2023 12:00;-6;-
Reindalspasset;SN99763;05.12.2023 13:00;-6;-
Reindalspasset;SN99763;05.12.2023 14:00;-5.9;-
Reindalspasset;SN99763;05.12.2023 15:00;-5.9;-
Reindalspasset;SN99763;05.12.2023 16:00;-6.1;-
Reindalspasset;SN99763;05.12.2023 17:00;-6.1;-
Reindalspasset;SN99763;05.12.2023 18:00;-6.4;-
Reindalspasset;SN99763;05.12.2023 19:00;-6.3;-
Reindalspasset;SN99763;05.12.2023 20:00;-6.5;-
Reindalspasset;SN99763;05.12.2023 21:00;-6.4;-
Reindalspasset;SN99763;05.12.2023 22:00;-6.2;-
Reindalspasset;SN99763;05.12.2023 23:00;-6.1;-
Reindalspasset;SN99763;06.12.2023 00:00;-6.1;-
Reindalspasset;SN99763;06.12.2023 01:00;-5.8;-
Reindalspasset;SN99763;06.12.2023 02:00;-5.7;-
Reindalspasset;SN99763;06.12.2023 03:00;-5.6;-
Reindalspasset;SN99763;06.12.2023 04:00;-5.9;-
Reindalspasset;SN99763;06.12.2023 05:00;-5.6;-
Reindalspasset;SN99763;06.12.2023 06:00;-5.9;-
Reindalspasset;SN99763;06.12.2023 07:00;-5.5;-
Reindalspasset;SN99763;06.12.2023 08:00;-5.6;-
Reindalspasset;SN99763;06.12.2023 09:00;-5.5;-
Reindalspasset;SN99763;06.12.2023 10:00;-5.5;-
Reindalspasset;SN99763;06.12.2023 11:00;-5.4;-
Reindalspasset;SN99763;06.12.2023 12:00;-5.1;-
Reindalspasset;SN99763;06.12.2023 13:00;-4.8;-
Reindalspasset;SN99763;06.12.2023 14:00;-4.4;-
Reindalspasset;SN99763;06.12.2023 15:00;-4.6;-
Reindalspasset;SN99763;06.12.2023 16:00;-5.2;-
Reindalspasset;SN99763;06.12.2023 17:00;-5.2;-
Reindalspasset;SN99763;06.12.2023 18:00;-5.5;-
Reindalspasset;SN99763;06.12.2023 19:00;-5.7;-
Reindalspasset;SN99763;06.12.2023 20:00;-5.6;-
Reindalspasset;SN99763;06.12.2023 21:00;-5.9;-
Reindalspasset;SN99763;06.12.2023 22:00;-5.7;-
Reindalspasset;SN99763;06.12.2023 23:00;-5.6;-
Reindalspasset;SN99763;07.12.2023 00:00;-5.6;-
Reindalspasset;SN99763;07.12.2023 01:00;-5.6;-
Reindalspasset;SN99763;07.12.2023 02:00;-5.7;-
Reindalspasset;SN99763;07.12.2023 03:00;-5.9;-
Reindalspasset;SN99763;07.12.2023 04:00;-6;-
Reindalspasset;SN99763;07.12.2023 05:00;-5.9;-
Reindalspasset;SN99763;07.12.2023 06:00;-5.8;-
Reindalspasset;SN99763;07.12.2023 07:00;-6;-
Reindalspasset;SN99763;07.12.2023 08:00;-5.9;-
Reindalspasset;SN99763;07.12.2023 09:00;-5.6;-
Reindalspasset;SN99763;07.12.2023 10:00;-5.4;-
Reindalspasset;SN99763;07.12.2023 11:00;-5.2;-
Reindalspasset;SN99763;07.12.2023 12:00;-4.6;-
Reindalspasset;SN99763;07.12.2023 13:00;-4.3;-
Reindalspasset;SN99763;07.12.2023 14:00;-4.3;-
Reindalspasset;SN99763;07.12.2023 15:00;-4.6;-
Reindalspasset;SN99763;07.12.2023 16:00;-4.7;-
Reindalspasset;SN99763;07.12.2023 17:00;-4.4;-
Reindalspasset;SN99763;07.12.2023 18:00;-4;-
Reindalspasset;SN99763;07.12.2023 19:00;-4.1;-
Reindalspasset;SN99763;07.12.2023 20:00;-3.7;-
Reindalspasset;SN99763;07.12.2023 21:00;-3.7;-
Reindalspasset;SN99763;07.12.2023 22:00;-3.6;-
Reindalspasset;SN99763;07.12.2023 23:00;-3.4;-
Reindalspasset;SN99763;08.12.2023 00:00;-2.9;-
Reindalspasset;SN99763;08.12.2023 01:00;-2.8;-
Reindalspasset;SN99763;08.12.2023 02:00;-3;-
Reindalspasset;SN99763;08.12.2023 03:00;-2.7;-
Reindalspasset;SN99763;08.12.2023 04:00;-2.5;-
Reindalspasset;SN99763;08.12.2023 05:00;-2.3;-
Reindalspasset;SN99763;08.12.2023 06:00;-2.3;-
Reindalspasset;SN99763;08.12.2023 07:00;-1.9;-
Reindalspasset;SN99763;08.12.2023 08:00;-1.7;-
Reindalspasset;SN99763;08.12.2023 09:00;-1.6;-
Reindalspasset;SN99763;08.12.2023 10:00;-1.2;-
Reindalspasset;SN99763;08.12.2023 11:00;-1.2;-
Reindalspasset;SN99763;08.12.2023 12:00;-1.1;-
Reindalspasset;SN99763;08.12.2023 13:00;-0.2;-
Reindalspasset;SN99763;08.12.2023 14:00;-3.2;-
Reindalspasset;SN99763;08.12.2023 15:00;-3;-
Reindalspasset;SN99763;08.12.2023 16:00;-2.9;-
Reindalspasset;SN99763;08.12.2023 17:00;-2.5;-
Reindalspasset;SN99763;08.12.2023 18:00;-1.8;-
Reindalspasset;SN99763;08.12.2023 19:00;-0.3;-
Reindalspasset;SN99763;08.12.2023 20:00;-1.6;-
Reindalspasset;SN99763;08.12.2023 21:00;-4.2;-
Reindalspasset;SN99763;08.12.2023 22:00;-5.2;-
Reindalspasset;SN99763;08.12.2023 23:00;-6.8;-
Reindalspasset;SN99763;09.12.2023 00:00;-6.8;-
Reindalspasset;SN99763;09.12.2023 01:00;-6;-
Reindalspasset;SN99763;09.12.2023 02:00;-5.6;-
Reindalspasset;SN99763;09.12.2023 03:00;-4.2;-
Reindalspasset;SN99763;09.12.2023 04:00;-3.8;-
Reindalspasset;SN99763;09.12.2023 05:00;-3.8;-
Reindalspasset;SN99763;09.12.2023 06:00;-3.2;-
Reindalspasset;SN99763;09.12.2023 07:00;-3.1;-
Reindalspasset;SN99763;09.12.2023 08:00;-2.7;-
Reindalspasset;SN99763;09.12.2023 09:00;-2;-
Reindalspasset;SN99763;09.12.2023 10:00;-3.3;-
Reindalspasset;SN99763;09.12.2023 11:00;-3.2;-
Reindalspasset;SN99763;09.12.2023 12:00;-3.4;-
Reindalspasset;SN99763;09.12.2023 13:00;-3.4;-
Reindalspasset;SN99763;09.12.2023 14:00;-3.7;-
Reindalspasset;SN99763;09.12.2023 15:00;-3.6;-
Reindalspasset;SN99763;09.12.2023 16:00;-4;-
Reindalspasset;SN99763;09.12.2023 17:00;-4;-
Reindalspasset;SN99763;09.12.2023 18:00;-4.1;-
Reindalspasset;SN99763;09.12.2023 19:00;-4.6;-
Reindalspasset;SN99763;09.12.2023 20:00;-5.1;-
Reindalspasset;SN99763;09.12.2023 21:00;-5.4;-
Reindalspasset;SN99763;09.12.2023 22:00;-5.9;-
Reindalspasset;SN99763;09.12.2023 23:00;-6.9;-
Reindalspasset;SN99763;10.12.2023 00:00;-6.4;-
Reindalspasset;SN99763;10.12.2023 01:00;-6.5;-
Reindalspasset;SN99763;10.12.2023 02:00;-8.1;-
Reindalspasset;SN99763;10.12.2023 03:00;-9.2;-
Reindalspasset;SN99763;10.12.2023 04:00;-9.9;-
Reindalspasset;SN99763;10.12.2023 05:00;-11.4;-
Reindalspasset;SN99763;10.12.2023 06:00;-12;-
Reindalspasset;SN99763;10.12.2023 07:00;-11.9;-
Reindalspasset;SN99763;10.12.2023 08:00;-9.3;-
Reindalspasset;SN99763;10.12.2023 09:00;-8.8;-
Reindalspasset;SN99763;10.12.2023 10:00;-7.9;-
Reindalspasset;SN99763;10.12.2023 11:00;-7;-
Reindalspasset;SN99763;10.12.2023 12:00;-6.4;-
Reindalspasset;SN99763;10.12.2023 13:00;-6.5;-
Reindalspasset;SN99763;10.12.2023 14:00;-6.6;-
Reindalspasset;SN99763;10.12.2023 15:00;-3.8;-
Reindalspasset;SN99763;10.12.2023 16:00;-2.4;-
Reindalspasset;SN99763;10.12.2023 17:00;-2.7;-
Reindalspasset;SN99763;10.12.2023 18:00;-2.4;-
Reindalspasset;SN99763;10.12.2023 19:00;-3.2;-
Reindalspasset;SN99763;10.12.2023 20:00;-2.5;-
Reindalspasset;SN99763;10.12.2023 21:00;-1.2;-
Reindalspasset;SN99763;10.12.2023 22:00;-1.3;-
Reindalspasset;SN99763;10.12.2023 23:00;-2;-
Reindalspasset;SN99763;11.12.2023 00:00;-1.7;-
Reindalspasset;SN99763;11.12.2023 01:00;-1.8;-
Reindalspasset;SN99763;11.12.2023 02:00;-2.1;-
Reindalspasset;SN99763;11.12.2023 03:00;-3.2;-
Reindalspasset;SN99763;11.12.2023 04:00;-3.3;-
Reindalspasset;SN99763;11.12.2023 05:00;-3.4;-
Reindalspasset;SN99763;11.12.2023 06:00;-4.1;-
Reindalspasset;SN99763;11.12.2023 07:00;-3.8;-
Reindalspasset;SN99763;11.12.2023 08:00;-3.7;-
Reindalspasset;SN99763;11.12.2023 09:00;-4.3;-
Reindalspasset;SN99763;11.12.2023 10:00;-4;-
Reindalspasset;SN99763;11.12.2023 11:00;-4.6;-
Reindalspasset;SN99763;11.12.2023 12:00;-5.4;-
Reindalspasset;SN99763;11.12.2023 13:00;-5.6;-
Reindalspasset;SN99763;11.12.2023 14:00;-5.7;-
Reindalspasset;SN99763;11.12.2023 15:00;-5.4;-
Reindalspasset;SN99763;11.12.2023 16:00;-5.4;-
Reindalspasset;SN99763;11.12.2023 17:00;-6;-
Reindalspasset;SN99763;11.12.2023 18:00;-6.4;-
Reindalspasset;SN99763;11.12.2023 19:00;-5.9;-
Reindalspasset;SN99763;11.12.2023 20:00;-6.3;-
Reindalspasset;SN99763;11.12.2023 21:00;-7.1;-
Reindalspasset;SN99763;11.12.2023 22:00;-7.2;-
Reindalspasset;SN99763;11.12.2023 23:00;-7.4;-
Reindalspasset;SN99763;12.12.2023 00:00;-7.5;-
Reindalspasset;SN99763;12.12.2023 01:00;-8.4;-
Reindalspasset;SN99763;12.12.2023 02:00;-9.3;-
Reindalspasset;SN99763;12.12.2023 03:00;-9.5;-
Reindalspasset;SN99763;12.12.2023 04:00;-10.2;-
Reindalspasset;SN99763;12.12.2023 05:00;-9.9;-
Reindalspasset;SN99763;12.12.2023 06:00;-9.8;-
Reindalspasset;SN99763;12.12.2023 07:00;-12.1;-
Reindalspasset;SN99763;12.12.2023 08:00;-12.1;-
Reindalspasset;SN99763;12.12.2023 09:00;-12;-
Reindalspasset;SN99763;12.12.2023 10:00;-11;-
Reindalspasset;SN99763;12.12.2023 11:00;-10.5;-
Reindalspasset;SN99763;12.12.2023 12:00;-10;-
Reindalspasset;SN99763;12.12.2023 13:00;-12.2;-
Reindalspasset;SN99763;12.12.2023 14:00;-10;-
Reindalspasset;SN99763;12.12.2023 15:00;-10.5;-
Reindalspasset;SN99763;12.12.2023 16:00;-10.5;-
Reindalspasset;SN99763;12.12.2023 17:00;-10.5;-
Reindalspasset;SN99763;12.12.2023 18:00;-10.5;-
Reindalspasset;SN99763;12.12.2023 19:00;-12.2;-
Reindalspasset;SN99763;12.12.2023 20:00;-13.9;-
Reindalspasset;SN99763;12.12.2023 21:00;-14.5;-
Reindalspasset;SN99763;12.12.2023 22:00;-15.8;-
Reindalspasset;SN99763;12.12.2023 23:00;-15.5;-
Reindalspasset;SN99763;13.12.2023 00:00;-12.6;-
Reindalspasset;SN99763;13.12.2023 01:00;-10.1;-
Reindalspasset;SN99763;13.12.2023 02:00;-8.8;-
Reindalspasset;SN99763;13.12.2023 03:00;-9.1;-
Reindalspasset;SN99763;13.12.2023 04:00;-7.5;-
Reindalspasset;SN99763;13.12.2023 05:00;-7.2;-
Reindalspasset;SN99763;13.12.2023 06:00;-6.2;-
Reindalspasset;SN99763;13.12.2023 07:00;-6.4;-
Reindalspasset;SN99763;13.12.2023 08:00;-6.3;-
Reindalspasset;SN99763;13.12.2023 09:00;-6.1;-
Reindalspasset;SN99763;13.12.2023 10:00;-6.8;-
Reindalspasset;SN99763;13.12.2023 11:00;-5.8;-
Reindalspasset;SN99763;13.12.2023 12:00;-4.6;-
Reindalspasset;SN99763;13.12.2023 13:00;-4.8;-
Reindalspasset;SN99763;13.12.2023 14:00;-2.7;-
Reindalspasset;SN99763;13.12.2023 15:00;-1.2;-
Reindalspasset;SN99763;13.12.2023 16:00;0.7;-
Reindalspasset;SN99763;13.12.2023 17:00;-0.6;-
Reindalspasset;SN99763;13.12.2023 18:00;-0.7;-
Reindalspasset;SN99763;13.12.2023 19:00;-0.4;-
Reindalspasset;SN99763;13.12.2023 20:00;-0.9;-
Reindalspasset;SN99763;13.12.2023 21:00;-0.9;-
Reindalspasset;SN99763;13.12.2023 22:00;-1;-
Reindalspasset;SN99763;13.12.2023 23:00;-1.9;-
Reindalspasset;SN99763;14.12.2023 00:00;-2;-
Reindalspasset;SN99763;14.12.2023 01:00;-1.6;-
Reindalspasset;SN99763;14.12.2023 02:00;-1.5;-
Reindalspasset;SN99763;14.12.2023 03:00;-1.1;-
Reindalspasset;SN99763;14.12.2023 04:00;-1.4;-
Reindalspasset;SN99763;14.12.2023 05:00;-1.2;-
Reindalspasset;SN99763;14.12.2023 06:00;-1.3;-
Reindalspasset;SN99763;14.12.2023 07:00;-1.4;-
Reindalspasset;SN99763;14.12.2023 08:00;-1.9;-
Reindalspasset;SN99763;14.12.2023 09:00;-1.4;-
Reindalspasset;SN99763;14.12.2023 10:00;-1.4;-
Reindalspasset;SN99763;14.12.2023 11:00;-1.9;-
Reindalspasset;SN99763;14.12.2023 12:00;-2.3;-
Reindalspasset;SN99763;14.12.2023 13:00;-3;-
Reindalspasset;SN99763;14.12.2023 14:00;-4.3;-
Reindalspasset;SN99763;14.12.2023 15:00;-4.7;-
Reindalspasset;SN99763;14.12.2023 16:00;-5.5;-
Reindalspasset;SN99763;14.12.2023 17:00;-5.4;-
Reindalspasset;SN99763;14.12.2023 18:00;-6.7;-
Reindalspasset;SN99763;14.12.2023 19:00;-7.2;-
Reindalspasset;SN99763;14.12.2023 20:00;-7.2;-
Reindalspasset;SN99763;14.12.2023 21:00;-6.2;-
Reindalspasset;SN99763;14.12.2023 22:00;-6.3;-
Reindalspasset;SN99763;14.12.2023 23:00;-6.7;-
Reindalspasset;SN99763;15.12.2023 00:00;-6.7;-
Reindalspasset;SN99763;15.12.2023 01:00;-4.8;-
Reindalspasset;SN99763;15.12.2023 02:00;-1.9;-
Reindalspasset;SN99763;15.12.2023 03:00;-1;-
Reindalspasset;SN99763;15.12.2023 04:00;-1.5;-
Reindalspasset;SN99763;15.12.2023 05:00;-1.8;-
Reindalspasset;SN99763;15.12.2023 06:00;-2;-
Reindalspasset;SN99763;15.12.2023 07:00;-0.6;-
Reindalspasset;SN99763;15.12.2023 08:00;-0.2;-
Reindalspasset;SN99763;15.12.2023 09:00;0.7;-
Reindalspasset;SN99763;15.12.2023 10:00;-1.8;-
Reindalspasset;SN99763;15.12.2023 11:00;-0.1;-
Reindalspasset;SN99763;15.12.2023 12:00;0;-
Reindalspasset;SN99763;15.12.2023 13:00;-0.4;-
Reindalspasset;SN99763;15.12.2023 14:00;-0.3;-
Reindalspasset;SN99763;15.12.2023 15:00;-0.3;-
Reindalspasset;SN99763;15.12.2023 16:00;-1.2;-
Reindalspasset;SN99763;15.12.2023 17:00;-2.2;-
Reindalspasset;SN99763;15.12.2023 18:00;-2.5;-
Reindalspasset;SN99763;15.12.2023 19:00;-2;-
Reindalspasset;SN99763;15.12.2023 20:00;-2.2;-
Reindalspasset;SN99763;15.12.2023 21:00;-2.5;-
Reindalspasset;SN99763;15.12.2023 22:00;-2.3;-
Reindalspasset;SN99763;15.12.2023 23:00;-2.2;-
Reindalspasset;SN99763;16.12.2023 00:00;-2.9;-
Reindalspasset;SN99763;16.12.2023 01:00;-2.5;-
Reindalspasset;SN99763;16.12.2023 02:00;-2.2;-
Reindalspasset;SN99763;16.12.2023 03:00;-2.2;-
Reindalspasset;SN99763;16.12.2023 04:00;-2.4;-
Reindalspasset;SN99763;16.12.2023 05:00;-2.2;-
Reindalspasset;SN99763;16.12.2023 06:00;-2.3;-
Reindalspasset;SN99763;16.12.2023 07:00;-2.9;-
Reindalspasset;SN99763;16.12.2023 08:00;-2.5;-
Reindalspasset;SN99763;16.12.2023 09:00;-2;-
Reindalspasset;SN99763;16.12.2023 10:00;-2.4;-
Reindalspasset;SN99763;16.12.2023 11:00;-2.6;-
Reindalspasset;SN99763;16.12.2023 12:00;-2.8;-
Reindalspasset;SN99763;16.12.2023 13:00;-2.9;-
Reindalspasset;SN99763;16.12.2023 14:00;-3.3;-
Reindalspasset;SN99763;16.12.2023 15:00;-3.3;-
Reindalspasset;SN99763;16.12.2023 16:00;-3.4;-
Reindalspasset;SN99763;16.12.2023 17:00;-3.4;-
Reindalspasset;SN99763;16.12.2023 18:00;-3.3;-
Reindalspasset;SN99763;16.12.2023 19:00;-3.4;-
Reindalspasset;SN99763;16.12.2023 20:00;-2.9;-
Reindalspasset;SN99763;16.12.2023 21:00;-3.1;-
Reindalspasset;SN99763;16.12.2023 22:00;-3.1;-
Reindalspasset;SN99763;16.12.2023 23:00;-3.2;-
Reindalspasset;SN99763;17.12.2023 00:00;-2.8;-
Reindalspasset;SN99763;17.12.2023 01:00;-2.8;-
Reindalspasset;SN99763;17.12.2023 02:00;-2.7;-
Reindalspasset;SN99763;17.12.2023 03:00;-2.6;-
Reindalspasset;SN99763;17.12.2023 04:00;-2.2;-
Reindalspasset;SN99763;17.12.2023 05:00;-2.2;-
Reindalspasset;SN99763;17.12.2023 06:00;-2.2;-
Reindalspasset;SN99763;17.12.2023 07:00;-2.4;-
Reindalspasset;SN99763;17.12.2023 08:00;-2;-
Reindalspasset;SN99763;17.12.2023 09:00;-1.5;-
Reindalspasset;SN99763;17.12.2023 10:00;-1.6;-
Reindalspasset;SN99763;17.12.2023 11:00;-1.5;-
Reindalspasset;SN99763;17.12.2023 12:00;-1.8;-
Reindalspasset;SN99763;17.12.2023 13:00;-1.7;-
Reindalspasset;SN99763;17.12.2023 14:00;-1.6;-
Reindalspasset;SN99763;17.12.2023 15:00;-1.8;-
Reindalspasset;SN99763;17.12.2023 16:00;-1.9;-
Reindalspasset;SN99763;17.12.2023 17:00;-1.9;-
Reindalspasset;SN99763;17.12.2023 18:00;-1.4;-
Reindalspasset;SN99763;17.12.2023 19:00;-1.5;-
Reindalspasset;SN99763;17.12.2023 20:00;-1.7;-
Reindalspasset;SN99763;17.12.2023 21:00;-1.7;-
Reindalspasset;SN99763;17.12.2023 22:00;-1.9;-
Reindalspasset;SN99763;17.12.2023 23:00;-2;-
Reindalspasset;SN99763;18.12.2023 00:00;-2.1;-
Reindalspasset;SN99763;18.12.2023 01:00;-2.3;-
Reindalspasset;SN99763;18.12.2023 02:00;-2.4;-
Reindalspasset;SN99763;18.12.2023 03:00;-2;-
Reindalspasset;SN99763;18.12.2023 04:00;-2.1;-
Reindalspasset;SN99763;18.12.2023 05:00;-2.4;-
Reindalspasset;SN99763;18.12.2023 06:00;-2.4;-
Reindalspasset;SN99763;18.12.2023 07:00;-2.9;-
Reindalspasset;SN99763;18.12.2023 08:00;-3.1;-
Reindalspasset;SN99763;18.12.2023 09:00;-3.4;-
Reindalspasset;SN99763;18.12.2023 10:00;-4;-
Reindalspasset;SN99763;18.12.2023 11:00;-4;-
Reindalspasset;SN99763;18.12.2023 12:00;-4.1;-
Reindalspasset;SN99763;18.12.2023 13:00;-4.5;-
Reindalspasset;SN99763;18.12.2023 14:00;-4.6;-
Reindalspasset;SN99763;18.12.2023 15:00;-5.3;-
Reindalspasset;SN99763;18.12.2023 16:00;-5.1;-
Reindalspasset;SN99763;18.12.2023 17:00;-6.1;-
Reindalspasset;SN99763;18.12.2023 18:00;-5.6;-
Reindalspasset;SN99763;18.12.2023 19:00;-6.1;-
Reindalspasset;SN99763;18.12.2023 20:00;-5.9;-
Reindalspasset;SN99763;18.12.2023 21:00;-6.1;-
Reindalspasset;SN99763;18.12.2023 22:00;-5.6;-
Reindalspasset;SN99763;18.12.2023 23:00;-5.6;-
Reindalspasset;SN99763;19.12.2023 00:00;-5.8;-
Reindalspasset;SN99763;19.12.2023 01:00;-6.3;-
Reindalspasset;SN99763;19.12.2023 02:00;-6;-
Reindalspasset;SN99763;19.12.2023 03:00;-6.5;-
Reindalspasset;SN99763;19.12.2023 04:00;-6.7;-
Reindalspasset;SN99763;19.12.2023 05:00;-7.1;-
Reindalspasset;SN99763;19.12.2023 06:00;-6.6;-
Reindalspasset;SN99763;19.12.2023 07:00;-6.9;-
Reindalspasset;SN99763;19.12.2023 08:00;-6.5;-
Reindalspasset;SN99763;19.12.2023 09:00;-5.7;-
Reindalspasset;SN99763;19.12.2023 10:00;-6.1;-
Reindalspasset;SN99763;19.12.2023 11:00;-6.8;-
Reindalspasset;SN99763;19.12.2023 12:00;-6.2;-
Reindalspasset;SN99763;19.12.2023 13:00;-6.7;-
Reindalspasset;SN99763;19.12.2023 14:00;-7.4;-
Reindalspasset;SN99763;19.12.2023 15:00;-7.3;-
Reindalspasset;SN99763;19.12.2023 16:00;-7.3;-
Reindalspasset;SN99763;19.12.2023 17:00;-7.9;-
Reindalspasset;SN99763;19.12.2023 18:00;-8;-
Reindalspasset;SN99763;19.12.2023 19:00;-8.6;-
Reindalspasset;SN99763;19.12.2023 20:00;-9;-
Reindalspasset;SN99763;19.12.2023 21:00;-9.3;-
Reindalspasset;SN99763;19.12.2023 22:00;-9.3;-
Reindalspasset;SN99763;19.12.2023 23:00;-9.6;-
Reindalspasset;SN99763;20.12.2023 00:00;-9.9;-
Reindalspasset;SN99763;20.12.2023 01:00;-9.2;-
Reindalspasset;SN99763;20.12.2023 02:00;-9.6;-
Reindalspasset;SN99763;20.12.2023 03:00;-9.3;-
Reindalspasset;SN99763;20.12.2023 04:00;-9.7;-
Reindalspasset;SN99763;20.12.2023 05:00;-10.5;-
Reindalspasset;SN99763;20.12.2023 06:00;-10.3;-
Reindalspasset;SN99763;20.12.2023 07:00;-10;-
Reindalspasset;SN99763;20.12.2023 08:00;-9.6;-
Reindalspasset;SN99763;20.12.2023 09:00;-10.2;-
Reindalspasset;SN99763;20.12.2023 10:00;-9.8;-
Reindalspasset;SN99763;20.12.2023 11:00;-9.4;-
Reindalspasset;SN99763;20.12.2023 12:00;-9.5;-
Reindalspasset;SN99763;20.12.2023 13:00;-9.7;-
Reindalspasset;SN99763;20.12.2023 14:00;-9.3;-
Reindalspasset;SN99763;20.12.2023 15:00;-10.1;-
Reindalspasset;SN99763;20.12.2023 16:00;-10.5;-
Reindalspasset;SN99763;20.12.2023 17:00;-11.1;-
Reindalspasset;SN99763;20.12.2023 18:00;-11.6;-
Reindalspasset;SN99763;20.12.2023 19:00;-12.2;-
Reindalspasset;SN99763;20.12.2023 20:00;-12.6;-
Reindalspasset;SN99763;20.12.2023 21:00;-11.1;-
Reindalspasset;SN99763;20.12.2023 22:00;-11.7;-
Reindalspasset;SN99763;20.12.2023 23:00;-11.7;-
Reindalspasset;SN99763;21.12.2023 00:00;-11.9;-
Reindalspasset;SN99763;21.12.2023 01:00;-11.8;-
Reindalspasset;SN99763;21.12.2023 02:00;-12;-
Reindalspasset;SN99763;21.12.2023 03:00;-12.3;-
Reindalspasset;SN99763;21.12.2023 04:00;-11.8;-
Reindalspasset;SN99763;21.12.2023 05:00;-11.5;-
Reindalspasset;SN99763;21.12.2023 06:00;-10.8;-
Reindalspasset;SN99763;21.12.2023 07:00;-10.7;-
Reindalspasset;SN99763;21.12.2023 08:00;-10.8;-
Reindalspasset;SN99763;21.12.2023 09:00;-11.8;-
Reindalspasset;SN99763;21.12.2023 10:00;-12.1;-
Reindalspasset;SN99763;21.12.2023 11:00;-11.4;-
Reindalspasset;SN99763;21.12.2023 12:00;-12.4;-
Reindalspasset;SN99763;21.12.2023 13:00;-13.8;-
Reindalspasset;SN99763;21.12.2023 14:00;-13.2;-
Reindalspasset;SN99763;21.12.2023 15:00;-13.8;-
Reindalspasset;SN99763;21.12.2023 16:00;-14;-
Reindalspasset;SN99763;21.12.2023 17:00;-13.2;-
Reindalspasset;SN99763;21.12.2023 18:00;-13.7;-
Reindalspasset;SN99763;21.12.2023 19:00;-14.6;-
Reindalspasset;SN99763;21.12.2023 20:00;-13.6;-
Reindalspasset;SN99763;21.12.2023 21:00;-14.3;-
Reindalspasset;SN99763;21.12.2023 22:00;-13.6;-
Reindalspasset;SN99763;21.12.2023 23:00;-13.6;-
Reindalspasset;SN99763;22.12.2023 00:00;-14.1;-
Reindalspasset;SN99763;22.12.2023 01:00;-15.9;-
Reindalspasset;SN99763;22.12.2023 02:00;-15.7;-
Reindalspasset;SN99763;22.12.2023 03:00;-14.9;-
Reindalspasset;SN99763;22.12.2023 04:00;-15.9;-
Reindalspasset;SN99763;22.12.2023 05:00;-16.7;-
Reindalspasset;SN99763;22.12.2023 06:00;-18.7;-
Reindalspasset;SN99763;22.12.2023 07:00;-19.7;-
Reindalspasset;SN99763;22.12.2023 08:00;-19;-
Reindalspasset;SN99763;22.12.2023 09:00;-19.7;-
Reindalspasset;SN99763;22.12.2023 10:00;-19.9;-
Reindalspasset;SN99763;22.12.2023 11:00;-19.3;-
Reindalspasset;SN99763;22.12.2023 12:00;-19.8;-
Reindalspasset;SN99763;22.12.2023 13:00;-18.7;-
Reindalspasset;SN99763;22.12.2023 14:00;-18.1;-
Reindalspasset;SN99763;22.12.2023 15:00;-19.8;-
Reindalspasset;SN99763;22.12.2023 16:00;-20.3;-
Reindalspasset;SN99763;22.12.2023 17:00;-21;-
Reindalspasset;SN99763;22.12.2023 18:00;-19.9;-
Reindalspasset;SN99763;22.12.2023 19:00;-20.3;-
Reindalspasset;SN99763;22.12.2023 20:00;-18.4;-
Reindalspasset;SN99763;22.12.2023 21:00;-19;-
Reindalspasset;SN99763;22.12.2023 22:00;-19.6;-
Reindalspasset;SN99763;22.12.2023 23:00;-18.6;-
Reindalspasset;SN99763;23.12.2023 00:00;-19;-
Reindalspasset;SN99763;23.12.2023 01:00;-19.2;-
Reindalspasset;SN99763;23.12.2023 02:00;-19;-
Reindalspasset;SN99763;23.12.2023 03:00;-19.4;-
Reindalspasset;SN99763;23.12.2023 04:00;-20.2;-
Reindalspasset;SN99763;23.12.2023 05:00;-20;-
Reindalspasset;SN99763;23.12.2023 06:00;-22.1;-
Reindalspasset;SN99763;23.12.2023 07:00;-22;-
Reindalspasset;SN99763;23.12.2023 08:00;-21.2;-
Reindalspasset;SN99763;23.12.2023 09:00;-21;-
Reindalspasset;SN99763;23.12.2023 10:00;-21.8;-
Reindalspasset;SN99763;23.12.2023 11:00;-21.9;-
Reindalspasset;SN99763;23.12.2023 12:00;-22.2;-
Reindalspasset;SN99763;23.12.2023 13:00;-21.5;-
Reindalspasset;SN99763;23.12.2023 14:00;-20.6;-
Reindalspasset;SN99763;23.12.2023 15:00;-22.4;-
Reindalspasset;SN99763;23.12.2023 16:00;-22.3;-
Reindalspasset;SN99763;23.12.2023 17:00;-21.2;-
Reindalspasset;SN99763;23.12.2023 18:00;-22.9;-
Reindalspasset;SN99763;23.12.2023 19:00;-21.9;-
Reindalspasset;SN99763;23.12.2023 20:00;-22.6;-
Reindalspasset;SN99763;23.12.2023 21:00;-21.9;-
Reindalspasset;SN99763;23.12.2023 22:00;-22.3;-
Reindalspasset;SN99763;23.12.2023 23:00;-23.3;-
Reindalspasset;SN99763;24.12.2023 00:00;-22.5;-
Reindalspasset;SN99763;24.12.2023 01:00;-21.8;-
Reindalspasset;SN99763;24.12.2023 02:00;-21.3;-
Reindalspasset;SN99763;24.12.2023 03:00;-20.7;-
Reindalspasset;SN99763;24.12.2023 04:00;-22.1;-
Reindalspasset;SN99763;24.12.2023 05:00;-22;-
Reindalspasset;SN99763;24.12.2023 06:00;-21.4;-
Reindalspasset;SN99763;24.12.2023 07:00;-22.9;-
Reindalspasset;SN99763;24.12.2023 08:00;-21.8;-
Reindalspasset;SN99763;24.12.2023 09:00;-21.6;-
Reindalspasset;SN99763;24.12.2023 10:00;-21.7;-
Reindalspasset;SN99763;24.12.2023 11:00;-21.5;-
Reindalspasset;SN99763;24.12.2023 12:00;-20.7;-
Reindalspasset;SN99763;24.12.2023 13:00;-19.1;-
Reindalspasset;SN99763;24.12.2023 14:00;-20.7;-
Reindalspasset;SN99763;24.12.2023 15:00;-21.1;-
Reindalspasset;SN99763;24.12.2023 16:00;-19.5;-
Reindalspasset;SN99763;24.12.2023 17:00;-20.8;-
Reindalspasset;SN99763;24.12.2023 18:00;-19.8;-
Reindalspasset;SN99763;24.12.2023 19:00;-18.8;-
Reindalspasset;SN99763;24.12.2023 20:00;-19.9;-
Reindalspasset;SN99763;24.12.2023 21:00;-19.6;-
Reindalspasset;SN99763;24.12.2023 22:00;-20.3;-
Reindalspasset;SN99763;24.12.2023 23:00;-19.4;-
Reindalspasset;SN99763;25.12.2023 00:00;-19.2;-
Reindalspasset;SN99763;25.12.2023 01:00;-19.3;-
Reindalspasset;SN99763;25.12.2023 02:00;-18.6;-
Reindalspasset;SN99763;25.12.2023 03:00;-18.6;-
Reindalspasset;SN99763;25.12.2023 04:00;-17.9;-
Reindalspasset;SN99763;25.12.2023 05:00;-16.9;-
Reindalspasset;SN99763;25.12.2023 06:00;-17.5;-
Reindalspasset;SN99763;25.12.2023 07:00;-17.2;-
Reindalspasset;SN99763;25.12.2023 08:00;-16.8;-
Reindalspasset;SN99763;25.12.2023 09:00;-16.9;-
Reindalspasset;SN99763;25.12.2023 10:00;-16.9;-
Reindalspasset;SN99763;25.12.2023 11:00;-16.7;-
Reindalspasset;SN99763;25.12.2023 12:00;-16.5;-
Reindalspasset;SN99763;25.12.2023 13:00;-17.1;-
Reindalspasset;SN99763;25.12.2023 14:00;-16.7;-
Reindalspasset;SN99763;25.12.2023 15:00;-16.6;-
Reindalspasset;SN99763;25.12.2023 16:00;-17;-
Reindalspasset;SN99763;25.12.2023 17:00;-15.9;-
Reindalspasset;SN99763;25.12.2023 18:00;-15.4;-
Reindalspasset;SN99763;25.12.2023 19:00;-15.9;-
Reindalspasset;SN99763;25.12.2023 20:00;-14.7;-
Reindalspasset;SN99763;25.12.2023 21:00;-13.5;-
Reindalspasset;SN99763;25.12.2023 22:00;-13.5;-
Reindalspasset;SN99763;25.12.2023 23:00;-12.7;-
Reindalspasset;SN99763;26.12.2023 00:00;-12.3;-
Reindalspasset;SN99763;26.12.2023 01:00;-11.8;-
Reindalspasset;SN99763;26.12.2023 02:00;-13.3;-
Reindalspasset;SN99763;26.12.2023 03:00;-12.7;-
Reindalspasset;SN99763;26.12.2023 04:00;-12.8;-
Reindalspasset;SN99763;26.12.2023 05:00;-12.8;-
Reindalspasset;SN99763;26.12.2023 06:00;-12.2;-
Reindalspasset;SN99763;26.12.2023 07:00;-12.6;-
Reindalspasset;SN99763;26.12.2023 08:00;-11.7;-
Reindalspasset;SN99763;26.12.2023 09:00;-11.6;-
Reindalspasset;SN99763;26.12.2023 10:00;-11.7;-
Reindalspasset;SN99763;26.12.2023 11:00;-11.4;-
Reindalspasset;SN99763;26.12.2023 12:00;-11.2;-
Reindalspasset;SN99763;26.12.2023 13:00;-11;-
Reindalspasset;SN99763;26.12.2023 14:00;-10.6;-
Reindalspasset;SN99763;26.12.2023 15:00;-10.6;-
Reindalspasset;SN99763;26.12.2023 16:00;-12.1;-
Reindalspasset;SN99763;26.12.2023 17:00;-10.6;-
Reindalspasset;SN99763;26.12.2023 18:00;-10.5;-
Reindalspasset;SN99763;26.12.2023 19:00;-9.7;-
Reindalspasset;SN99763;26.12.2023 20:00;-10.4;-
Reindalspasset;SN99763;26.12.2023 21:00;-10.1;-
Reindalspasset;SN99763;26.12.2023 22:00;-9.7;-
Reindalspasset;SN99763;26.12.2023 23:00;-9.2;-
Reindalspasset;SN99763;27.12.2023 00:00;-8.4;-
Reindalspasset;SN99763;27.12.2023 01:00;-8.3;-
Reindalspasset;SN99763;27.12.2023 02:00;-8.6;-
Reindalspasset;SN99763;27.12.2023 03:00;-9;-
Reindalspasset;SN99763;27.12.2023 04:00;-9;-
Reindalspasset;SN99763;27.12.2023 05:00;-9.3;-
Reindalspasset;SN99763;27.12.2023 06:00;-9;-
Reindalspasset;SN99763;27.12.2023 07:00;-8.8;-
Reindalspasset;SN99763;27.12.2023 08:00;-7.6;-
Reindalspasset;SN99763;27.12.2023 09:00;-7.3;-
Reindalspasset;SN99763;27.12.2023 10:00;-8.8;-
Reindalspasset;SN99763;27.12.2023 11:00;-7.4;-
Reindalspasset;SN99763;27.12.2023 12:00;-7.7;-
Reindalspasset;SN99763;27.12.2023 13:00;-7.8;-
Reindalspasset;SN99763;27.12.2023 14:00;-7.7;-
Reindalspasset;SN99763;27.12.2023 15:00;-7.1;-
Reindalspasset;SN99763;27.12.2023 16:00;-6.4;-
Reindalspasset;SN99763;27.12.2023 17:00;-6.2;-
Reindalspasset;SN99763;27.12.2023 18:00;-5.3;-
Reindalspasset;SN99763;27.12.2023 19:00;-5.1;-
Reindalspasset;SN99763;27.12.2023 20:00;-5;-
Reindalspasset;SN99763;27.12.2023 21:00;-4.6;-
Reindalspasset;SN99763;27.12.2023 22:00;-4.5;-
Reindalspasset;SN99763;27.12.2023 23:00;-4;-
Reindalspasset;SN99763;28.12.2023 00:00;-4.3;-
Reindalspasset;SN99763;28.12.2023 01:00;-4.5;-
Reindalspasset;SN99763;28.12.2023 02:00;-5;-
Reindalspasset;SN99763;28.12.2023 03:00;-5.1;-
Reindalspasset;SN99763;28.12.2023 04:00;-5.1;-
Reindalspasset;SN99763;28.12.2023 05:00;-4.6;-
Reindalspasset;SN99763;28.12.2023 06:00;-4.3;-
Reindalspasset;SN99763;28.12.2023 07:00;-4;-
Reindalspasset;SN99763;28.12.2023 08:00;-3.6;-
Reindalspasset;SN99763;28.12.2023 09:00;-3.4;-
Reindalspasset;SN99763;28.12.2023 10:00;-3;-
Reindalspasset;SN99763;28.12.2023 11:00;-3.7;-
Reindalspasset;SN99763;28.12.2023 12:00;-3.4;-
Reindalspasset;SN99763;28.12.2023 13:00;-2.8;-
Reindalspasset;SN99763;28.12.2023 14:00;-2.8;-
Reindalspasset;SN99763;28.12.2023 15:00;-2.9;-
Reindalspasset;SN99763;28.12.2023 16:00;-2.9;-
Reindalspasset;SN99763;28.12.2023 17:00;-2.8;-
Reindalspasset;SN99763;28.12.2023 18:00;-2.8;-
Reindalspasset;SN99763;28.12.2023 19:00;-3.1;-
Reindalspasset;SN99763;28.12.2023 20:00;-3.2;-
Reindalspasset;SN99763;28.12.2023 21:00;-2.9;-
Reindalspasset;SN99763;28.12.2023 22:00;-2.9;-
Reindalspasset;SN99763;28.12.2023 23:00;-2.6;-
Reindalspasset;SN99763;29.12.2023 00:00;-2.7;-
Reindalspasset;SN99763;29.12.2023 01:00;-2.3;-
Reindalspasset;SN99763;29.12.2023 02:00;-2.5;-
Reindalspasset;SN99763;29.12.2023 03:00;-2.8;-
Reindalspasset;SN99763;29.12.2023 04:00;-2.7;-
Reindalspasset;SN99763;29.12.2023 05:00;-2.7;-
Reindalspasset;SN99763;29.12.2023 06:00;-3.4;-
Reindalspasset;SN99763;29.12.2023 07:00;-3.4;-
Reindalspasset;SN99763;29.12.2023 08:00;-3.4;-
Reindalspasset;SN99763;29.12.2023 09:00;-3.7;-
Reindalspasset;SN99763;29.12.2023 10:00;-3.6;-
Reindalspasset;SN99763;29.12.2023 11:00;-3.1;-
Reindalspasset;SN99763;29.12.2023 12:00;-2.6;-
Reindalspasset;SN99763;29.12.2023 13:00;-2.1;-
Reindalspasset;SN99763;29.12.2023 14:00;-1.8;-
Reindalspasset;SN99763;29.12.2023 15:00;-1.6;-
Reindalspasset;SN99763;29.12.2023 16:00;-2.5;-
Reindalspasset;SN99763;29.12.2023 17:00;-3.1;-
Reindalspasset;SN99763;29.12.2023 18:00;-2.9;-
Reindalspasset;SN99763;29.12.2023 19:00;-2.6;-
Reindalspasset;SN99763;29.12.2023 20:00;-3.4;-
Reindalspasset;SN99763;29.12.2023 21:00;-2.7;-
Reindalspasset;SN99763;29.12.2023 22:00;-2.7;-
Reindalspasset;SN99763;29.12.2023 23:00;-2.3;-
Reindalspasset;SN99763;30.12.2023 00:00;-1.5;-
Reindalspasset;SN99763;30.12.2023 01:00;-1.5;-
Reindalspasset;SN99763;30.12.2023 02:00;-3.2;-
Reindalspasset;SN99763;30.12.2023 03:00;-3.2;-
Reindalspasset;SN99763;30.12.2023 04:00;-2.1;-
Reindalspasset;SN99763;30.12.2023 05:00;-2.3;-
Reindalspasset;SN99763;30.12.2023 06:00;-2.5;-
Reindalspasset;SN99763;30.12.2023 07:00;-2.9;-
Reindalspasset;SN99763;30.12.2023 08:00;-2.7;-
Reindalspasset;SN99763;30.12.2023 09:00;-2;-
Reindalspasset;SN99763;30.12.2023 10:00;-2.4;-
Reindalspasset;SN99763;30.12.2023 11:00;-1.4;-
Reindalspasset;SN99763;30.12.2023 12:00;-1.3;-
Reindalspasset;SN99763;30.12.2023 13:00;-1.6;-
Reindalspasset;SN99763;30.12.2023 14:00;-1.3;-
Reindalspasset;SN99763;30.12.2023 15:00;-1.1;-
Reindalspasset;SN99763;30.12.2023 16:00;-1.4;-
Reindalspasset;SN99763;30.12.2023 17:00;-1.3;-
Reindalspasset;SN99763;30.12.2023 18:00;-1.3;-
Reindalspasset;SN99763;30.12.2023 19:00;-1.2;-
Reindalspasset;SN99763;30.12.2023 20:00;-1.4;-
Reindalspasset;SN99763;30.12.2023 21:00;-1.3;-
Reindalspasset;SN99763;30.12.2023 22:00;-1.2;-
Reindalspasset;SN99763;30.12.2023 23:00;-1.3;-
Reindalspasset;SN99763;31.12.2023 00:00;-1.4;-
Reindalspasset;SN99763;31.12.2023 01:00;-1.8;-
Reindalspasset;SN99763;31.12.2023 02:00;-1.5;-
Reindalspasset;SN99763;31.12.2023 03:00;-1.5;-
Reindalspasset;SN99763;31.12.2023 04:00;-1.4;-
Reindalspasset;SN99763;31.12.2023 05:00;-1.4;-
Reindalspasset;SN99763;31.12.2023 06:00;-1.3;-
Reindalspasset;SN99763;31.12.2023 07:00;-1.3;-
Reindalspasset;SN99763;31.12.2023 08:00;-1.7;-
Reindalspasset;SN99763;31.12.2023 09:00;-1.9;-
Reindalspasset;SN99763;31.12.2023 10:00;-1.7;-
Reindalspasset;SN99763;31.12.2023 11:00;-1.6;-
Reindalspasset;SN99763;31.12.2023 12:00;-1.7;-
Reindalspasset;SN99763;31.12.2023 13:00;-1.9;-
Reindalspasset;SN99763;31.12.2023 14:00;-1.3;-
Reindalspasset;SN99763;31.12.2023 15:00;-1.9;-
Reindalspasset;SN99763;31.12.2023 16:00;-0.7;-
Reindalspasset;SN99763;31.12.2023 17:00;-0.9;-
Reindalspasset;SN99763;31.12.2023 18:00;-0.8;-
Reindalspasset;SN99763;31.12.2023 19:00;-0.6;-
Reindalspasset;SN99763;31.12.2023 20:00;-1.4;-
Reindalspasset;SN99763;31.12.2023 21:00;-1.4;-
Reindalspasset;SN99763;31.12.2023 22:00;-1;-
Reindalspasset;SN99763;31.12.2023 23:00;-1;-
Reindalspasset;SN99763;01.01.2024 00:00;-2.5;-
Reindalspasset;SN99763;01.01.2024 01:00;-3.6;-
Reindalspasset;SN99763;01.01.2024 02:00;-3.7;-
Reindalspasset;SN99763;01.01.2024 03:00;-4.5;-
Reindalspasset;SN99763;01.01.2024 04:00;-6.8;-
Reindalspasset;SN99763;01.01.2024 05:00;-6.8;-
Reindalspasset;SN99763;01.01.2024 06:00;-5.7;-
Reindalspasset;SN99763;01.01.2024 07:00;-4.6;-
Reindalspasset;SN99763;01.01.2024 08:00;-5.8;-
Reindalspasset;SN99763;01.01.2024 09:00;-6.1;-
Reindalspasset;SN99763;01.01.2024 10:00;-5.9;-
Reindalspasset;SN99763;01.01.2024 11:00;-5.9;-
Reindalspasset;SN99763;01.01.2024 12:00;-6.9;-
Reindalspasset;SN99763;01.01.2024 13:00;-6.7;-
Reindalspasset;SN99763;01.01.2024 14:00;-7.2;-
Reindalspasset;SN99763;01.01.2024 15:00;-6.1;-
Reindalspasset;SN99763;01.01.2024 16:00;-5.1;-
Reindalspasset;SN99763;01.01.2024 17:00;-4.2;-
Reindalspasset;SN99763;01.01.2024 18:00;-4.6;-
Reindalspasset;SN99763;01.01.2024 19:00;-5.3;-
Reindalspasset;SN99763;01.01.2024 20:00;-5.2;-
Reindalspasset;SN99763;01.01.2024 21:00;-4.8;-
Reindalspasset;SN99763;01.01.2024 22:00;-4.4;-
Reindalspasset;SN99763;01.01.2024 23:00;-4.9;-
Reindalspasset;SN99763;02.01.2024 00:00;-3.7;-
Reindalspasset;SN99763;02.01.2024 01:00;-3.6;-
Reindalspasset;SN99763;02.01.2024 02:00;-4.6;-
Reindalspasset;SN99763;02.01.2024 03:00;-5.3;-
Reindalspasset;SN99763;02.01.2024 04:00;-5.9;-
Reindalspasset;SN99763;02.01.2024 05:00;-7.2;-
Reindalspasset;SN99763;02.01.2024 06:00;-8.2;-
Reindalspasset;SN99763;02.01.2024 07:00;-8.2;-
Reindalspasset;SN99763;02.01.2024 08:00;-8.4;-
Reindalspasset;SN99763;02.01.2024 09:00;-8.8;-
Reindalspasset;SN99763;02.01.2024 10:00;-8.5;-
Reindalspasset;SN99763;02.01.2024 11:00;-8.8;-
Reindalspasset;SN99763;02.01.2024 12:00;-9.4;-
Reindalspasset;SN99763;02.01.2024 13:00;-10.3;-
Reindalspasset;SN99763;02.01.2024 14:00;-11.6;-
Reindalspasset;SN99763;02.01.2024 15:00;-11.3;-
Reindalspasset;SN99763;02.01.2024 16:00;-11.2;-
Reindalspasset;SN99763;02.01.2024 17:00;-12.2;-
Reindalspasset;SN99763;02.01.2024 18:00;-12.1;-
Reindalspasset;SN99763;02.01.2024 19:00;-12.2;-
Reindalspasset;SN99763;02.01.2024 20:00;-12.6;-
Reindalspasset;SN99763;02.01.2024 21:00;-13.2;-
Reindalspasset;SN99763;02.01.2024 22:00;-11.3;-
Reindalspasset;SN99763;02.01.2024 23:00;-11.9;-
Reindalspasset;SN99763;03.01.2024 00:00;-11.8;-
Reindalspasset;SN99763;03.01.2024 01:00;-11.5;-
Reindalspasset;SN99763;03.01.2024 02:00;-11.2;-
Reindalspasset;SN99763;03.01.2024 03:00;-11.6;-
Reindalspasset;SN99763;03.01.2024 04:00;-11.5;-
Reindalspasset;SN99763;03.01.2024 05:00;-12;-
Reindalspasset;SN99763;03.01.2024 06:00;-12;-
Reindalspasset;SN99763;03.01.2024 07:00;-12.4;-
Reindalspasset;SN99763;03.01.2024 08:00;-12.5;-
Reindalspasset;SN99763;03.01.2024 09:00;-12.7;-
Reindalspasset;SN99763;03.01.2024 10:00;-13.1;-
Reindalspasset;SN99763;03.01.2024 11:00;-12.9;-
Reindalspasset;SN99763;03.01.2024 12:00;-13.2;-
Reindalspasset;SN99763;03.01.2024 13:00;-13.4;-
Reindalspasset;SN99763;03.01.2024 14:00;-13.9;-
Reindalspasset;SN99763;03.01.2024 15:00;-14.4;-
Reindalspasset;SN99763;03.01.2024 16:00;-14.5;-
Reindalspasset;SN99763;03.01.2024 17:00;-15.2;-
Reindalspasset;SN99763;03.01.2024 18:00;-15.6;-
Reindalspasset;SN99763;03.01.2024 19:00;-15.8;-
Reindalspasset;SN99763;03.01.2024 20:00;-16.3;-
Reindalspasset;SN99763;03.01.2024 21:00;-16.3;-
Reindalspasset;SN99763;03.01.2024 22:00;-16.7;-
Reindalspasset;SN99763;03.01.2024 23:00;-16.8;-
Reindalspasset;SN99763;04.01.2024 00:00;-16.7;-
Reindalspasset;SN99763;04.01.2024 01:00;-16.7;-
Reindalspasset;SN99763;04.01.2024 02:00;-16.4;-
Reindalspasset;SN99763;04.01.2024 03:00;-16.7;-
Reindalspasset;SN99763;04.01.2024 04:00;-17.4;-
Reindalspasset;SN99763;04.01.2024 05:00;-17.7;-
Reindalspasset;SN99763;04.01.2024 06:00;-18.2;-
Reindalspasset;SN99763;04.01.2024 07:00;-17.7;-
Reindalspasset;SN99763;04.01.2024 08:00;-17.7;-
Reindalspasset;SN99763;04.01.2024 09:00;-18;-
Reindalspasset;SN99763;04.01.2024 10:00;-17.9;-
Reindalspasset;SN99763;04.01.2024 11:00;-18.2;-
Reindalspasset;SN99763;04.01.2024 12:00;-19.4;-
Reindalspasset;SN99763;04.01.2024 13:00;-18.9;-
Reindalspasset;SN99763;04.01.2024 14:00;-19.4;-
Reindalspasset;SN99763;04.01.2024 15:00;-20.5;-
Reindalspasset;SN99763;04.01.2024 16:00;-20;-
Reindalspasset;SN99763;04.01.2024 17:00;-20.3;-
Reindalspasset;SN99763;04.01.2024 18:00;-22;-
Reindalspasset;SN99763;04.01.2024 19:00;-22.3;-
Reindalspasset;SN99763;04.01.2024 20:00;-23.1;-
Reindalspasset;SN99763;04.01.2024 21:00;-22.8;-
Reindalspasset;SN99763;04.01.2024 22:00;-24.7;-
Reindalspasset;SN99763;04.01.2024 23:00;-26.2;-
Reindalspasset;SN99763;05.01.2024 00:00;-25.8;-
Reindalspasset;SN99763;05.01.2024 01:00;-26.2;-
Reindalspasset;SN99763;05.01.2024 02:00;-26.3;-
Reindalspasset;SN99763;05.01.2024 03:00;-25.8;-
Reindalspasset;SN99763;05.01.2024 04:00;-25.8;-
Reindalspasset;SN99763;05.01.2024 05:00;-26.3;-
Reindalspasset;SN99763;05.01.2024 06:00;-27.3;-
Reindalspasset;SN99763;05.01.2024 07:00;-26.7;-
Reindalspasset;SN99763;05.01.2024 08:00;-25.1;-
Reindalspasset;SN99763;05.01.2024 09:00;-25.4;-
Reindalspasset;SN99763;05.01.2024 10:00;-25.1;-
Reindalspasset;SN99763;05.01.2024 11:00;-25.4;-
Reindalspasset;SN99763;05.01.2024 12:00;-24.7;-
Reindalspasset;SN99763;05.01.2024 13:00;-24.8;-
Reindalspasset;SN99763;05.01.2024 14:00;-24;-
Reindalspasset;SN99763;05.01.2024 15:00;-25.3;-
Reindalspasset;SN99763;05.01.2024 16:00;-24.9;-
Reindalspasset;SN99763;05.01.2024 17:00;-24.8;-
Reindalspasset;SN99763;05.01.2024 18:00;-24.1;-
Reindalspasset;SN99763;05.01.2024 19:00;-22.4;-
Reindalspasset;SN99763;05.01.2024 20:00;-21.6;-
Reindalspasset;SN99763;05.01.2024 21:00;-21.9;-
Reindalspasset;SN99763;05.01.2024 22:00;-23.5;-
Reindalspasset;SN99763;05.01.2024 23:00;-22.3;-
Reindalspasset;SN99763;06.01.2024 00:00;-23;-
Reindalspasset;SN99763;06.01.2024 01:00;-20.8;-
Reindalspasset;SN99763;06.01.2024 02:00;-20.2;-
Reindalspasset;SN99763;06.01.2024 03:00;-21.8;-
Reindalspasset;SN99763;06.01.2024 04:00;-20.5;-
Reindalspasset;SN99763;06.01.2024 05:00;-21.8;-
Reindalspasset;SN99763;06.01.2024 06:00;-19.7;-
Reindalspasset;SN99763;06.01.2024 07:00;-20.2;-
Reindalspasset;SN99763;06.01.2024 08:00;-21;-
Reindalspasset;SN99763;06.01.2024 09:00;-21.3;-
Reindalspasset;SN99763;06.01.2024 10:00;-20.8;-
Reindalspasset;SN99763;06.01.2024 11:00;-21.1;-
Reindalspasset;SN99763;06.01.2024 12:00;-22.1;-
Reindalspasset;SN99763;06.01.2024 13:00;-22;-
Reindalspasset;SN99763;06.01.2024 14:00;-24.2;-
Reindalspasset;SN99763;06.01.2024 15:00;-23.5;-
Reindalspasset;SN99763;06.01.2024 16:00;-22.9;-
Reindalspasset;SN99763;06.01.2024 17:00;-23.3;-
Reindalspasset;SN99763;06.01.2024 18:00;-23.2;-
Reindalspasset;SN99763;06.01.2024 19:00;-23.1;-
Reindalspasset;SN99763;06.01.2024 20:00;-23.4;-
Reindalspasset;SN99763;06.01.2024 21:00;-25.1;-
Reindalspasset;SN99763;06.01.2024 22:00;-24.4;-
Reindalspasset;SN99763;06.01.2024 23:00;-23.6;-
Reindalspasset;SN99763;07.01.2024 00:00;-25.2;-
Reindalspasset;SN99763;07.01.2024 01:00;-25.3;-
Reindalspasset;SN99763;07.01.2024 02:00;-24.5;-
Reindalspasset;SN99763;07.01.2024 03:00;-24.5;-
Reindalspasset;SN99763;07.01.2024 04:00;-23.5;-
Reindalspasset;SN99763;07.01.2024 05:00;-23.9;-
Reindalspasset;SN99763;07.01.2024 06:00;-24.3;-
Reindalspasset;SN99763;07.01.2024 07:00;-25.7;-
Reindalspasset;SN99763;07.01.2024 08:00;-24.9;-
Reindalspasset;SN99763;07.01.2024 09:00;-24.1;-
Reindalspasset;SN99763;07.01.2024 10:00;-23.5;-
Reindalspasset;SN99763;07.01.2024 11:00;-23.8;-
Reindalspasset;SN99763;07.01.2024 12:00;-23.1;-
Reindalspasset;SN99763;07.01.2024 13:00;-22;-
Reindalspasset;SN99763;07.01.2024 14:00;-21.8;-
Reindalspasset;SN99763;07.01.2024 15:00;-21.7;-
Reindalspasset;SN99763;07.01.2024 16:00;-23.5;-
Reindalspasset;SN99763;07.01.2024 17:00;-22.3;-
Reindalspasset;SN99763;07.01.2024 18:00;-21.9;-
Reindalspasset;SN99763;07.01.2024 19:00;-20;-
Reindalspasset;SN99763;07.01.2024 20:00;-19.4;-
Reindalspasset;SN99763;07.01.2024 21:00;-20.9;-
Reindalspasset;SN99763;07.01.2024 22:00;-20.7;-
Reindalspasset;SN99763;07.01.2024 23:00;-20.1;-
Reindalspasset;SN99763;08.01.2024 00:00;-19.7;-
Reindalspasset;SN99763;08.01.2024 01:00;-19.3;-
Reindalspasset;SN99763;08.01.2024 02:00;-18;-
Reindalspasset;SN99763;08.01.2024 03:00;-17.6;-
Reindalspasset;SN99763;08.01.2024 04:00;-17.6;-
Reindalspasset;SN99763;08.01.2024 05:00;-17.3;-
Reindalspasset;SN99763;08.01.2024 06:00;-16.8;-
Reindalspasset;SN99763;08.01.2024 07:00;-16.6;-
Reindalspasset;SN99763;08.01.2024 08:00;-15.6;-
Reindalspasset;SN99763;08.01.2024 09:00;-15.1;-
Reindalspasset;SN99763;08.01.2024 10:00;-15.4;-
Reindalspasset;SN99763;08.01.2024 11:00;-15.1;-
Reindalspasset;SN99763;08.01.2024 12:00;-14.6;-
Reindalspasset;SN99763;08.01.2024 13:00;-14.5;-
Reindalspasset;SN99763;08.01.2024 14:00;-14.6;-
Reindalspasset;SN99763;08.01.2024 15:00;-14;-
Reindalspasset;SN99763;08.01.2024 16:00;-14.1;-
Reindalspasset;SN99763;08.01.2024 17:00;-14.2;-
Reindalspasset;SN99763;08.01.2024 18:00;-14.1;-
Reindalspasset;SN99763;08.01.2024 19:00;-14.3;-
Reindalspasset;SN99763;08.01.2024 20:00;-15.3;-
Reindalspasset;SN99763;08.01.2024 21:00;-15;-
Reindalspasset;SN99763;08.01.2024 22:00;-14.4;-
Reindalspasset;SN99763;08.01.2024 23:00;-14.7;-
Reindalspasset;SN99763;09.01.2024 00:00;-14.6;-
Reindalspasset;SN99763;09.01.2024 01:00;-14.2;-
Reindalspasset;SN99763;09.01.2024 02:00;-14.3;-
Reindalspasset;SN99763;09.01.2024 03:00;-14.3;-
Reindalspasset;SN99763;09.01.2024 04:00;-14.5;-
Reindalspasset;SN99763;09.01.2024 05:00;-13.8;-
Reindalspasset;SN99763;09.01.2024 06:00;-14.1;-
Reindalspasset;SN99763;09.01.2024 07:00;-14.1;-
Reindalspasset;SN99763;09.01.2024 08:00;-14.8;-
Reindalspasset;SN99763;09.01.2024 09:00;-14.5;-
Reindalspasset;SN99763;09.01.2024 10:00;-14.2;-
Reindalspasset;SN99763;09.01.2024 11:00;-15.2;-
Reindalspasset;SN99763;09.01.2024 12:00;-16;-
Reindalspasset;SN99763;09.01.2024 13:00;-16.3;-
Reindalspasset;SN99763;09.01.2024 14:00;-17.1;-
Reindalspasset;SN99763;09.01.2024 15:00;-17.2;-
Reindalspasset;SN99763;09.01.2024 16:00;-17.3;-
Reindalspasset;SN99763;09.01.2024 17:00;-16.8;-
Reindalspasset;SN99763;09.01.2024 18:00;-17.2;-
Reindalspasset;SN99763;09.01.2024 19:00;-17.7;-
Reindalspasset;SN99763;09.01.2024 20:00;-17.9;-
Reindalspasset;SN99763;09.01.2024 21:00;-18.5;-
Reindalspasset;SN99763;09.01.2024 22:00;-18.5;-
Reindalspasset;SN99763;09.01.2024 23:00;-18.3;-
Reindalspasset;SN99763;10.01.2024 00:00;-18.4;-
Reindalspasset;SN99763;10.01.2024 01:00;-18.5;-
Reindalspasset;SN99763;10.01.2024 02:00;-18.6;-
Reindalspasset;SN99763;10.01.2024 03:00;-18.9;-
Reindalspasset;SN99763;10.01.2024 04:00;-19.1;-
Reindalspasset;SN99763;10.01.2024 05:00;-19.9;-
Reindalspasset;SN99763;10.01.2024 06:00;-19.4;-
Reindalspasset;SN99763;10.01.2024 07:00;-19.4;-
Reindalspasset;SN99763;10.01.2024 08:00;-19.5;-
Reindalspasset;SN99763;10.01.2024 09:00;-19.3;-
Reindalspasset;SN99763;10.01.2024 10:00;-19.1;-
Reindalspasset;SN99763;10.01.2024 11:00;-19.8;-
Reindalspasset;SN99763;10.01.2024 12:00;-20.4;-
Reindalspasset;SN99763;10.01.2024 13:00;-20.3;-
Reindalspasset;SN99763;10.01.2024 14:00;-20.2;-
Reindalspasset;SN99763;10.01.2024 15:00;-19.7;-
Reindalspasset;SN99763;10.01.2024 16:00;-19.3;-
Reindalspasset;SN99763;10.01.2024 17:00;-19.5;-
Reindalspasset;SN99763;10.01.2024 18:00;-19.7;-
Reindalspasset;SN99763;10.01.2024 19:00;-19.2;-
Reindalspasset;SN99763;10.01.2024 20:00;-18.7;-
Reindalspasset;SN99763;10.01.2024 21:00;-17.8;-
Reindalspasset;SN99763;10.01.2024 22:00;-17.3;-
Reindalspasset;SN99763;10.01.2024 23:00;-18;-
Reindalspasset;SN99763;11.01.2024 00:00;-17.7;-
Reindalspasset;SN99763;11.01.2024 01:00;-17.5;-
Reindalspasset;SN99763;11.01.2024 02:00;-17.2;-
Reindalspasset;SN99763;11.01.2024 03:00;-16.2;-
Reindalspasset;SN99763;11.01.2024 04:00;-14.7;-
Reindalspasset;SN99763;11.01.2024 05:00;-14.4;-
Reindalspasset;SN99763;11.01.2024 06:00;-14.5;-
Reindalspasset;SN99763;11.01.2024 07:00;-14.9;-
Reindalspasset;SN99763;11.01.2024 08:00;-15.6;-
Reindalspasset;SN99763;11.01.2024 09:00;-16.4;-
Reindalspasset;SN99763;11.01.2024 10:00;-17;-
Reindalspasset;SN99763;11.01.2024 11:00;-17.1;-
Reindalspasset;SN99763;11.01.2024 12:00;-17.5;-
Reindalspasset;SN99763;11.01.2024 13:00;-18;-
Reindalspasset;SN99763;11.01.2024 14:00;-17.7;-
Reindalspasset;SN99763;11.01.2024 15:00;-18.4;-
Reindalspasset;SN99763;11.01.2024 16:00;-19.2;-
Reindalspasset;SN99763;11.01.2024 17:00;-19.1;-
Reindalspasset;SN99763;11.01.2024 18:00;-20.7;-
Reindalspasset;SN99763;11.01.2024 19:00;-18.1;-
Reindalspasset;SN99763;11.01.2024 20:00;-19.2;-
Reindalspasset;SN99763;11.01.2024 21:00;-19.5;-
Reindalspasset;SN99763;11.01.2024 22:00;-19.1;-
Reindalspasset;SN99763;11.01.2024 23:00;-18.9;-
Reindalspasset;SN99763;12.01.2024 00:00;-19.4;-
Reindalspasset;SN99763;12.01.2024 01:00;-18.9;-
Reindalspasset;SN99763;12.01.2024 02:00;-19.5;-
Reindalspasset;SN99763;12.01.2024 03:00;-18.7;-
Reindalspasset;SN99763;12.01.2024 04:00;-19.1;-
Reindalspasset;SN99763;12.01.2024 05:00;-19.5;-
Reindalspasset;SN99763;12.01.2024 06:00;-17.8;-
Reindalspasset;SN99763;12.01.2024 07:00;-19.2;-
Reindalspasset;SN99763;12.01.2024 08:00;-17;-
Reindalspasset;SN99763;12.01.2024 09:00;-17.5;-
Reindalspasset;SN99763;12.01.2024 10:00;-17.6;-
Reindalspasset;SN99763;12.01.2024 11:00;-18.3;-
Reindalspasset;SN99763;12.01.2024 12:00;-15.9;-
Reindalspasset;SN99763;12.01.2024 13:00;-17.9;-
Reindalspasset;SN99763;12.01.2024 14:00;-17.7;-
Reindalspasset;SN99763;12.01.2024 15:00;-17.1;-
Reindalspasset;SN99763;12.01.2024 16:00;-16.2;-
Reindalspasset;SN99763;12.01.2024 17:00;-13.4;-
Reindalspasset;SN99763;12.01.2024 18:00;-14;-
Reindalspasset;SN99763;12.01.2024 19:00;-13.7;-
Reindalspasset;SN99763;12.01.2024 20:00;-14.2;-
Reindalspasset;SN99763;12.01.2024 21:00;-14.4;-
Reindalspasset;SN99763;12.01.2024 22:00;-14.5;-
Reindalspasset;SN99763;12.01.2024 23:00;-16.1;-
Reindalspasset;SN99763;13.01.2024 00:00;-15.3;-
Reindalspasset;SN99763;13.01.2024 01:00;-16.6;-
Reindalspasset;SN99763;13.01.2024 02:00;-16.3;-
Reindalspasset;SN99763;13.01.2024 03:00;-15.3;-
Reindalspasset;SN99763;13.01.2024 04:00;-15.8;-
Reindalspasset;SN99763;13.01.2024 05:00;-17.2;-
Reindalspasset;SN99763;13.01.2024 06:00;-17.6;-
Reindalspasset;SN99763;13.01.2024 07:00;-17.4;-
Reindalspasset;SN99763;13.01.2024 08:00;-17.9;-
Reindalspasset;SN99763;13.01.2024 09:00;-19;-
Reindalspasset;SN99763;13.01.2024 10:00;-20.2;-
Reindalspasset;SN99763;13.01.2024 11:00;-20.6;-
Reindalspasset;SN99763;13.01.2024 12:00;-20.4;-
Reindalspasset;SN99763;13.01.2024 13:00;-19;-
Reindalspasset;SN99763;13.01.2024 14:00;-19.9;-
Reindalspasset;SN99763;13.01.2024 15:00;-20.2;-
Reindalspasset;SN99763;13.01.2024 16:00;-20.3;-
Reindalspasset;SN99763;13.01.2024 17:00;-19.4;-
Reindalspasset;SN99763;13.01.2024 18:00;-18.9;-
Reindalspasset;SN99763;13.01.2024 19:00;-18.8;-
Reindalspasset;SN99763;13.01.2024 20:00;-17.8;-
Reindalspasset;SN99763;13.01.2024 21:00;-17.7;-
Reindalspasset;SN99763;13.01.2024 22:00;-19.4;-
Reindalspasset;SN99763;13.01.2024 23:00;-20.4;-
Reindalspasset;SN99763;14.01.2024 00:00;-21.2;-
Reindalspasset;SN99763;14.01.2024 01:00;-21.1;-
Reindalspasset;SN99763;14.01.2024 02:00;-21.8;-
Reindalspasset;SN99763;14.01.2024 03:00;-23.6;-
Reindalspasset;SN99763;14.01.2024 04:00;-22.5;-
Reindalspasset;SN99763;14.01.2024 05:00;-23.4;-
Reindalspasset;SN99763;14.01.2024 06:00;-22.7;-
Reindalspasset;SN99763;14.01.2024 07:00;-22.6;-
Reindalspasset;SN99763;14.01.2024 08:00;-22;-
Reindalspasset;SN99763;14.01.2024 09:00;-23.3;-
Reindalspasset;SN99763;14.01.2024 10:00;-24.6;-
Reindalspasset;SN99763;14.01.2024 11:00;-25;-
Reindalspasset;SN99763;14.01.2024 12:00;-26.8;-
Reindalspasset;SN99763;14.01.2024 13:00;-27.3;-
Reindalspasset;SN99763;14.01.2024 14:00;-26.9;-
Reindalspasset;SN99763;14.01.2024 15:00;-27.3;-
Reindalspasset;SN99763;14.01.2024 16:00;-26.7;-
Reindalspasset;SN99763;14.01.2024 17:00;-26.4;-
Reindalspasset;SN99763;14.01.2024 18:00;-26.3;-
Reindalspasset;SN99763;14.01.2024 19:00;-25.2;-
Reindalspasset;SN99763;14.01.2024 20:00;-24.4;-
Reindalspasset;SN99763;14.01.2024 21:00;-23.9;-
Reindalspasset;SN99763;14.01.2024 22:00;-25.1;-
Reindalspasset;SN99763;14.01.2024 23:00;-25;-
Reindalspasset;SN99763;15.01.2024 00:00;-25.4;-
Reindalspasset;SN99763;15.01.2024 01:00;-25.3;-
Reindalspasset;SN99763;15.01.2024 02:00;-26.7;-
Reindalspasset;SN99763;15.01.2024 03:00;-24.2;-
Reindalspasset;SN99763;15.01.2024 04:00;-24.1;-
Reindalspasset;SN99763;15.01.2024 05:00;-25.2;-
Reindalspasset;SN99763;15.01.2024 06:00;-25.3;-
Reindalspasset;SN99763;15.01.2024 07:00;-24.7;-
Reindalspasset;SN99763;15.01.2024 08:00;-24.7;-
Reindalspasset;SN99763;15.01.2024 09:00;-23.9;-
Reindalspasset;SN99763;15.01.2024 10:00;-23.4;-
Reindalspasset;SN99763;15.01.2024 11:00;-23.4;-
Reindalspasset;SN99763;15.01.2024 12:00;-23.4;-
Reindalspasset;SN99763;15.01.2024 13:00;-22.2;-
Reindalspasset;SN99763;15.01.2024 14:00;-22.5;-
Reindalspasset;SN99763;15.01.2024 15:00;-22.8;-
Reindalspasset;SN99763;15.01.2024 16:00;-22.1;-
Reindalspasset;SN99763;15.01.2024 17:00;-22.2;-
Reindalspasset;SN99763;15.01.2024 18:00;-22.2;-
Reindalspasset;SN99763;15.01.2024 19:00;-22.1;-
Reindalspasset;SN99763;15.01.2024 20:00;-22.3;-
Reindalspasset;SN99763;15.01.2024 21:00;-22;-
Reindalspasset;SN99763;15.01.2024 22:00;-21.9;-
Reindalspasset;SN99763;15.01.2024 23:00;-23.1;-
Reindalspasset;SN99763;16.01.2024 00:00;-22.1;-
Reindalspasset;SN99763;16.01.2024 01:00;-21.2;-
Reindalspasset;SN99763;16.01.2024 02:00;-22.4;-
Reindalspasset;SN99763;16.01.2024 03:00;-22;-
Reindalspasset;SN99763;16.01.2024 04:00;-20.9;-
Reindalspasset;SN99763;16.01.2024 05:00;-21;-
Reindalspasset;SN99763;16.01.2024 06:00;-21.8;-
Reindalspasset;SN99763;16.01.2024 07:00;-21.8;-
Reindalspasset;SN99763;16.01.2024 08:00;-21.9;-
Reindalspasset;SN99763;16.01.2024 09:00;-22.1;-
Reindalspasset;SN99763;16.01.2024 10:00;-23.2;-
Reindalspasset;SN99763;16.01.2024 11:00;-25;-
Reindalspasset;SN99763;16.01.2024 12:00;-25.6;-
Reindalspasset;SN99763;16.01.2024 13:00;-25.3;-
Reindalspasset;SN99763;16.01.2024 14:00;-26.5;-
Reindalspasset;SN99763;16.01.2024 15:00;-26.9;-
Reindalspasset;SN99763;16.01.2024 16:00;-27.4;-
Reindalspasset;SN99763;16.01.2024 17:00;-27.4;-
Reindalspasset;SN99763;16.01.2024 18:00;-27.7;-
Reindalspasset;SN99763;16.01.2024 19:00;-27.8;-
Reindalspasset;SN99763;16.01.2024 20:00;-27.1;-
Reindalspasset;SN99763;16.01.2024 21:00;-26.6;-
Reindalspasset;SN99763;16.01.2024 22:00;-25.6;-
Reindalspasset;SN99763;16.01.2024 23:00;-24.5;-
Reindalspasset;SN99763;17.01.2024 00:00;-23.8;-
Reindalspasset;SN99763;17.01.2024 01:00;-23.4;-
Reindalspasset;SN99763;17.01.2024 02:00;-23.2;-
Reindalspasset;SN99763;17.01.2024 03:00;-22.6;-
Reindalspasset;SN99763;17.01.2024 04:00;-22.2;-
Reindalspasset;SN99763;17.01.2024 05:00;-21.7;-
Reindalspasset;SN99763;17.01.2024 06:00;-20.1;-
Reindalspasset;SN99763;17.01.2024 07:00;-19.3;-
Reindalspasset;SN99763;17.01.2024 08:00;-17.4;-
Reindalspasset;SN99763;17.01.2024 09:00;-16.4;-
Reindalspasset;SN99763;17.01.2024 10:00;-15.9;-
Reindalspasset;SN99763;17.01.2024 11:00;-15;-
Reindalspasset;SN99763;17.01.2024 12:00;-14.8;-
Reindalspasset;SN99763;17.01.2024 13:00;-14.8;-
Reindalspasset;SN99763;17.01.2024 14:00;-13.7;-
Reindalspasset;SN99763;17.01.2024 15:00;-13.2;-
Reindalspasset;SN99763;17.01.2024 16:00;-14.5;-
Reindalspasset;SN99763;17.01.2024 17:00;-15;-
Reindalspasset;SN99763;17.01.2024 18:00;-14.4;-
Reindalspasset;SN99763;17.01.2024 19:00;-17;-
Reindalspasset;SN99763;17.01.2024 20:00;-15.2;-
Reindalspasset;SN99763;17.01.2024 21:00;-16;-
Reindalspasset;SN99763;17.01.2024 22:00;-16.2;-
Reindalspasset;SN99763;17.01.2024 23:00;-17.6;-
Reindalspasset;SN99763;18.01.2024 00:00;-17.4;-
Reindalspasset;SN99763;18.01.2024 01:00;-18;-
Reindalspasset;SN99763;18.01.2024 02:00;-18.4;-
Reindalspasset;SN99763;18.01.2024 03:00;-19.8;-
Reindalspasset;SN99763;18.01.2024 04:00;-19.5;-
Reindalspasset;SN99763;18.01.2024 05:00;-19.7;-
Reindalspasset;SN99763;18.01.2024 06:00;-20.6;-
Reindalspasset;SN99763;18.01.2024 07:00;-20;-
Reindalspasset;SN99763;18.01.2024 08:00;-19.9;-
Reindalspasset;SN99763;18.01.2024 09:00;-19.7;-
Reindalspasset;SN99763;18.01.2024 10:00;-20.5;-
Reindalspasset;SN99763;18.01.2024 11:00;-20.2;-
Reindalspasset;SN99763;18.01.2024 12:00;-20.8;-
Reindalspasset;SN99763;18.01.2024 13:00;-19.7;-
Reindalspasset;SN99763;18.01.2024 14:00;-19.1;-
Reindalspasset;SN99763;18.01.2024 15:00;-18.5;-
Reindalspasset;SN99763;18.01.2024 16:00;-18.2;-
Reindalspasset;SN99763;18.01.2024 17:00;-17.9;-
Reindalspasset;SN99763;18.01.2024 18:00;-17.4;-
Reindalspasset;SN99763;18.01.2024 19:00;-17.2;-
Reindalspasset;SN99763;18.01.2024 20:00;-17.2;-
Reindalspasset;SN99763;18.01.2024 21:00;-17.5;-
Reindalspasset;SN99763;18.01.2024 22:00;-18.1;-
Reindalspasset;SN99763;18.01.2024 23:00;-19.7;-
Reindalspasset;SN99763;19.01.2024 00:00;-20.1;-
Reindalspasset;SN99763;19.01.2024 01:00;-21.4;-
Reindalspasset;SN99763;19.01.2024 02:00;-20.4;-
Reindalspasset;SN99763;19.01.2024 03:00;-21.5;-
Reindalspasset;SN99763;19.01.2024 04:00;-21.8;-
Reindalspasset;SN99763;19.01.2024 05:00;-21.8;-
Reindalspasset;SN99763;19.01.2024 06:00;-21.7;-
Reindalspasset;SN99763;19.01.2024 07:00;-22.6;-
Reindalspasset;SN99763;19.01.2024 08:00;-21.6;-
Reindalspasset;SN99763;19.01.2024 09:00;-22.6;-
Reindalspasset;SN99763;19.01.2024 10:00;-22.8;-
Reindalspasset;SN99763;19.01.2024 11:00;-22.6;-
Reindalspasset;SN99763;19.01.2024 12:00;-24.2;-
Reindalspasset;SN99763;19.01.2024 13:00;-24.6;-
Reindalspasset;SN99763;19.01.2024 14:00;-22.5;-
Reindalspasset;SN99763;19.01.2024 15:00;-22.7;-
Reindalspasset;SN99763;19.01.2024 16:00;-23.7;-
Reindalspasset;SN99763;19.01.2024 17:00;-24.1;-
Reindalspasset;SN99763;19.01.2024 18:00;-23.1;-
Reindalspasset;SN99763;19.01.2024 19:00;-21.9;-
Reindalspasset;SN99763;19.01.2024 20:00;-22.7;-
Reindalspasset;SN99763;19.01.2024 21:00;-23.2;-
Reindalspasset;SN99763;19.01.2024 22:00;-22.7;-
Reindalspasset;SN99763;19.01.2024 23:00;-21.6;-
Reindalspasset;SN99763;20.01.2024 00:00;-21.6;-
Reindalspasset;SN99763;20.01.2024 01:00;-22.9;-
Reindalspasset;SN99763;20.01.2024 02:00;-22.4;-
Reindalspasset;SN99763;20.01.2024 03:00;-21.8;-
Reindalspasset;SN99763;20.01.2024 04:00;-21.1;-
Reindalspasset;SN99763;20.01.2024 05:00;-20.9;-
Reindalspasset;SN99763;20.01.2024 06:00;-21.4;-
Reindalspasset;SN99763;20.01.2024 07:00;-21.3;-
Reindalspasset;SN99763;20.01.2024 08:00;-22.1;-
Reindalspasset;SN99763;20.01.2024 09:00;-21.7;-
Reindalspasset;SN99763;20.01.2024 10:00;-22.9;-
Reindalspasset;SN99763;20.01.2024 11:00;-22.4;-
Reindalspasset;SN99763;20.01.2024 12:00;-20.5;-
Reindalspasset;SN99763;20.01.2024 13:00;-20.5;-
Reindalspasset;SN99763;20.01.2024 14:00;-21.4;-
Reindalspasset;SN99763;20.01.2024 15:00;-21.6;-
Reindalspasset;SN99763;20.01.2024 16:00;-21.5;-
Reindalspasset;SN99763;20.01.2024 17:00;-21.4;-
Reindalspasset;SN99763;20.01.2024 18:00;-21.5;-
Reindalspasset;SN99763;20.01.2024 19:00;-20.9;-
Reindalspasset;SN99763;20.01.2024 20:00;-21.6;-
Reindalspasset;SN99763;20.01.2024 21:00;-21.7;-
Reindalspasset;SN99763;20.01.2024 22:00;-21.3;-
Reindalspasset;SN99763;20.01.2024 23:00;-21.2;-
Reindalspasset;SN99763;21.01.2024 00:00;-20.4;-
Reindalspasset;SN99763;21.01.2024 01:00;-20.3;-
Reindalspasset;SN99763;21.01.2024 02:00;-21.4;-
Reindalspasset;SN99763;21.01.2024 03:00;-21.5;-
Reindalspasset;SN99763;21.01.2024 04:00;-21.4;-
Reindalspasset;SN99763;21.01.2024 05:00;-22.3;-
Reindalspasset;SN99763;21.01.2024 06:00;-21.7;-
Reindalspasset;SN99763;21.01.2024 07:00;-20.9;-
Reindalspasset;SN99763;21.01.2024 08:00;-20.2;-
Reindalspasset;SN99763;21.01.2024 09:00;-19.4;-
Reindalspasset;SN99763;21.01.2024 10:00;-18.3;-
Reindalspasset;SN99763;21.01.2024 11:00;-17.9;-
Reindalspasset;SN99763;21.01.2024 12:00;-17.4;-
Reindalspasset;SN99763;21.01.2024 13:00;-17.2;-
Reindalspasset;SN99763;21.01.2024 14:00;-17.3;-
Reindalspasset;SN99763;21.01.2024 15:00;-16.2;-
Reindalspasset;SN99763;21.01.2024 16:00;-15.8;-
Reindalspasset;SN99763;21.01.2024 17:00;-16.1;-
Reindalspasset;SN99763;21.01.2024 18:00;-15.2;-
Reindalspasset;SN99763;21.01.2024 19:00;-14.4;-
Reindalspasset;SN99763;21.01.2024 20:00;-15;-
Reindalspasset;SN99763;21.01.2024 21:00;-13;-
Reindalspasset;SN99763;21.01.2024 22:00;-12.2;-
Reindalspasset;SN99763;21.01.2024 23:00;-14.1;-
Reindalspasset;SN99763;22.01.2024 00:00;-14.5;-
Reindalspasset;SN99763;22.01.2024 01:00;-13.7;-
Reindalspasset;SN99763;22.01.2024 02:00;-14.7;-
Reindalspasset;SN99763;22.01.2024 03:00;-10.1;-
Reindalspasset;SN99763;22.01.2024 04:00;-13.1;-
Reindalspasset;SN99763;22.01.2024 05:00;-10.8;-
Reindalspasset;SN99763;22.01.2024 06:00;-10.6;-
Reindalspasset;SN99763;22.01.2024 07:00;-11.8;-
Reindalspasset;SN99763;22.01.2024 08:00;-11.4;-
Reindalspasset;SN99763;22.01.2024 09:00;-10.8;-
Reindalspasset;SN99763;22.01.2024 10:00;-10.7;-
Reindalspasset;SN99763;22.01.2024 11:00;-10.4;-
Reindalspasset;SN99763;22.01.2024 12:00;-11.2;-
Reindalspasset;SN99763;22.01.2024 13:00;-10.5;-
Reindalspasset;SN99763;22.01.2024 14:00;-10.3;-
Reindalspasset;SN99763;22.01.2024 15:00;-10.2;-
Reindalspasset;SN99763;22.01.2024 16:00;-10.3;-
Reindalspasset;SN99763;22.01.2024 17:00;-10.4;-
Reindalspasset;SN99763;22.01.2024 18:00;-9.8;-
Reindalspasset;SN99763;22.01.2024 19:00;-9.7;-
Reindalspasset;SN99763;22.01.2024 20:00;-8.6;-
Reindalspasset;SN99763;22.01.2024 21:00;-7.8;-
Reindalspasset;SN99763;22.01.2024 22:00;-8.3;-
Reindalspasset;SN99763;22.01.2024 23:00;-7.7;-
Reindalspasset;SN99763;23.01.2024 00:00;-6.4;-
Reindalspasset;SN99763;23.01.2024 01:00;-6.3;-
Reindalspasset;SN99763;23.01.2024 02:00;-6.1;-
Reindalspasset;SN99763;23.01.2024 03:00;-5.8;-
Reindalspasset;SN99763;23.01.2024 04:00;-5.6;-
Reindalspasset;SN99763;23.01.2024 05:00;-5.3;-
Reindalspasset;SN99763;23.01.2024 06:00;-4.6;-
Reindalspasset;SN99763;23.01.2024 07:00;-4.4;-
Reindalspasset;SN99763;23.01.2024 08:00;-4.3;-
Reindalspasset;SN99763;23.01.2024 09:00;-4.2;-
Reindalspasset;SN99763;23.01.2024 10:00;-4;-
Reindalspasset;SN99763;23.01.2024 11:00;-3.9;-
Reindalspasset;SN99763;23.01.2024 12:00;-4.1;-
Reindalspasset;SN99763;23.01.2024 13:00;-4;-
Reindalspasset;SN99763;23.01.2024 14:00;-4.1;-
Reindalspasset;SN99763;23.01.2024 15:00;-4.1;-
Reindalspasset;SN99763;23.01.2024 16:00;-4.1;-
Reindalspasset;SN99763;23.01.2024 17:00;-4.2;-
Reindalspasset;SN99763;23.01.2024 18:00;-4.2;-
Reindalspasset;SN99763;23.01.2024 19:00;-4.2;-
Reindalspasset;SN99763;23.01.2024 20:00;-4.2;-
Reindalspasset;SN99763;23.01.2024 21:00;-4;-
Reindalspasset;SN99763;23.01.2024 22:00;-3.9;-
Reindalspasset;SN99763;23.01.2024 23:00;-3.8;-
Reindalspasset;SN99763;24.01.2024 00:00;-3.6;-
Reindalspasset;SN99763;24.01.2024 01:00;-3.5;-
Reindalspasset;SN99763;24.01.2024 02:00;-3.4;-
Reindalspasset;SN99763;24.01.2024 03:00;-3.4;-
Reindalspasset;SN99763;24.01.2024 04:00;-3.3;-
Reindalspasset;SN99763;24.01.2024 05:00;-3.1;-
Reindalspasset;SN99763;24.01.2024 06:00;-3.1;-
Reindalspasset;SN99763;24.01.2024 07:00;-3.1;-
Reindalspasset;SN99763;24.01.2024 08:00;-3;-
Reindalspasset;SN99763;24.01.2024 09:00;-2.6;-
Reindalspasset;SN99763;24.01.2024 10:00;-2.7;-
Reindalspasset;SN99763;24.01.2024 11:00;-2.6;-
Reindalspasset;SN99763;24.01.2024 12:00;-3.1;-
Reindalspasset;SN99763;24.01.2024 13:00;-3.5;-
Reindalspasset;SN99763;24.01.2024 14:00;-4;-
Reindalspasset;SN99763;24.01.2024 15:00;-4.6;-
Reindalspasset;SN99763;24.01.2024 16:00;-6.2;-
Reindalspasset;SN99763;24.01.2024 17:00;-7.5;-
Reindalspasset;SN99763;24.01.2024 18:00;-9.7;-
Reindalspasset;SN99763;24.01.2024 19:00;-10.7;-
Reindalspasset;SN99763;24.01.2024 20:00;-11.1;-
Reindalspasset;SN99763;24.01.2024 21:00;-8;-
Reindalspasset;SN99763;24.01.2024 22:00;-8.5;-
Reindalspasset;SN99763;24.01.2024 23:00;-6;-
Reindalspasset;SN99763;25.01.2024 00:00;-6.1;-
Reindalspasset;SN99763;25.01.2024 01:00;-5.8;-
Reindalspasset;SN99763;25.01.2024 02:00;-5.6;-
Reindalspasset;SN99763;25.01.2024 03:00;-6.2;-
Reindalspasset;SN99763;25.01.2024 04:00;-5.7;-
Reindalspasset;SN99763;25.01.2024 05:00;-5.4;-
Reindalspasset;SN99763;25.01.2024 06:00;-7.1;-
Reindalspasset;SN99763;25.01.2024 07:00;-8;-
Reindalspasset;SN99763;25.01.2024 08:00;-8.7;-
Reindalspasset;SN99763;25.01.2024 09:00;-8.3;-
Reindalspasset;SN99763;25.01.2024 10:00;-6.1;-
Reindalspasset;SN99763;25.01.2024 11:00;-3.3;-
Reindalspasset;SN99763;25.01.2024 12:00;-4.3;-
Reindalspasset;SN99763;25.01.2024 13:00;-3.6;-
Reindalspasset;SN99763;25.01.2024 14:00;-4.2;-
Reindalspasset;SN99763;25.01.2024 15:00;-4.5;-
Reindalspasset;SN99763;25.01.2024 16:00;-4.7;-
Reindalspasset;SN99763;25.01.2024 17:00;-4.7;-
Reindalspasset;SN99763;25.01.2024 18:00;-5.2;-
Reindalspasset;SN99763;25.01.2024 19:00;-4.9;-
Reindalspasset;SN99763;25.01.2024 20:00;-5.6;-
Reindalspasset;SN99763;25.01.2024 21:00;-5.1;-
Reindalspasset;SN99763;25.01.2024 22:00;-3.8;-
Reindalspasset;SN99763;25.01.2024 23:00;1.4;-
Reindalspasset;SN99763;26.01.2024 00:00;2.4;-
Reindalspasset;SN99763;26.01.2024 01:00;2.8;-
Reindalspasset;SN99763;26.01.2024 02:00;1.9;-
Reindalspasset;SN99763;26.01.2024 03:00;2.4;-
Reindalspasset;SN99763;26.01.2024 04:00;2.7;-
Reindalspasset;SN99763;26.01.2024 05:00;4.3;-
Reindalspasset;SN99763;26.01.2024 06:00;4.6;-
Reindalspasset;SN99763;26.01.2024 07:00;4.1;-
Reindalspasset;SN99763;26.01.2024 08:00;4;-
Reindalspasset;SN99763;26.01.2024 09:00;4.3;-
Reindalspasset;SN99763;26.01.2024 10:00;2.3;-
Reindalspasset;SN99763;26.01.2024 11:00;3.3;-
Reindalspasset;SN99763;26.01.2024 12:00;3.6;-
Reindalspasset;SN99763;26.01.2024 13:00;2.1;-
Reindalspasset;SN99763;26.01.2024 14:00;3.3;-
Reindalspasset;SN99763;26.01.2024 15:00;2.5;-
Reindalspasset;SN99763;26.01.2024 16:00;1.9;-
Reindalspasset;SN99763;26.01.2024 17:00;1.4;-
Reindalspasset;SN99763;26.01.2024 18:00;2;-
Reindalspasset;SN99763;26.01.2024 19:00;0.2;-
Reindalspasset;SN99763;26.01.2024 20:00;0.1;-
Reindalspasset;SN99763;26.01.2024 21:00;-0.3;-
Reindalspasset;SN99763;26.01.2024 22:00;-0.5;-
Reindalspasset;SN99763;26.01.2024 23:00;-1.5;-
Reindalspasset;SN99763;27.01.2024 00:00;-1.4;-
Reindalspasset;SN99763;27.01.2024 01:00;-1.8;-
Reindalspasset;SN99763;27.01.2024 02:00;-1.5;-
Reindalspasset;SN99763;27.01.2024 03:00;-1.6;-
Reindalspasset;SN99763;27.01.2024 04:00;-1.9;-
Reindalspasset;SN99763;27.01.2024 05:00;-1.8;-
Reindalspasset;SN99763;27.01.2024 06:00;-2.2;-
Reindalspasset;SN99763;27.01.2024 07:00;-2.5;-
Reindalspasset;SN99763;27.01.2024 08:00;-2.4;-
Reindalspasset;SN99763;27.01.2024 09:00;-2.7;-
Reindalspasset;SN99763;27.01.2024 10:00;-2.9;-
Reindalspasset;SN99763;27.01.2024 11:00;-3.1;-
Reindalspasset;SN99763;27.01.2024 12:00;-2.8;-
Reindalspasset;SN99763;27.01.2024 13:00;-3.4;-
Reindalspasset;SN99763;27.01.2024 14:00;-4.4;-
Reindalspasset;SN99763;27.01.2024 15:00;-5.4;-
Reindalspasset;SN99763;27.01.2024 16:00;-6.3;-
Reindalspasset;SN99763;27.01.2024 17:00;-7;-
Reindalspasset;SN99763;27.01.2024 18:00;-7.6;-
Reindalspasset;SN99763;27.01.2024 19:00;-7.5;-
Reindalspasset;SN99763;27.01.2024 20:00;-7.3;-
Reindalspasset;SN99763;27.01.2024 21:00;-7;-
Reindalspasset;SN99763;27.01.2024 22:00;-6.6;-
Reindalspasset;SN99763;27.01.2024 23:00;-6.8;-
Reindalspasset;SN99763;28.01.2024 00:00;-6;-
Reindalspasset;SN99763;28.01.2024 01:00;-6.1;-
Reindalspasset;SN99763;28.01.2024 02:00;-5.9;-
Reindalspasset;SN99763;28.01.2024 03:00;-5.9;-
Reindalspasset;SN99763;28.01.2024 04:00;-5.9;-
Reindalspasset;SN99763;28.01.2024 05:00;-6.1;-
Reindalspasset;SN99763;28.01.2024 06:00;-6;-
Reindalspasset;SN99763;28.01.2024 07:00;-6.1;-
Reindalspasset;SN99763;28.01.2024 08:00;-6.2;-
Reindalspasset;SN99763;28.01.2024 09:00;-6;-
Reindalspasset;SN99763;28.01.2024 10:00;-6.2;-
Reindalspasset;SN99763;28.01.2024 11:00;-6.7;-
Reindalspasset;SN99763;28.01.2024 12:00;-6.8;-
Reindalspasset;SN99763;28.01.2024 13:00;-6.6;-
Reindalspasset;SN99763;28.01.2024 14:00;-7.6;-
Reindalspasset;SN99763;28.01.2024 15:00;-8.3;-
Reindalspasset;SN99763;28.01.2024 16:00;-10.6;-
Reindalspasset;SN99763;28.01.2024 17:00;-9.9;-
Reindalspasset;SN99763;28.01.2024 18:00;-11;-
Reindalspasset;SN99763;28.01.2024 19:00;-12.5;-
Reindalspasset;SN99763;28.01.2024 20:00;-13.6;-
Reindalspasset;SN99763;28.01.2024 21:00;-13.2;-
Reindalspasset;SN99763;28.01.2024 22:00;-13.3;-
Reindalspasset;SN99763;28.01.2024 23:00;-13.4;-
Reindalspasset;SN99763;29.01.2024 00:00;-13.3;-
Reindalspasset;SN99763;29.01.2024 01:00;-14;-
Reindalspasset;SN99763;29.01.2024 02:00;-13.4;-
Reindalspasset;SN99763;29.01.2024 03:00;-13.4;-
Reindalspasset;SN99763;29.01.2024 04:00;-9.8;-
Reindalspasset;SN99763;29.01.2024 05:00;-8.8;-
Reindalspasset;SN99763;29.01.2024 06:00;-7.5;-
Reindalspasset;SN99763;29.01.2024 07:00;-8.2;-
Reindalspasset;SN99763;29.01.2024 08:00;-7.6;-
Reindalspasset;SN99763;29.01.2024 09:00;-7.5;-
Reindalspasset;SN99763;29.01.2024 10:00;-6.4;-
Reindalspasset;SN99763;29.01.2024 11:00;-5.7;-
Reindalspasset;SN99763;29.01.2024 12:00;-5.1;-
Reindalspasset;SN99763;29.01.2024 13:00;-5.3;-
Reindalspasset;SN99763;29.01.2024 14:00;-4.3;-
Reindalspasset;SN99763;29.01.2024 15:00;-4.5;-
Reindalspasset;SN99763;29.01.2024 16:00;-4;-
Reindalspasset;SN99763;29.01.2024 17:00;-3.7;-
Reindalspasset;SN99763;29.01.2024 18:00;-3.9;-
Reindalspasset;SN99763;29.01.2024 19:00;-3.7;-
Reindalspasset;SN99763;29.01.2024 20:00;-3;-
Reindalspasset;SN99763;29.01.2024 21:00;-3;-
Reindalspasset;SN99763;29.01.2024 22:00;-3.2;-
Reindalspasset;SN99763;29.01.2024 23:00;-3.3;-
Reindalspasset;SN99763;30.01.2024 00:00;-3.2;-
Reindalspasset;SN99763;30.01.2024 01:00;-3.5;-
Reindalspasset;SN99763;30.01.2024 02:00;-4.5;-
Reindalspasset;SN99763;30.01.2024 03:00;-5.4;-
Reindalspasset;SN99763;30.01.2024 04:00;-4.3;-
Reindalspasset;SN99763;30.01.2024 05:00;-3.7;-
Reindalspasset;SN99763;30.01.2024 06:00;-4.1;-
Reindalspasset;SN99763;30.01.2024 07:00;-4;-
Reindalspasset;SN99763;30.01.2024 08:00;-3.8;-
Reindalspasset;SN99763;30.01.2024 09:00;-3.3;-
Reindalspasset;SN99763;30.01.2024 10:00;-3.3;-
Reindalspasset;SN99763;30.01.2024 11:00;-3.5;-
Reindalspasset;SN99763;30.01.2024 12:00;-4.1;-
Reindalspasset;SN99763;30.01.2024 13:00;-4.1;-
Reindalspasset;SN99763;30.01.2024 14:00;-4.5;-
Reindalspasset;SN99763;30.01.2024 15:00;-4.6;-
Reindalspasset;SN99763;30.01.2024 16:00;-5.4;-
Reindalspasset;SN99763;30.01.2024 17:00;-5.7;-
Reindalspasset;SN99763;30.01.2024 18:00;-6.1;-
Reindalspasset;SN99763;30.01.2024 19:00;-6.1;-
Reindalspasset;SN99763;30.01.2024 20:00;-6.2;-
Reindalspasset;SN99763;30.01.2024 21:00;-6.5;-
Reindalspasset;SN99763;30.01.2024 22:00;-6.9;-
Reindalspasset;SN99763;30.01.2024 23:00;-6.6;-
Reindalspasset;SN99763;31.01.2024 00:00;-6.5;-
Reindalspasset;SN99763;31.01.2024 01:00;-6.5;-
Reindalspasset;SN99763;31.01.2024 02:00;-6.9;-
Reindalspasset;SN99763;31.01.2024 03:00;-7.1;-
Reindalspasset;SN99763;31.01.2024 04:00;-7.1;-
Reindalspasset;SN99763;31.01.2024 05:00;-7.2;-
Reindalspasset;SN99763;31.01.2024 06:00;-7.5;-
Reindalspasset;SN99763;31.01.2024 07:00;-7.9;-
Reindalspasset;SN99763;31.01.2024 08:00;-7.9;-
Reindalspasset;SN99763;31.01.2024 09:00;-8.5;-
Reindalspasset;SN99763;31.01.2024 10:00;-8.7;-
Reindalspasset;SN99763;31.01.2024 11:00;-9.5;-
Reindalspasset;SN99763;31.01.2024 12:00;-9.9;-
Reindalspasset;SN99763;31.01.2024 13:00;-10.3;-
Reindalspasset;SN99763;31.01.2024 14:00;-10.8;-
Reindalspasset;SN99763;31.01.2024 15:00;-11.1;-
Reindalspasset;SN99763;31.01.2024 16:00;-11.5;-
Reindalspasset;SN99763;31.01.2024 17:00;-11.2;-
Reindalspasset;SN99763;31.01.2024 18:00;-11.4;-
Reindalspasset;SN99763;31.01.2024 19:00;-11.3;-
Reindalspasset;SN99763;31.01.2024 20:00;-11.5;-
Reindalspasset;SN99763;31.01.2024 21:00;-12.5;-
Reindalspasset;SN99763;31.01.2024 22:00;-12.7;-
Reindalspasset;SN99763;31.01.2024 23:00;-13.5;-
Reindalspasset;SN99763;01.02.2024 00:00;-12.9;-
Reindalspasset;SN99763;01.02.2024 01:00;-12.9;-
Reindalspasset;SN99763;01.02.2024 02:00;-14.4;-
Reindalspasset;SN99763;01.02.2024 03:00;-15.1;-
Reindalspasset;SN99763;01.02.2024 04:00;-15.8;-
Reindalspasset;SN99763;01.02.2024 05:00;-16.5;-
Reindalspasset;SN99763;01.02.2024 06:00;-16;-
Reindalspasset;SN99763;01.02.2024 07:00;-14.6;-
Reindalspasset;SN99763;01.02.2024 08:00;-14.4;-
Reindalspasset;SN99763;01.02.2024 09:00;-13.8;-
Reindalspasset;SN99763;01.02.2024 10:00;-13.6;-
Reindalspasset;SN99763;01.02.2024 11:00;-14.4;-
Reindalspasset;SN99763;01.02.2024 12:00;-13.9;-
Reindalspasset;SN99763;01.02.2024 13:00;-14.4;-
Reindalspasset;SN99763;01.02.2024 14:00;-14.7;-
Reindalspasset;SN99763;01.02.2024 15:00;-14.7;-
Reindalspasset;SN99763;01.02.2024 16:00;-14.7;-
Reindalspasset;SN99763;01.02.2024 17:00;-15.6;-
Reindalspasset;SN99763;01.02.2024 18:00;-15.3;-
Reindalspasset;SN99763;01.02.2024 19:00;-15;-
Reindalspasset;SN99763;01.02.2024 20:00;-14.8;-
Reindalspasset;SN99763;01.02.2024 21:00;-14.4;-
Reindalspasset;SN99763;01.02.2024 22:00;-14.4;-
Reindalspasset;SN99763;01.02.2024 23:00;-14.1;-
Reindalspasset;SN99763;02.02.2024 00:00;-14.7;-
Reindalspasset;SN99763;02.02.2024 01:00;-14.2;-
Reindalspasset;SN99763;02.02.2024 02:00;-13.8;-
Reindalspasset;SN99763;02.02.2024 03:00;-13.9;-
Reindalspasset;SN99763;02.02.2024 04:00;-13.6;-
Reindalspasset;SN99763;02.02.2024 05:00;-13.2;-
Reindalspasset;SN99763;02.02.2024 06:00;-13.5;-
Reindalspasset;SN99763;02.02.2024 07:00;-13.9;-
Reindalspasset;SN99763;02.02.2024 08:00;-15.7;-
Reindalspasset;SN99763;02.02.2024 09:00;-15.9;-
Reindalspasset;SN99763;02.02.2024 10:00;-16.6;-
Reindalspasset;SN99763;02.02.2024 11:00;-17;-
Reindalspasset;SN99763;02.02.2024 12:00;-16.1;-
Reindalspasset;SN99763;02.02.2024 13:00;-16.1;-
Reindalspasset;SN99763;02.02.2024 14:00;-14.4;-
Reindalspasset;SN99763;02.02.2024 15:00;-14.1;-
Reindalspasset;SN99763;02.02.2024 16:00;-13.4;-
Reindalspasset;SN99763;02.02.2024 17:00;-12.8;-
Reindalspasset;SN99763;02.02.2024 18:00;-12.9;-
Reindalspasset;SN99763;02.02.2024 19:00;-13.2;-
Reindalspasset;SN99763;02.02.2024 20:00;-13.2;-
Reindalspasset;SN99763;02.02.2024 21:00;-13.1;-
Reindalspasset;SN99763;02.02.2024 22:00;-14.3;-
Reindalspasset;SN99763;02.02.2024 23:00;-13.1;-
Reindalspasset;SN99763;03.02.2024 00:00;-15.2;-
Reindalspasset;SN99763;03.02.2024 01:00;-13.9;-
Reindalspasset;SN99763;03.02.2024 02:00;-14.2;-
Reindalspasset;SN99763;03.02.2024 03:00;-14.8;-
Reindalspasset;SN99763;03.02.2024 04:00;-14.1;-
Reindalspasset;SN99763;03.02.2024 05:00;-13.8;-
Reindalspasset;SN99763;03.02.2024 06:00;-13.2;-
Reindalspasset;SN99763;03.02.2024 07:00;-13.1;-
Reindalspasset;SN99763;03.02.2024 08:00;-12.6;-
Reindalspasset;SN99763;03.02.2024 09:00;-13.4;-
Reindalspasset;SN99763;03.02.2024 10:00;-12.9;-
Reindalspasset;SN99763;03.02.2024 11:00;-14.5;-
Reindalspasset;SN99763;03.02.2024 12:00;-13.9;-
Reindalspasset;SN99763;03.02.2024 13:00;-14.9;-
Reindalspasset;SN99763;03.02.2024 14:00;-11.1;-
Reindalspasset;SN99763;03.02.2024 15:00;-10.9;-
Reindalspasset;SN99763;03.02.2024 16:00;-10.2;-
Reindalspasset;SN99763;03.02.2024 17:00;-10;-
Reindalspasset;SN99763;03.02.2024 18:00;-10.8;-
Reindalspasset;SN99763;03.02.2024 19:00;-13;-
Reindalspasset;SN99763;03.02.2024 20:00;-14.6;-
Reindalspasset;SN99763;03.02.2024 21:00;-11.8;-
Reindalspasset;SN99763;03.02.2024 22:00;-9.4;-
Reindalspasset;SN99763;03.02.2024 23:00;-9.9;-
Reindalspasset;SN99763;04.02.2024 00:00;-10.8;-
Reindalspasset;SN99763;04.02.2024 01:00;-12.2;-
Reindalspasset;SN99763;04.02.2024 02:00;-11.8;-
Reindalspasset;SN99763;04.02.2024 03:00;-11.7;-
Reindalspasset;SN99763;04.02.2024 04:00;-10.6;-
Reindalspasset;SN99763;04.02.2024 05:00;-8.4;-
Reindalspasset;SN99763;04.02.2024 06:00;-7.1;-
Reindalspasset;SN99763;04.02.2024 07:00;-6.9;-
Reindalspasset;SN99763;04.02.2024 08:00;-5.5;-
Reindalspasset;SN99763;04.02.2024 09:00;-5.6;-
Reindalspasset;SN99763;04.02.2024 10:00;-5.1;-
Reindalspasset;SN99763;04.02.2024 11:00;-4.3;-
Reindalspasset;SN99763;04.02.2024 12:00;-3.5;-
Reindalspasset;SN99763;04.02.2024 13:00;-2.9;-
Reindalspasset;SN99763;04.02.2024 14:00;-3.5;-
Reindalspasset;SN99763;04.02.2024 15:00;-2.8;-
Reindalspasset;SN99763;04.02.2024 16:00;-2.5;-
Reindalspasset;SN99763;04.02.2024 17:00;-2.4;-
Reindalspasset;SN99763;04.02.2024 18:00;-2.5;-
Reindalspasset;SN99763;04.02.2024 19:00;-2.7;-
Reindalspasset;SN99763;04.02.2024 20:00;-2.9;-
Reindalspasset;SN99763;04.02.2024 21:00;-2.6;-
Reindalspasset;SN99763;04.02.2024 22:00;-2.8;-
Reindalspasset;SN99763;04.02.2024 23:00;-2.7;-
Reindalspasset;SN99763;05.02.2024 00:00;-2.6;-
Reindalspasset;SN99763;05.02.2024 01:00;-2.8;-
Reindalspasset;SN99763;05.02.2024 02:00;-2.8;-
Reindalspasset;SN99763;05.02.2024 03:00;-3;-
Reindalspasset;SN99763;05.02.2024 04:00;-3.4;-
Reindalspasset;SN99763;05.02.2024 05:00;-3.4;-
Reindalspasset;SN99763;05.02.2024 06:00;-3.5;-
Reindalspasset;SN99763;05.02.2024 07:00;-3.5;-
Reindalspasset;SN99763;05.02.2024 08:00;-3.5;-
Reindalspasset;SN99763;05.02.2024 09:00;-3.7;-
Reindalspasset;SN99763;05.02.2024 10:00;-3.6;-
Reindalspasset;SN99763;05.02.2024 11:00;-3.7;-
Reindalspasset;SN99763;05.02.2024 12:00;-3.7;-
Reindalspasset;SN99763;05.02.2024 13:00;-3.7;-
Reindalspasset;SN99763;05.02.2024 14:00;-3.8;-
Reindalspasset;SN99763;05.02.2024 15:00;-4.1;-
Reindalspasset;SN99763;05.02.2024 16:00;-4.1;-
Reindalspasset;SN99763;05.02.2024 17:00;-4.3;-
Reindalspasset;SN99763;05.02.2024 18:00;-4.6;-
Reindalspasset;SN99763;05.02.2024 19:00;-4.9;-
Reindalspasset;SN99763;05.02.2024 20:00;-5;-
Reindalspasset;SN99763;05.02.2024 21:00;-5;-
Reindalspasset;SN99763;05.02.2024 22:00;-5.7;-
Reindalspasset;SN99763;05.02.2024 23:00;-5.9;-
Reindalspasset;SN99763;06.02.2024 00:00;-5.5;-
Reindalspasset;SN99763;06.02.2024 01:00;-5.9;-
Reindalspasset;SN99763;06.02.2024 02:00;-6.2;-
Reindalspasset;SN99763;06.02.2024 03:00;-6;-
Reindalspasset;SN99763;06.02.2024 04:00;-6.4;-
Reindalspasset;SN99763;06.02.2024 05:00;-7.4;-
Reindalspasset;SN99763;06.02.2024 06:00;-8.7;-
Reindalspasset;SN99763;06.02.2024 07:00;-9.4;-
Reindalspasset;SN99763;06.02.2024 08:00;-9.6;-
Reindalspasset;SN99763;06.02.2024 09:00;-10.4;-
Reindalspasset;SN99763;06.02.2024 10:00;-11.4;-
Reindalspasset;SN99763;06.02.2024 11:00;-12.2;-
Reindalspasset;SN99763;06.02.2024 12:00;-12.7;-
Reindalspasset;SN99763;06.02.2024 13:00;-13.3;-
Reindalspasset;SN99763;06.02.2024 14:00;-14;-
Reindalspasset;SN99763;06.02.2024 15:00;-13.2;-
Reindalspasset;SN99763;06.02.2024 16:00;-13.5;-
Reindalspasset;SN99763;06.02.2024 17:00;-12.5;-
Reindalspasset;SN99763;06.02.2024 18:00;-11.9;-
Reindalspasset;SN99763;06.02.2024 19:00;-11;-
Reindalspasset;SN99763;06.02.2024 20:00;-11.3;-
Reindalspasset;SN99763;06.02.2024 21:00;-10.1;-
Reindalspasset;SN99763;06.02.2024 22:00;-11;-
Reindalspasset;SN99763;06.02.2024 23:00;-10.1;-
Reindalspasset;SN99763;07.02.2024 00:00;-10.1;-
Reindalspasset;SN99763;07.02.2024 01:00;-10.5;-
Reindalspasset;SN99763;07.02.2024 02:00;-11;-
Reindalspasset;SN99763;07.02.2024 03:00;-11;-
Reindalspasset;SN99763;07.02.2024 04:00;-10.8;-
Reindalspasset;SN99763;07.02.2024 05:00;-10.5;-
Reindalspasset;SN99763;07.02.2024 06:00;-10.6;-
Reindalspasset;SN99763;07.02.2024 07:00;-10.9;-
Reindalspasset;SN99763;07.02.2024 08:00;-11.1;-
Reindalspasset;SN99763;07.02.2024 09:00;-10.4;-
Reindalspasset;SN99763;07.02.2024 10:00;-10.5;-
Reindalspasset;SN99763;07.02.2024 11:00;-10.4;-
Reindalspasset;SN99763;07.02.2024 12:00;-9.4;-
Reindalspasset;SN99763;07.02.2024 13:00;-8.6;-
Reindalspasset;SN99763;07.02.2024 14:00;-8.6;-
Reindalspasset;SN99763;07.02.2024 15:00;-8.3;-
Reindalspasset;SN99763;07.02.2024 16:00;-8.6;-
Reindalspasset;SN99763;07.02.2024 17:00;-8.3;-
Reindalspasset;SN99763;07.02.2024 18:00;-8.5;-
Reindalspasset;SN99763;07.02.2024 19:00;-8.7;-
Reindalspasset;SN99763;07.02.2024 20:00;-8.7;-
Reindalspasset;SN99763;07.02.2024 21:00;-9.1;-
Reindalspasset;SN99763;07.02.2024 22:00;-9;-
Reindalspasset;SN99763;07.02.2024 23:00;-8.7;-
Reindalspasset;SN99763;08.02.2024 00:00;-9.2;-
Reindalspasset;SN99763;08.02.2024 01:00;-8.8;-
Reindalspasset;SN99763;08.02.2024 02:00;-9.3;-
Reindalspasset;SN99763;08.02.2024 03:00;-9.7;-
Reindalspasset;SN99763;08.02.2024 04:00;-9.2;-
Reindalspasset;SN99763;08.02.2024 05:00;-8.9;-
Reindalspasset;SN99763;08.02.2024 06:00;-9.4;-
Reindalspasset;SN99763;08.02.2024 07:00;-9.1;-
Reindalspasset;SN99763;08.02.2024 08:00;-9.8;-
Reindalspasset;SN99763;08.02.2024 09:00;-9.9;-
Reindalspasset;SN99763;08.02.2024 10:00;-9.5;-
Reindalspasset;SN99763;08.02.2024 11:00;-9.2;-
Reindalspasset;SN99763;08.02.2024 12:00;-9.5;-
Reindalspasset;SN99763;08.02.2024 13:00;-9.5;-
Reindalspasset;SN99763;08.02.2024 14:00;-9.5;-
Reindalspasset;SN99763;08.02.2024 15:00;-9.4;-
Reindalspasset;SN99763;08.02.2024 16:00;-9.1;-
Reindalspasset;SN99763;08.02.2024 17:00;-9.3;-
Reindalspasset;SN99763;08.02.2024 18:00;-9.2;-
Reindalspasset;SN99763;08.02.2024 19:00;-9.4;-
Reindalspasset;SN99763;08.02.2024 20:00;-10.5;-
Reindalspasset;SN99763;08.02.2024 21:00;-11.2;-
Reindalspasset;SN99763;08.02.2024 22:00;-10.7;-
Reindalspasset;SN99763;08.02.2024 23:00;-12;-
Reindalspasset;SN99763;09.02.2024 00:00;-13.1;-
Reindalspasset;SN99763;09.02.2024 01:00;-12.4;-
Reindalspasset;SN99763;09.02.2024 02:00;-14.1;-
Reindalspasset;SN99763;09.02.2024 03:00;-14.3;-
Reindalspasset;SN99763;09.02.2024 04:00;-12.8;-
Reindalspasset;SN99763;09.02.2024 05:00;-14.4;-
Reindalspasset;SN99763;09.02.2024 06:00;-14.3;-
Reindalspasset;SN99763;09.02.2024 07:00;-14.2;-
Reindalspasset;SN99763;09.02.2024 08:00;-15.2;-
Reindalspasset;SN99763;09.02.2024 09:00;-15.4;-
Reindalspasset;SN99763;09.02.2024 10:00;-13.5;-
Reindalspasset;SN99763;09.02.2024 11:00;-13;-
Reindalspasset;SN99763;09.02.2024 12:00;-12.4;-
Reindalspasset;SN99763;09.02.2024 13:00;-11.8;-
Reindalspasset;SN99763;09.02.2024 14:00;-8.6;-
Reindalspasset;SN99763;09.02.2024 15:00;-7.8;-
Reindalspasset;SN99763;09.02.2024 16:00;-7.8;-
Reindalspasset;SN99763;09.02.2024 17:00;-7;-
Reindalspasset;SN99763;09.02.2024 18:00;-7;-
Reindalspasset;SN99763;09.02.2024 19:00;-7.1;-
Reindalspasset;SN99763;09.02.2024 20:00;-7.2;-
Reindalspasset;SN99763;09.02.2024 21:00;-7.3;-
Reindalspasset;SN99763;09.02.2024 22:00;-6.9;-
Reindalspasset;SN99763;09.02.2024 23:00;-6.8;-
Reindalspasset;SN99763;10.02.2024 00:00;-7.1;-
Reindalspasset;SN99763;10.02.2024 01:00;-7.3;-
Reindalspasset;SN99763;10.02.2024 02:00;-7.5;-
Reindalspasset;SN99763;10.02.2024 03:00;-7;-
Reindalspasset;SN99763;10.02.2024 04:00;-7.1;-
Reindalspasset;SN99763;10.02.2024 05:00;-7.2;-
Reindalspasset;SN99763;10.02.2024 06:00;-7.2;-
Reindalspasset;SN99763;10.02.2024 07:00;-7;-
Reindalspasset;SN99763;10.02.2024 08:00;-6.6;-
Reindalspasset;SN99763;10.02.2024 09:00;-6.9;-
Reindalspasset;SN99763;10.02.2024 10:00;-6.1;-
Reindalspasset;SN99763;10.02.2024 11:00;-5.8;-
Reindalspasset;SN99763;10.02.2024 12:00;-6;-
Reindalspasset;SN99763;10.02.2024 13:00;-5.6;-
Reindalspasset;SN99763;10.02.2024 14:00;-5.4;-
Reindalspasset;SN99763;10.02.2024 15:00;-5.8;-
Reindalspasset;SN99763;10.02.2024 16:00;-5.6;-
Reindalspasset;SN99763;10.02.2024 17:00;-5.7;-
Reindalspasset;SN99763;10.02.2024 18:00;-6;-
Reindalspasset;SN99763;10.02.2024 19:00;-5.6;-
Reindalspasset;SN99763;10.02.2024 20:00;-5.6;-
Reindalspasset;SN99763;10.02.2024 21:00;-5.6;-
Reindalspasset;SN99763;10.02.2024 22:00;-6.1;-
Reindalspasset;SN99763;10.02.2024 23:00;-5.5;-
Reindalspasset;SN99763;11.02.2024 00:00;-5.5;-
Reindalspasset;SN99763;11.02.2024 01:00;-6.7;-
Reindalspasset;SN99763;11.02.2024 02:00;-8.8;-
Reindalspasset;SN99763;11.02.2024 03:00;-10.1;-
Reindalspasset;SN99763;11.02.2024 04:00;-8.5;-
Reindalspasset;SN99763;11.02.2024 05:00;-9.7;-
Reindalspasset;SN99763;11.02.2024 06:00;-10.1;-
Reindalspasset;SN99763;11.02.2024 07:00;-8.5;-
Reindalspasset;SN99763;11.02.2024 08:00;-9.3;-
Reindalspasset;SN99763;11.02.2024 09:00;-7.9;-
Reindalspasset;SN99763;11.02.2024 10:00;-7.6;-
Reindalspasset;SN99763;11.02.2024 11:00;-7.1;-
Reindalspasset;SN99763;11.02.2024 12:00;-8.8;-
Reindalspasset;SN99763;11.02.2024 13:00;-8.8;-
Reindalspasset;SN99763;11.02.2024 14:00;-8.2;-
Reindalspasset;SN99763;11.02.2024 15:00;-10.5;-
Reindalspasset;SN99763;11.02.2024 16:00;-10.7;-
Reindalspasset;SN99763;11.02.2024 17:00;-10.4;-
Reindalspasset;SN99763;11.02.2024 18:00;-9.3;-
Reindalspasset;SN99763;11.02.2024 19:00;-8.9;-
Reindalspasset;SN99763;11.02.2024 20:00;-9.9;-
Reindalspasset;SN99763;11.02.2024 21:00;-9.1;-
Reindalspasset;SN99763;11.02.2024 22:00;-9.5;-
Reindalspasset;SN99763;11.02.2024 23:00;-8.6;-
Reindalspasset;SN99763;12.02.2024 00:00;-8.2;-
Reindalspasset;SN99763;12.02.2024 01:00;-8.1;-
Reindalspasset;SN99763;12.02.2024 02:00;-8.2;-
Reindalspasset;SN99763;12.02.2024 03:00;-9.7;-
Reindalspasset;SN99763;12.02.2024 04:00;-10.7;-
Reindalspasset;SN99763;12.02.2024 05:00;-11.8;-
Reindalspasset;SN99763;12.02.2024 06:00;-15.3;-
Reindalspasset;SN99763;12.02.2024 07:00;-13.9;-
Reindalspasset;SN99763;12.02.2024 08:00;-15;-
Reindalspasset;SN99763;12.02.2024 09:00;-16.8;-
Reindalspasset;SN99763;12.02.2024 10:00;-17.6;-
Reindalspasset;SN99763;12.02.2024 11:00;-17.4;-
Reindalspasset;SN99763;12.02.2024 12:00;-17.4;-
Reindalspasset;SN99763;12.02.2024 13:00;-16;-
Reindalspasset;SN99763;12.02.2024 14:00;-17.5;-
Reindalspasset;SN99763;12.02.2024 15:00;-18.4;-
Reindalspasset;SN99763;12.02.2024 16:00;-17;-
Reindalspasset;SN99763;12.02.2024 17:00;-19.5;-
Reindalspasset;SN99763;12.02.2024 18:00;-20.5;-
Reindalspasset;SN99763;12.02.2024 19:00;-19.5;-
Reindalspasset;SN99763;12.02.2024 20:00;-18.7;-
Reindalspasset;SN99763;12.02.2024 21:00;-16.8;-
Reindalspasset;SN99763;12.02.2024 22:00;-16.5;-
Reindalspasset;SN99763;12.02.2024 23:00;-15.6;-
Reindalspasset;SN99763;13.02.2024 00:00;-15.1;-
Reindalspasset;SN99763;13.02.2024 01:00;-14;-
Reindalspasset;SN99763;13.02.2024 02:00;-15;-
Reindalspasset;SN99763;13.02.2024 03:00;-13.7;-
Reindalspasset;SN99763;13.02.2024 04:00;-13.9;-
Reindalspasset;SN99763;13.02.2024 05:00;-12.1;-
Reindalspasset;SN99763;13.02.2024 06:00;-14.2;-
Reindalspasset;SN99763;13.02.2024 07:00;-15.4;-
Reindalspasset;SN99763;13.02.2024 08:00;-15;-
Reindalspasset;SN99763;13.02.2024 09:00;-13.6;-
Reindalspasset;SN99763;13.02.2024 10:00;-13.2;-
Reindalspasset;SN99763;13.02.2024 11:00;-14.2;-
Reindalspasset;SN99763;13.02.2024 12:00;-15.4;-
Reindalspasset;SN99763;13.02.2024 13:00;-12.8;-
Reindalspasset;SN99763;13.02.2024 14:00;-12.9;-
Reindalspasset;SN99763;13.02.2024 15:00;-11.4;-
Reindalspasset;SN99763;13.02.2024 16:00;-9.3;-
Reindalspasset;SN99763;13.02.2024 17:00;-7.7;-
Reindalspasset;SN99763;13.02.2024 18:00;-6.7;-
Reindalspasset;SN99763;13.02.2024 19:00;-8.5;-
Reindalspasset;SN99763;13.02.2024 20:00;-8.9;-
Reindalspasset;SN99763;13.02.2024 21:00;-8.3;-
Reindalspasset;SN99763;13.02.2024 22:00;-8.2;-
Reindalspasset;SN99763;13.02.2024 23:00;-6.1;-
Reindalspasset;SN99763;14.02.2024 00:00;-5.1;-
Reindalspasset;SN99763;14.02.2024 01:00;-4.5;-
Reindalspasset;SN99763;14.02.2024 02:00;-4.1;-
Reindalspasset;SN99763;14.02.2024 03:00;-3.7;-
Reindalspasset;SN99763;14.02.2024 04:00;-3.6;-
Reindalspasset;SN99763;14.02.2024 05:00;-3.3;-
Reindalspasset;SN99763;14.02.2024 06:00;-3.1;-
Reindalspasset;SN99763;14.02.2024 07:00;-2.9;-
Reindalspasset;SN99763;14.02.2024 08:00;-2.9;-
Reindalspasset;SN99763;14.02.2024 09:00;-3;-
Reindalspasset;SN99763;14.02.2024 10:00;-2.5;-
Reindalspasset;SN99763;14.02.2024 11:00;-3.1;-
Reindalspasset;SN99763;14.02.2024 12:00;-2.8;-
Reindalspasset;SN99763;14.02.2024 13:00;-2.6;-
Reindalspasset;SN99763;14.02.2024 14:00;-2;-
Reindalspasset;SN99763;14.02.2024 15:00;-1.6;-
Reindalspasset;SN99763;14.02.2024 16:00;-1.5;-
Reindalspasset;SN99763;14.02.2024 17:00;-1.6;-
Reindalspasset;SN99763;14.02.2024 18:00;-1.8;-
Reindalspasset;SN99763;14.02.2024 19:00;-0.9;-
Reindalspasset;SN99763;14.02.2024 20:00;-1.3;-
Reindalspasset;SN99763;14.02.2024 21:00;0.6;-
Reindalspasset;SN99763;14.02.2024 22:00;0.5;-
Reindalspasset;SN99763;14.02.2024 23:00;1.2;-
Reindalspasset;SN99763;15.02.2024 00:00;1.3;-
Reindalspasset;SN99763;15.02.2024 01:00;1.2;-
Reindalspasset;SN99763;15.02.2024 02:00;1.3;-
Reindalspasset;SN99763;15.02.2024 03:00;0.5;-
Reindalspasset;SN99763;15.02.2024 04:00;1.2;-
Reindalspasset;SN99763;15.02.2024 05:00;1.8;-
Reindalspasset;SN99763;15.02.2024 06:00;1.4;-
Reindalspasset;SN99763;15.02.2024 07:00;1.6;-
Reindalspasset;SN99763;15.02.2024 08:00;1;-
Reindalspasset;SN99763;15.02.2024 09:00;0.5;-
Reindalspasset;SN99763;15.02.2024 10:00;0.4;-
Reindalspasset;SN99763;15.02.2024 11:00;-0.4;-
Reindalspasset;SN99763;15.02.2024 12:00;-1;-
Reindalspasset;SN99763;15.02.2024 13:00;-1;-
Reindalspasset;SN99763;15.02.2024 14:00;-0.7;-
Reindalspasset;SN99763;15.02.2024 15:00;-2.1;-
Reindalspasset;SN99763;15.02.2024 16:00;-2.3;-
Reindalspasset;SN99763;15.02.2024 17:00;-2.9;-
Reindalspasset;SN99763;15.02.2024 18:00;-3.5;-
Reindalspasset;SN99763;15.02.2024 19:00;-3.8;-
Reindalspasset;SN99763;15.02.2024 20:00;-4.1;-
Reindalspasset;SN99763;15.02.2024 21:00;-3.9;-
Reindalspasset;SN99763;15.02.2024 22:00;-5.2;-
Reindalspasset;SN99763;15.02.2024 23:00;-5.8;-
Reindalspasset;SN99763;16.02.2024 00:00;-6.3;-
Reindalspasset;SN99763;16.02.2024 01:00;-4.5;-
Reindalspasset;SN99763;16.02.2024 02:00;-5.8;-
Reindalspasset;SN99763;16.02.2024 03:00;-6.3;-
Reindalspasset;SN99763;16.02.2024 04:00;-7.3;-
Reindalspasset;SN99763;16.02.2024 05:00;-8.1;-
Reindalspasset;SN99763;16.02.2024 06:00;-6.7;-
Reindalspasset;SN99763;16.02.2024 07:00;-7.7;-
Reindalspasset;SN99763;16.02.2024 08:00;-8.9;-
Reindalspasset;SN99763;16.02.2024 09:00;-9.3;-
Reindalspasset;SN99763;16.02.2024 10:00;-9.2;-
Reindalspasset;SN99763;16.02.2024 11:00;-9.9;-
Reindalspasset;SN99763;16.02.2024 12:00;-10.5;-
Reindalspasset;SN99763;16.02.2024 13:00;-9.8;-
Reindalspasset;SN99763;16.02.2024 14:00;-9.7;-
Reindalspasset;SN99763;16.02.2024 15:00;-9.8;-
Reindalspasset;SN99763;16.02.2024 16:00;-9.8;-
Reindalspasset;SN99763;16.02.2024 17:00;-9.1;-
Reindalspasset;SN99763;16.02.2024 18:00;-9.6;-
Reindalspasset;SN99763;16.02.2024 19:00;-10.9;-
Reindalspasset;SN99763;16.02.2024 20:00;-10.2;-
Reindalspasset;SN99763;16.02.2024 21:00;-10.2;-
Reindalspasset;SN99763;16.02.2024 22:00;-9.7;-
Reindalspasset;SN99763;16.02.2024 23:00;-10.3;-
Reindalspasset;SN99763;17.02.2024 00:00;-10.3;-
Reindalspasset;SN99763;17.02.2024 01:00;-10.1;-
Reindalspasset;SN99763;17.02.2024 02:00;-11.1;-
Reindalspasset;SN99763;17.02.2024 03:00;-10.5;-
Reindalspasset;SN99763;17.02.2024 04:00;-11.3;-
Reindalspasset;SN99763;17.02.2024 05:00;-14;-
Reindalspasset;SN99763;17.02.2024 06:00;-12.7;-
Reindalspasset;SN99763;17.02.2024 07:00;-10.9;-
Reindalspasset;SN99763;17.02.2024 08:00;-11.3;-
Reindalspasset;SN99763;17.02.2024 09:00;-11.7;-
Reindalspasset;SN99763;17.02.2024 10:00;-11.9;-
Reindalspasset;SN99763;17.02.2024 11:00;-14.1;-
Reindalspasset;SN99763;17.02.2024 12:00;-13.6;-
Reindalspasset;SN99763;17.02.2024 13:00;-13.6;-
Reindalspasset;SN99763;17.02.2024 14:00;-13.7;-
Reindalspasset;SN99763;17.02.2024 15:00;-14.2;-
Reindalspasset;SN99763;17.02.2024 16:00;-16.7;-
Reindalspasset;SN99763;17.02.2024 17:00;-16.7;-
Reindalspasset;SN99763;17.02.2024 18:00;-15.1;-
Reindalspasset;SN99763;17.02.2024 19:00;-13.2;-
Reindalspasset;SN99763;17.02.2024 20:00;-13.6;-
Reindalspasset;SN99763;17.02.2024 21:00;-13.7;-
Reindalspasset;SN99763;17.02.2024 22:00;-14.1;-
Reindalspasset;SN99763;17.02.2024 23:00;-14.3;-
Reindalspasset;SN99763;18.02.2024 00:00;-14.8;-
Reindalspasset;SN99763;18.02.2024 01:00;-14.9;-
Reindalspasset;SN99763;18.02.2024 02:00;-15.1;-
Reindalspasset;SN99763;18.02.2024 03:00;-15.3;-
Reindalspasset;SN99763;18.02.2024 04:00;-15.5;-
Reindalspasset;SN99763;18.02.2024 05:00;-15.1;-
Reindalspasset;SN99763;18.02.2024 06:00;-15.4;-
Reindalspasset;SN99763;18.02.2024 07:00;-15.1;-
Reindalspasset;SN99763;18.02.2024 08:00;-15.8;-
Reindalspasset;SN99763;18.02.2024 09:00;-16.4;-
Reindalspasset;SN99763;18.02.2024 10:00;-17.8;-
Reindalspasset;SN99763;18.02.2024 11:00;-15;-
Reindalspasset;SN99763;18.02.2024 12:00;-14.6;-
Reindalspasset;SN99763;18.02.2024 13:00;-14.2;-
Reindalspasset;SN99763;18.02.2024 14:00;-14.2;-
Reindalspasset;SN99763;18.02.2024 15:00;-14.5;-
Reindalspasset;SN99763;18.02.2024 16:00;-14.2;-
Reindalspasset;SN99763;18.02.2024 17:00;-14.1;-
Reindalspasset;SN99763;18.02.2024 18:00;-13.6;-
Reindalspasset;SN99763;18.02.2024 19:00;-13.4;-
Reindalspasset;SN99763;18.02.2024 20:00;-13.3;-
Reindalspasset;SN99763;18.02.2024 21:00;-13.5;-
Reindalspasset;SN99763;18.02.2024 22:00;-12.9;-
Reindalspasset;SN99763;18.02.2024 23:00;-13.4;-
Reindalspasset;SN99763;19.02.2024 00:00;-13.4;-
Reindalspasset;SN99763;19.02.2024 01:00;-14;-
Reindalspasset;SN99763;19.02.2024 02:00;-14.3;-
Reindalspasset;SN99763;19.02.2024 03:00;-14.1;-
Reindalspasset;SN99763;19.02.2024 04:00;-13.6;-
Reindalspasset;SN99763;19.02.2024 05:00;-14.3;-
Reindalspasset;SN99763;19.02.2024 06:00;-14.5;-
Reindalspasset;SN99763;19.02.2024 07:00;-14.4;-
Reindalspasset;SN99763;19.02.2024 08:00;-14.5;-
Reindalspasset;SN99763;19.02.2024 09:00;-15.2;-
Reindalspasset;SN99763;19.02.2024 10:00;-15.7;-
Reindalspasset;SN99763;19.02.2024 11:00;-16.5;-
Reindalspasset;SN99763;19.02.2024 12:00;-18.5;-
Reindalspasset;SN99763;19.02.2024 13:00;-17.2;-
Reindalspasset;SN99763;19.02.2024 14:00;-17.4;-
Reindalspasset;SN99763;19.02.2024 15:00;-19.4;-
Reindalspasset;SN99763;19.02.2024 16:00;-21.1;-
Reindalspasset;SN99763;19.02.2024 17:00;-19.8;-
Reindalspasset;SN99763;19.02.2024 18:00;-17.3;-
Reindalspasset;SN99763;19.02.2024 19:00;-16.7;-
Reindalspasset;SN99763;19.02.2024 20:00;-15.5;-
Reindalspasset;SN99763;19.02.2024 21:00;-16.4;-
Reindalspasset;SN99763;19.02.2024 22:00;-15.8;-
Reindalspasset;SN99763;19.02.2024 23:00;-17;-
Reindalspasset;SN99763;20.02.2024 00:00;-16.7;-
Reindalspasset;SN99763;20.02.2024 01:00;-16.6;-
Reindalspasset;SN99763;20.02.2024 02:00;-15.7;-
Reindalspasset;SN99763;20.02.2024 03:00;-13.7;-
Reindalspasset;SN99763;20.02.2024 04:00;-14.8;-
Reindalspasset;SN99763;20.02.2024 05:00;-17.1;-
Reindalspasset;SN99763;20.02.2024 06:00;-15.2;-
Reindalspasset;SN99763;20.02.2024 07:00;-16;-
Reindalspasset;SN99763;20.02.2024 08:00;-15;-
Reindalspasset;SN99763;20.02.2024 09:00;-15.2;-
Reindalspasset;SN99763;20.02.2024 10:00;-15.9;-
Reindalspasset;SN99763;20.02.2024 11:00;-17.6;-
Reindalspasset;SN99763;20.02.2024 12:00;-16.7;-
Reindalspasset;SN99763;20.02.2024 13:00;-18.8;-
Reindalspasset;SN99763;20.02.2024 14:00;-18.2;-
Reindalspasset;SN99763;20.02.2024 15:00;-18.2;-
Reindalspasset;SN99763;20.02.2024 16:00;-16.8;-
Reindalspasset;SN99763;20.02.2024 17:00;-15.8;-
Reindalspasset;SN99763;20.02.2024 18:00;-14.7;-
Reindalspasset;SN99763;20.02.2024 19:00;-14.4;-
Reindalspasset;SN99763;20.02.2024 20:00;-13.7;-
Reindalspasset;SN99763;20.02.2024 21:00;-13;-
Reindalspasset;SN99763;20.02.2024 22:00;-12.9;-
Reindalspasset;SN99763;20.02.2024 23:00;-13.1;-
Reindalspasset;SN99763;21.02.2024 00:00;-12.6;-
Reindalspasset;SN99763;21.02.2024 01:00;-11.5;-
Reindalspasset;SN99763;21.02.2024 02:00;-11.5;-
Reindalspasset;SN99763;21.02.2024 03:00;-11.2;-
Reindalspasset;SN99763;21.02.2024 04:00;-11.2;-
Reindalspasset;SN99763;21.02.2024 05:00;-11.3;-
Reindalspasset;SN99763;21.02.2024 06:00;-11.3;-
Reindalspasset;SN99763;21.02.2024 07:00;-10.9;-
Reindalspasset;SN99763;21.02.2024 08:00;-11.2;-
Reindalspasset;SN99763;21.02.2024 09:00;-11.3;-
Reindalspasset;SN99763;21.02.2024 10:00;-11.3;-
Reindalspasset;SN99763;21.02.2024 11:00;-11.5;-
Reindalspasset;SN99763;21.02.2024 12:00;-11.7;-
Reindalspasset;SN99763;21.02.2024 13:00;-11.5;-
Reindalspasset;SN99763;21.02.2024 14:00;-11.6;-
Reindalspasset;SN99763;21.02.2024 15:00;-11.7;-
Reindalspasset;SN99763;21.02.2024 16:00;-11.7;-
Reindalspasset;SN99763;21.02.2024 17:00;-11.8;-
Reindalspasset;SN99763;21.02.2024 18:00;-11.6;-
Reindalspasset;SN99763;21.02.2024 19:00;-11.7;-
Reindalspasset;SN99763;21.02.2024 20:00;-11.4;-
Reindalspasset;SN99763;21.02.2024 21:00;-11.5;-
Reindalspasset;SN99763;21.02.2024 22:00;-11.4;-
Reindalspasset;SN99763;21.02.2024 23:00;-11.4;-
Reindalspasset;SN99763;22.02.2024 00:00;-11.6;-
Reindalspasset;SN99763;22.02.2024 01:00;-11.7;-
Reindalspasset;SN99763;22.02.2024 02:00;-11.6;-
Reindalspasset;SN99763;22.02.2024 03:00;-13;-
Reindalspasset;SN99763;22.02.2024 04:00;-13.1;-
Reindalspasset;SN99763;22.02.2024 05:00;-12.9;-
Reindalspasset;SN99763;22.02.2024 06:00;-13.3;-
Reindalspasset;SN99763;22.02.2024 07:00;-13.1;-
Reindalspasset;SN99763;22.02.2024 08:00;-14.4;-
Reindalspasset;SN99763;22.02.2024 09:00;-14.7;-
Reindalspasset;SN99763;22.02.2024 10:00;-14.4;-
Reindalspasset;SN99763;22.02.2024 11:00;-14.9;-
Reindalspasset;SN99763;22.02.2024 12:00;-14.9;-
Reindalspasset;SN99763;22.02.2024 13:00;-14.3;-
Reindalspasset;SN99763;22.02.2024 14:00;-14.3;-
Reindalspasset;SN99763;22.02.2024 15:00;-14.5;-
Reindalspasset;SN99763;22.02.2024 16:00;-14.6;-
Reindalspasset;SN99763;22.02.2024 17:00;-13.7;-
Reindalspasset;SN99763;22.02.2024 18:00;-14.3;-
Reindalspasset;SN99763;22.02.2024 19:00;-15.1;-
Reindalspasset;SN99763;22.02.2024 20:00;-15;-
Reindalspasset;SN99763;22.02.2024 21:00;-15.3;-
Reindalspasset;SN99763;22.02.2024 22:00;-14.6;-
Reindalspasset;SN99763;22.02.2024 23:00;-12.8;-
Reindalspasset;SN99763;23.02.2024 00:00;-11.3;-
Reindalspasset;SN99763;23.02.2024 01:00;-11;-
Reindalspasset;SN99763;23.02.2024 02:00;-11.5;-
Reindalspasset;SN99763;23.02.2024 03:00;-11.2;-
Reindalspasset;SN99763;23.02.2024 04:00;-10.7;-
Reindalspasset;SN99763;23.02.2024 05:00;-10.6;-
Reindalspasset;SN99763;23.02.2024 06:00;-10.1;-
Reindalspasset;SN99763;23.02.2024 07:00;-10.1;-
Reindalspasset;SN99763;23.02.2024 08:00;-10.4;-
Reindalspasset;SN99763;23.02.2024 09:00;-10;-
Reindalspasset;SN99763;23.02.2024 10:00;-9.6;-
Reindalspasset;SN99763;23.02.2024 11:00;-9;-
Reindalspasset;SN99763;23.02.2024 12:00;-9.6;-
Reindalspasset;SN99763;23.02.2024 13:00;-8.9;-
Reindalspasset;SN99763;23.02.2024 14:00;-7.2;-
Reindalspasset;SN99763;23.02.2024 15:00;-7.9;-
Reindalspasset;SN99763;23.02.2024 16:00;-7.1;-
Reindalspasset;SN99763;23.02.2024 17:00;-6.8;-
Reindalspasset;SN99763;23.02.2024 18:00;-6.8;-
Reindalspasset;SN99763;23.02.2024 19:00;-5.6;-
Reindalspasset;SN99763;23.02.2024 20:00;-6.1;-
Reindalspasset;SN99763;23.02.2024 21:00;-5.8;-
Reindalspasset;SN99763;23.02.2024 22:00;-6;-
Reindalspasset;SN99763;23.02.2024 23:00;-6.7;-
Reindalspasset;SN99763;24.02.2024 00:00;-6.6;-
Reindalspasset;SN99763;24.02.2024 01:00;-6.4;-
Reindalspasset;SN99763;24.02.2024 02:00;-5.8;-
Reindalspasset;SN99763;24.02.2024 03:00;-5.6;-
Reindalspasset;SN99763;24.02.2024 04:00;-5.4;-
Reindalspasset;SN99763;24.02.2024 05:00;-5;-
Reindalspasset;SN99763;24.02.2024 06:00;-4.4;-
Reindalspasset;SN99763;24.02.2024 07:00;-4.6;-
Reindalspasset;SN99763;24.02.2024 08:00;-4.5;-
Reindalspasset;SN99763;24.02.2024 09:00;-4.6;-
Reindalspasset;SN99763;24.02.2024 10:00;-4.5;-
Reindalspasset;SN99763;24.02.2024 11:00;-4.7;-
Reindalspasset;SN99763;24.02.2024 12:00;-4.5;-
Reindalspasset;SN99763;24.02.2024 13:00;-4.7;-
Reindalspasset;SN99763;24.02.2024 14:00;-3.5;-
Reindalspasset;SN99763;24.02.2024 15:00;-4;-
Reindalspasset;SN99763;24.02.2024 16:00;-4.8;-
Reindalspasset;SN99763;24.02.2024 17:00;-5.3;-
Reindalspasset;SN99763;24.02.2024 18:00;-5.3;-
Reindalspasset;SN99763;24.02.2024 19:00;-4.9;-
Reindalspasset;SN99763;24.02.2024 20:00;-5.4;-
Reindalspasset;SN99763;24.02.2024 21:00;-5.9;-
Reindalspasset;SN99763;24.02.2024 22:00;-5.4;-
Reindalspasset;SN99763;24.02.2024 23:00;-5.7;-
Reindalspasset;SN99763;25.02.2024 00:00;-7.1;-
Reindalspasset;SN99763;25.02.2024 01:00;-7.7;-
Reindalspasset;SN99763;25.02.2024 02:00;-8.4;-
Reindalspasset;SN99763;25.02.2024 03:00;-9.6;-
Reindalspasset;SN99763;25.02.2024 04:00;-8.2;-
Reindalspasset;SN99763;25.02.2024 05:00;-9.7;-
Reindalspasset;SN99763;25.02.2024 06:00;-12.3;-
Reindalspasset;SN99763;25.02.2024 07:00;-11.3;-
Reindalspasset;SN99763;25.02.2024 08:00;-13.5;-
Reindalspasset;SN99763;25.02.2024 09:00;-13.2;-
Reindalspasset;SN99763;25.02.2024 10:00;-12.3;-
Reindalspasset;SN99763;25.02.2024 11:00;-12.8;-
Reindalspasset;SN99763;25.02.2024 12:00;-14.2;-
Reindalspasset;SN99763;25.02.2024 13:00;-13.3;-
Reindalspasset;SN99763;25.02.2024 14:00;-12.8;-
Reindalspasset;SN99763;25.02.2024 15:00;-13;-
Reindalspasset;SN99763;25.02.2024 16:00;-12;-
Reindalspasset;SN99763;25.02.2024 17:00;-13.4;-
Reindalspasset;SN99763;25.02.2024 18:00;-13.5;-
Reindalspasset;SN99763;25.02.2024 19:00;-14.8;-
Reindalspasset;SN99763;25.02.2024 20:00;-15.6;-
Reindalspasset;SN99763;25.02.2024 21:00;-14.7;-
Reindalspasset;SN99763;25.02.2024 22:00;-15.2;-
Reindalspasset;SN99763;25.02.2024 23:00;-15;-
Reindalspasset;SN99763;26.02.2024 00:00;-15;-
Reindalspasset;SN99763;26.02.2024 01:00;-16.2;-
Reindalspasset;SN99763;26.02.2024 02:00;-15.4;-
Reindalspasset;SN99763;26.02.2024 03:00;-15.5;-
Reindalspasset;SN99763;26.02.2024 04:00;-16.8;-
Reindalspasset;SN99763;26.02.2024 05:00;-16.2;-
Reindalspasset;SN99763;26.02.2024 06:00;-17.4;-
Reindalspasset;SN99763;26.02.2024 07:00;-16.3;-
Reindalspasset;SN99763;26.02.2024 08:00;-15.1;-
Reindalspasset;SN99763;26.02.2024 09:00;-15.5;-
Reindalspasset;SN99763;26.02.2024 10:00;-13.4;-
Reindalspasset;SN99763;26.02.2024 11:00;-12.9;-
Reindalspasset;SN99763;26.02.2024 12:00;-12.5;-
Reindalspasset;SN99763;26.02.2024 13:00;-12.4;-
Reindalspasset;SN99763;26.02.2024 14:00;-12.6;-
Reindalspasset;SN99763;26.02.2024 15:00;-13;-
Reindalspasset;SN99763;26.02.2024 16:00;-12.9;-
Reindalspasset;SN99763;26.02.2024 17:00;-14.5;-
Reindalspasset;SN99763;26.02.2024 18:00;-15.6;-
Reindalspasset;SN99763;26.02.2024 19:00;-16.5;-
Reindalspasset;SN99763;26.02.2024 20:00;-17;-
Reindalspasset;SN99763;26.02.2024 21:00;-17.1;-
Reindalspasset;SN99763;26.02.2024 22:00;-17.7;-
Reindalspasset;SN99763;26.02.2024 23:00;-16.8;-
Reindalspasset;SN99763;27.02.2024 00:00;-16.6;-
Reindalspasset;SN99763;27.02.2024 01:00;-14.6;-
Reindalspasset;SN99763;27.02.2024 02:00;-13.7;-
Reindalspasset;SN99763;27.02.2024 03:00;-13.7;-
Reindalspasset;SN99763;27.02.2024 04:00;-13.1;-
Reindalspasset;SN99763;27.02.2024 05:00;-13.1;-
Reindalspasset;SN99763;27.02.2024 06:00;-12.5;-
Reindalspasset;SN99763;27.02.2024 07:00;-12.9;-
Reindalspasset;SN99763;27.02.2024 08:00;-8.2;-
Reindalspasset;SN99763;27.02.2024 09:00;-8.2;-
Reindalspasset;SN99763;27.02.2024 10:00;-7.7;-
Reindalspasset;SN99763;27.02.2024 11:00;-8.6;-
Reindalspasset;SN99763;27.02.2024 12:00;-7.8;-
Reindalspasset;SN99763;27.02.2024 13:00;-8;-
Reindalspasset;SN99763;27.02.2024 14:00;-7.6;-
Reindalspasset;SN99763;27.02.2024 15:00;-7.7;-
Reindalspasset;SN99763;27.02.2024 16:00;-7.6;-
Reindalspasset;SN99763;27.02.2024 17:00;-7.6;-
Reindalspasset;SN99763;27.02.2024 18:00;-7.4;-
Reindalspasset;SN99763;27.02.2024 19:00;-7.2;-
Reindalspasset;SN99763;27.02.2024 20:00;-6.8;-
Reindalspasset;SN99763;27.02.2024 21:00;-6.3;-
Reindalspasset;SN99763;27.02.2024 22:00;-5.4;-
Reindalspasset;SN99763;27.02.2024 23:00;-5.3;-
Reindalspasset;SN99763;28.02.2024 00:00;-5.1;-
Reindalspasset;SN99763;28.02.2024 01:00;-4.8;-
Reindalspasset;SN99763;28.02.2024 02:00;-4.2;-
Reindalspasset;SN99763;28.02.2024 03:00;-4.5;-
Reindalspasset;SN99763;28.02.2024 04:00;-4.5;-
Reindalspasset;SN99763;28.02.2024 05:00;-4.2;-
Reindalspasset;SN99763;28.02.2024 06:00;-4.3;-
Reindalspasset;SN99763;28.02.2024 07:00;-2.9;-
Reindalspasset;SN99763;28.02.2024 08:00;-3.1;-
Reindalspasset;SN99763;28.02.2024 09:00;-3.1;-
Reindalspasset;SN99763;28.02.2024 10:00;-2.5;-
Reindalspasset;SN99763;28.02.2024 11:00;-2.6;-
Reindalspasset;SN99763;28.02.2024 12:00;-2.9;-
Reindalspasset;SN99763;28.02.2024 13:00;-2.4;-
Reindalspasset;SN99763;28.02.2024 14:00;-1.9;-
Reindalspasset;SN99763;28.02.2024 15:00;-1.4;-
Reindalspasset;SN99763;28.02.2024 16:00;-1;-
Reindalspasset;SN99763;28.02.2024 17:00;-0.2;-
Reindalspasset;SN99763;28.02.2024 18:00;-0.2;-
Reindalspasset;SN99763;28.02.2024 19:00;0.2;-
Reindalspasset;SN99763;28.02.2024 20:00;0.4;-
Reindalspasset;SN99763;28.02.2024 21:00;-0.2;-
Reindalspasset;SN99763;28.02.2024 22:00;0.9;-
Reindalspasset;SN99763;28.02.2024 23:00;0.3;-
Reindalspasset;SN99763;29.02.2024 00:00;0.5;-
Reindalspasset;SN99763;29.02.2024 01:00;1.1;-
Reindalspasset;SN99763;29.02.2024 02:00;0.6;-
Reindalspasset;SN99763;29.02.2024 03:00;-0.2;-
Reindalspasset;SN99763;29.02.2024 04:00;1.2;-
Reindalspasset;SN99763;29.02.2024 05:00;1;-
Reindalspasset;SN99763;29.02.2024 06:00;0.7;-
Reindalspasset;SN99763;29.02.2024 07:00;0.4;-
Reindalspasset;SN99763;29.02.2024 08:00;-0.4;-
Reindalspasset;SN99763;29.02.2024 09:00;-1.1;-
Reindalspasset;SN99763;29.02.2024 10:00;-1.6;-
Reindalspasset;SN99763;29.02.2024 11:00;-2.2;-
Reindalspasset;SN99763;29.02.2024 12:00;-2;-
Reindalspasset;SN99763;29.02.2024 13:00;-3.9;-
Reindalspasset;SN99763;29.02.2024 14:00;-5;-
Reindalspasset;SN99763;29.02.2024 15:00;-5.4;-
Reindalspasset;SN99763;29.02.2024 16:00;-5.5;-
Reindalspasset;SN99763;29.02.2024 17:00;-5.9;-
Reindalspasset;SN99763;29.02.2024 18:00;-6.1;-
Reindalspasset;SN99763;29.02.2024 19:00;-6;-
Reindalspasset;SN99763;29.02.2024 20:00;-7.6;-
Reindalspasset;SN99763;29.02.2024 21:00;-9;-
Reindalspasset;SN99763;29.02.2024 22:00;-7.4;-
Reindalspasset;SN99763;29.02.2024 23:00;-8.9;-
Reindalspasset;SN99763;01.03.2024 00:00;-8.4;-
Reindalspasset;SN99763;01.03.2024 01:00;-8.9;-
Reindalspasset;SN99763;01.03.2024 02:00;-11;-
Reindalspasset;SN99763;01.03.2024 03:00;-12.4;-
Reindalspasset;SN99763;01.03.2024 04:00;-10.6;-
Reindalspasset;SN99763;01.03.2024 05:00;-10.2;-
Reindalspasset;SN99763;01.03.2024 06:00;-9.8;-
Reindalspasset;SN99763;01.03.2024 07:00;-8.4;-
Reindalspasset;SN99763;01.03.2024 08:00;-6.7;-
Reindalspasset;SN99763;01.03.2024 09:00;-7.1;-
Reindalspasset;SN99763;01.03.2024 10:00;-6.3;-
Reindalspasset;SN99763;01.03.2024 11:00;-6.6;-
Reindalspasset;SN99763;01.03.2024 12:00;-5.2;-
Reindalspasset;SN99763;01.03.2024 13:00;-4.9;-
Reindalspasset;SN99763;01.03.2024 14:00;-4.9;-
Reindalspasset;SN99763;01.03.2024 15:00;-5.8;-
Reindalspasset;SN99763;01.03.2024 16:00;-6.9;-
Reindalspasset;SN99763;01.03.2024 17:00;-7.2;-
Reindalspasset;SN99763;01.03.2024 18:00;-6.9;-
Reindalspasset;SN99763;01.03.2024 19:00;-8;-
Reindalspasset;SN99763;01.03.2024 20:00;-7.6;-
Reindalspasset;SN99763;01.03.2024 21:00;-8.5;-
Reindalspasset;SN99763;01.03.2024 22:00;-8;-
Reindalspasset;SN99763;01.03.2024 23:00;-7.9;-
Reindalspasset;SN99763;02.03.2024 00:00;-8.3;-
Reindalspasset;SN99763;02.03.2024 01:00;-9;-
Reindalspasset;SN99763;02.03.2024 02:00;-9.6;-
Reindalspasset;SN99763;02.03.2024 03:00;-10;-
Reindalspasset;SN99763;02.03.2024 04:00;-10.6;-
Reindalspasset;SN99763;02.03.2024 05:00;-11;-
Reindalspasset;SN99763;02.03.2024 06:00;-11.2;-
Reindalspasset;SN99763;02.03.2024 07:00;-11.3;-
Reindalspasset;SN99763;02.03.2024 08:00;-11.4;-
Reindalspasset;SN99763;02.03.2024 09:00;-11.5;-
Reindalspasset;SN99763;02.03.2024 10:00;-11.7;-
Reindalspasset;SN99763;02.03.2024 11:00;-11.5;-
Reindalspasset;SN99763;02.03.2024 12:00;-12.8;-
Reindalspasset;SN99763;02.03.2024 13:00;-13.5;-
Reindalspasset;SN99763;02.03.2024 14:00;-14;-
Reindalspasset;SN99763;02.03.2024 15:00;-14.8;-
Reindalspasset;SN99763;02.03.2024 16:00;-16;-
Reindalspasset;SN99763;02.03.2024 17:00;-14.6;-
Reindalspasset;SN99763;02.03.2024 18:00;-13.3;-
Reindalspasset;SN99763;02.03.2024 19:00;-12.4;-
Reindalspasset;SN99763;02.03.2024 20:00;-11.4;-
Reindalspasset;SN99763;02.03.2024 21:00;-10.9;-
Reindalspasset;SN99763;02.03.2024 22:00;-10.7;-
Reindalspasset;SN99763;02.03.2024 23:00;-10.5;-
Reindalspasset;SN99763;03.03.2024 00:00;-9.1;-
Reindalspasset;SN99763;03.03.2024 01:00;-8.9;-
Reindalspasset;SN99763;03.03.2024 02:00;-8;-
Reindalspasset;SN99763;03.03.2024 03:00;-7.5;-
Reindalspasset;SN99763;03.03.2024 04:00;-6.5;-
Reindalspasset;SN99763;03.03.2024 05:00;-4.9;-
Reindalspasset;SN99763;03.03.2024 06:00;-4.5;-
Reindalspasset;SN99763;03.03.2024 07:00;-4.4;-
Reindalspasset;SN99763;03.03.2024 08:00;-4.5;-
Reindalspasset;SN99763;03.03.2024 09:00;-4;-
Reindalspasset;SN99763;03.03.2024 10:00;-3.5;-
Reindalspasset;SN99763;03.03.2024 11:00;-2.9;-
Reindalspasset;SN99763;03.03.2024 12:00;-1.1;-
Reindalspasset;SN99763;03.03.2024 13:00;-1.1;-
Reindalspasset;SN99763;03.03.2024 14:00;-1;-
Reindalspasset;SN99763;03.03.2024 15:00;-1.2;-
Reindalspasset;SN99763;03.03.2024 16:00;-2.7;-
Reindalspasset;SN99763;03.03.2024 17:00;-1.6;-
Reindalspasset;SN99763;03.03.2024 18:00;-1.3;-
Reindalspasset;SN99763;03.03.2024 19:00;-1.7;-
Reindalspasset;SN99763;03.03.2024 20:00;-1.4;-
Reindalspasset;SN99763;03.03.2024 21:00;-1.8;-
Reindalspasset;SN99763;03.03.2024 22:00;-2;-
Reindalspasset;SN99763;03.03.2024 23:00;-1.8;-
Reindalspasset;SN99763;04.03.2024 00:00;-1.9;-
Reindalspasset;SN99763;04.03.2024 01:00;-1.9;-
Reindalspasset;SN99763;04.03.2024 02:00;-1.8;-
Reindalspasset;SN99763;04.03.2024 03:00;-1.7;-
Reindalspasset;SN99763;04.03.2024 04:00;-1.7;-
Reindalspasset;SN99763;04.03.2024 05:00;-1.6;-
Reindalspasset;SN99763;04.03.2024 06:00;-1.6;-
Reindalspasset;SN99763;04.03.2024 07:00;-1.7;-
Reindalspasset;SN99763;04.03.2024 08:00;-1.9;-
Reindalspasset;SN99763;04.03.2024 09:00;-2.2;-
Reindalspasset;SN99763;04.03.2024 10:00;-2.4;-
Reindalspasset;SN99763;04.03.2024 11:00;-2.3;-
Reindalspasset;SN99763;04.03.2024 12:00;-2.2;-
Reindalspasset;SN99763;04.03.2024 13:00;-2.5;-
Reindalspasset;SN99763;04.03.2024 14:00;-2.6;-
Reindalspasset;SN99763;04.03.2024 15:00;-2.5;-
Reindalspasset;SN99763;04.03.2024 16:00;-3.4;-
Reindalspasset;SN99763;04.03.2024 17:00;-2.6;-
Reindalspasset;SN99763;04.03.2024 18:00;-2.5;-
Reindalspasset;SN99763;04.03.2024 19:00;-2.8;-
Reindalspasset;SN99763;04.03.2024 20:00;-4.7;-
Reindalspasset;SN99763;04.03.2024 21:00;-4.1;-
Reindalspasset;SN99763;04.03.2024 22:00;-4;-
Reindalspasset;SN99763;04.03.2024 23:00;-3.7;-
Reindalspasset;SN99763;05.03.2024 00:00;-3.7;-
Reindalspasset;SN99763;05.03.2024 01:00;-5.8;-
Reindalspasset;SN99763;05.03.2024 02:00;-4.8;-
Reindalspasset;SN99763;05.03.2024 03:00;-7.7;-
Reindalspasset;SN99763;05.03.2024 04:00;-7.9;-
Reindalspasset;SN99763;05.03.2024 05:00;-5.5;-
Reindalspasset;SN99763;05.03.2024 06:00;-5.9;-
Reindalspasset;SN99763;05.03.2024 07:00;-5.7;-
Reindalspasset;SN99763;05.03.2024 08:00;-6;-
Reindalspasset;SN99763;05.03.2024 09:00;-6.4;-
Reindalspasset;SN99763;05.03.2024 10:00;-6.4;-
Reindalspasset;SN99763;05.03.2024 11:00;-6.4;-
Reindalspasset;SN99763;05.03.2024 12:00;-5.6;-
Reindalspasset;SN99763;05.03.2024 13:00;-4.8;-
Reindalspasset;SN99763;05.03.2024 14:00;-4;-
Reindalspasset;SN99763;05.03.2024 15:00;-4.3;-
Reindalspasset;SN99763;05.03.2024 16:00;-3.9;-
Reindalspasset;SN99763;05.03.2024 17:00;-3.3;-
Reindalspasset;SN99763;05.03.2024 18:00;-3;-
Reindalspasset;SN99763;05.03.2024 19:00;-2.1;-
Reindalspasset;SN99763;05.03.2024 20:00;-2;-
Reindalspasset;SN99763;05.03.2024 21:00;-1.9;-
Reindalspasset;SN99763;05.03.2024 22:00;-1.8;-
Reindalspasset;SN99763;05.03.2024 23:00;-2.2;-
Reindalspasset;SN99763;06.03.2024 00:00;-0.3;-
Reindalspasset;SN99763;06.03.2024 01:00;-0.3;-
Reindalspasset;SN99763;06.03.2024 02:00;-0.3;-
Reindalspasset;SN99763;06.03.2024 03:00;1;-
Reindalspasset;SN99763;06.03.2024 04:00;0.5;-
Reindalspasset;SN99763;06.03.2024 05:00;0.7;-
Reindalspasset;SN99763;06.03.2024 06:00;0.9;-
Reindalspasset;SN99763;06.03.2024 07:00;1.2;-
Reindalspasset;SN99763;06.03.2024 08:00;1.2;-
Reindalspasset;SN99763;06.03.2024 09:00;0.9;-
Reindalspasset;SN99763;06.03.2024 10:00;0.9;-
Reindalspasset;SN99763;06.03.2024 11:00;0.8;-
Reindalspasset;SN99763;06.03.2024 12:00;0.1;-
Reindalspasset;SN99763;06.03.2024 13:00;0;-
Reindalspasset;SN99763;06.03.2024 14:00;-1.1;-
Reindalspasset;SN99763;06.03.2024 15:00;-1.5;-
Reindalspasset;SN99763;06.03.2024 16:00;-2.2;-
Reindalspasset;SN99763;06.03.2024 17:00;-4.1;-
Reindalspasset;SN99763;06.03.2024 18:00;-4.8;-
Reindalspasset;SN99763;06.03.2024 19:00;-5.5;-
Reindalspasset;SN99763;06.03.2024 20:00;-5.7;-
Reindalspasset;SN99763;06.03.2024 21:00;-6.5;-
Reindalspasset;SN99763;06.03.2024 22:00;-6.8;-
Reindalspasset;SN99763;06.03.2024 23:00;-7.9;-
Reindalspasset;SN99763;07.03.2024 00:00;-8.6;-
Reindalspasset;SN99763;07.03.2024 01:00;-9;-
Reindalspasset;SN99763;07.03.2024 02:00;-11;-
Reindalspasset;SN99763;07.03.2024 03:00;-10.6;-
Reindalspasset;SN99763;07.03.2024 04:00;-11.7;-
Reindalspasset;SN99763;07.03.2024 05:00;-11.6;-
Reindalspasset;SN99763;07.03.2024 06:00;-13;-
Reindalspasset;SN99763;07.03.2024 07:00;-13.5;-
Reindalspasset;SN99763;07.03.2024 08:00;-12.5;-
Reindalspasset;SN99763;07.03.2024 09:00;-13.1;-
Reindalspasset;SN99763;07.03.2024 10:00;-12.5;-
Reindalspasset;SN99763;07.03.2024 11:00;-12.4;-
Reindalspasset;SN99763;07.03.2024 12:00;-13.8;-
Reindalspasset;SN99763;07.03.2024 13:00;-11.6;-
Reindalspasset;SN99763;07.03.2024 14:00;-10.8;-
Reindalspasset;SN99763;07.03.2024 15:00;-10.1;-
Reindalspasset;SN99763;07.03.2024 16:00;-7.9;-
Reindalspasset;SN99763;07.03.2024 17:00;-8.3;-
Reindalspasset;SN99763;07.03.2024 18:00;-7;-
Reindalspasset;SN99763;07.03.2024 19:00;-6.6;-
Reindalspasset;SN99763;07.03.2024 20:00;-6.1;-
Reindalspasset;SN99763;07.03.2024 21:00;-5.6;-
Reindalspasset;SN99763;07.03.2024 22:00;-5;-
Reindalspasset;SN99763;07.03.2024 23:00;-4.5;-
Reindalspasset;SN99763;08.03.2024 00:00;-1.7;-
Reindalspasset;SN99763;08.03.2024 01:00;-2.9;-
Reindalspasset;SN99763;08.03.2024 02:00;-0.9;-
Reindalspasset;SN99763;08.03.2024 03:00;-1.4;-
Reindalspasset;SN99763;08.03.2024 04:00;-2.7;-
Reindalspasset;SN99763;08.03.2024 05:00;-1.9;-
Reindalspasset;SN99763;08.03.2024 06:00;-1.7;-
Reindalspasset;SN99763;08.03.2024 07:00;-0.5;-
Reindalspasset;SN99763;08.03.2024 08:00;-0.6;-
Reindalspasset;SN99763;08.03.2024 09:00;-1.7;-
Reindalspasset;SN99763;08.03.2024 10:00;-1.7;-
Reindalspasset;SN99763;08.03.2024 11:00;-1.6;-
Reindalspasset;SN99763;08.03.2024 12:00;-1.4;-
Reindalspasset;SN99763;08.03.2024 13:00;-1.9;-
Reindalspasset;SN99763;08.03.2024 14:00;-2.3;-
Reindalspasset;SN99763;08.03.2024 15:00;-2.2;-
Reindalspasset;SN99763;08.03.2024 16:00;-1.6;-
Reindalspasset;SN99763;08.03.2024 17:00;-0.5;-
Reindalspasset;SN99763;08.03.2024 18:00;-0.9;-
Reindalspasset;SN99763;08.03.2024 19:00;-1.5;-
Reindalspasset;SN99763;08.03.2024 20:00;-1.7;-
Reindalspasset;SN99763;08.03.2024 21:00;-1.5;-
Reindalspasset;SN99763;08.03.2024 22:00;-2.1;-
Reindalspasset;SN99763;08.03.2024 23:00;-1.3;-
Reindalspasset;SN99763;09.03.2024 00:00;-2;-
Reindalspasset;SN99763;09.03.2024 01:00;-1.9;-
Reindalspasset;SN99763;09.03.2024 02:00;-1.9;-
Reindalspasset;SN99763;09.03.2024 03:00;-1.4;-
Reindalspasset;SN99763;09.03.2024 04:00;-1.6;-
Reindalspasset;SN99763;09.03.2024 05:00;-1.2;-
Reindalspasset;SN99763;09.03.2024 06:00;-0.5;-
Reindalspasset;SN99763;09.03.2024 07:00;0.1;-
Reindalspasset;SN99763;09.03.2024 08:00;0.1;-
Reindalspasset;SN99763;09.03.2024 09:00;-0.2;-
Reindalspasset;SN99763;09.03.2024 10:00;0.6;-
Reindalspasset;SN99763;09.03.2024 11:00;0.3;-
Reindalspasset;SN99763;09.03.2024 12:00;-0.8;-
Reindalspasset;SN99763;09.03.2024 13:00;-1.6;-
Reindalspasset;SN99763;09.03.2024 14:00;-1.9;-
Reindalspasset;SN99763;09.03.2024 15:00;-2.1;-
Reindalspasset;SN99763;09.03.2024 16:00;-2.5;-
Reindalspasset;SN99763;09.03.2024 17:00;-2.9;-
Reindalspasset;SN99763;09.03.2024 18:00;-3.4;-
Reindalspasset;SN99763;09.03.2024 19:00;-4;-
Reindalspasset;SN99763;09.03.2024 20:00;-3.9;-
Reindalspasset;SN99763;09.03.2024 21:00;-4.1;-
Reindalspasset;SN99763;09.03.2024 22:00;-4.1;-
Reindalspasset;SN99763;09.03.2024 23:00;-4.7;-
Reindalspasset;SN99763;10.03.2024 00:00;-5;-
Reindalspasset;SN99763;10.03.2024 01:00;-5.8;-
Reindalspasset;SN99763;10.03.2024 02:00;-5.8;-
Reindalspasset;SN99763;10.03.2024 03:00;-6.4;-
Reindalspasset;SN99763;10.03.2024 04:00;-7.3;-
Reindalspasset;SN99763;10.03.2024 05:00;-7.3;-
Reindalspasset;SN99763;10.03.2024 06:00;-8.5;-
Reindalspasset;SN99763;10.03.2024 07:00;-11.5;-
Reindalspasset;SN99763;10.03.2024 08:00;-8.3;-
Reindalspasset;SN99763;10.03.2024 09:00;-9.3;-
Reindalspasset;SN99763;10.03.2024 10:00;-9.3;-
Reindalspasset;SN99763;10.03.2024 11:00;-11;-
Reindalspasset;SN99763;10.03.2024 12:00;-9.3;-
Reindalspasset;SN99763;10.03.2024 13:00;-10;-
Reindalspasset;SN99763;10.03.2024 14:00;-10.1;-
Reindalspasset;SN99763;10.03.2024 15:00;-10.4;-
Reindalspasset;SN99763;10.03.2024 16:00;-10.6;-
Reindalspasset;SN99763;10.03.2024 17:00;-11.3;-
Reindalspasset;SN99763;10.03.2024 18:00;-12.6;-
Reindalspasset;SN99763;10.03.2024 19:00;-13.4;-
Reindalspasset;SN99763;10.03.2024 20:00;-12.2;-
Reindalspasset;SN99763;10.03.2024 21:00;-12.1;-
Reindalspasset;SN99763;10.03.2024 22:00;-12.5;-
Reindalspasset;SN99763;10.03.2024 23:00;-12.6;-
Reindalspasset;SN99763;11.03.2024 00:00;-12.7;-
Reindalspasset;SN99763;11.03.2024 01:00;-12.7;-
Reindalspasset;SN99763;11.03.2024 02:00;-12.6;-
Reindalspasset;SN99763;11.03.2024 03:00;-13.1;-
Reindalspasset;SN99763;11.03.2024 04:00;-13.4;-
Reindalspasset;SN99763;11.03.2024 05:00;-13.7;-
Reindalspasset;SN99763;11.03.2024 06:00;-13.6;-
Reindalspasset;SN99763;11.03.2024 07:00;-14.2;-
Reindalspasset;SN99763;11.03.2024 08:00;-13.8;-
Reindalspasset;SN99763;11.03.2024 09:00;-13.9;-
Reindalspasset;SN99763;11.03.2024 10:00;-13.7;-
Reindalspasset;SN99763;11.03.2024 11:00;-13.5;-
Reindalspasset;SN99763;11.03.2024 12:00;-13.6;-
Reindalspasset;SN99763;11.03.2024 13:00;-14;-
Reindalspasset;SN99763;11.03.2024 14:00;-14.4;-
Reindalspasset;SN99763;11.03.2024 15:00;-14.6;-
Reindalspasset;SN99763;11.03.2024 16:00;-14.4;-
Reindalspasset;SN99763;11.03.2024 17:00;-14.8;-
Reindalspasset;SN99763;11.03.2024 18:00;-15.2;-
Reindalspasset;SN99763;11.03.2024 19:00;-15.6;-
Reindalspasset;SN99763;11.03.2024 20:00;-16.2;-
Reindalspasset;SN99763;11.03.2024 21:00;-16.6;-
Reindalspasset;SN99763;11.03.2024 22:00;-17.2;-
Reindalspasset;SN99763;11.03.2024 23:00;-17.6;-
Reindalspasset;SN99763;12.03.2024 00:00;-18;-
Reindalspasset;SN99763;12.03.2024 01:00;-19.2;-
Reindalspasset;SN99763;12.03.2024 02:00;-20.8;-
Reindalspasset;SN99763;12.03.2024 03:00;-22.6;-
Reindalspasset;SN99763;12.03.2024 04:00;-22.9;-
Reindalspasset;SN99763;12.03.2024 05:00;-22.8;-
Reindalspasset;SN99763;12.03.2024 06:00;-20.9;-
Reindalspasset;SN99763;12.03.2024 07:00;-22.2;-
Reindalspasset;SN99763;12.03.2024 08:00;-23;-
Reindalspasset;SN99763;12.03.2024 09:00;-22.5;-
Reindalspasset;SN99763;12.03.2024 10:00;-23;-
Reindalspasset;SN99763;12.03.2024 11:00;-22.7;-
Reindalspasset;SN99763;12.03.2024 12:00;-23.2;-
Reindalspasset;SN99763;12.03.2024 13:00;-20.7;-
Reindalspasset;SN99763;12.03.2024 14:00;-18.9;-
Reindalspasset;SN99763;12.03.2024 15:00;-19.9;-
Reindalspasset;SN99763;12.03.2024 16:00;-19.9;-
Reindalspasset;SN99763;12.03.2024 17:00;-19.9;-
Reindalspasset;SN99763;12.03.2024 18:00;-18;-
Reindalspasset;SN99763;12.03.2024 19:00;-16.4;-
Reindalspasset;SN99763;12.03.2024 20:00;-17.6;-
Reindalspasset;SN99763;12.03.2024 21:00;-16.4;-
Reindalspasset;SN99763;12.03.2024 22:00;-14.3;-
Reindalspasset;SN99763;12.03.2024 23:00;-11.5;-
Reindalspasset;SN99763;13.03.2024 00:00;-11.1;-
Reindalspasset;SN99763;13.03.2024 01:00;-11;-
Reindalspasset;SN99763;13.03.2024 02:00;-11.3;-
Reindalspasset;SN99763;13.03.2024 03:00;-11.6;-
Reindalspasset;SN99763;13.03.2024 04:00;-11.8;-
Reindalspasset;SN99763;13.03.2024 05:00;-12.2;-
Reindalspasset;SN99763;13.03.2024 06:00;-12.6;-
Reindalspasset;SN99763;13.03.2024 07:00;-13.1;-
Reindalspasset;SN99763;13.03.2024 08:00;-12.9;-
Reindalspasset;SN99763;13.03.2024 09:00;-14.1;-
Reindalspasset;SN99763;13.03.2024 10:00;-13.2;-
Reindalspasset;SN99763;13.03.2024 11:00;-13.1;-
Reindalspasset;SN99763;13.03.2024 12:00;-13.4;-
Reindalspasset;SN99763;13.03.2024 13:00;-13.3;-
Reindalspasset;SN99763;13.03.2024 14:00;-13.7;-
Reindalspasset;SN99763;13.03.2024 15:00;-14;-
Reindalspasset;SN99763;13.03.2024 16:00;-14.3;-
Reindalspasset;SN99763;13.03.2024 17:00;-14.7;-
Reindalspasset;SN99763;13.03.2024 18:00;-15.5;-
Reindalspasset;SN99763;13.03.2024 19:00;-16;-
Reindalspasset;SN99763;13.03.2024 20:00;-16.3;-
Reindalspasset;SN99763;13.03.2024 21:00;-16.6;-
Reindalspasset;SN99763;13.03.2024 22:00;-17.2;-
Reindalspasset;SN99763;13.03.2024 23:00;-17.5;-
Reindalspasset;SN99763;14.03.2024 00:00;-17.6;-
Reindalspasset;SN99763;14.03.2024 01:00;-18.1;-
Reindalspasset;SN99763;14.03.2024 02:00;-18.3;-
Reindalspasset;SN99763;14.03.2024 03:00;-19.2;-
Reindalspasset;SN99763;14.03.2024 04:00;-19.9;-
Reindalspasset;SN99763;14.03.2024 05:00;-20.8;-
Reindalspasset;SN99763;14.03.2024 06:00;-20.6;-
Reindalspasset;SN99763;14.03.2024 07:00;-21.3;-
Reindalspasset;SN99763;14.03.2024 08:00;-20.9;-
Reindalspasset;SN99763;14.03.2024 09:00;-20.9;-
Reindalspasset;SN99763;14.03.2024 10:00;-20.9;-
Reindalspasset;SN99763;14.03.2024 11:00;-21.4;-
Reindalspasset;SN99763;14.03.2024 12:00;-21.9;-
Reindalspasset;SN99763;14.03.2024 13:00;-20.5;-
Reindalspasset;SN99763;14.03.2024 14:00;-22.7;-
Reindalspasset;SN99763;14.03.2024 15:00;-23.1;-
Reindalspasset;SN99763;14.03.2024 16:00;-23.2;-
Reindalspasset;SN99763;14.03.2024 17:00;-24.5;-
Reindalspasset;SN99763;14.03.2024 18:00;-26.6;-
Reindalspasset;SN99763;14.03.2024 19:00;-27.9;-
Reindalspasset;SN99763;14.03.2024 20:00;-28.7;-
Reindalspasset;SN99763;14.03.2024 21:00;-27.9;-
Reindalspasset;SN99763;14.03.2024 22:00;-29.1;-
Reindalspasset;SN99763;14.03.2024 23:00;-28.8;-
Reindalspasset;SN99763;15.03.2024 00:00;-29;-
Reindalspasset;SN99763;15.03.2024 01:00;-27.7;-
Reindalspasset;SN99763;15.03.2024 02:00;-29.1;-
Reindalspasset;SN99763;15.03.2024 03:00;-30.1;-
Reindalspasset;SN99763;15.03.2024 04:00;-29.4;-
Reindalspasset;SN99763;15.03.2024 05:00;-28.1;-
Reindalspasset;SN99763;15.03.2024 06:00;-29;-
Reindalspasset;SN99763;15.03.2024 07:00;-28.5;-
Reindalspasset;SN99763;15.03.2024 08:00;-27.4;-
Reindalspasset;SN99763;15.03.2024 09:00;-27.8;-
Reindalspasset;SN99763;15.03.2024 10:00;-26.6;-
Reindalspasset;SN99763;15.03.2024 11:00;-26.7;-
Reindalspasset;SN99763;15.03.2024 12:00;-27.9;-
Reindalspasset;SN99763;15.03.2024 13:00;-27.1;-
Reindalspasset;SN99763;15.03.2024 14:00;-28;-
Reindalspasset;SN99763;15.03.2024 15:00;-27.7;-
Reindalspasset;SN99763;15.03.2024 16:00;-27.5;-
Reindalspasset;SN99763;15.03.2024 17:00;-27.8;-
Reindalspasset;SN99763;15.03.2024 18:00;-27.7;-
Reindalspasset;SN99763;15.03.2024 19:00;-27.8;-
Reindalspasset;SN99763;15.03.2024 20:00;-27.9;-
Reindalspasset;SN99763;15.03.2024 21:00;-28.4;-
Reindalspasset;SN99763;15.03.2024 22:00;-28.6;-
Reindalspasset;SN99763;15.03.2024 23:00;-26.3;-
Reindalspasset;SN99763;16.03.2024 00:00;-26.3;-
Reindalspasset;SN99763;16.03.2024 01:00;-25.8;-
Reindalspasset;SN99763;16.03.2024 02:00;-26.4;-
Reindalspasset;SN99763;16.03.2024 03:00;-25.6;-
Reindalspasset;SN99763;16.03.2024 04:00;-26.1;-
Reindalspasset;SN99763;16.03.2024 05:00;-25.8;-
Reindalspasset;SN99763;16.03.2024 06:00;-25.6;-
Reindalspasset;SN99763;16.03.2024 07:00;-23.9;-
Reindalspasset;SN99763;16.03.2024 08:00;-24.1;-
Reindalspasset;SN99763;16.03.2024 09:00;-24.5;-
Reindalspasset;SN99763;16.03.2024 10:00;-25.7;-
Reindalspasset;SN99763;16.03.2024 11:00;-25.1;-
Reindalspasset;SN99763;16.03.2024 12:00;-26.3;-
Reindalspasset;SN99763;16.03.2024 13:00;-26.1;-
Reindalspasset;SN99763;16.03.2024 14:00;-25.5;-
Reindalspasset;SN99763;16.03.2024 15:00;-24.9;-
Reindalspasset;SN99763;16.03.2024 16:00;-24.3;-
Reindalspasset;SN99763;16.03.2024 17:00;-24.4;-
Reindalspasset;SN99763;16.03.2024 18:00;-24;-
Reindalspasset;SN99763;16.03.2024 19:00;-23.7;-
Reindalspasset;SN99763;16.03.2024 20:00;-24.2;-
Reindalspasset;SN99763;16.03.2024 21:00;-22.3;-
Reindalspasset;SN99763;16.03.2024 22:00;-22.4;-
Reindalspasset;SN99763;16.03.2024 23:00;-23;-
Reindalspasset;SN99763;17.03.2024 00:00;-24.5;-
Reindalspasset;SN99763;17.03.2024 01:00;-23.6;-
Reindalspasset;SN99763;17.03.2024 02:00;-24.5;-
Reindalspasset;SN99763;17.03.2024 03:00;-23.5;-
Reindalspasset;SN99763;17.03.2024 04:00;-22.8;-
Reindalspasset;SN99763;17.03.2024 05:00;-23.9;-
Reindalspasset;SN99763;17.03.2024 06:00;-25;-
Reindalspasset;SN99763;17.03.2024 07:00;-23.6;-
Reindalspasset;SN99763;17.03.2024 08:00;-23.9;-
Reindalspasset;SN99763;17.03.2024 09:00;-24.4;-
Reindalspasset;SN99763;17.03.2024 10:00;-23.9;-
Reindalspasset;SN99763;17.03.2024 11:00;-23.6;-
Reindalspasset;SN99763;17.03.2024 12:00;-23.6;-
Reindalspasset;SN99763;17.03.2024 13:00;-23.1;-
Reindalspasset;SN99763;17.03.2024 14:00;-23.4;-
Reindalspasset;SN99763;17.03.2024 15:00;-23.4;-
Reindalspasset;SN99763;17.03.2024 16:00;-24.7;-
Reindalspasset;SN99763;17.03.2024 17:00;-24.5;-
Reindalspasset;SN99763;17.03.2024 18:00;-24.1;-
Reindalspasset;SN99763;17.03.2024 19:00;-25.7;-
Reindalspasset;SN99763;17.03.2024 20:00;-26.3;-
Reindalspasset;SN99763;17.03.2024 21:00;-26.6;-
Reindalspasset;SN99763;17.03.2024 22:00;-26.5;-
Reindalspasset;SN99763;17.03.2024 23:00;-25.8;-
Reindalspasset;SN99763;18.03.2024 00:00;-25.7;-
Reindalspasset;SN99763;18.03.2024 01:00;-26.2;-
Reindalspasset;SN99763;18.03.2024 02:00;-26.2;-
Reindalspasset;SN99763;18.03.2024 03:00;-25.7;-
Reindalspasset;SN99763;18.03.2024 04:00;-24.9;-
Reindalspasset;SN99763;18.03.2024 05:00;-25.4;-
Reindalspasset;SN99763;18.03.2024 06:00;-25.7;-
Reindalspasset;SN99763;18.03.2024 07:00;-25.8;-
Reindalspasset;SN99763;18.03.2024 08:00;-25.6;-
Reindalspasset;SN99763;18.03.2024 09:00;-23.7;-
Reindalspasset;SN99763;18.03.2024 10:00;-25.7;-
Reindalspasset;SN99763;18.03.2024 11:00;-25.5;-
Reindalspasset;SN99763;18.03.2024 12:00;-26.5;-
Reindalspasset;SN99763;18.03.2024 13:00;-25.6;-
Reindalspasset;SN99763;18.03.2024 14:00;-24.9;-
Reindalspasset;SN99763;18.03.2024 15:00;-25.3;-
Reindalspasset;SN99763;18.03.2024 16:00;-24.5;-
Reindalspasset;SN99763;18.03.2024 17:00;-24;-
Reindalspasset;SN99763;18.03.2024 18:00;-24.4;-
Reindalspasset;SN99763;18.03.2024 19:00;-24.2;-
Reindalspasset;SN99763;18.03.2024 20:00;-24.9;-
Reindalspasset;SN99763;18.03.2024 21:00;-25.4;-
Reindalspasset;SN99763;18.03.2024 22:00;-25.2;-
Reindalspasset;SN99763;18.03.2024 23:00;-26.1;-
Reindalspasset;SN99763;19.03.2024 00:00;-25.5;-
Reindalspasset;SN99763;19.03.2024 01:00;-25.1;-
Reindalspasset;SN99763;19.03.2024 02:00;-25.1;-
Reindalspasset;SN99763;19.03.2024 03:00;-25.7;-
Reindalspasset;SN99763;19.03.2024 04:00;-26.2;-
Reindalspasset;SN99763;19.03.2024 05:00;-27.4;-
Reindalspasset;SN99763;19.03.2024 06:00;-26;-
Reindalspasset;SN99763;19.03.2024 07:00;-25.1;-
Reindalspasset;SN99763;19.03.2024 08:00;-25.8;-
Reindalspasset;SN99763;19.03.2024 09:00;-25.3;-
Reindalspasset;SN99763;19.03.2024 10:00;-24.4;-
Reindalspasset;SN99763;19.03.2024 11:00;-22.6;-
Reindalspasset;SN99763;19.03.2024 12:00;-23.7;-
Reindalspasset;SN99763;19.03.2024 13:00;-21.7;-
Reindalspasset;SN99763;19.03.2024 14:00;-22.3;-
Reindalspasset;SN99763;19.03.2024 15:00;-22.8;-
Reindalspasset;SN99763;19.03.2024 16:00;-23.8;-
Reindalspasset;SN99763;19.03.2024 17:00;-24;-
Reindalspasset;SN99763;19.03.2024 18:00;-24.9;-
Reindalspasset;SN99763;19.03.2024 19:00;-24.7;-
Reindalspasset;SN99763;19.03.2024 20:00;-25.1;-
Reindalspasset;SN99763;19.03.2024 21:00;-25.9;-
Reindalspasset;SN99763;19.03.2024 22:00;-26;-
Reindalspasset;SN99763;19.03.2024 23:00;-24.1;-
Reindalspasset;SN99763;20.03.2024 00:00;-23.8;-
Reindalspasset;SN99763;20.03.2024 01:00;-23.7;-
Reindalspasset;SN99763;20.03.2024 02:00;-23.6;-
Reindalspasset;SN99763;20.03.2024 03:00;-24.4;-
Reindalspasset;SN99763;20.03.2024 04:00;-24.7;-
Reindalspasset;SN99763;20.03.2024 05:00;-24;-
Reindalspasset;SN99763;20.03.2024 06:00;-25.1;-
Reindalspasset;SN99763;20.03.2024 07:00;-26.6;-
Reindalspasset;SN99763;20.03.2024 08:00;-24.3;-
Reindalspasset;SN99763;20.03.2024 09:00;-24.4;-
Reindalspasset;SN99763;20.03.2024 10:00;-24.6;-
Reindalspasset;SN99763;20.03.2024 11:00;-23.1;-
Reindalspasset;SN99763;20.03.2024 12:00;-23.4;-
Reindalspasset;SN99763;20.03.2024 13:00;-22.8;-
Reindalspasset;SN99763;20.03.2024 14:00;-22.8;-
Reindalspasset;SN99763;20.03.2024 15:00;-23;-
Reindalspasset;SN99763;20.03.2024 16:00;-24.2;-
Reindalspasset;SN99763;20.03.2024 17:00;-23.8;-
Reindalspasset;SN99763;20.03.2024 18:00;-24.3;-
Reindalspasset;SN99763;20.03.2024 19:00;-23.9;-
Reindalspasset;SN99763;20.03.2024 20:00;-25.8;-
Reindalspasset;SN99763;20.03.2024 21:00;-24.5;-
Reindalspasset;SN99763;20.03.2024 22:00;-23.9;-
Reindalspasset;SN99763;20.03.2024 23:00;-25.8;-
Reindalspasset;SN99763;21.03.2024 00:00;-23.6;-
Reindalspasset;SN99763;21.03.2024 01:00;-25.3;-
Reindalspasset;SN99763;21.03.2024 02:00;-23.7;-
Reindalspasset;SN99763;21.03.2024 03:00;-24.2;-
Reindalspasset;SN99763;21.03.2024 04:00;-24.3;-
Reindalspasset;SN99763;21.03.2024 05:00;-24.4;-
Reindalspasset;SN99763;21.03.2024 06:00;-23.6;-
Reindalspasset;SN99763;21.03.2024 07:00;-23.7;-
Reindalspasset;SN99763;21.03.2024 08:00;-22.8;-
Reindalspasset;SN99763;21.03.2024 09:00;-22.8;-
Reindalspasset;SN99763;21.03.2024 10:00;-23.8;-
Reindalspasset;SN99763;21.03.2024 11:00;-23.1;-
Reindalspasset;SN99763;21.03.2024 12:00;-22.4;-
Reindalspasset;SN99763;21.03.2024 13:00;-22;-
Reindalspasset;SN99763;21.03.2024 14:00;-22.8;-
Reindalspasset;SN99763;21.03.2024 15:00;-21;-
Reindalspasset;SN99763;21.03.2024 16:00;-22.9;-
Reindalspasset;SN99763;21.03.2024 17:00;-23.3;-
Reindalspasset;SN99763;21.03.2024 18:00;-23.8;-
Reindalspasset;SN99763;21.03.2024 19:00;-24.6;-
Reindalspasset;SN99763;21.03.2024 20:00;-24.7;-
Reindalspasset;SN99763;21.03.2024 21:00;-24.1;-
Reindalspasset;SN99763;21.03.2024 22:00;-25.8;-
Reindalspasset;SN99763;21.03.2024 23:00;-24.4;-
Reindalspasset;SN99763;22.03.2024 00:00;-26;-
Reindalspasset;SN99763;22.03.2024 01:00;-26.4;-
Reindalspasset;SN99763;22.03.2024 02:00;-25.9;-
Reindalspasset;SN99763;22.03.2024 03:00;-25.2;-
Reindalspasset;SN99763;22.03.2024 04:00;-26.3;-
Reindalspasset;SN99763;22.03.2024 05:00;-26.1;-
Reindalspasset;SN99763;22.03.2024 06:00;-24.3;-
Reindalspasset;SN99763;22.03.2024 07:00;-23.7;-
Reindalspasset;SN99763;22.03.2024 08:00;-18.4;-
Reindalspasset;SN99763;22.03.2024 09:00;-20.7;-
Reindalspasset;SN99763;22.03.2024 10:00;-20.8;-
Reindalspasset;SN99763;22.03.2024 11:00;-20.9;-
Reindalspasset;SN99763;22.03.2024 12:00;-21;-
Reindalspasset;SN99763;22.03.2024 13:00;-20.1;-
Reindalspasset;SN99763;22.03.2024 14:00;-18.8;-
Reindalspasset;SN99763;22.03.2024 15:00;-20.9;-
Reindalspasset;SN99763;22.03.2024 16:00;-19.9;-
Reindalspasset;SN99763;22.03.2024 17:00;-20.7;-
Reindalspasset;SN99763;22.03.2024 18:00;-20.2;-
Reindalspasset;SN99763;22.03.2024 19:00;-20.9;-
Reindalspasset;SN99763;22.03.2024 20:00;-21.2;-
Reindalspasset;SN99763;22.03.2024 21:00;-20.6;-
Reindalspasset;SN99763;22.03.2024 22:00;-22;-
Reindalspasset;SN99763;22.03.2024 23:00;-20.3;-
Reindalspasset;SN99763;23.03.2024 00:00;-20.4;-
Reindalspasset;SN99763;23.03.2024 01:00;-20.5;-
Reindalspasset;SN99763;23.03.2024 02:00;-19.6;-
Reindalspasset;SN99763;23.03.2024 03:00;-22.7;-
Reindalspasset;SN99763;23.03.2024 04:00;-23.6;-
Reindalspasset;SN99763;23.03.2024 05:00;-24.1;-
Reindalspasset;SN99763;23.03.2024 06:00;-21.3;-
Reindalspasset;SN99763;23.03.2024 07:00;-19.8;-
Reindalspasset;SN99763;23.03.2024 08:00;-20.1;-
Reindalspasset;SN99763;23.03.2024 09:00;-19.1;-
Reindalspasset;SN99763;23.03.2024 10:00;-19.2;-
Reindalspasset;SN99763;23.03.2024 11:00;-20.5;-
Reindalspasset;SN99763;23.03.2024 12:00;-17.5;-
Reindalspasset;SN99763;23.03.2024 13:00;-17.6;-
Reindalspasset;SN99763;23.03.2024 14:00;-17.8;-
Reindalspasset;SN99763;23.03.2024 15:00;-17.7;-
Reindalspasset;SN99763;23.03.2024 16:00;-17.8;-
Reindalspasset;SN99763;23.03.2024 17:00;-18.4;-
Reindalspasset;SN99763;23.03.2024 18:00;-19.1;-
Reindalspasset;SN99763;23.03.2024 19:00;-18.8;-
Reindalspasset;SN99763;23.03.2024 20:00;-20;-
Reindalspasset;SN99763;23.03.2024 21:00;-19.8;-
Reindalspasset;SN99763;23.03.2024 22:00;-19;-
Reindalspasset;SN99763;23.03.2024 23:00;-20.6;-
Reindalspasset;SN99763;24.03.2024 00:00;-19;-
Reindalspasset;SN99763;24.03.2024 01:00;-19;-
Reindalspasset;SN99763;24.03.2024 02:00;-19.4;-
Reindalspasset;SN99763;24.03.2024 03:00;-19.3;-
Reindalspasset;SN99763;24.03.2024 04:00;-18.3;-
Reindalspasset;SN99763;24.03.2024 05:00;-20.4;-
Reindalspasset;SN99763;24.03.2024 06:00;-20.1;-
Reindalspasset;SN99763;24.03.2024 07:00;-19.7;-
Reindalspasset;SN99763;24.03.2024 08:00;-20.8;-
Reindalspasset;SN99763;24.03.2024 09:00;-20.8;-
Reindalspasset;SN99763;24.03.2024 10:00;-20.1;-
Reindalspasset;SN99763;24.03.2024 11:00;-21.2;-
Reindalspasset;SN99763;24.03.2024 12:00;-18.6;-
Reindalspasset;SN99763;24.03.2024 13:00;-19;-
Reindalspasset;SN99763;24.03.2024 14:00;-18.2;-
Reindalspasset;SN99763;24.03.2024 15:00;-18;-
Reindalspasset;SN99763;24.03.2024 16:00;-18;-
Reindalspasset;SN99763;24.03.2024 17:00;-17.8;-
Reindalspasset;SN99763;24.03.2024 18:00;-17.9;-
Reindalspasset;SN99763;24.03.2024 19:00;-18.6;-
Reindalspasset;SN99763;24.03.2024 20:00;-19.1;-
Reindalspasset;SN99763;24.03.2024 21:00;-19.2;-
Reindalspasset;SN99763;24.03.2024 22:00;-19.9;-
Reindalspasset;SN99763;24.03.2024 23:00;-20.8;-
Reindalspasset;SN99763;25.03.2024 00:00;-20.4;-
Reindalspasset;SN99763;25.03.2024 01:00;-18.9;-
Reindalspasset;SN99763;25.03.2024 02:00;-18.6;-
Reindalspasset;SN99763;25.03.2024 03:00;-19.5;-
Reindalspasset;SN99763;25.03.2024 04:00;-17.5;-
Reindalspasset;SN99763;25.03.2024 05:00;-19.5;-
Reindalspasset;SN99763;25.03.2024 06:00;-19;-
Reindalspasset;SN99763;25.03.2024 07:00;-19.7;-
Reindalspasset;SN99763;25.03.2024 08:00;-18.7;-
Reindalspasset;SN99763;25.03.2024 09:00;-18.8;-
Reindalspasset;SN99763;25.03.2024 10:00;-16.7;-
Reindalspasset;SN99763;25.03.2024 11:00;-18.1;-
Reindalspasset;SN99763;25.03.2024 12:00;-14.9;-
Reindalspasset;SN99763;25.03.2024 13:00;-14.8;-
Reindalspasset;SN99763;25.03.2024 14:00;-15.7;-
Reindalspasset;SN99763;25.03.2024 15:00;-15.4;-
Reindalspasset;SN99763;25.03.2024 16:00;-15.6;-
Reindalspasset;SN99763;25.03.2024 17:00;-16.5;-
Reindalspasset;SN99763;25.03.2024 18:00;-18.1;-
Reindalspasset;SN99763;25.03.2024 19:00;-18.3;-
Reindalspasset;SN99763;25.03.2024 20:00;-19;-
Reindalspasset;SN99763;25.03.2024 21:00;-19.8;-
Reindalspasset;SN99763;25.03.2024 22:00;-20.4;-
Reindalspasset;SN99763;25.03.2024 23:00;-19.1;-
Reindalspasset;SN99763;26.03.2024 00:00;-21;-
Reindalspasset;SN99763;26.03.2024 01:00;-20.5;-
Reindalspasset;SN99763;26.03.2024 02:00;-20.9;-
Reindalspasset;SN99763;26.03.2024 03:00;-20.3;-
Reindalspasset;SN99763;26.03.2024 04:00;-20.1;-
Reindalspasset;SN99763;26.03.2024 05:00;-21;-
Reindalspasset;SN99763;26.03.2024 06:00;-21;-
Reindalspasset;SN99763;26.03.2024 07:00;-19.7;-
Reindalspasset;SN99763;26.03.2024 08:00;-18.7;-
Reindalspasset;SN99763;26.03.2024 09:00;-16.6;-
Reindalspasset;SN99763;26.03.2024 10:00;-16.4;-
Reindalspasset;SN99763;26.03.2024 11:00;-15.6;-
Reindalspasset;SN99763;26.03.2024 12:00;-16.6;-
Reindalspasset;SN99763;26.03.2024 13:00;-15.7;-
Reindalspasset;SN99763;26.03.2024 14:00;-16;-
Reindalspasset;SN99763;26.03.2024 15:00;-17.2;-
Reindalspasset;SN99763;26.03.2024 16:00;-16.3;-
Reindalspasset;SN99763;26.03.2024 17:00;-16.9;-
Reindalspasset;SN99763;26.03.2024 18:00;-17.8;-
Reindalspasset;SN99763;26.03.2024 19:00;-18.1;-
Reindalspasset;SN99763;26.03.2024 20:00;-17.7;-
Reindalspasset;SN99763;26.03.2024 21:00;-15.9;-
Reindalspasset;SN99763;26.03.2024 22:00;-16;-
Reindalspasset;SN99763;26.03.2024 23:00;-16.1;-
Reindalspasset;SN99763;27.03.2024 00:00;-15;-
Reindalspasset;SN99763;27.03.2024 01:00;-15;-
Reindalspasset;SN99763;27.03.2024 02:00;-14.1;-
Reindalspasset;SN99763;27.03.2024 03:00;-14.7;-
Reindalspasset;SN99763;27.03.2024 04:00;-14.3;-
Reindalspasset;SN99763;27.03.2024 05:00;-14;-
Reindalspasset;SN99763;27.03.2024 06:00;-13.4;-
Reindalspasset;SN99763;27.03.2024 07:00;-13.5;-
Reindalspasset;SN99763;27.03.2024 08:00;-12.6;-
Reindalspasset;SN99763;27.03.2024 09:00;-12;-
Reindalspasset;SN99763;27.03.2024 10:00;-11.1;-
Reindalspasset;SN99763;27.03.2024 11:00;-11.1;-
Reindalspasset;SN99763;27.03.2024 12:00;-9.8;-
Reindalspasset;SN99763;27.03.2024 13:00;-9.5;-
Reindalspasset;SN99763;27.03.2024 14:00;-9.3;-
Reindalspasset;SN99763;27.03.2024 15:00;-9.5;-
Reindalspasset;SN99763;27.03.2024 16:00;-9.8;-
Reindalspasset;SN99763;27.03.2024 17:00;-10.3;-
Reindalspasset;SN99763;27.03.2024 18:00;-9.9;-
Reindalspasset;SN99763;27.03.2024 19:00;-9.7;-
Reindalspasset;SN99763;27.03.2024 20:00;-9.8;-
Reindalspasset;SN99763;27.03.2024 21:00;-10.1;-
Reindalspasset;SN99763;27.03.2024 22:00;-9.8;-
Reindalspasset;SN99763;27.03.2024 23:00;-9.9;-
Reindalspasset;SN99763;28.03.2024 00:00;-9.4;-
Reindalspasset;SN99763;28.03.2024 01:00;-9.5;-
Reindalspasset;SN99763;28.03.2024 02:00;-9.1;-
Reindalspasset;SN99763;28.03.2024 03:00;-9.1;-
Reindalspasset;SN99763;28.03.2024 04:00;-9.6;-
Reindalspasset;SN99763;28.03.2024 05:00;-9;-
Reindalspasset;SN99763;28.03.2024 06:00;-9.1;-
Reindalspasset;SN99763;28.03.2024 07:00;-8.6;-
Reindalspasset;SN99763;28.03.2024 08:00;-8.3;-
Reindalspasset;SN99763;28.03.2024 09:00;-9.7;-
Reindalspasset;SN99763;28.03.2024 10:00;-11;-
Reindalspasset;SN99763;28.03.2024 11:00;-11.3;-
Reindalspasset;SN99763;28.03.2024 12:00;-12.1;-
Reindalspasset;SN99763;28.03.2024 13:00;-13;-
Reindalspasset;SN99763;28.03.2024 14:00;-14.1;-
Reindalspasset;SN99763;28.03.2024 15:00;-14.5;-
Reindalspasset;SN99763;28.03.2024 16:00;-15.2;-
Reindalspasset;SN99763;28.03.2024 17:00;-15.6;-
Reindalspasset;SN99763;28.03.2024 18:00;-16.1;-
Reindalspasset;SN99763;28.03.2024 19:00;-16.1;-
Reindalspasset;SN99763;28.03.2024 20:00;-16.9;-
Reindalspasset;SN99763;28.03.2024 21:00;-17.5;-
Reindalspasset;SN99763;28.03.2024 22:00;-19.5;-
Reindalspasset;SN99763;28.03.2024 23:00;-20.5;-
Reindalspasset;SN99763;29.03.2024 00:00;-22;-
Reindalspasset;SN99763;29.03.2024 01:00;-21.6;-
Reindalspasset;SN99763;29.03.2024 02:00;-21.2;-
Reindalspasset;SN99763;29.03.2024 03:00;-22.3;-
Reindalspasset;SN99763;29.03.2024 04:00;-21.8;-
Reindalspasset;SN99763;29.03.2024 05:00;-22.4;-
Reindalspasset;SN99763;29.03.2024 06:00;-23.5;-
Reindalspasset;SN99763;29.03.2024 07:00;-24.2;-
Reindalspasset;SN99763;29.03.2024 08:00;-22.4;-
Reindalspasset;SN99763;29.03.2024 09:00;-23.1;-
Reindalspasset;SN99763;29.03.2024 10:00;-23.7;-
Reindalspasset;SN99763;29.03.2024 11:00;-23.2;-
Reindalspasset;SN99763;29.03.2024 12:00;-23.3;-
Reindalspasset;SN99763;29.03.2024 13:00;-23.6;-
Reindalspasset;SN99763;29.03.2024 14:00;-23.3;-
Reindalspasset;SN99763;29.03.2024 15:00;-24.1;-
Reindalspasset;SN99763;29.03.2024 16:00;-23.9;-
Reindalspasset;SN99763;29.03.2024 17:00;-26.5;-
Reindalspasset;SN99763;29.03.2024 18:00;-27.5;-
Reindalspasset;SN99763;29.03.2024 19:00;-27.5;-
Reindalspasset;SN99763;29.03.2024 20:00;-26.4;-
Reindalspasset;SN99763;29.03.2024 21:00;-27.1;-
Reindalspasset;SN99763;29.03.2024 22:00;-26.8;-
Reindalspasset;SN99763;29.03.2024 23:00;-26.6;-
Reindalspasset;SN99763;30.03.2024 00:00;-22.7;-
Reindalspasset;SN99763;30.03.2024 01:00;-23.1;-
Reindalspasset;SN99763;30.03.2024 02:00;-22.1;-
Reindalspasset;SN99763;30.03.2024 03:00;-21.7;-
Reindalspasset;SN99763;30.03.2024 04:00;-21.6;-
Reindalspasset;SN99763;30.03.2024 05:00;-21.6;-
Reindalspasset;SN99763;30.03.2024 06:00;-19.1;-
Reindalspasset;SN99763;30.03.2024 07:00;-21.9;-
Reindalspasset;SN99763;30.03.2024 08:00;-22.4;-
Reindalspasset;SN99763;30.03.2024 09:00;-23.2;-
Reindalspasset;SN99763;30.03.2024 10:00;-23.3;-
Reindalspasset;SN99763;30.03.2024 11:00;-23.1;-
Reindalspasset;SN99763;30.03.2024 12:00;-22.3;-
Reindalspasset;SN99763;30.03.2024 13:00;-22.1;-
Reindalspasset;SN99763;30.03.2024 14:00;-22.3;-
Reindalspasset;SN99763;30.03.2024 15:00;-22.1;-
Reindalspasset;SN99763;30.03.2024 16:00;-22.9;-
Reindalspasset;SN99763;30.03.2024 17:00;-22.5;-
Reindalspasset;SN99763;30.03.2024 18:00;-23.5;-
Reindalspasset;SN99763;30.03.2024 19:00;-23.9;-
Reindalspasset;SN99763;30.03.2024 20:00;-24.9;-
Reindalspasset;SN99763;30.03.2024 21:00;-25.3;-
Reindalspasset;SN99763;30.03.2024 22:00;-26.7;-
Reindalspasset;SN99763;30.03.2024 23:00;-25.1;-
Reindalspasset;SN99763;31.03.2024 00:00;-25.8;-
Reindalspasset;SN99763;31.03.2024 01:00;-27.7;-
Reindalspasset;SN99763;31.03.2024 02:00;-27.6;-
Reindalspasset;SN99763;31.03.2024 03:00;-27;-
Reindalspasset;SN99763;31.03.2024 04:00;-27.6;-
Reindalspasset;SN99763;31.03.2024 05:00;-27;-
Reindalspasset;SN99763;31.03.2024 06:00;-25.7;-
Reindalspasset;SN99763;31.03.2024 07:00;-25.2;-
Reindalspasset;SN99763;31.03.2024 08:00;-25.2;-
Reindalspasset;SN99763;31.03.2024 09:00;-24.8;-
Reindalspasset;SN99763;31.03.2024 10:00;-25.2;-
Reindalspasset;SN99763;31.03.2024 11:00;-24.6;-
Reindalspasset;SN99763;31.03.2024 12:00;-24.9;-
Reindalspasset;SN99763;31.03.2024 13:00;-25;-
Reindalspasset;SN99763;31.03.2024 14:00;-22.8;-
Reindalspasset;SN99763;31.03.2024 15:00;-23.1;-
Reindalspasset;SN99763;31.03.2024 16:00;-21.9;-
Reindalspasset;SN99763;31.03.2024 17:00;-22.5;-
Reindalspasset;SN99763;31.03.2024 18:00;-22.1;-
Reindalspasset;SN99763;31.03.2024 19:00;-21.6;-
Reindalspasset;SN99763;31.03.2024 20:00;-19.9;-
Reindalspasset;SN99763;31.03.2024 21:00;-21.3;-
Reindalspasset;SN99763;31.03.2024 22:00;-20.2;-
Reindalspasset;SN99763;31.03.2024 23:00;-19.4;-
Reindalspasset;SN99763;01.04.2024 00:00;-19.4;-
Reindalspasset;SN99763;01.04.2024 01:00;-19.2;-
Reindalspasset;SN99763;01.04.2024 02:00;-19.8;-
Reindalspasset;SN99763;01.04.2024 03:00;-21.2;-
Reindalspasset;SN99763;01.04.2024 04:00;-20.8;-
Reindalspasset;SN99763;01.04.2024 05:00;-19.3;-
Reindalspasset;SN99763;01.04.2024 06:00;-19.5;-
Reindalspasset;SN99763;01.04.2024 07:00;-17.3;-
Reindalspasset;SN99763;01.04.2024 08:00;-17.4;-
Reindalspasset;SN99763;01.04.2024 09:00;-17.3;-
Reindalspasset;SN99763;01.04.2024 10:00;-16.5;-
Reindalspasset;SN99763;01.04.2024 11:00;-17.7;-
Reindalspasset;SN99763;01.04.2024 12:00;-17.9;-
Reindalspasset;SN99763;01.04.2024 13:00;-18.5;-
Reindalspasset;SN99763;01.04.2024 14:00;-18.8;-
Reindalspasset;SN99763;01.04.2024 15:00;-18.5;-
Reindalspasset;SN99763;01.04.2024 16:00;-18.5;-
Reindalspasset;SN99763;01.04.2024 17:00;-20.3;-
Reindalspasset;SN99763;01.04.2024 18:00;-19.6;-
Reindalspasset;SN99763;01.04.2024 19:00;-18.6;-
Reindalspasset;SN99763;01.04.2024 20:00;-18.8;-
Reindalspasset;SN99763;01.04.2024 21:00;-18.3;-
Reindalspasset;SN99763;01.04.2024 22:00;-17.3;-
Reindalspasset;SN99763;01.04.2024 23:00;-16.6;-
Reindalspasset;SN99763;02.04.2024 00:00;-17.4;-
Reindalspasset;SN99763;02.04.2024 01:00;-18;-
Reindalspasset;SN99763;02.04.2024 02:00;-20.6;-
Reindalspasset;SN99763;02.04.2024 03:00;-20.3;-
Reindalspasset;SN99763;02.04.2024 04:00;-22.7;-
Reindalspasset;SN99763;02.04.2024 05:00;-23.1;-
Reindalspasset;SN99763;02.04.2024 06:00;-21.1;-
Reindalspasset;SN99763;02.04.2024 07:00;-22.3;-
Reindalspasset;SN99763;02.04.2024 08:00;-21.3;-
Reindalspasset;SN99763;02.04.2024 09:00;-20.5;-
Reindalspasset;SN99763;02.04.2024 10:00;-21.1;-
Reindalspasset;SN99763;02.04.2024 11:00;-20.2;-
Reindalspasset;SN99763;02.04.2024 12:00;-19.8;-
Reindalspasset;SN99763;02.04.2024 13:00;-19.3;-
Reindalspasset;SN99763;02.04.2024 14:00;-18.2;-
Reindalspasset;SN99763;02.04.2024 15:00;-18.6;-
Reindalspasset;SN99763;02.04.2024 16:00;-18.9;-
Reindalspasset;SN99763;02.04.2024 17:00;-20.9;-
Reindalspasset;SN99763;02.04.2024 18:00;-21.2;-
Reindalspasset;SN99763;02.04.2024 19:00;-23.3;-
Reindalspasset;SN99763;02.04.2024 20:00;-23.6;-
Reindalspasset;SN99763;02.04.2024 21:00;-24.1;-
Reindalspasset;SN99763;02.04.2024 22:00;-25;-
Reindalspasset;SN99763;02.04.2024 23:00;-25.2;-
Reindalspasset;SN99763;03.04.2024 00:00;-24.5;-
Reindalspasset;SN99763;03.04.2024 01:00;-24;-
Reindalspasset;SN99763;03.04.2024 02:00;-23;-
Reindalspasset;SN99763;03.04.2024 03:00;-23;-
Reindalspasset;SN99763;03.04.2024 04:00;-22.5;-
Reindalspasset;SN99763;03.04.2024 05:00;-21.4;-
Reindalspasset;SN99763;03.04.2024 06:00;-19.5;-
Reindalspasset;SN99763;03.04.2024 07:00;-17.1;-
Reindalspasset;SN99763;03.04.2024 08:00;-17;-
Reindalspasset;SN99763;03.04.2024 09:00;-16.1;-
Reindalspasset;SN99763;03.04.2024 10:00;-16.6;-
Reindalspasset;SN99763;03.04.2024 11:00;-15.3;-
Reindalspasset;SN99763;03.04.2024 12:00;-15.1;-
Reindalspasset;SN99763;03.04.2024 13:00;-14.5;-
Reindalspasset;SN99763;03.04.2024 14:00;-13.4;-
Reindalspasset;SN99763;03.04.2024 15:00;-14.3;-
Reindalspasset;SN99763;03.04.2024 16:00;-14.2;-
Reindalspasset;SN99763;03.04.2024 17:00;-13.9;-
Reindalspasset;SN99763;03.04.2024 18:00;-13.7;-
Reindalspasset;SN99763;03.04.2024 19:00;-15.2;-
Reindalspasset;SN99763;03.04.2024 20:00;-14.8;-
Reindalspasset;SN99763;03.04.2024 21:00;-14.7;-
Reindalspasset;SN99763;03.04.2024 22:00;-14.1;-
Reindalspasset;SN99763;03.04.2024 23:00;-14.5;-
Reindalspasset;SN99763;04.04.2024 00:00;-14.6;-
Reindalspasset;SN99763;04.04.2024 01:00;-14.3;-
Reindalspasset;SN99763;04.04.2024 02:00;-14.9;-
Reindalspasset;SN99763;04.04.2024 03:00;-14.1;-
Reindalspasset;SN99763;04.04.2024 04:00;-12.4;-
Reindalspasset;SN99763;04.04.2024 05:00;-11.6;-
Reindalspasset;SN99763;04.04.2024 06:00;-11.5;-
Reindalspasset;SN99763;04.04.2024 07:00;-9.7;-
Reindalspasset;SN99763;04.04.2024 08:00;-9.5;-
Reindalspasset;SN99763;04.04.2024 09:00;-8.4;-
Reindalspasset;SN99763;04.04.2024 10:00;-7.6;-
Reindalspasset;SN99763;04.04.2024 11:00;-8;-
Reindalspasset;SN99763;04.04.2024 12:00;-7.1;-
Reindalspasset;SN99763;04.04.2024 13:00;-8.2;-
Reindalspasset;SN99763;04.04.2024 14:00;-7.3;-
Reindalspasset;SN99763;04.04.2024 15:00;-5.9;-
Reindalspasset;SN99763;04.04.2024 16:00;-5.3;-
Reindalspasset;SN99763;04.04.2024 17:00;-5.7;-
Reindalspasset;SN99763;04.04.2024 18:00;-7.2;-
Reindalspasset;SN99763;04.04.2024 19:00;-6.8;-
Reindalspasset;SN99763;04.04.2024 20:00;-7.2;-
Reindalspasset;SN99763;04.04.2024 21:00;-9.5;-
Reindalspasset;SN99763;04.04.2024 22:00;-10.7;-
Reindalspasset;SN99763;04.04.2024 23:00;-10.5;-
Reindalspasset;SN99763;05.04.2024 00:00;-11.8;-
Reindalspasset;SN99763;05.04.2024 01:00;-12.7;-
Reindalspasset;SN99763;05.04.2024 02:00;-13;-
Reindalspasset;SN99763;05.04.2024 03:00;-13.2;-
Reindalspasset;SN99763;05.04.2024 04:00;-14.1;-
Reindalspasset;SN99763;05.04.2024 05:00;-15.1;-
Reindalspasset;SN99763;05.04.2024 06:00;-15;-
Reindalspasset;SN99763;05.04.2024 07:00;-15.2;-
Reindalspasset;SN99763;05.04.2024 08:00;-16.8;-
Reindalspasset;SN99763;05.04.2024 09:00;-17.7;-
Reindalspasset;SN99763;05.04.2024 10:00;-18.5;-
Reindalspasset;SN99763;05.04.2024 11:00;-16;-
Reindalspasset;SN99763;05.04.2024 12:00;-17.5;-
Reindalspasset;SN99763;05.04.2024 13:00;-18.1;-
Reindalspasset;SN99763;05.04.2024 14:00;-18.1;-
Reindalspasset;SN99763;05.04.2024 15:00;-18.8;-
Reindalspasset;SN99763;05.04.2024 16:00;-21.5;-
Reindalspasset;SN99763;05.04.2024 17:00;-21.3;-
Reindalspasset;SN99763;05.04.2024 18:00;-23.4;-
Reindalspasset;SN99763;05.04.2024 19:00;-24.3;-
Reindalspasset;SN99763;05.04.2024 20:00;-24.2;-
Reindalspasset;SN99763;05.04.2024 21:00;-25.3;-
Reindalspasset;SN99763;05.04.2024 22:00;-24.6;-
Reindalspasset;SN99763;05.04.2024 23:00;-25.1;-
Reindalspasset;SN99763;06.04.2024 00:00;-22.6;-
Reindalspasset;SN99763;06.04.2024 01:00;-23.6;-
Reindalspasset;SN99763;06.04.2024 02:00;-25.7;-
Reindalspasset;SN99763;06.04.2024 03:00;-23.9;-
Reindalspasset;SN99763;06.04.2024 04:00;-24.5;-
Reindalspasset;SN99763;06.04.2024 05:00;-25.4;-
Reindalspasset;SN99763;06.04.2024 06:00;-23.2;-
Reindalspasset;SN99763;06.04.2024 07:00;-23;-
Reindalspasset;SN99763;06.04.2024 08:00;-21.4;-
Reindalspasset;SN99763;06.04.2024 09:00;-20.8;-
Reindalspasset;SN99763;06.04.2024 10:00;-20.5;-
Reindalspasset;SN99763;06.04.2024 11:00;-19.9;-
Reindalspasset;SN99763;06.04.2024 12:00;-19.9;-
Reindalspasset;SN99763;06.04.2024 13:00;-19.7;-
Reindalspasset;SN99763;06.04.2024 14:00;-19.2;-
Reindalspasset;SN99763;06.04.2024 15:00;-19.3;-
Reindalspasset;SN99763;06.04.2024 16:00;-19.6;-
Reindalspasset;SN99763;06.04.2024 17:00;-20.4;-
Reindalspasset;SN99763;06.04.2024 18:00;-19;-
Reindalspasset;SN99763;06.04.2024 19:00;-18.9;-
Reindalspasset;SN99763;06.04.2024 20:00;-23.4;-
Reindalspasset;SN99763;06.04.2024 21:00;-22;-
Reindalspasset;SN99763;06.04.2024 22:00;-22.6;-
Reindalspasset;SN99763;06.04.2024 23:00;-21.5;-
Reindalspasset;SN99763;07.04.2024 00:00;-22.3;-
Reindalspasset;SN99763;07.04.2024 01:00;-23;-
Reindalspasset;SN99763;07.04.2024 02:00;-22.8;-
Reindalspasset;SN99763;07.04.2024 03:00;-22.2;-
Reindalspasset;SN99763;07.04.2024 04:00;-20.8;-
Reindalspasset;SN99763;07.04.2024 05:00;-22.1;-
Reindalspasset;SN99763;07.04.2024 06:00;-20.4;-
Reindalspasset;SN99763;07.04.2024 07:00;-20.8;-
Reindalspasset;SN99763;07.04.2024 08:00;-18;-
Reindalspasset;SN99763;07.04.2024 09:00;-17.1;-
Reindalspasset;SN99763;07.04.2024 10:00;-16.5;-
Reindalspasset;SN99763;07.04.2024 11:00;-18.4;-
Reindalspasset;SN99763;07.04.2024 12:00;-17.2;-
Reindalspasset;SN99763;07.04.2024 13:00;-17.2;-
Reindalspasset;SN99763;07.04.2024 14:00;-17.4;-
Reindalspasset;SN99763;07.04.2024 15:00;-18.5;-
Reindalspasset;SN99763;07.04.2024 16:00;-16.4;-
Reindalspasset;SN99763;07.04.2024 17:00;-18.1;-
Reindalspasset;SN99763;07.04.2024 18:00;-20.6;-
Reindalspasset;SN99763;07.04.2024 19:00;-21.1;-
Reindalspasset;SN99763;07.04.2024 20:00;-22.1;-
Reindalspasset;SN99763;07.04.2024 21:00;-22.8;-
Reindalspasset;SN99763;07.04.2024 22:00;-24.3;-
Reindalspasset;SN99763;07.04.2024 23:00;-23.8;-
Reindalspasset;SN99763;08.04.2024 00:00;-23.2;-
Reindalspasset;SN99763;08.04.2024 01:00;-22.7;-
Reindalspasset;SN99763;08.04.2024 02:00;-22.5;-
Reindalspasset;SN99763;08.04.2024 03:00;-22.1;-
Reindalspasset;SN99763;08.04.2024 04:00;-22.4;-
Reindalspasset;SN99763;08.04.2024 05:00;-22.8;-
Reindalspasset;SN99763;08.04.2024 06:00;-21.7;-
Reindalspasset;SN99763;08.04.2024 07:00;-21;-
Reindalspasset;SN99763;08.04.2024 08:00;-20.9;-
Reindalspasset;SN99763;08.04.2024 09:00;-20;-
Reindalspasset;SN99763;08.04.2024 10:00;-19.2;-
Reindalspasset;SN99763;08.04.2024 11:00;-17.2;-
Reindalspasset;SN99763;08.04.2024 12:00;-17.2;-
Reindalspasset;SN99763;08.04.2024 13:00;-19;-
Reindalspasset;SN99763;08.04.2024 14:00;-17.6;-
Reindalspasset;SN99763;08.04.2024 15:00;-16.9;-
Reindalspasset;SN99763;08.04.2024 16:00;-17.8;-
Reindalspasset;SN99763;08.04.2024 17:00;-18.8;-
Reindalspasset;SN99763;08.04.2024 18:00;-19.7;-
Reindalspasset;SN99763;08.04.2024 19:00;-21.4;-
Reindalspasset;SN99763;08.04.2024 20:00;-20.4;-
Reindalspasset;SN99763;08.04.2024 21:00;-21.2;-
Reindalspasset;SN99763;08.04.2024 22:00;-20.9;-
Reindalspasset;SN99763;08.04.2024 23:00;-19.6;-
Reindalspasset;SN99763;09.04.2024 00:00;-19.7;-
Reindalspasset;SN99763;09.04.2024 01:00;-18.7;-
Reindalspasset;SN99763;09.04.2024 02:00;-19.1;-
Reindalspasset;SN99763;09.04.2024 03:00;-18.2;-
Reindalspasset;SN99763;09.04.2024 04:00;-17.2;-
Reindalspasset;SN99763;09.04.2024 05:00;-17.1;-
Reindalspasset;SN99763;09.04.2024 06:00;-16.5;-
Reindalspasset;SN99763;09.04.2024 07:00;-15.1;-
Reindalspasset;SN99763;09.04.2024 08:00;-14.9;-
Reindalspasset;SN99763;09.04.2024 09:00;-13.4;-
Reindalspasset;SN99763;09.04.2024 10:00;-12;-
Reindalspasset;SN99763;09.04.2024 11:00;-12.1;-
Reindalspasset;SN99763;09.04.2024 12:00;-12.4;-
Reindalspasset;SN99763;09.04.2024 13:00;-12.7;-
Reindalspasset;SN99763;09.04.2024 14:00;-12.2;-
Reindalspasset;SN99763;09.04.2024 15:00;-11.7;-
Reindalspasset;SN99763;09.04.2024 16:00;-11.9;-
Reindalspasset;SN99763;09.04.2024 17:00;-11.4;-
Reindalspasset;SN99763;09.04.2024 18:00;-11.4;-
Reindalspasset;SN99763;09.04.2024 19:00;-12;-
Reindalspasset;SN99763;09.04.2024 20:00;-12.4;-
Reindalspasset;SN99763;09.04.2024 21:00;-13;-
Reindalspasset;SN99763;09.04.2024 22:00;-12.8;-
Reindalspasset;SN99763;09.04.2024 23:00;-13.9;-
Reindalspasset;SN99763;10.04.2024 00:00;-15;-
Reindalspasset;SN99763;10.04.2024 01:00;-15.6;-
Reindalspasset;SN99763;10.04.2024 02:00;-16;-
Reindalspasset;SN99763;10.04.2024 03:00;-16.9;-
Reindalspasset;SN99763;10.04.2024 04:00;-16.9;-
Reindalspasset;SN99763;10.04.2024 05:00;-16.3;-
Reindalspasset;SN99763;10.04.2024 06:00;-17.2;-
Reindalspasset;SN99763;10.04.2024 07:00;-16.3;-
Reindalspasset;SN99763;10.04.2024 08:00;-14.8;-
Reindalspasset;SN99763;10.04.2024 09:00;-15.4;-
Reindalspasset;SN99763;10.04.2024 10:00;-14.9;-
Reindalspasset;SN99763;10.04.2024 11:00;-14.7;-
Reindalspasset;SN99763;10.04.2024 12:00;-14.6;-
Reindalspasset;SN99763;10.04.2024 13:00;-14.2;-
Reindalspasset;SN99763;10.04.2024 14:00;-14.2;-
Reindalspasset;SN99763;10.04.2024 15:00;-14.4;-
Reindalspasset;SN99763;10.04.2024 16:00;-14.3;-
Reindalspasset;SN99763;10.04.2024 17:00;-15.2;-
Reindalspasset;SN99763;10.04.2024 18:00;-14.9;-
Reindalspasset;SN99763;10.04.2024 19:00;-15.8;-
Reindalspasset;SN99763;10.04.2024 20:00;-16.5;-
Reindalspasset;SN99763;10.04.2024 21:00;-16.3;-
Reindalspasset;SN99763;10.04.2024 22:00;-16.8;-
Reindalspasset;SN99763;10.04.2024 23:00;-16.6;-
Reindalspasset;SN99763;11.04.2024 00:00;-17;-
Reindalspasset;SN99763;11.04.2024 01:00;-16.4;-
Reindalspasset;SN99763;11.04.2024 02:00;-16.8;-
Reindalspasset;SN99763;11.04.2024 03:00;-16.2;-
Reindalspasset;SN99763;11.04.2024 04:00;-16.4;-
Reindalspasset;SN99763;11.04.2024 05:00;-18.4;-
Reindalspasset;SN99763;11.04.2024 06:00;-16.8;-
Reindalspasset;SN99763;11.04.2024 07:00;-17.3;-
Reindalspasset;SN99763;11.04.2024 08:00;-17.3;-
Reindalspasset;SN99763;11.04.2024 09:00;-16.4;-
Reindalspasset;SN99763;11.04.2024 10:00;-16.2;-
Reindalspasset;SN99763;11.04.2024 11:00;-16.6;-
Reindalspasset;SN99763;11.04.2024 12:00;-16.8;-
Reindalspasset;SN99763;11.04.2024 13:00;-16.9;-
Reindalspasset;SN99763;11.04.2024 14:00;-16;-
Reindalspasset;SN99763;11.04.2024 15:00;-16.7;-
Reindalspasset;SN99763;11.04.2024 16:00;-15.8;-
Reindalspasset;SN99763;11.04.2024 17:00;-16;-
Reindalspasset;SN99763;11.04.2024 18:00;-16.5;-
Reindalspasset;SN99763;11.04.2024 19:00;-18.8;-
Reindalspasset;SN99763;11.04.2024 20:00;-18.5;-
Reindalspasset;SN99763;11.04.2024 21:00;-18.4;-
Reindalspasset;SN99763;11.04.2024 22:00;-18.9;-
Reindalspasset;SN99763;11.04.2024 23:00;-18.9;-
Reindalspasset;SN99763;12.04.2024 00:00;-18.3;-
Reindalspasset;SN99763;12.04.2024 01:00;-19.1;-
Reindalspasset;SN99763;12.04.2024 02:00;-18.8;-
Reindalspasset;SN99763;12.04.2024 03:00;-19.8;-
Reindalspasset;SN99763;12.04.2024 04:00;-20.1;-
Reindalspasset;SN99763;12.04.2024 05:00;-19.2;-
Reindalspasset;SN99763;12.04.2024 06:00;-19;-
Reindalspasset;SN99763;12.04.2024 07:00;-18.7;-
Reindalspasset;SN99763;12.04.2024 08:00;-17.4;-
Reindalspasset;SN99763;12.04.2024 09:00;-17;-
Reindalspasset;SN99763;12.04.2024 10:00;-16.1;-
Reindalspasset;SN99763;12.04.2024 11:00;-15.4;-
Reindalspasset;SN99763;12.04.2024 12:00;-13.3;-
Reindalspasset;SN99763;12.04.2024 13:00;-14.4;-
Reindalspasset;SN99763;12.04.2024 14:00;-14.4;-
Reindalspasset;SN99763;12.04.2024 15:00;-13.4;-
Reindalspasset;SN99763;12.04.2024 16:00;-14.4;-
Reindalspasset;SN99763;12.04.2024 17:00;-14.8;-
Reindalspasset;SN99763;12.04.2024 18:00;-15.1;-
Reindalspasset;SN99763;12.04.2024 19:00;-15.2;-
Reindalspasset;SN99763;12.04.2024 20:00;-17.1;-
Reindalspasset;SN99763;12.04.2024 21:00;-16.7;-
Reindalspasset;SN99763;12.04.2024 22:00;-15;-
Reindalspasset;SN99763;12.04.2024 23:00;-13.2;-
Reindalspasset;SN99763;13.04.2024 00:00;-12.2;-
Reindalspasset;SN99763;13.04.2024 01:00;-11.5;-
Reindalspasset;SN99763;13.04.2024 02:00;-11.5;-
Reindalspasset;SN99763;13.04.2024 03:00;-12.2;-
Reindalspasset;SN99763;13.04.2024 04:00;-11.6;-
Reindalspasset;SN99763;13.04.2024 05:00;-12.1;-
Reindalspasset;SN99763;13.04.2024 06:00;-12.4;-
Reindalspasset;SN99763;13.04.2024 07:00;-12.1;-
Reindalspasset;SN99763;13.04.2024 08:00;-12.4;-
Reindalspasset;SN99763;13.04.2024 09:00;-12;-
Reindalspasset;SN99763;13.04.2024 10:00;-11.4;-
Reindalspasset;SN99763;13.04.2024 11:00;-11.3;-
Reindalspasset;SN99763;13.04.2024 12:00;-12;-
Reindalspasset;SN99763;13.04.2024 13:00;-11.8;-
Reindalspasset;SN99763;13.04.2024 14:00;-11.8;-
Reindalspasset;SN99763;13.04.2024 15:00;-12.3;-
Reindalspasset;SN99763;13.04.2024 16:00;-12.9;-
Reindalspasset;SN99763;13.04.2024 17:00;-12.3;-
Reindalspasset;SN99763;13.04.2024 18:00;-11.7;-
Reindalspasset;SN99763;13.04.2024 19:00;-13.2;-
Reindalspasset;SN99763;13.04.2024 20:00;-14.4;-
Reindalspasset;SN99763;13.04.2024 21:00;-14.7;-
Reindalspasset;SN99763;13.04.2024 22:00;-14.6;-
Reindalspasset;SN99763;13.04.2024 23:00;-14;-
Reindalspasset;SN99763;14.04.2024 00:00;-13.6;-
Reindalspasset;SN99763;14.04.2024 01:00;-13.7;-
Reindalspasset;SN99763;14.04.2024 02:00;-13.8;-
Reindalspasset;SN99763;14.04.2024 03:00;-14.4;-
Reindalspasset;SN99763;14.04.2024 04:00;-15.8;-
Reindalspasset;SN99763;14.04.2024 05:00;-16.3;-
Reindalspasset;SN99763;14.04.2024 06:00;-16.3;-
Reindalspasset;SN99763;14.04.2024 07:00;-16.7;-
Reindalspasset;SN99763;14.04.2024 08:00;-16.9;-
Reindalspasset;SN99763;14.04.2024 09:00;-16.2;-
Reindalspasset;SN99763;14.04.2024 10:00;-15.9;-
Reindalspasset;SN99763;14.04.2024 11:00;-15.8;-
Reindalspasset;SN99763;14.04.2024 12:00;-15.9;-
Reindalspasset;SN99763;14.04.2024 13:00;-15.7;-
Reindalspasset;SN99763;14.04.2024 14:00;-15.6;-
Reindalspasset;SN99763;14.04.2024 15:00;-15.7;-
Reindalspasset;SN99763;14.04.2024 16:00;-16.2;-
Reindalspasset;SN99763;14.04.2024 17:00;-17.1;-
Reindalspasset;SN99763;14.04.2024 18:00;-17.8;-
Reindalspasset;SN99763;14.04.2024 19:00;-17.7;-
Reindalspasset;SN99763;14.04.2024 20:00;-18.6;-
Reindalspasset;SN99763;14.04.2024 21:00;-19.6;-
Reindalspasset;SN99763;14.04.2024 22:00;-20.1;-
Reindalspasset;SN99763;14.04.2024 23:00;-20.9;-
Reindalspasset;SN99763;15.04.2024 00:00;-20.9;-
Reindalspasset;SN99763;15.04.2024 01:00;-21.1;-
Reindalspasset;SN99763;15.04.2024 02:00;-21.4;-
Reindalspasset;SN99763;15.04.2024 03:00;-21.5;-
Reindalspasset;SN99763;15.04.2024 04:00;-21.3;-
Reindalspasset;SN99763;15.04.2024 05:00;-19.6;-
Reindalspasset;SN99763;15.04.2024 06:00;-19.2;-
Reindalspasset;SN99763;15.04.2024 07:00;-19.2;-
Reindalspasset;SN99763;15.04.2024 08:00;-19.1;-
Reindalspasset;SN99763;15.04.2024 09:00;-18;-
Reindalspasset;SN99763;15.04.2024 10:00;-16.7;-
Reindalspasset;SN99763;15.04.2024 11:00;-15.8;-
Reindalspasset;SN99763;15.04.2024 12:00;-17.6;-
Reindalspasset;SN99763;15.04.2024 13:00;-17;-
Reindalspasset;SN99763;15.04.2024 14:00;-18.8;-
Reindalspasset;SN99763;15.04.2024 15:00;-18.9;-
Reindalspasset;SN99763;15.04.2024 16:00;-19.5;-
Reindalspasset;SN99763;15.04.2024 17:00;-20.4;-
Reindalspasset;SN99763;15.04.2024 18:00;-20.8;-
Reindalspasset;SN99763;15.04.2024 19:00;-22.1;-
Reindalspasset;SN99763;15.04.2024 20:00;-22.2;-
Reindalspasset;SN99763;15.04.2024 21:00;-22.7;-
Reindalspasset;SN99763;15.04.2024 22:00;-23;-
Reindalspasset;SN99763;15.04.2024 23:00;-23.1;-
Reindalspasset;SN99763;16.04.2024 00:00;-22.1;-
Reindalspasset;SN99763;16.04.2024 01:00;-22;-
Reindalspasset;SN99763;16.04.2024 02:00;-21;-
Reindalspasset;SN99763;16.04.2024 03:00;-20.6;-
Reindalspasset;SN99763;16.04.2024 04:00;-20;-
Reindalspasset;SN99763;16.04.2024 05:00;-19.5;-
Reindalspasset;SN99763;16.04.2024 06:00;-19.5;-
Reindalspasset;SN99763;16.04.2024 07:00;-19.4;-
Reindalspasset;SN99763;16.04.2024 08:00;-18.9;-
Reindalspasset;SN99763;16.04.2024 09:00;-18.3;-
Reindalspasset;SN99763;16.04.2024 10:00;-18.2;-
Reindalspasset;SN99763;16.04.2024 11:00;-18.1;-
Reindalspasset;SN99763;16.04.2024 12:00;-17.6;-
Reindalspasset;SN99763;16.04.2024 13:00;-17.3;-
Reindalspasset;SN99763;16.04.2024 14:00;-17.4;-
Reindalspasset;SN99763;16.04.2024 15:00;-17.3;-
Reindalspasset;SN99763;16.04.2024 16:00;-17.3;-
Reindalspasset;SN99763;16.04.2024 17:00;-17.9;-
Reindalspasset;SN99763;16.04.2024 18:00;-18;-
Reindalspasset;SN99763;16.04.2024 19:00;-19.3;-
Reindalspasset;SN99763;16.04.2024 20:00;-18.2;-
Reindalspasset;SN99763;16.04.2024 21:00;-19.9;-
Reindalspasset;SN99763;16.04.2024 22:00;-19;-
Reindalspasset;SN99763;16.04.2024 23:00;-19.4;-
Reindalspasset;SN99763;17.04.2024 00:00;-18.5;-
Reindalspasset;SN99763;17.04.2024 01:00;-18;-
Reindalspasset;SN99763;17.04.2024 02:00;-17.1;-
Reindalspasset;SN99763;17.04.2024 03:00;-16.8;-
Reindalspasset;SN99763;17.04.2024 04:00;-16.7;-
Reindalspasset;SN99763;17.04.2024 05:00;-15.9;-
Reindalspasset;SN99763;17.04.2024 06:00;-15.4;-
Reindalspasset;SN99763;17.04.2024 07:00;-15.3;-
Reindalspasset;SN99763;17.04.2024 08:00;-15.2;-
Reindalspasset;SN99763;17.04.2024 09:00;-14.9;-
Reindalspasset;SN99763;17.04.2024 10:00;-15.1;-
Reindalspasset;SN99763;17.04.2024 11:00;-14.3;-
Reindalspasset;SN99763;17.04.2024 12:00;-14.2;-
Reindalspasset;SN99763;17.04.2024 13:00;-15;-
Reindalspasset;SN99763;17.04.2024 14:00;-13.5;-
Reindalspasset;SN99763;17.04.2024 15:00;-14.6;-
Reindalspasset;SN99763;17.04.2024 16:00;-14.1;-
Reindalspasset;SN99763;17.04.2024 17:00;-14.7;-
Reindalspasset;SN99763;17.04.2024 18:00;-14.8;-
Reindalspasset;SN99763;17.04.2024 19:00;-14.8;-
Reindalspasset;SN99763;17.04.2024 20:00;-14.5;-
Reindalspasset;SN99763;17.04.2024 21:00;-12.3;-
Reindalspasset;SN99763;17.04.2024 22:00;-11.9;-
Reindalspasset;SN99763;17.04.2024 23:00;-12.9;-
Reindalspasset;SN99763;18.04.2024 00:00;-12.4;-
Reindalspasset;SN99763;18.04.2024 01:00;-12.3;-
Reindalspasset;SN99763;18.04.2024 02:00;-10.4;-
Reindalspasset;SN99763;18.04.2024 03:00;-11;-
Reindalspasset;SN99763;18.04.2024 04:00;-10.4;-
Reindalspasset;SN99763;18.04.2024 05:00;-9.7;-
Reindalspasset;SN99763;18.04.2024 06:00;-9.6;-
Reindalspasset;SN99763;18.04.2024 07:00;-8.3;-
Reindalspasset;SN99763;18.04.2024 08:00;-8.2;-
Reindalspasset;SN99763;18.04.2024 09:00;-7.2;-
Reindalspasset;SN99763;18.04.2024 10:00;-8.1;-
Reindalspasset;SN99763;18.04.2024 11:00;-7.8;-
Reindalspasset;SN99763;18.04.2024 12:00;-8.3;-
Reindalspasset;SN99763;18.04.2024 13:00;-6.5;-
Reindalspasset;SN99763;18.04.2024 14:00;-7;-
Reindalspasset;SN99763;18.04.2024 15:00;-7.5;-
Reindalspasset;SN99763;18.04.2024 16:00;-6.5;-
Reindalspasset;SN99763;18.04.2024 17:00;-6.4;-
Reindalspasset;SN99763;18.04.2024 18:00;-5.8;-
Reindalspasset;SN99763;18.04.2024 19:00;-6.3;-
Reindalspasset;SN99763;18.04.2024 20:00;-6.1;-
Reindalspasset;SN99763;18.04.2024 21:00;-5.8;-
Reindalspasset;SN99763;18.04.2024 22:00;-3.3;-
Reindalspasset;SN99763;18.04.2024 23:00;-3.3;-
Reindalspasset;SN99763;19.04.2024 00:00;-3;-
Reindalspasset;SN99763;19.04.2024 01:00;-3.5;-
Reindalspasset;SN99763;19.04.2024 02:00;-2.4;-
Reindalspasset;SN99763;19.04.2024 03:00;-2.7;-
Reindalspasset;SN99763;19.04.2024 04:00;-2.9;-
Reindalspasset;SN99763;19.04.2024 05:00;-3.2;-
Reindalspasset;SN99763;19.04.2024 06:00;-2.3;-
Reindalspasset;SN99763;19.04.2024 07:00;-2.5;-
Reindalspasset;SN99763;19.04.2024 08:00;-2.2;-
Reindalspasset;SN99763;19.04.2024 09:00;-1.9;-
Reindalspasset;SN99763;19.04.2024 10:00;-1.9;-
Reindalspasset;SN99763;19.04.2024 11:00;-2.3;-
Reindalspasset;SN99763;19.04.2024 12:00;-2.6;-
Reindalspasset;SN99763;19.04.2024 13:00;-2.9;-
Reindalspasset;SN99763;19.04.2024 14:00;-3.2;-
Reindalspasset;SN99763;19.04.2024 15:00;-3.1;-
Reindalspasset;SN99763;19.04.2024 16:00;-3.5;-
Reindalspasset;SN99763;19.04.2024 17:00;-3.7;-
Reindalspasset;SN99763;19.04.2024 18:00;-3.4;-
Reindalspasset;SN99763;19.04.2024 19:00;-3.6;-
Reindalspasset;SN99763;19.04.2024 20:00;-3.6;-
Reindalspasset;SN99763;19.04.2024 21:00;-3.7;-
Reindalspasset;SN99763;19.04.2024 22:00;-3.7;-
Reindalspasset;SN99763;19.04.2024 23:00;-3.8;-
Reindalspasset;SN99763;20.04.2024 00:00;-3.8;-
Reindalspasset;SN99763;20.04.2024 01:00;-3.7;-
Reindalspasset;SN99763;20.04.2024 02:00;-3.8;-
Reindalspasset;SN99763;20.04.2024 03:00;-3.4;-
Reindalspasset;SN99763;20.04.2024 04:00;-3.3;-
Reindalspasset;SN99763;20.04.2024 05:00;-3.3;-
Reindalspasset;SN99763;20.04.2024 06:00;-2.9;-
Reindalspasset;SN99763;20.04.2024 07:00;-3;-
Reindalspasset;SN99763;20.04.2024 08:00;-2.3;-
Reindalspasset;SN99763;20.04.2024 09:00;-2.2;-
Reindalspasset;SN99763;20.04.2024 10:00;-2.4;-
Reindalspasset;SN99763;20.04.2024 11:00;-1.9;-
Reindalspasset;SN99763;20.04.2024 12:00;-1.5;-
Reindalspasset;SN99763;20.04.2024 13:00;-1;-
Reindalspasset;SN99763;20.04.2024 14:00;-1.2;-
Reindalspasset;SN99763;20.04.2024 15:00;-1.5;-
Reindalspasset;SN99763;20.04.2024 16:00;-1.6;-
Reindalspasset;SN99763;20.04.2024 17:00;-2.4;-
Reindalspasset;SN99763;20.04.2024 18:00;-1.8;-
Reindalspasset;SN99763;20.04.2024 19:00;-2.1;-
Reindalspasset;SN99763;20.04.2024 20:00;-2.1;-
Reindalspasset;SN99763;20.04.2024 21:00;-2.8;-
Reindalspasset;SN99763;20.04.2024 22:00;-2.9;-
Reindalspasset;SN99763;20.04.2024 23:00;-3.3;-
Reindalspasset;SN99763;21.04.2024 00:00;-3.6;-
Reindalspasset;SN99763;21.04.2024 01:00;-4.2;-
Reindalspasset;SN99763;21.04.2024 02:00;-4.2;-
Reindalspasset;SN99763;21.04.2024 03:00;-4.7;-
Reindalspasset;SN99763;21.04.2024 04:00;-4.7;-
Reindalspasset;SN99763;21.04.2024 05:00;-4.7;-
Reindalspasset;SN99763;21.04.2024 06:00;-4.1;-
Reindalspasset;SN99763;21.04.2024 07:00;-4;-
Reindalspasset;SN99763;21.04.2024 08:00;-4.7;-
Reindalspasset;SN99763;21.04.2024 09:00;-3.3;-
Reindalspasset;SN99763;21.04.2024 10:00;-3.3;-
Reindalspasset;SN99763;21.04.2024 11:00;-1.5;-
Reindalspasset;SN99763;21.04.2024 12:00;-0.3;-
Reindalspasset;SN99763;21.04.2024 13:00;0.7;-
Reindalspasset;SN99763;21.04.2024 14:00;1.7;-
Reindalspasset;SN99763;21.04.2024 15:00;1.9;-
Reindalspasset;SN99763;21.04.2024 16:00;2.3;-
Reindalspasset;SN99763;21.04.2024 17:00;1.6;-
Reindalspasset;SN99763;21.04.2024 18:00;1.4;-
Reindalspasset;SN99763;21.04.2024 19:00;1.1;-
Reindalspasset;SN99763;21.04.2024 20:00;1.3;-
Reindalspasset;SN99763;21.04.2024 21:00;1.4;-
Reindalspasset;SN99763;21.04.2024 22:00;1.4;-
Reindalspasset;SN99763;21.04.2024 23:00;1.3;-
Reindalspasset;SN99763;22.04.2024 00:00;1.5;-
Reindalspasset;SN99763;22.04.2024 01:00;1.8;-
Reindalspasset;SN99763;22.04.2024 02:00;2.1;-
Reindalspasset;SN99763;22.04.2024 03:00;2.4;-
Reindalspasset;SN99763;22.04.2024 04:00;2.8;-
Reindalspasset;SN99763;22.04.2024 05:00;2.9;-
Reindalspasset;SN99763;22.04.2024 06:00;2.9;-
Reindalspasset;SN99763;22.04.2024 07:00;2.7;-
Reindalspasset;SN99763;22.04.2024 08:00;3;-
Reindalspasset;SN99763;22.04.2024 09:00;3.6;-
Reindalspasset;SN99763;22.04.2024 10:00;3.3;-
Reindalspasset;SN99763;22.04.2024 11:00;2.6;-
Reindalspasset;SN99763;22.04.2024 12:00;3.3;-
Reindalspasset;SN99763;22.04.2024 13:00;2.8;-
Reindalspasset;SN99763;22.04.2024 14:00;2.5;-
Reindalspasset;SN99763;22.04.2024 15:00;2.2;-
Reindalspasset;SN99763;22.04.2024 16:00;2.2;-
Reindalspasset;SN99763;22.04.2024 17:00;1.5;-
Reindalspasset;SN99763;22.04.2024 18:00;0.7;-
Reindalspasset;SN99763;22.04.2024 19:00;-0.7;-
Reindalspasset;SN99763;22.04.2024 20:00;-1.2;-
Reindalspasset;SN99763;22.04.2024 21:00;-1.3;-
Reindalspasset;SN99763;22.04.2024 22:00;-1.6;-
Reindalspasset;SN99763;22.04.2024 23:00;-1.5;-
Reindalspasset;SN99763;23.04.2024 00:00;-2.2;-
Reindalspasset;SN99763;23.04.2024 01:00;-2.9;-
Reindalspasset;SN99763;23.04.2024 02:00;-2.4;-
Reindalspasset;SN99763;23.04.2024 03:00;-2.4;-
Reindalspasset;SN99763;23.04.2024 04:00;-2.7;-
Reindalspasset;SN99763;23.04.2024 05:00;-2.3;-
Reindalspasset;SN99763;23.04.2024 06:00;-1.9;-
Reindalspasset;SN99763;23.04.2024 07:00;-2;-
Reindalspasset;SN99763;23.04.2024 08:00;-1.6;-
Reindalspasset;SN99763;23.04.2024 09:00;-1.6;-
Reindalspasset;SN99763;23.04.2024 10:00;-1.4;-
Reindalspasset;SN99763;23.04.2024 11:00;-1.6;-
Reindalspasset;SN99763;23.04.2024 12:00;-2.1;-
Reindalspasset;SN99763;23.04.2024 13:00;-1.8;-
Reindalspasset;SN99763;23.04.2024 14:00;-2.3;-
Reindalspasset;SN99763;23.04.2024 15:00;-2.4;-
Reindalspasset;SN99763;23.04.2024 16:00;-2.4;-
Reindalspasset;SN99763;23.04.2024 17:00;-2;-
Reindalspasset;SN99763;23.04.2024 18:00;-4.2;-
Reindalspasset;SN99763;23.04.2024 19:00;-5.7;-
Reindalspasset;SN99763;23.04.2024 20:00;-6.7;-
Reindalspasset;SN99763;23.04.2024 21:00;-8.6;-
Reindalspasset;SN99763;23.04.2024 22:00;-8.8;-
Reindalspasset;SN99763;23.04.2024 23:00;-8.1;-
Reindalspasset;SN99763;24.04.2024 00:00;-5.5;-
Reindalspasset;SN99763;24.04.2024 01:00;-5.2;-
Reindalspasset;SN99763;24.04.2024 02:00;-4.1;-
Reindalspasset;SN99763;24.04.2024 03:00;-3.8;-
Reindalspasset;SN99763;24.04.2024 04:00;-3.6;-
Reindalspasset;SN99763;24.04.2024 05:00;-3.4;-
Reindalspasset;SN99763;24.04.2024 06:00;-3.3;-
Reindalspasset;SN99763;24.04.2024 07:00;-2.7;-
Reindalspasset;SN99763;24.04.2024 08:00;-2.2;-
Reindalspasset;SN99763;24.04.2024 09:00;-2.3;-
Reindalspasset;SN99763;24.04.2024 10:00;-1.1;-
Reindalspasset;SN99763;24.04.2024 11:00;-0.8;-
Reindalspasset;SN99763;24.04.2024 12:00;0.3;-
Reindalspasset;SN99763;24.04.2024 13:00;0.4;-
Reindalspasset;SN99763;24.04.2024 14:00;-1.1;-
Reindalspasset;SN99763;24.04.2024 15:00;-0.7;-
Reindalspasset;SN99763;24.04.2024 16:00;-1.2;-
Reindalspasset;SN99763;24.04.2024 17:00;-2;-
Reindalspasset;SN99763;24.04.2024 18:00;-2.4;-
Reindalspasset;SN99763;24.04.2024 19:00;-3;-
Reindalspasset;SN99763;24.04.2024 20:00;-2.5;-
Reindalspasset;SN99763;24.04.2024 21:00;-3.7;-
Reindalspasset;SN99763;24.04.2024 22:00;-4.2;-
Reindalspasset;SN99763;24.04.2024 23:00;-2.9;-
Reindalspasset;SN99763;25.04.2024 00:00;-3.2;-
Reindalspasset;SN99763;25.04.2024 01:00;-2.5;-
Reindalspasset;SN99763;25.04.2024 02:00;-2.8;-
Reindalspasset;SN99763;25.04.2024 03:00;-2.3;-
Reindalspasset;SN99763;25.04.2024 04:00;-1.7;-
Reindalspasset;SN99763;25.04.2024 05:00;-1.9;-
Reindalspasset;SN99763;25.04.2024 06:00;-2.1;-
Reindalspasset;SN99763;25.04.2024 07:00;-2;-
Reindalspasset;SN99763;25.04.2024 08:00;-3.7;-
Reindalspasset;SN99763;25.04.2024 09:00;-1.8;-
Reindalspasset;SN99763;25.04.2024 10:00;-1.4;-
Reindalspasset;SN99763;25.04.2024 11:00;-1.6;-
Reindalspasset;SN99763;25.04.2024 12:00;-0.1;-
Reindalspasset;SN99763;25.04.2024 13:00;-1;-
Reindalspasset;SN99763;25.04.2024 14:00;-1.2;-
Reindalspasset;SN99763;25.04.2024 15:00;-1.6;-
Reindalspasset;SN99763;25.04.2024 16:00;-2.4;-
Reindalspasset;SN99763;25.04.2024 17:00;-2.4;-
Reindalspasset;SN99763;25.04.2024 18:00;-2.8;-
Reindalspasset;SN99763;25.04.2024 19:00;-2.8;-
Reindalspasset;SN99763;25.04.2024 20:00;-3.1;-
Reindalspasset;SN99763;25.04.2024 21:00;-3.2;-
Reindalspasset;SN99763;25.04.2024 22:00;-3.8;-
Reindalspasset;SN99763;25.04.2024 23:00;-4.2;-
Reindalspasset;SN99763;26.04.2024 00:00;-4.6;-
Reindalspasset;SN99763;26.04.2024 01:00;-5.1;-
Reindalspasset;SN99763;26.04.2024 02:00;-5.3;-
Reindalspasset;SN99763;26.04.2024 03:00;-5.7;-
Reindalspasset;SN99763;26.04.2024 04:00;-5.9;-
Reindalspasset;SN99763;26.04.2024 05:00;-5.4;-
Reindalspasset;SN99763;26.04.2024 06:00;-6.1;-
Reindalspasset;SN99763;26.04.2024 07:00;-5.5;-
Reindalspasset;SN99763;26.04.2024 08:00;-5.1;-
Reindalspasset;SN99763;26.04.2024 09:00;-4.4;-
Reindalspasset;SN99763;26.04.2024 10:00;-4.5;-
Reindalspasset;SN99763;26.04.2024 11:00;-3.2;-
Reindalspasset;SN99763;26.04.2024 12:00;-3.4;-
Reindalspasset;SN99763;26.04.2024 13:00;-4.1;-
Reindalspasset;SN99763;26.04.2024 14:00;-4.7;-
Reindalspasset;SN99763;26.04.2024 15:00;-4.7;-
Reindalspasset;SN99763;26.04.2024 16:00;-5;-
Reindalspasset;SN99763;26.04.2024 17:00;-5.4;-
Reindalspasset;SN99763;26.04.2024 18:00;-6;-
Reindalspasset;SN99763;26.04.2024 19:00;-5;-
Reindalspasset;SN99763;26.04.2024 20:00;-7.5;-
Reindalspasset;SN99763;26.04.2024 21:00;-10.2;-
Reindalspasset;SN99763;26.04.2024 22:00;-9.2;-
Reindalspasset;SN99763;26.04.2024 23:00;-9.5;-
Reindalspasset;SN99763;27.04.2024 00:00;-9.3;-
Reindalspasset;SN99763;27.04.2024 01:00;-10.5;-
Reindalspasset;SN99763;27.04.2024 02:00;-10.3;-
Reindalspasset;SN99763;27.04.2024 03:00;-8.4;-
Reindalspasset;SN99763;27.04.2024 04:00;-8.5;-
Reindalspasset;SN99763;27.04.2024 05:00;-7.9;-
Reindalspasset;SN99763;27.04.2024 06:00;-7.8;-
Reindalspasset;SN99763;27.04.2024 07:00;-8;-
Reindalspasset;SN99763;27.04.2024 08:00;-7.8;-
Reindalspasset;SN99763;27.04.2024 09:00;-7;-
Reindalspasset;SN99763;27.04.2024 10:00;-6.1;-
Reindalspasset;SN99763;27.04.2024 11:00;-5.4;-
Reindalspasset;SN99763;27.04.2024 12:00;-4.8;-
Reindalspasset;SN99763;27.04.2024 13:00;-4.7;-
Reindalspasset;SN99763;27.04.2024 14:00;-4.3;-
Reindalspasset;SN99763;27.04.2024 15:00;-4.1;-
Reindalspasset;SN99763;27.04.2024 16:00;-4.1;-
Reindalspasset;SN99763;27.04.2024 17:00;-4.1;-
Reindalspasset;SN99763;27.04.2024 18:00;-4.1;-
Reindalspasset;SN99763;27.04.2024 19:00;-3.8;-
Reindalspasset;SN99763;27.04.2024 20:00;-3.6;-
Reindalspasset;SN99763;27.04.2024 21:00;-3.9;-
Reindalspasset;SN99763;27.04.2024 22:00;-3.3;-
Reindalspasset;SN99763;27.04.2024 23:00;-3.5;-
Reindalspasset;SN99763;28.04.2024 00:00;-2.9;-
Reindalspasset;SN99763;28.04.2024 01:00;-3;-
Reindalspasset;SN99763;28.04.2024 02:00;-1.7;-
Reindalspasset;SN99763;28.04.2024 03:00;-1.5;-
Reindalspasset;SN99763;28.04.2024 04:00;-1.6;-
Reindalspasset;SN99763;28.04.2024 05:00;-1.1;-
Reindalspasset;SN99763;28.04.2024 06:00;-1.2;-
Reindalspasset;SN99763;28.04.2024 07:00;-0.6;-
Reindalspasset;SN99763;28.04.2024 08:00;-0.7;-
Reindalspasset;SN99763;28.04.2024 09:00;-0.8;-
Reindalspasset;SN99763;28.04.2024 10:00;-0.2;-
Reindalspasset;SN99763;28.04.2024 11:00;-0.2;-
Reindalspasset;SN99763;28.04.2024 12:00;-0.1;-
Reindalspasset;SN99763;28.04.2024 13:00;0;-
Reindalspasset;SN99763;28.04.2024 14:00;0.1;-
Reindalspasset;SN99763;28.04.2024 15:00;-0.2;-
Reindalspasset;SN99763;28.04.2024 16:00;-0.1;-
Reindalspasset;SN99763;28.04.2024 17:00;0;-
Reindalspasset;SN99763;28.04.2024 18:00;0;-
Reindalspasset;SN99763;28.04.2024 19:00;-0.2;-
Reindalspasset;SN99763;28.04.2024 20:00;-0.5;-
Reindalspasset;SN99763;28.04.2024 21:00;-0.2;-
Reindalspasset;SN99763;28.04.2024 22:00;-0.4;-
Reindalspasset;SN99763;28.04.2024 23:00;-0.5;-
Reindalspasset;SN99763;29.04.2024 00:00;-0.7;-
Reindalspasset;SN99763;29.04.2024 01:00;-0.9;-
Reindalspasset;SN99763;29.04.2024 02:00;-0.7;-
Reindalspasset;SN99763;29.04.2024 03:00;-0.2;-
Reindalspasset;SN99763;29.04.2024 04:00;-0.5;-
Reindalspasset;SN99763;29.04.2024 05:00;-0.5;-
Reindalspasset;SN99763;29.04.2024 06:00;-0.6;-
Reindalspasset;SN99763;29.04.2024 07:00;-0.2;-
Reindalspasset;SN99763;29.04.2024 08:00;0.1;-
Reindalspasset;SN99763;29.04.2024 09:00;-0.1;-
Reindalspasset;SN99763;29.04.2024 10:00;-0.1;-
Reindalspasset;SN99763;29.04.2024 11:00;-0.5;-
Reindalspasset;SN99763;29.04.2024 12:00;0.3;-
Reindalspasset;SN99763;29.04.2024 13:00;0.3;-
Reindalspasset;SN99763;29.04.2024 14:00;0.1;-
Reindalspasset;SN99763;29.04.2024 15:00;-0.3;-
Reindalspasset;SN99763;29.04.2024 16:00;-0.6;-
Reindalspasset;SN99763;29.04.2024 17:00;-0.8;-
Reindalspasset;SN99763;29.04.2024 18:00;-1;-
Reindalspasset;SN99763;29.04.2024 19:00;-0.7;-
Reindalspasset;SN99763;29.04.2024 20:00;-0.5;-
Reindalspasset;SN99763;29.04.2024 21:00;-1.1;-
Reindalspasset;SN99763;29.04.2024 22:00;-1.4;-
Reindalspasset;SN99763;29.04.2024 23:00;-1.6;-
Reindalspasset;SN99763;30.04.2024 00:00;-1.7;-
Reindalspasset;SN99763;30.04.2024 01:00;-1.6;-
Reindalspasset;SN99763;30.04.2024 02:00;-1.7;-
Reindalspasset;SN99763;30.04.2024 03:00;-2.2;-
Reindalspasset;SN99763;30.04.2024 04:00;-1.2;-
Reindalspasset;SN99763;30.04.2024 05:00;-0.8;-
Reindalspasset;SN99763;30.04.2024 06:00;-0.6;-
Reindalspasset;SN99763;30.04.2024 07:00;-0.5;-
Reindalspasset;SN99763;30.04.2024 08:00;-0.3;-
Reindalspasset;SN99763;30.04.2024 09:00;-0.1;-
Reindalspasset;SN99763;30.04.2024 10:00;-0.5;-
Reindalspasset;SN99763;30.04.2024 11:00;-0.1;-
Reindalspasset;SN99763;30.04.2024 12:00;0.1;-
Reindalspasset;SN99763;30.04.2024 13:00;0.3;-
Reindalspasset;SN99763;30.04.2024 14:00;0.3;-
Reindalspasset;SN99763;30.04.2024 15:00;0.3;-
Reindalspasset;SN99763;30.04.2024 16:00;0.3;-
Reindalspasset;SN99763;30.04.2024 17:00;0.2;-
Reindalspasset;SN99763;30.04.2024 18:00;0.2;-
Reindalspasset;SN99763;30.04.2024 19:00;0.2;-
Reindalspasset;SN99763;30.04.2024 20:00;-0.2;-
Reindalspasset;SN99763;30.04.2024 21:00;-0.4;-
Reindalspasset;SN99763;30.04.2024 22:00;-0.3;-
Reindalspasset;SN99763;30.04.2024 23:00;-0.7;-
Reindalspasset;SN99763;01.05.2024 00:00;-0.6;-
Reindalspasset;SN99763;01.05.2024 01:00;-0.7;-
Reindalspasset;SN99763;01.05.2024 02:00;-0.7;-
Reindalspasset;SN99763;01.05.2024 03:00;-0.7;-
Reindalspasset;SN99763;01.05.2024 04:00;-1;-
Reindalspasset;SN99763;01.05.2024 05:00;-0.8;-
Reindalspasset;SN99763;01.05.2024 06:00;-1.3;-
Reindalspasset;SN99763;01.05.2024 07:00;-1.1;-
Reindalspasset;SN99763;01.05.2024 08:00;-1.4;-
Reindalspasset;SN99763;01.05.2024 09:00;-0.6;-
Reindalspasset;SN99763;01.05.2024 10:00;-0.7;-
Reindalspasset;SN99763;01.05.2024 11:00;-0.7;-
Reindalspasset;SN99763;01.05.2024 12:00;-0.7;-
Reindalspasset;SN99763;01.05.2024 13:00;-0.7;-
Reindalspasset;SN99763;01.05.2024 14:00;-1.2;-
Reindalspasset;SN99763;01.05.2024 15:00;-1.3;-
Reindalspasset;SN99763;01.05.2024 16:00;-1.2;-
Reindalspasset;SN99763;01.05.2024 17:00;-1.4;-
Reindalspasset;SN99763;01.05.2024 18:00;-1.7;-
Reindalspasset;SN99763;01.05.2024 19:00;-2.1;-
Reindalspasset;SN99763;01.05.2024 20:00;-2.4;-
Reindalspasset;SN99763;01.05.2024 21:00;-2.9;-
Reindalspasset;SN99763;01.05.2024 22:00;-3.2;-
Reindalspasset;SN99763;01.05.2024 23:00;-3.8;-
Reindalspasset;SN99763;02.05.2024 00:00;-4.3;-
Istjørndalen;SN99770;01.11.2023 01:00;-9.1;-
Istjørndalen;SN99770;01.11.2023 02:00;-10.7;-
Istjørndalen;SN99770;01.11.2023 03:00;-11.2;-
Istjørndalen;SN99770;01.11.2023 04:00;-12.7;-
Istjørndalen;SN99770;01.11.2023 05:00;-12.5;-
Istjørndalen;SN99770;01.11.2023 06:00;-12;-
Istjørndalen;SN99770;01.11.2023 07:00;-12.1;-
Istjørndalen;SN99770;01.11.2023 08:00;-12;-
Istjørndalen;SN99770;01.11.2023 09:00;-11.4;-
Istjørndalen;SN99770;01.11.2023 10:00;-13.3;-
Istjørndalen;SN99770;01.11.2023 11:00;-12.3;-
Istjørndalen;SN99770;01.11.2023 12:00;-11.9;-
Istjørndalen;SN99770;01.11.2023 13:00;-12.6;-
Istjørndalen;SN99770;01.11.2023 14:00;-11;-
Istjørndalen;SN99770;01.11.2023 15:00;-12;-
Istjørndalen;SN99770;01.11.2023 16:00;-12;-
Istjørndalen;SN99770;01.11.2023 17:00;-11.5;-
Istjørndalen;SN99770;01.11.2023 18:00;-12.4;-
Istjørndalen;SN99770;01.11.2023 19:00;-14.7;-
Istjørndalen;SN99770;01.11.2023 20:00;-14.7;-
Istjørndalen;SN99770;01.11.2023 21:00;-15;-
Istjørndalen;SN99770;01.11.2023 22:00;-14.5;-
Istjørndalen;SN99770;01.11.2023 23:00;-15.5;-
Istjørndalen;SN99770;02.11.2023 00:00;-16.3;-
Istjørndalen;SN99770;02.11.2023 01:00;-15.2;-
Istjørndalen;SN99770;02.11.2023 02:00;-16.3;-
Istjørndalen;SN99770;02.11.2023 03:00;-14.7;-
Istjørndalen;SN99770;02.11.2023 04:00;-15.2;-
Istjørndalen;SN99770;02.11.2023 05:00;-15.2;-
Istjørndalen;SN99770;02.11.2023 06:00;-15;-
Istjørndalen;SN99770;02.11.2023 07:00;-17.3;-
Istjørndalen;SN99770;02.11.2023 08:00;-17;-
Istjørndalen;SN99770;02.11.2023 09:00;-17.1;-
Istjørndalen;SN99770;02.11.2023 10:00;-15.9;-
Istjørndalen;SN99770;02.11.2023 11:00;-13.8;-
Istjørndalen;SN99770;02.11.2023 12:00;-12.7;-
Istjørndalen;SN99770;02.11.2023 13:00;-12.5;-
Istjørndalen;SN99770;02.11.2023 14:00;-11.9;-
Istjørndalen;SN99770;02.11.2023 15:00;-11.8;-
Istjørndalen;SN99770;02.11.2023 16:00;-11.8;-
Istjørndalen;SN99770;02.11.2023 17:00;-12.4;-
Istjørndalen;SN99770;02.11.2023 18:00;-12.2;-
Istjørndalen;SN99770;02.11.2023 19:00;-12;-
Istjørndalen;SN99770;02.11.2023 20:00;-12.6;-
Istjørndalen;SN99770;02.11.2023 21:00;-12.7;-
Istjørndalen;SN99770;02.11.2023 22:00;-11.6;-
Istjørndalen;SN99770;02.11.2023 23:00;-11.7;-
Istjørndalen;SN99770;03.11.2023 00:00;-11.8;-
Istjørndalen;SN99770;03.11.2023 01:00;-11.5;-
Istjørndalen;SN99770;03.11.2023 02:00;-9.9;-
Istjørndalen;SN99770;03.11.2023 03:00;-11.6;-
Istjørndalen;SN99770;03.11.2023 04:00;-11.7;-
Istjørndalen;SN99770;03.11.2023 05:00;-11.2;-
Istjørndalen;SN99770;03.11.2023 06:00;-10.5;-
Istjørndalen;SN99770;03.11.2023 07:00;-10.7;-
Istjørndalen;SN99770;03.11.2023 08:00;-10.6;-
Istjørndalen;SN99770;03.11.2023 09:00;-9.9;-
Istjørndalen;SN99770;03.11.2023 10:00;-9.4;-
Istjørndalen;SN99770;03.11.2023 11:00;-10.3;-
Istjørndalen;SN99770;03.11.2023 12:00;-10.3;-
Istjørndalen;SN99770;03.11.2023 13:00;-9.7;-
Istjørndalen;SN99770;03.11.2023 14:00;-8.9;-
Istjørndalen;SN99770;03.11.2023 15:00;-9.2;-
Istjørndalen;SN99770;03.11.2023 16:00;-9.1;-
Istjørndalen;SN99770;03.11.2023 17:00;-8.7;-
Istjørndalen;SN99770;03.11.2023 18:00;-8.3;-
Istjørndalen;SN99770;03.11.2023 19:00;-8.2;-
Istjørndalen;SN99770;03.11.2023 20:00;-8.5;-
Istjørndalen;SN99770;03.11.2023 21:00;-7.4;-
Istjørndalen;SN99770;03.11.2023 22:00;-6.9;-
Istjørndalen;SN99770;03.11.2023 23:00;-6.6;-
Istjørndalen;SN99770;04.11.2023 00:00;-6.9;-
Istjørndalen;SN99770;04.11.2023 01:00;-8;-
Istjørndalen;SN99770;04.11.2023 02:00;-8.5;-
Istjørndalen;SN99770;04.11.2023 03:00;-8.6;-
Istjørndalen;SN99770;04.11.2023 04:00;-7.6;-
Istjørndalen;SN99770;04.11.2023 05:00;-8.3;-
Istjørndalen;SN99770;04.11.2023 06:00;-7;-
Istjørndalen;SN99770;04.11.2023 07:00;-7.3;-
Istjørndalen;SN99770;04.11.2023 08:00;-7.4;-
Istjørndalen;SN99770;04.11.2023 09:00;-7.7;-
Istjørndalen;SN99770;04.11.2023 10:00;-8;-
Istjørndalen;SN99770;04.11.2023 11:00;-8.4;-
Istjørndalen;SN99770;04.11.2023 12:00;-8.5;-
Istjørndalen;SN99770;04.11.2023 13:00;-9.5;-
Istjørndalen;SN99770;04.11.2023 14:00;-9.6;-
Istjørndalen;SN99770;04.11.2023 15:00;-9.5;-
Istjørndalen;SN99770;04.11.2023 16:00;-10;-
Istjørndalen;SN99770;04.11.2023 17:00;-9.8;-
Istjørndalen;SN99770;04.11.2023 18:00;-10;-
Istjørndalen;SN99770;04.11.2023 19:00;-10.4;-
Istjørndalen;SN99770;04.11.2023 20:00;-10.6;-
Istjørndalen;SN99770;04.11.2023 21:00;-10.5;-
Istjørndalen;SN99770;04.11.2023 22:00;-10.6;-
Istjørndalen;SN99770;04.11.2023 23:00;-10.6;-
Istjørndalen;SN99770;05.11.2023 00:00;-10.8;-
Istjørndalen;SN99770;05.11.2023 01:00;-11;-
Istjørndalen;SN99770;05.11.2023 02:00;-10.7;-
Istjørndalen;SN99770;05.11.2023 03:00;-10.6;-
Istjørndalen;SN99770;05.11.2023 04:00;-10.5;-
Istjørndalen;SN99770;05.11.2023 05:00;-10.6;-
Istjørndalen;SN99770;05.11.2023 06:00;-10.8;-
Istjørndalen;SN99770;05.11.2023 07:00;-10.6;-
Istjørndalen;SN99770;05.11.2023 08:00;-10.1;-
Istjørndalen;SN99770;05.11.2023 09:00;-10.5;-
Istjørndalen;SN99770;05.11.2023 10:00;-10.5;-
Istjørndalen;SN99770;05.11.2023 11:00;-10.5;-
Istjørndalen;SN99770;05.11.2023 12:00;-10.6;-
Istjørndalen;SN99770;05.11.2023 13:00;-10.2;-
Istjørndalen;SN99770;05.11.2023 14:00;-10.3;-
Istjørndalen;SN99770;05.11.2023 15:00;-10.8;-
Istjørndalen;SN99770;05.11.2023 16:00;-11.2;-
Istjørndalen;SN99770;05.11.2023 17:00;-12.3;-
Istjørndalen;SN99770;05.11.2023 18:00;-12.7;-
Istjørndalen;SN99770;05.11.2023 19:00;-13;-
Istjørndalen;SN99770;05.11.2023 20:00;-13.5;-
Istjørndalen;SN99770;05.11.2023 21:00;-13.9;-
Istjørndalen;SN99770;05.11.2023 22:00;-12.6;-
Istjørndalen;SN99770;05.11.2023 23:00;-12.7;-
Istjørndalen;SN99770;06.11.2023 00:00;-13.7;-
Istjørndalen;SN99770;06.11.2023 01:00;-13.7;-
Istjørndalen;SN99770;06.11.2023 02:00;-13.4;-
Istjørndalen;SN99770;06.11.2023 03:00;-12.6;-
Istjørndalen;SN99770;06.11.2023 04:00;-12.7;-
Istjørndalen;SN99770;06.11.2023 05:00;-12.9;-
Istjørndalen;SN99770;06.11.2023 06:00;-14;-
Istjørndalen;SN99770;06.11.2023 07:00;-13.6;-
Istjørndalen;SN99770;06.11.2023 08:00;-12.8;-
Istjørndalen;SN99770;06.11.2023 09:00;-14.7;-
Istjørndalen;SN99770;06.11.2023 10:00;-14.8;-
Istjørndalen;SN99770;06.11.2023 11:00;-14.8;-
Istjørndalen;SN99770;06.11.2023 12:00;-12.9;-
Istjørndalen;SN99770;06.11.2023 13:00;-14.8;-
Istjørndalen;SN99770;06.11.2023 14:00;-13.5;-
Istjørndalen;SN99770;06.11.2023 15:00;-13.9;-
Istjørndalen;SN99770;06.11.2023 16:00;-14.9;-
Istjørndalen;SN99770;06.11.2023 17:00;-14.9;-
Istjørndalen;SN99770;06.11.2023 18:00;-13.8;-
Istjørndalen;SN99770;06.11.2023 19:00;-13.6;-
Istjørndalen;SN99770;06.11.2023 20:00;-14.9;-
Istjørndalen;SN99770;06.11.2023 21:00;-16.3;-
Istjørndalen;SN99770;06.11.2023 22:00;-15.2;-
Istjørndalen;SN99770;06.11.2023 23:00;-14.7;-
Istjørndalen;SN99770;07.11.2023 00:00;-14.6;-
Istjørndalen;SN99770;07.11.2023 01:00;-14.4;-
Istjørndalen;SN99770;07.11.2023 02:00;-14.5;-
Istjørndalen;SN99770;07.11.2023 03:00;-13.3;-
Istjørndalen;SN99770;07.11.2023 04:00;-13;-
Istjørndalen;SN99770;07.11.2023 05:00;-12.6;-
Istjørndalen;SN99770;07.11.2023 06:00;-11.7;-
Istjørndalen;SN99770;07.11.2023 07:00;-12.3;-
Istjørndalen;SN99770;07.11.2023 08:00;-14.2;-
Istjørndalen;SN99770;07.11.2023 09:00;-14.1;-
Istjørndalen;SN99770;07.11.2023 10:00;-14.4;-
Istjørndalen;SN99770;07.11.2023 11:00;-14.3;-
Istjørndalen;SN99770;07.11.2023 12:00;-14.8;-
Istjørndalen;SN99770;07.11.2023 13:00;-14;-
Istjørndalen;SN99770;07.11.2023 14:00;-15.5;-
Istjørndalen;SN99770;07.11.2023 15:00;-16.7;-
Istjørndalen;SN99770;07.11.2023 16:00;-15;-
Istjørndalen;SN99770;07.11.2023 17:00;-16;-
Istjørndalen;SN99770;07.11.2023 18:00;-15.5;-
Istjørndalen;SN99770;07.11.2023 19:00;-16.9;-
Istjørndalen;SN99770;07.11.2023 20:00;-15.4;-
Istjørndalen;SN99770;07.11.2023 21:00;-14.2;-
Istjørndalen;SN99770;07.11.2023 22:00;-12.5;-
Istjørndalen;SN99770;07.11.2023 23:00;-12.3;-
Istjørndalen;SN99770;08.11.2023 00:00;-12.7;-
Istjørndalen;SN99770;08.11.2023 01:00;-11.5;-
Istjørndalen;SN99770;08.11.2023 02:00;-12;-
Istjørndalen;SN99770;08.11.2023 03:00;-9.5;-
Istjørndalen;SN99770;08.11.2023 04:00;-9.4;-
Istjørndalen;SN99770;08.11.2023 05:00;-8.4;-
Istjørndalen;SN99770;08.11.2023 06:00;-6.8;-
Istjørndalen;SN99770;08.11.2023 07:00;-8;-
Istjørndalen;SN99770;08.11.2023 08:00;-8.9;-
Istjørndalen;SN99770;08.11.2023 09:00;-7.7;-
Istjørndalen;SN99770;08.11.2023 10:00;-6.9;-
Istjørndalen;SN99770;08.11.2023 11:00;-6.2;-
Istjørndalen;SN99770;08.11.2023 12:00;-7.1;-
Istjørndalen;SN99770;08.11.2023 13:00;-7.3;-
Istjørndalen;SN99770;08.11.2023 14:00;-6.6;-
Istjørndalen;SN99770;08.11.2023 15:00;-6.8;-
Istjørndalen;SN99770;08.11.2023 16:00;-7.4;-
Istjørndalen;SN99770;08.11.2023 17:00;-5.8;-
Istjørndalen;SN99770;08.11.2023 18:00;-5.1;-
Istjørndalen;SN99770;08.11.2023 19:00;-5.6;-
Istjørndalen;SN99770;08.11.2023 20:00;-5.7;-
Istjørndalen;SN99770;08.11.2023 21:00;-4.3;-
Istjørndalen;SN99770;08.11.2023 22:00;-4.4;-
Istjørndalen;SN99770;08.11.2023 23:00;-5.2;-
Istjørndalen;SN99770;09.11.2023 00:00;-5.7;-
Istjørndalen;SN99770;09.11.2023 01:00;-5.4;-
Istjørndalen;SN99770;09.11.2023 02:00;-5.8;-
Istjørndalen;SN99770;09.11.2023 03:00;-5.9;-
Istjørndalen;SN99770;09.11.2023 04:00;-5.4;-
Istjørndalen;SN99770;09.11.2023 05:00;-4.3;-
Istjørndalen;SN99770;09.11.2023 06:00;-4.3;-
Istjørndalen;SN99770;09.11.2023 07:00;-4.2;-
Istjørndalen;SN99770;09.11.2023 08:00;-4.1;-
Istjørndalen;SN99770;09.11.2023 09:00;-4.1;-
Istjørndalen;SN99770;09.11.2023 10:00;-3.7;-
Istjørndalen;SN99770;09.11.2023 11:00;-3.9;-
Istjørndalen;SN99770;09.11.2023 12:00;-3.9;-
Istjørndalen;SN99770;09.11.2023 13:00;-3.2;-
Istjørndalen;SN99770;09.11.2023 14:00;-3.7;-
Istjørndalen;SN99770;09.11.2023 15:00;-3.7;-
Istjørndalen;SN99770;09.11.2023 16:00;-3.4;-
Istjørndalen;SN99770;09.11.2023 17:00;-2.9;-
Istjørndalen;SN99770;09.11.2023 18:00;-2.9;-
Istjørndalen;SN99770;09.11.2023 19:00;-2.6;-
Istjørndalen;SN99770;09.11.2023 20:00;-1.9;-
Istjørndalen;SN99770;09.11.2023 21:00;-2.4;-
Istjørndalen;SN99770;09.11.2023 22:00;-2.9;-
Istjørndalen;SN99770;09.11.2023 23:00;-4.1;-
Istjørndalen;SN99770;10.11.2023 00:00;-4.8;-
Istjørndalen;SN99770;10.11.2023 01:00;-5.6;-
Istjørndalen;SN99770;10.11.2023 02:00;-6;-
Istjørndalen;SN99770;10.11.2023 03:00;-6.4;-
Istjørndalen;SN99770;10.11.2023 04:00;-5.8;-
Istjørndalen;SN99770;10.11.2023 05:00;-6.6;-
Istjørndalen;SN99770;10.11.2023 06:00;-6.2;-
Istjørndalen;SN99770;10.11.2023 07:00;-6.5;-
Istjørndalen;SN99770;10.11.2023 08:00;-7.2;-
Istjørndalen;SN99770;10.11.2023 09:00;-7.8;-
Istjørndalen;SN99770;10.11.2023 10:00;-7.9;-
Istjørndalen;SN99770;10.11.2023 11:00;-7.5;-
Istjørndalen;SN99770;10.11.2023 12:00;-8.4;-
Istjørndalen;SN99770;10.11.2023 13:00;-8.8;-
Istjørndalen;SN99770;10.11.2023 14:00;-8.8;-
Istjørndalen;SN99770;10.11.2023 15:00;-8.8;-
Istjørndalen;SN99770;10.11.2023 16:00;-9.2;-
Istjørndalen;SN99770;10.11.2023 17:00;-9.3;-
Istjørndalen;SN99770;10.11.2023 18:00;-9.4;-
Istjørndalen;SN99770;10.11.2023 19:00;-9.6;-
Istjørndalen;SN99770;10.11.2023 20:00;-9.2;-
Istjørndalen;SN99770;10.11.2023 21:00;-9.6;-
Istjørndalen;SN99770;10.11.2023 22:00;-9.3;-
Istjørndalen;SN99770;10.11.2023 23:00;-9.3;-
Istjørndalen;SN99770;11.11.2023 00:00;-9.3;-
Istjørndalen;SN99770;11.11.2023 01:00;-9.2;-
Istjørndalen;SN99770;11.11.2023 02:00;-9.2;-
Istjørndalen;SN99770;11.11.2023 03:00;-9.3;-
Istjørndalen;SN99770;11.11.2023 04:00;-9.1;-
Istjørndalen;SN99770;11.11.2023 05:00;-9.1;-
Istjørndalen;SN99770;11.11.2023 06:00;-9;-
Istjørndalen;SN99770;11.11.2023 07:00;-10.3;-
Istjørndalen;SN99770;11.11.2023 08:00;-10.2;-
Istjørndalen;SN99770;11.11.2023 09:00;-9.7;-
Istjørndalen;SN99770;11.11.2023 10:00;-9.8;-
Istjørndalen;SN99770;11.11.2023 11:00;-9.9;-
Istjørndalen;SN99770;11.11.2023 12:00;-9.9;-
Istjørndalen;SN99770;11.11.2023 13:00;-10.8;-
Istjørndalen;SN99770;11.11.2023 14:00;-10;-
Istjørndalen;SN99770;11.11.2023 15:00;-10.2;-
Istjørndalen;SN99770;11.11.2023 16:00;-9.3;-
Istjørndalen;SN99770;11.11.2023 17:00;-10;-
Istjørndalen;SN99770;11.11.2023 18:00;-9.6;-
Istjørndalen;SN99770;11.11.2023 19:00;-9.2;-
Istjørndalen;SN99770;11.11.2023 20:00;-8.3;-
Istjørndalen;SN99770;11.11.2023 21:00;-7.8;-
Istjørndalen;SN99770;11.11.2023 22:00;-7;-
Istjørndalen;SN99770;11.11.2023 23:00;-6.3;-
Istjørndalen;SN99770;12.11.2023 00:00;-5.8;-
Istjørndalen;SN99770;12.11.2023 01:00;-5.8;-
Istjørndalen;SN99770;12.11.2023 02:00;-5;-
Istjørndalen;SN99770;12.11.2023 03:00;-4.8;-
Istjørndalen;SN99770;12.11.2023 04:00;-5.6;-
Istjørndalen;SN99770;12.11.2023 05:00;-5.5;-
Istjørndalen;SN99770;12.11.2023 06:00;-6.1;-
Istjørndalen;SN99770;12.11.2023 07:00;-5.8;-
Istjørndalen;SN99770;12.11.2023 08:00;-6.2;-
Istjørndalen;SN99770;12.11.2023 09:00;-6;-
Istjørndalen;SN99770;12.11.2023 10:00;-6.4;-
Istjørndalen;SN99770;12.11.2023 11:00;-7.2;-
Istjørndalen;SN99770;12.11.2023 12:00;-7.5;-
Istjørndalen;SN99770;12.11.2023 13:00;-7.6;-
Istjørndalen;SN99770;12.11.2023 14:00;-6.9;-
Istjørndalen;SN99770;12.11.2023 15:00;-7.2;-
Istjørndalen;SN99770;12.11.2023 16:00;-6.2;-
Istjørndalen;SN99770;12.11.2023 17:00;-6.1;-
Istjørndalen;SN99770;12.11.2023 18:00;-4.9;-
Istjørndalen;SN99770;12.11.2023 19:00;-4.2;-
Istjørndalen;SN99770;12.11.2023 20:00;-4.4;-
Istjørndalen;SN99770;12.11.2023 21:00;-5.9;-
Istjørndalen;SN99770;12.11.2023 22:00;-5;-
Istjørndalen;SN99770;12.11.2023 23:00;-5;-
Istjørndalen;SN99770;13.11.2023 00:00;-5.1;-
Istjørndalen;SN99770;13.11.2023 01:00;-5.4;-
Istjørndalen;SN99770;13.11.2023 02:00;-5.8;-
Istjørndalen;SN99770;13.11.2023 03:00;-6.5;-
Istjørndalen;SN99770;13.11.2023 04:00;-7.8;-
Istjørndalen;SN99770;13.11.2023 05:00;-8.9;-
Istjørndalen;SN99770;13.11.2023 06:00;-8.9;-
Istjørndalen;SN99770;13.11.2023 07:00;-9.8;-
Istjørndalen;SN99770;13.11.2023 08:00;-8.7;-
Istjørndalen;SN99770;13.11.2023 09:00;-9.2;-
Istjørndalen;SN99770;13.11.2023 10:00;-9.5;-
Istjørndalen;SN99770;13.11.2023 11:00;-11;-
Istjørndalen;SN99770;13.11.2023 12:00;-9.1;-
Istjørndalen;SN99770;13.11.2023 13:00;-9.4;-
Istjørndalen;SN99770;13.11.2023 14:00;-10.5;-
Istjørndalen;SN99770;13.11.2023 15:00;-10.7;-
Istjørndalen;SN99770;13.11.2023 16:00;-11.2;-
Istjørndalen;SN99770;13.11.2023 17:00;-12;-
Istjørndalen;SN99770;13.11.2023 18:00;-11.3;-
Istjørndalen;SN99770;13.11.2023 19:00;-10.5;-
Istjørndalen;SN99770;13.11.2023 20:00;-10.7;-
Istjørndalen;SN99770;13.11.2023 21:00;-10.8;-
Istjørndalen;SN99770;13.11.2023 22:00;-10.8;-
Istjørndalen;SN99770;13.11.2023 23:00;-10.9;-
Istjørndalen;SN99770;14.11.2023 00:00;-10.9;-
Istjørndalen;SN99770;14.11.2023 01:00;-11.5;-
Istjørndalen;SN99770;14.11.2023 02:00;-11.9;-
Istjørndalen;SN99770;14.11.2023 03:00;-11.9;-
Istjørndalen;SN99770;14.11.2023 04:00;-12.5;-
Istjørndalen;SN99770;14.11.2023 05:00;-12.8;-
Istjørndalen;SN99770;14.11.2023 06:00;-13.7;-
Istjørndalen;SN99770;14.11.2023 07:00;-14.1;-
Istjørndalen;SN99770;14.11.2023 08:00;-14.8;-
Istjørndalen;SN99770;14.11.2023 09:00;-14.4;-
Istjørndalen;SN99770;14.11.2023 10:00;-12.8;-
Istjørndalen;SN99770;14.11.2023 11:00;-13.4;-
Istjørndalen;SN99770;14.11.2023 12:00;-12.8;-
Istjørndalen;SN99770;14.11.2023 13:00;-12.4;-
Istjørndalen;SN99770;14.11.2023 14:00;-11.8;-
Istjørndalen;SN99770;14.11.2023 15:00;-11.9;-
Istjørndalen;SN99770;14.11.2023 16:00;-12.1;-
Istjørndalen;SN99770;14.11.2023 17:00;-12.2;-
Istjørndalen;SN99770;14.11.2023 18:00;-12.8;-
Istjørndalen;SN99770;14.11.2023 19:00;-12.3;-
Istjørndalen;SN99770;14.11.2023 20:00;-12.3;-
Istjørndalen;SN99770;14.11.2023 21:00;-12.6;-
Istjørndalen;SN99770;14.11.2023 22:00;-12.6;-
Istjørndalen;SN99770;14.11.2023 23:00;-12.7;-
Istjørndalen;SN99770;15.11.2023 00:00;-13;-
Istjørndalen;SN99770;15.11.2023 01:00;-13.2;-
Istjørndalen;SN99770;15.11.2023 02:00;-13.3;-
Istjørndalen;SN99770;15.11.2023 03:00;-13.3;-
Istjørndalen;SN99770;15.11.2023 04:00;-13.7;-
Istjørndalen;SN99770;15.11.2023 05:00;-14.2;-
Istjørndalen;SN99770;15.11.2023 06:00;-14;-
Istjørndalen;SN99770;15.11.2023 07:00;-14.4;-
Istjørndalen;SN99770;15.11.2023 08:00;-14.6;-
Istjørndalen;SN99770;15.11.2023 09:00;-13.7;-
Istjørndalen;SN99770;15.11.2023 10:00;-16.4;-
Istjørndalen;SN99770;15.11.2023 11:00;-16.7;-
Istjørndalen;SN99770;15.11.2023 12:00;-17;-
Istjørndalen;SN99770;15.11.2023 13:00;-15.1;-
Istjørndalen;SN99770;15.11.2023 14:00;-16.7;-
Istjørndalen;SN99770;15.11.2023 15:00;-16.7;-
Istjørndalen;SN99770;15.11.2023 16:00;-16.4;-
Istjørndalen;SN99770;15.11.2023 17:00;-17.7;-
Istjørndalen;SN99770;15.11.2023 18:00;-18.6;-
Istjørndalen;SN99770;15.11.2023 19:00;-17.3;-
Istjørndalen;SN99770;15.11.2023 20:00;-18.1;-
Istjørndalen;SN99770;15.11.2023 21:00;-19.4;-
Istjørndalen;SN99770;15.11.2023 22:00;-19.4;-
Istjørndalen;SN99770;15.11.2023 23:00;-19.2;-
Istjørndalen;SN99770;16.11.2023 00:00;-19.3;-
Istjørndalen;SN99770;16.11.2023 01:00;-19.8;-
Istjørndalen;SN99770;16.11.2023 02:00;-19.7;-
Istjørndalen;SN99770;16.11.2023 03:00;-19.6;-
Istjørndalen;SN99770;16.11.2023 04:00;-17.8;-
Istjørndalen;SN99770;16.11.2023 05:00;-16.7;-
Istjørndalen;SN99770;16.11.2023 06:00;-16.2;-
Istjørndalen;SN99770;16.11.2023 07:00;-15.9;-
Istjørndalen;SN99770;16.11.2023 08:00;-14.5;-
Istjørndalen;SN99770;16.11.2023 09:00;-14.4;-
Istjørndalen;SN99770;16.11.2023 10:00;-14.6;-
Istjørndalen;SN99770;16.11.2023 11:00;-13.8;-
Istjørndalen;SN99770;16.11.2023 12:00;-13.8;-
Istjørndalen;SN99770;16.11.2023 13:00;-14.1;-
Istjørndalen;SN99770;16.11.2023 14:00;-13.8;-
Istjørndalen;SN99770;16.11.2023 15:00;-13.4;-
Istjørndalen;SN99770;16.11.2023 16:00;-14.7;-
Istjørndalen;SN99770;16.11.2023 17:00;-13.7;-
Istjørndalen;SN99770;16.11.2023 18:00;-16.6;-
Istjørndalen;SN99770;16.11.2023 19:00;-15.5;-
Istjørndalen;SN99770;16.11.2023 20:00;-15.2;-
Istjørndalen;SN99770;16.11.2023 21:00;-14.1;-
Istjørndalen;SN99770;16.11.2023 22:00;-11.9;-
Istjørndalen;SN99770;16.11.2023 23:00;-12.1;-
Istjørndalen;SN99770;17.11.2023 00:00;-11.8;-
Istjørndalen;SN99770;17.11.2023 01:00;-11.4;-
Istjørndalen;SN99770;17.11.2023 02:00;-11.9;-
Istjørndalen;SN99770;17.11.2023 03:00;-13.2;-
Istjørndalen;SN99770;17.11.2023 04:00;-12.6;-
Istjørndalen;SN99770;17.11.2023 05:00;-13.1;-
Istjørndalen;SN99770;17.11.2023 06:00;-13.9;-
Istjørndalen;SN99770;17.11.2023 07:00;-14;-
Istjørndalen;SN99770;17.11.2023 08:00;-13.3;-
Istjørndalen;SN99770;17.11.2023 09:00;-13.5;-
Istjørndalen;SN99770;17.11.2023 10:00;-13.1;-
Istjørndalen;SN99770;17.11.2023 11:00;-13.3;-
Istjørndalen;SN99770;17.11.2023 12:00;-12.7;-
Istjørndalen;SN99770;17.11.2023 13:00;-11.8;-
Istjørndalen;SN99770;17.11.2023 14:00;-12.1;-
Istjørndalen;SN99770;17.11.2023 15:00;-12;-
Istjørndalen;SN99770;17.11.2023 16:00;-11.6;-
Istjørndalen;SN99770;17.11.2023 17:00;-11.6;-
Istjørndalen;SN99770;17.11.2023 18:00;-12.1;-
Istjørndalen;SN99770;17.11.2023 19:00;-12.3;-
Istjørndalen;SN99770;17.11.2023 20:00;-12.1;-
Istjørndalen;SN99770;17.11.2023 21:00;-12.3;-
Istjørndalen;SN99770;17.11.2023 22:00;-12.1;-
Istjørndalen;SN99770;17.11.2023 23:00;-12;-
Istjørndalen;SN99770;18.11.2023 00:00;-11.9;-
Istjørndalen;SN99770;18.11.2023 01:00;-12;-
Istjørndalen;SN99770;18.11.2023 02:00;-11.8;-
Istjørndalen;SN99770;18.11.2023 03:00;-12;-
Istjørndalen;SN99770;18.11.2023 04:00;-12.3;-
Istjørndalen;SN99770;18.11.2023 05:00;-13;-
Istjørndalen;SN99770;18.11.2023 06:00;-12.5;-
Istjørndalen;SN99770;18.11.2023 07:00;-12.7;-
Istjørndalen;SN99770;18.11.2023 08:00;-12.7;-
Istjørndalen;SN99770;18.11.2023 09:00;-14.2;-
Istjørndalen;SN99770;18.11.2023 10:00;-13.7;-
Istjørndalen;SN99770;18.11.2023 11:00;-13.7;-
Istjørndalen;SN99770;18.11.2023 12:00;-15.3;-
Istjørndalen;SN99770;18.11.2023 13:00;-15.2;-
Istjørndalen;SN99770;18.11.2023 14:00;-15.8;-
Istjørndalen;SN99770;18.11.2023 15:00;-15.5;-
Istjørndalen;SN99770;18.11.2023 16:00;-15;-
Istjørndalen;SN99770;18.11.2023 17:00;-15.1;-
Istjørndalen;SN99770;18.11.2023 18:00;-15.1;-
Istjørndalen;SN99770;18.11.2023 19:00;-15.1;-
Istjørndalen;SN99770;18.11.2023 20:00;-14.7;-
Istjørndalen;SN99770;18.11.2023 21:00;-14.6;-
Istjørndalen;SN99770;18.11.2023 22:00;-14.4;-
Istjørndalen;SN99770;18.11.2023 23:00;-14.2;-
Istjørndalen;SN99770;19.11.2023 00:00;-14.8;-
Istjørndalen;SN99770;19.11.2023 01:00;-14.3;-
Istjørndalen;SN99770;19.11.2023 02:00;-14.4;-
Istjørndalen;SN99770;19.11.2023 03:00;-14.2;-
Istjørndalen;SN99770;19.11.2023 04:00;-14.2;-
Istjørndalen;SN99770;19.11.2023 05:00;-14.3;-
Istjørndalen;SN99770;19.11.2023 06:00;-14.2;-
Istjørndalen;SN99770;19.11.2023 07:00;-14.3;-
Istjørndalen;SN99770;19.11.2023 08:00;-14.2;-
Istjørndalen;SN99770;19.11.2023 09:00;-14;-
Istjørndalen;SN99770;19.11.2023 10:00;-14;-
Istjørndalen;SN99770;19.11.2023 11:00;-14;-
Istjørndalen;SN99770;19.11.2023 12:00;-14.2;-
Istjørndalen;SN99770;19.11.2023 13:00;-14.2;-
Istjørndalen;SN99770;19.11.2023 14:00;-13.7;-
Istjørndalen;SN99770;19.11.2023 15:00;-13.7;-
Istjørndalen;SN99770;19.11.2023 16:00;-13.7;-
Istjørndalen;SN99770;19.11.2023 17:00;-12.8;-
Istjørndalen;SN99770;19.11.2023 18:00;-12.2;-
Istjørndalen;SN99770;19.11.2023 19:00;-12;-
Istjørndalen;SN99770;19.11.2023 20:00;-12.2;-
Istjørndalen;SN99770;19.11.2023 21:00;-12.1;-
Istjørndalen;SN99770;19.11.2023 22:00;-10.7;-
Istjørndalen;SN99770;19.11.2023 23:00;-10.2;-
Istjørndalen;SN99770;20.11.2023 00:00;-9;-
Istjørndalen;SN99770;20.11.2023 01:00;-9;-
Istjørndalen;SN99770;20.11.2023 02:00;-8.2;-
Istjørndalen;SN99770;20.11.2023 03:00;-7.6;-
Istjørndalen;SN99770;20.11.2023 04:00;-7.4;-
Istjørndalen;SN99770;20.11.2023 05:00;-6.9;-
Istjørndalen;SN99770;20.11.2023 06:00;-6.6;-
Istjørndalen;SN99770;20.11.2023 07:00;-5.6;-
Istjørndalen;SN99770;20.11.2023 08:00;-5.2;-
Istjørndalen;SN99770;20.11.2023 09:00;-5;-
Istjørndalen;SN99770;20.11.2023 10:00;-4.8;-
Istjørndalen;SN99770;20.11.2023 11:00;-4.3;-
Istjørndalen;SN99770;20.11.2023 12:00;-4;-
Istjørndalen;SN99770;20.11.2023 13:00;-3.5;-
Istjørndalen;SN99770;20.11.2023 14:00;-2.2;-
Istjørndalen;SN99770;20.11.2023 15:00;-2.5;-
Istjørndalen;SN99770;20.11.2023 16:00;-2.8;-
Istjørndalen;SN99770;20.11.2023 17:00;-3.2;-
Istjørndalen;SN99770;20.11.2023 18:00;-3.8;-
Istjørndalen;SN99770;20.11.2023 19:00;-2.1;-
Istjørndalen;SN99770;20.11.2023 20:00;-2.4;-
Istjørndalen;SN99770;20.11.2023 21:00;-2.5;-
Istjørndalen;SN99770;20.11.2023 22:00;-2.4;-
Istjørndalen;SN99770;20.11.2023 23:00;-3;-
Istjørndalen;SN99770;21.11.2023 00:00;-3;-
Istjørndalen;SN99770;21.11.2023 01:00;-2.8;-
Istjørndalen;SN99770;21.11.2023 02:00;-2;-
Istjørndalen;SN99770;21.11.2023 03:00;-1.4;-
Istjørndalen;SN99770;21.11.2023 04:00;-0.4;-
Istjørndalen;SN99770;21.11.2023 05:00;-0.4;-
Istjørndalen;SN99770;21.11.2023 06:00;-0.9;-
Istjørndalen;SN99770;21.11.2023 07:00;-0.5;-
Istjørndalen;SN99770;21.11.2023 08:00;0;-
Istjørndalen;SN99770;21.11.2023 09:00;-0.2;-
Istjørndalen;SN99770;21.11.2023 10:00;-0.3;-
Istjørndalen;SN99770;21.11.2023 11:00;0.4;-
Istjørndalen;SN99770;21.11.2023 12:00;-0.3;-
Istjørndalen;SN99770;21.11.2023 13:00;-0.6;-
Istjørndalen;SN99770;21.11.2023 14:00;-0.9;-
Istjørndalen;SN99770;21.11.2023 15:00;-1.2;-
Istjørndalen;SN99770;21.11.2023 16:00;-0.9;-
Istjørndalen;SN99770;21.11.2023 17:00;-0.5;-
Istjørndalen;SN99770;21.11.2023 18:00;-1.5;-
Istjørndalen;SN99770;21.11.2023 19:00;-0.8;-
Istjørndalen;SN99770;21.11.2023 20:00;-1.4;-
Istjørndalen;SN99770;21.11.2023 21:00;-1.3;-
Istjørndalen;SN99770;21.11.2023 22:00;-1;-
Istjørndalen;SN99770;21.11.2023 23:00;0;-
Istjørndalen;SN99770;22.11.2023 00:00;1;-
Istjørndalen;SN99770;22.11.2023 01:00;1;-
Istjørndalen;SN99770;22.11.2023 02:00;1;-
Istjørndalen;SN99770;22.11.2023 03:00;1;-
Istjørndalen;SN99770;22.11.2023 04:00;1.6;-
Istjørndalen;SN99770;22.11.2023 05:00;2;-
Istjørndalen;SN99770;22.11.2023 06:00;2;-
Istjørndalen;SN99770;22.11.2023 07:00;2;-
Istjørndalen;SN99770;22.11.2023 08:00;1.5;-
Istjørndalen;SN99770;22.11.2023 09:00;1.2;-
Istjørndalen;SN99770;22.11.2023 10:00;1.1;-
Istjørndalen;SN99770;22.11.2023 11:00;0.9;-
Istjørndalen;SN99770;22.11.2023 12:00;0.8;-
Istjørndalen;SN99770;22.11.2023 13:00;0.7;-
Istjørndalen;SN99770;22.11.2023 14:00;0.6;-
Istjørndalen;SN99770;22.11.2023 15:00;0.6;-
Istjørndalen;SN99770;22.11.2023 16:00;0.2;-
Istjørndalen;SN99770;22.11.2023 17:00;0.1;-
Istjørndalen;SN99770;22.11.2023 18:00;0;-
Istjørndalen;SN99770;22.11.2023 19:00;-0.4;-
Istjørndalen;SN99770;22.11.2023 20:00;-0.2;-
Istjørndalen;SN99770;22.11.2023 21:00;-0.4;-
Istjørndalen;SN99770;22.11.2023 22:00;-0.1;-
Istjørndalen;SN99770;22.11.2023 23:00;-0.4;-
Istjørndalen;SN99770;23.11.2023 00:00;-0.7;-
Istjørndalen;SN99770;23.11.2023 01:00;-0.8;-
Istjørndalen;SN99770;23.11.2023 02:00;-1.5;-
Istjørndalen;SN99770;23.11.2023 03:00;-1.3;-
Istjørndalen;SN99770;23.11.2023 04:00;-0.9;-
Istjørndalen;SN99770;23.11.2023 05:00;-1.5;-
Istjørndalen;SN99770;23.11.2023 06:00;-1.9;-
Istjørndalen;SN99770;23.11.2023 07:00;-2.2;-
Istjørndalen;SN99770;23.11.2023 08:00;-2.1;-
Istjørndalen;SN99770;23.11.2023 09:00;-2.7;-
Istjørndalen;SN99770;23.11.2023 10:00;-2.8;-
Istjørndalen;SN99770;23.11.2023 11:00;-2.5;-
Istjørndalen;SN99770;23.11.2023 12:00;-2.9;-
Istjørndalen;SN99770;23.11.2023 13:00;-2.8;-
Istjørndalen;SN99770;23.11.2023 14:00;-2.8;-
Istjørndalen;SN99770;23.11.2023 15:00;-2.8;-
Istjørndalen;SN99770;23.11.2023 16:00;-2.7;-
Istjørndalen;SN99770;23.11.2023 17:00;-3.2;-
Istjørndalen;SN99770;23.11.2023 18:00;-2.6;-
Istjørndalen;SN99770;23.11.2023 19:00;-2.6;-
Istjørndalen;SN99770;23.11.2023 20:00;-2.2;-
Istjørndalen;SN99770;23.11.2023 21:00;-3.2;-
Istjørndalen;SN99770;23.11.2023 22:00;-4.4;-
Istjørndalen;SN99770;23.11.2023 23:00;-4.8;-
Istjørndalen;SN99770;24.11.2023 00:00;-5.7;-
Istjørndalen;SN99770;24.11.2023 01:00;-5.1;-
Istjørndalen;SN99770;24.11.2023 02:00;-6.3;-
Istjørndalen;SN99770;24.11.2023 03:00;-6.2;-
Istjørndalen;SN99770;24.11.2023 04:00;-7.1;-
Istjørndalen;SN99770;24.11.2023 05:00;-8.2;-
Istjørndalen;SN99770;24.11.2023 06:00;-7.6;-
Istjørndalen;SN99770;24.11.2023 07:00;-6.4;-
Istjørndalen;SN99770;24.11.2023 08:00;-7;-
Istjørndalen;SN99770;24.11.2023 09:00;-6;-
Istjørndalen;SN99770;24.11.2023 10:00;-5.9;-
Istjørndalen;SN99770;24.11.2023 11:00;-5.7;-
Istjørndalen;SN99770;24.11.2023 12:00;-5.8;-
Istjørndalen;SN99770;24.11.2023 13:00;-5.7;-
Istjørndalen;SN99770;24.11.2023 14:00;-5.8;-
Istjørndalen;SN99770;24.11.2023 15:00;-5.5;-
Istjørndalen;SN99770;24.11.2023 16:00;-5.4;-
Istjørndalen;SN99770;24.11.2023 17:00;-5.1;-
Istjørndalen;SN99770;24.11.2023 18:00;-5.1;-
Istjørndalen;SN99770;24.11.2023 19:00;-5.4;-
Istjørndalen;SN99770;24.11.2023 20:00;-5.3;-
Istjørndalen;SN99770;24.11.2023 21:00;-5.6;-
Istjørndalen;SN99770;24.11.2023 22:00;-5.9;-
Istjørndalen;SN99770;24.11.2023 23:00;-6.1;-
Istjørndalen;SN99770;25.11.2023 00:00;-6.2;-
Istjørndalen;SN99770;25.11.2023 01:00;-6.4;-
Istjørndalen;SN99770;25.11.2023 02:00;-6.4;-
Istjørndalen;SN99770;25.11.2023 03:00;-6.6;-
Istjørndalen;SN99770;25.11.2023 04:00;-6.9;-
Istjørndalen;SN99770;25.11.2023 05:00;-7;-
Istjørndalen;SN99770;25.11.2023 06:00;-7.3;-
Istjørndalen;SN99770;25.11.2023 07:00;-7.2;-
Istjørndalen;SN99770;25.11.2023 08:00;-7.2;-
Istjørndalen;SN99770;25.11.2023 09:00;-7.2;-
Istjørndalen;SN99770;25.11.2023 10:00;-7.2;-
Istjørndalen;SN99770;25.11.2023 11:00;-7.1;-
Istjørndalen;SN99770;25.11.2023 12:00;-7.6;-
Istjørndalen;SN99770;25.11.2023 13:00;-6.9;-
Istjørndalen;SN99770;25.11.2023 14:00;-6.7;-
Istjørndalen;SN99770;25.11.2023 15:00;-7;-
Istjørndalen;SN99770;25.11.2023 16:00;-7.2;-
Istjørndalen;SN99770;25.11.2023 17:00;-7.2;-
Istjørndalen;SN99770;25.11.2023 18:00;-7.1;-
Istjørndalen;SN99770;25.11.2023 19:00;-7.2;-
Istjørndalen;SN99770;25.11.2023 20:00;-6.8;-
Istjørndalen;SN99770;25.11.2023 21:00;-7.2;-
Istjørndalen;SN99770;25.11.2023 22:00;-6.6;-
Istjørndalen;SN99770;25.11.2023 23:00;-6.1;-
Istjørndalen;SN99770;26.11.2023 00:00;-6;-
Istjørndalen;SN99770;26.11.2023 01:00;-6;-
Istjørndalen;SN99770;26.11.2023 02:00;-5.4;-
Istjørndalen;SN99770;26.11.2023 03:00;-6.1;-
Istjørndalen;SN99770;26.11.2023 04:00;-5.8;-
Istjørndalen;SN99770;26.11.2023 05:00;-6.3;-
Istjørndalen;SN99770;26.11.2023 06:00;-6.9;-
Istjørndalen;SN99770;26.11.2023 07:00;-5.6;-
Istjørndalen;SN99770;26.11.2023 08:00;-5.4;-
Istjørndalen;SN99770;26.11.2023 09:00;-5.3;-
Istjørndalen;SN99770;26.11.2023 10:00;-5.2;-
Istjørndalen;SN99770;26.11.2023 11:00;-6.1;-
Istjørndalen;SN99770;26.11.2023 12:00;-5;-
Istjørndalen;SN99770;26.11.2023 13:00;-4.8;-
Istjørndalen;SN99770;26.11.2023 14:00;-4.5;-
Istjørndalen;SN99770;26.11.2023 15:00;-3.8;-
Istjørndalen;SN99770;26.11.2023 16:00;-2.9;-
Istjørndalen;SN99770;26.11.2023 17:00;-2.3;-
Istjørndalen;SN99770;26.11.2023 18:00;-2.3;-
Istjørndalen;SN99770;26.11.2023 19:00;-2.1;-
Istjørndalen;SN99770;26.11.2023 20:00;-2.4;-
Istjørndalen;SN99770;26.11.2023 21:00;-2.4;-
Istjørndalen;SN99770;26.11.2023 22:00;-2;-
Istjørndalen;SN99770;26.11.2023 23:00;-0.6;-
Istjørndalen;SN99770;27.11.2023 00:00;0;-
Istjørndalen;SN99770;27.11.2023 01:00;-0.2;-
Istjørndalen;SN99770;27.11.2023 02:00;0.3;-
Istjørndalen;SN99770;27.11.2023 03:00;0.8;-
Istjørndalen;SN99770;27.11.2023 04:00;1.2;-
Istjørndalen;SN99770;27.11.2023 05:00;1.1;-
Istjørndalen;SN99770;27.11.2023 06:00;1;-
Istjørndalen;SN99770;27.11.2023 07:00;1;-
Istjørndalen;SN99770;27.11.2023 08:00;1;-
Istjørndalen;SN99770;27.11.2023 09:00;1.4;-
Istjørndalen;SN99770;27.11.2023 10:00;1.5;-
Istjørndalen;SN99770;27.11.2023 11:00;1.4;-
Istjørndalen;SN99770;27.11.2023 12:00;1.6;-
Istjørndalen;SN99770;27.11.2023 13:00;1.5;-
Istjørndalen;SN99770;27.11.2023 14:00;2;-
Istjørndalen;SN99770;27.11.2023 15:00;2.2;-
Istjørndalen;SN99770;27.11.2023 16:00;2.3;-
Istjørndalen;SN99770;27.11.2023 17:00;2.5;-
Istjørndalen;SN99770;27.11.2023 18:00;2.4;-
Istjørndalen;SN99770;27.11.2023 19:00;2.1;-
Istjørndalen;SN99770;27.11.2023 20:00;1.8;-
Istjørndalen;SN99770;27.11.2023 21:00;1.8;-
Istjørndalen;SN99770;27.11.2023 22:00;1.7;-
Istjørndalen;SN99770;27.11.2023 23:00;1.8;-
Istjørndalen;SN99770;28.11.2023 00:00;1.9;-
Istjørndalen;SN99770;28.11.2023 01:00;2;-
Istjørndalen;SN99770;28.11.2023 02:00;2.2;-
Istjørndalen;SN99770;28.11.2023 03:00;2.1;-
Istjørndalen;SN99770;28.11.2023 04:00;2;-
Istjørndalen;SN99770;28.11.2023 05:00;2.2;-
Istjørndalen;SN99770;28.11.2023 06:00;2;-
Istjørndalen;SN99770;28.11.2023 07:00;2.2;-
Istjørndalen;SN99770;28.11.2023 08:00;2;-
Istjørndalen;SN99770;28.11.2023 09:00;1.8;-
Istjørndalen;SN99770;28.11.2023 10:00;1.8;-
Istjørndalen;SN99770;28.11.2023 11:00;1.9;-
Istjørndalen;SN99770;28.11.2023 12:00;1.7;-
Istjørndalen;SN99770;28.11.2023 13:00;1.7;-
Istjørndalen;SN99770;28.11.2023 14:00;1.5;-
Istjørndalen;SN99770;28.11.2023 15:00;1.4;-
Istjørndalen;SN99770;28.11.2023 16:00;1.5;-
Istjørndalen;SN99770;28.11.2023 17:00;1.1;-
Istjørndalen;SN99770;28.11.2023 18:00;1;-
Istjørndalen;SN99770;28.11.2023 19:00;0.6;-
Istjørndalen;SN99770;28.11.2023 20:00;0.2;-
Istjørndalen;SN99770;28.11.2023 21:00;0.4;-
Istjørndalen;SN99770;28.11.2023 22:00;0.7;-
Istjørndalen;SN99770;28.11.2023 23:00;0.4;-
Istjørndalen;SN99770;29.11.2023 00:00;0;-
Istjørndalen;SN99770;29.11.2023 01:00;-0.3;-
Istjørndalen;SN99770;29.11.2023 02:00;-0.2;-
Istjørndalen;SN99770;29.11.2023 03:00;-0.6;-
Istjørndalen;SN99770;29.11.2023 04:00;-0.5;-
Istjørndalen;SN99770;29.11.2023 05:00;-1;-
Istjørndalen;SN99770;29.11.2023 06:00;-1.7;-
Istjørndalen;SN99770;29.11.2023 07:00;-2;-
Istjørndalen;SN99770;29.11.2023 08:00;-1.8;-
Istjørndalen;SN99770;29.11.2023 09:00;-1.1;-
Istjørndalen;SN99770;29.11.2023 10:00;-1.1;-
Istjørndalen;SN99770;29.11.2023 11:00;-1.1;-
Istjørndalen;SN99770;29.11.2023 12:00;-1.3;-
Istjørndalen;SN99770;29.11.2023 13:00;-1.1;-
Istjørndalen;SN99770;29.11.2023 14:00;-1.1;-
Istjørndalen;SN99770;29.11.2023 15:00;-1;-
Istjørndalen;SN99770;29.11.2023 16:00;-1.3;-
Istjørndalen;SN99770;29.11.2023 17:00;-1.1;-
Istjørndalen;SN99770;29.11.2023 18:00;-0.6;-
Istjørndalen;SN99770;29.11.2023 19:00;-1;-
Istjørndalen;SN99770;29.11.2023 20:00;-1.5;-
Istjørndalen;SN99770;29.11.2023 21:00;-2;-
Istjørndalen;SN99770;29.11.2023 22:00;-2.5;-
Istjørndalen;SN99770;29.11.2023 23:00;-2.8;-
Istjørndalen;SN99770;30.11.2023 00:00;-2.5;-
Istjørndalen;SN99770;30.11.2023 01:00;-3.1;-
Istjørndalen;SN99770;30.11.2023 02:00;-3.5;-
Istjørndalen;SN99770;30.11.2023 03:00;-3.6;-
Istjørndalen;SN99770;30.11.2023 04:00;-4.1;-
Istjørndalen;SN99770;30.11.2023 05:00;-4.5;-
Istjørndalen;SN99770;30.11.2023 06:00;-4.6;-
Istjørndalen;SN99770;30.11.2023 07:00;-4.7;-
Istjørndalen;SN99770;30.11.2023 08:00;-4.8;-
Istjørndalen;SN99770;30.11.2023 09:00;-5.1;-
Istjørndalen;SN99770;30.11.2023 10:00;-5.2;-
Istjørndalen;SN99770;30.11.2023 11:00;-5.6;-
Istjørndalen;SN99770;30.11.2023 12:00;-5.7;-
Istjørndalen;SN99770;30.11.2023 13:00;-5.8;-
Istjørndalen;SN99770;30.11.2023 14:00;-6;-
Istjørndalen;SN99770;30.11.2023 15:00;-6.8;-
Istjørndalen;SN99770;30.11.2023 16:00;-6.4;-
Istjørndalen;SN99770;30.11.2023 17:00;-6.5;-
Istjørndalen;SN99770;30.11.2023 18:00;-6.6;-
Istjørndalen;SN99770;30.11.2023 19:00;-6.9;-
Istjørndalen;SN99770;30.11.2023 20:00;-6.9;-
Istjørndalen;SN99770;30.11.2023 21:00;-7.1;-
Istjørndalen;SN99770;30.11.2023 22:00;-7.6;-
Istjørndalen;SN99770;30.11.2023 23:00;-7.6;-
Istjørndalen;SN99770;01.12.2023 00:00;-7.8;-
Istjørndalen;SN99770;01.12.2023 01:00;-8;-
Istjørndalen;SN99770;01.12.2023 02:00;-8.2;-
Istjørndalen;SN99770;01.12.2023 03:00;-8.7;-
Istjørndalen;SN99770;01.12.2023 04:00;-9;-
Istjørndalen;SN99770;01.12.2023 05:00;-10.4;-
Istjørndalen;SN99770;01.12.2023 06:00;-12.1;-
Istjørndalen;SN99770;01.12.2023 07:00;-13.8;-
Istjørndalen;SN99770;01.12.2023 08:00;-14.2;-
Istjørndalen;SN99770;01.12.2023 09:00;-14.3;-
Istjørndalen;SN99770;01.12.2023 10:00;-14.2;-
Istjørndalen;SN99770;01.12.2023 11:00;-14.2;-
Istjørndalen;SN99770;01.12.2023 12:00;-14.6;-
Istjørndalen;SN99770;01.12.2023 13:00;-15.9;-
Istjørndalen;SN99770;01.12.2023 14:00;-14.7;-
Istjørndalen;SN99770;01.12.2023 15:00;-15.2;-
Istjørndalen;SN99770;01.12.2023 16:00;-15.1;-
Istjørndalen;SN99770;01.12.2023 17:00;-14.4;-
Istjørndalen;SN99770;01.12.2023 18:00;-14;-
Istjørndalen;SN99770;01.12.2023 19:00;-14.5;-
Istjørndalen;SN99770;01.12.2023 20:00;-13.2;-
Istjørndalen;SN99770;01.12.2023 21:00;-13.3;-
Istjørndalen;SN99770;01.12.2023 22:00;-12.2;-
Istjørndalen;SN99770;01.12.2023 23:00;-10.4;-
Istjørndalen;SN99770;02.12.2023 00:00;-10.2;-
Istjørndalen;SN99770;02.12.2023 01:00;-9.4;-
Istjørndalen;SN99770;02.12.2023 02:00;-9.8;-
Istjørndalen;SN99770;02.12.2023 03:00;-9.4;-
Istjørndalen;SN99770;02.12.2023 04:00;-9.6;-
Istjørndalen;SN99770;02.12.2023 05:00;-7.9;-
Istjørndalen;SN99770;02.12.2023 06:00;-8;-
Istjørndalen;SN99770;02.12.2023 07:00;-8.5;-
Istjørndalen;SN99770;02.12.2023 08:00;-7.5;-
Istjørndalen;SN99770;02.12.2023 09:00;-7.5;-
Istjørndalen;SN99770;02.12.2023 10:00;-9.9;-
Istjørndalen;SN99770;02.12.2023 11:00;-11.1;-
Istjørndalen;SN99770;02.12.2023 12:00;-11.5;-
Istjørndalen;SN99770;02.12.2023 13:00;-12.2;-
Istjørndalen;SN99770;02.12.2023 14:00;-12.2;-
Istjørndalen;SN99770;02.12.2023 15:00;-11.8;-
Istjørndalen;SN99770;02.12.2023 16:00;-11;-
Istjørndalen;SN99770;02.12.2023 17:00;-10.4;-
Istjørndalen;SN99770;02.12.2023 18:00;-9.7;-
Istjørndalen;SN99770;02.12.2023 19:00;-10.8;-
Istjørndalen;SN99770;02.12.2023 20:00;-9.9;-
Istjørndalen;SN99770;02.12.2023 21:00;-8.9;-
Istjørndalen;SN99770;02.12.2023 22:00;-9;-
Istjørndalen;SN99770;02.12.2023 23:00;-11.5;-
Istjørndalen;SN99770;03.12.2023 00:00;-13;-
Istjørndalen;SN99770;03.12.2023 01:00;-10.7;-
Istjørndalen;SN99770;03.12.2023 02:00;-10.7;-
Istjørndalen;SN99770;03.12.2023 03:00;-10.6;-
Istjørndalen;SN99770;03.12.2023 04:00;-8.1;-
Istjørndalen;SN99770;03.12.2023 05:00;-7.3;-
Istjørndalen;SN99770;03.12.2023 06:00;-7.2;-
Istjørndalen;SN99770;03.12.2023 07:00;-6.8;-
Istjørndalen;SN99770;03.12.2023 08:00;-7.2;-
Istjørndalen;SN99770;03.12.2023 09:00;-6.7;-
Istjørndalen;SN99770;03.12.2023 10:00;-7.1;-
Istjørndalen;SN99770;03.12.2023 11:00;-6.9;-
Istjørndalen;SN99770;03.12.2023 12:00;-7.1;-
Istjørndalen;SN99770;03.12.2023 13:00;-8.3;-
Istjørndalen;SN99770;03.12.2023 14:00;-8.9;-
Istjørndalen;SN99770;03.12.2023 15:00;-10.7;-
Istjørndalen;SN99770;03.12.2023 16:00;-10.4;-
Istjørndalen;SN99770;03.12.2023 17:00;-11;-
Istjørndalen;SN99770;03.12.2023 18:00;-10.2;-
Istjørndalen;SN99770;03.12.2023 19:00;-10.5;-
Istjørndalen;SN99770;03.12.2023 20:00;-11.2;-
Istjørndalen;SN99770;03.12.2023 21:00;-10.2;-
Istjørndalen;SN99770;03.12.2023 22:00;-12.4;-
Istjørndalen;SN99770;03.12.2023 23:00;-13.6;-
Istjørndalen;SN99770;04.12.2023 00:00;-14.1;-
Istjørndalen;SN99770;04.12.2023 01:00;-11.4;-
Istjørndalen;SN99770;04.12.2023 02:00;-11.9;-
Istjørndalen;SN99770;04.12.2023 03:00;-11.7;-
Istjørndalen;SN99770;04.12.2023 04:00;-12.2;-
Istjørndalen;SN99770;04.12.2023 05:00;-10;-
Istjørndalen;SN99770;04.12.2023 06:00;-9.6;-
Istjørndalen;SN99770;04.12.2023 07:00;-8.5;-
Istjørndalen;SN99770;04.12.2023 08:00;-8.2;-
Istjørndalen;SN99770;04.12.2023 09:00;-8.1;-
Istjørndalen;SN99770;04.12.2023 10:00;-7.6;-
Istjørndalen;SN99770;04.12.2023 11:00;-7.8;-
Istjørndalen;SN99770;04.12.2023 12:00;-9.2;-
Istjørndalen;SN99770;04.12.2023 13:00;-6.3;-
Istjørndalen;SN99770;04.12.2023 14:00;-5.6;-
Istjørndalen;SN99770;04.12.2023 15:00;-5.6;-
Istjørndalen;SN99770;04.12.2023 16:00;-6.6;-
Istjørndalen;SN99770;04.12.2023 17:00;-5.6;-
Istjørndalen;SN99770;04.12.2023 18:00;-4.3;-
Istjørndalen;SN99770;04.12.2023 19:00;-4;-
Istjørndalen;SN99770;04.12.2023 20:00;-4.3;-
Istjørndalen;SN99770;04.12.2023 21:00;-4;-
Istjørndalen;SN99770;04.12.2023 22:00;-3.8;-
Istjørndalen;SN99770;04.12.2023 23:00;-4;-
Istjørndalen;SN99770;05.12.2023 00:00;-3.5;-
Istjørndalen;SN99770;05.12.2023 01:00;-3.7;-
Istjørndalen;SN99770;05.12.2023 02:00;-3.6;-
Istjørndalen;SN99770;05.12.2023 03:00;-3.4;-
Istjørndalen;SN99770;05.12.2023 04:00;-3.9;-
Istjørndalen;SN99770;05.12.2023 05:00;-4.2;-
Istjørndalen;SN99770;05.12.2023 06:00;-4.2;-
Istjørndalen;SN99770;05.12.2023 07:00;-4.6;-
Istjørndalen;SN99770;05.12.2023 08:00;-5;-
Istjørndalen;SN99770;05.12.2023 09:00;-5.1;-
Istjørndalen;SN99770;05.12.2023 10:00;-4.9;-
Istjørndalen;SN99770;05.12.2023 11:00;-5.2;-
Istjørndalen;SN99770;05.12.2023 12:00;-5.1;-
Istjørndalen;SN99770;05.12.2023 13:00;-5.4;-
Istjørndalen;SN99770;05.12.2023 14:00;-5.6;-
Istjørndalen;SN99770;05.12.2023 15:00;-5.4;-
Istjørndalen;SN99770;05.12.2023 16:00;-5.7;-
Istjørndalen;SN99770;05.12.2023 17:00;-5.4;-
Istjørndalen;SN99770;05.12.2023 18:00;-5.7;-
Istjørndalen;SN99770;05.12.2023 19:00;-5.9;-
Istjørndalen;SN99770;05.12.2023 20:00;-5.7;-
Istjørndalen;SN99770;05.12.2023 21:00;-5.9;-
Istjørndalen;SN99770;05.12.2023 22:00;-6.2;-
Istjørndalen;SN99770;05.12.2023 23:00;-6.6;-
Istjørndalen;SN99770;06.12.2023 00:00;-5.9;-
Istjørndalen;SN99770;06.12.2023 01:00;-7;-
Istjørndalen;SN99770;06.12.2023 02:00;-5.9;-
Istjørndalen;SN99770;06.12.2023 03:00;-6.6;-
Istjørndalen;SN99770;06.12.2023 04:00;-5.4;-
Istjørndalen;SN99770;06.12.2023 05:00;-5.6;-
Istjørndalen;SN99770;06.12.2023 06:00;-5.8;-
Istjørndalen;SN99770;06.12.2023 07:00;-6;-
Istjørndalen;SN99770;06.12.2023 08:00;-5.9;-
Istjørndalen;SN99770;06.12.2023 09:00;-5.6;-
Istjørndalen;SN99770;06.12.2023 10:00;-5.8;-
Istjørndalen;SN99770;06.12.2023 11:00;-5.3;-
Istjørndalen;SN99770;06.12.2023 12:00;-5.5;-
Istjørndalen;SN99770;06.12.2023 13:00;-6.1;-
Istjørndalen;SN99770;06.12.2023 14:00;-5.3;-
Istjørndalen;SN99770;06.12.2023 15:00;-5;-
Istjørndalen;SN99770;06.12.2023 16:00;-5;-
Istjørndalen;SN99770;06.12.2023 17:00;-4.7;-
Istjørndalen;SN99770;06.12.2023 18:00;-4.6;-
Istjørndalen;SN99770;06.12.2023 19:00;-5.1;-
Istjørndalen;SN99770;06.12.2023 20:00;-5;-
Istjørndalen;SN99770;06.12.2023 21:00;-5.2;-
Istjørndalen;SN99770;06.12.2023 22:00;-5.3;-
Istjørndalen;SN99770;06.12.2023 23:00;-5.2;-
Istjørndalen;SN99770;07.12.2023 00:00;-5.2;-
Istjørndalen;SN99770;07.12.2023 01:00;-4.8;-
Istjørndalen;SN99770;07.12.2023 02:00;-5.1;-
Istjørndalen;SN99770;07.12.2023 03:00;-5.4;-
Istjørndalen;SN99770;07.12.2023 04:00;-5.5;-
Istjørndalen;SN99770;07.12.2023 05:00;-5.7;-
Istjørndalen;SN99770;07.12.2023 06:00;-5.5;-
Istjørndalen;SN99770;07.12.2023 07:00;-5.9;-
Istjørndalen;SN99770;07.12.2023 08:00;-5.6;-
Istjørndalen;SN99770;07.12.2023 09:00;-5.5;-
Istjørndalen;SN99770;07.12.2023 10:00;-5.6;-
Istjørndalen;SN99770;07.12.2023 11:00;-5.1;-
Istjørndalen;SN99770;07.12.2023 12:00;-4.7;-
Istjørndalen;SN99770;07.12.2023 13:00;-3.9;-
Istjørndalen;SN99770;07.12.2023 14:00;-3.8;-
Istjørndalen;SN99770;07.12.2023 15:00;-4.1;-
Istjørndalen;SN99770;07.12.2023 16:00;-3.7;-
Istjørndalen;SN99770;07.12.2023 17:00;-3.9;-
Istjørndalen;SN99770;07.12.2023 18:00;-4.3;-
Istjørndalen;SN99770;07.12.2023 19:00;-3.7;-
Istjørndalen;SN99770;07.12.2023 20:00;-3.6;-
Istjørndalen;SN99770;07.12.2023 21:00;-3;-
Istjørndalen;SN99770;07.12.2023 22:00;-3.2;-
Istjørndalen;SN99770;07.12.2023 23:00;-2.6;-
Istjørndalen;SN99770;08.12.2023 00:00;-2.6;-
Istjørndalen;SN99770;08.12.2023 01:00;-2.3;-
Istjørndalen;SN99770;08.12.2023 02:00;-2.1;-
Istjørndalen;SN99770;08.12.2023 03:00;-1.9;-
Istjørndalen;SN99770;08.12.2023 04:00;-1.7;-
Istjørndalen;SN99770;08.12.2023 05:00;-1.3;-
Istjørndalen;SN99770;08.12.2023 06:00;-1.5;-
Istjørndalen;SN99770;08.12.2023 07:00;-1.3;-
Istjørndalen;SN99770;08.12.2023 08:00;-0.9;-
Istjørndalen;SN99770;08.12.2023 09:00;-0.6;-
Istjørndalen;SN99770;08.12.2023 10:00;-1.5;-
Istjørndalen;SN99770;08.12.2023 11:00;-1.1;-
Istjørndalen;SN99770;08.12.2023 12:00;-1.4;-
Istjørndalen;SN99770;08.12.2023 13:00;-1.3;-
Istjørndalen;SN99770;08.12.2023 14:00;-2.8;-
Istjørndalen;SN99770;08.12.2023 15:00;-0.8;-
Istjørndalen;SN99770;08.12.2023 16:00;-2.4;-
Istjørndalen;SN99770;08.12.2023 17:00;-0.8;-
Istjørndalen;SN99770;08.12.2023 18:00;-2.2;-
Istjørndalen;SN99770;08.12.2023 19:00;-1.2;-
Istjørndalen;SN99770;08.12.2023 20:00;-1.5;-
Istjørndalen;SN99770;08.12.2023 21:00;-1.8;-
Istjørndalen;SN99770;08.12.2023 22:00;-1.4;-
Istjørndalen;SN99770;08.12.2023 23:00;-1.9;-
Istjørndalen;SN99770;09.12.2023 00:00;-2.8;-
Istjørndalen;SN99770;09.12.2023 01:00;-3.3;-
Istjørndalen;SN99770;09.12.2023 02:00;-3.9;-
Istjørndalen;SN99770;09.12.2023 03:00;-2.9;-
Istjørndalen;SN99770;09.12.2023 04:00;-2.7;-
Istjørndalen;SN99770;09.12.2023 05:00;-3;-
Istjørndalen;SN99770;09.12.2023 06:00;-3.4;-
Istjørndalen;SN99770;09.12.2023 07:00;-3.3;-
Istjørndalen;SN99770;09.12.2023 08:00;-3.4;-
Istjørndalen;SN99770;09.12.2023 09:00;-3.3;-
Istjørndalen;SN99770;09.12.2023 10:00;-3.3;-
Istjørndalen;SN99770;09.12.2023 11:00;-3.5;-
Istjørndalen;SN99770;09.12.2023 12:00;-3.6;-
Istjørndalen;SN99770;09.12.2023 13:00;-3.9;-
Istjørndalen;SN99770;09.12.2023 14:00;-4.4;-
Istjørndalen;SN99770;09.12.2023 15:00;-4.9;-
Istjørndalen;SN99770;09.12.2023 16:00;-4.8;-
Istjørndalen;SN99770;09.12.2023 17:00;-5.2;-
Istjørndalen;SN99770;09.12.2023 18:00;-5.8;-
Istjørndalen;SN99770;09.12.2023 19:00;-5.7;-
Istjørndalen;SN99770;09.12.2023 20:00;-6;-
Istjørndalen;SN99770;09.12.2023 21:00;-6.4;-
Istjørndalen;SN99770;09.12.2023 22:00;-6.8;-
Istjørndalen;SN99770;09.12.2023 23:00;-6.5;-
Istjørndalen;SN99770;10.12.2023 00:00;-7.1;-
Istjørndalen;SN99770;10.12.2023 01:00;-7.3;-
Istjørndalen;SN99770;10.12.2023 02:00;-9.8;-
Istjørndalen;SN99770;10.12.2023 03:00;-9.5;-
Istjørndalen;SN99770;10.12.2023 04:00;-9.1;-
Istjørndalen;SN99770;10.12.2023 05:00;-9.2;-
Istjørndalen;SN99770;10.12.2023 06:00;-8.1;-
Istjørndalen;SN99770;10.12.2023 07:00;-8.7;-
Istjørndalen;SN99770;10.12.2023 08:00;-8.7;-
Istjørndalen;SN99770;10.12.2023 09:00;-8.4;-
Istjørndalen;SN99770;10.12.2023 10:00;-7.7;-
Istjørndalen;SN99770;10.12.2023 11:00;-6.2;-
Istjørndalen;SN99770;10.12.2023 12:00;-7;-
Istjørndalen;SN99770;10.12.2023 13:00;-6.7;-
Istjørndalen;SN99770;10.12.2023 14:00;-6.4;-
Istjørndalen;SN99770;10.12.2023 15:00;-6.2;-
Istjørndalen;SN99770;10.12.2023 16:00;-5.9;-
Istjørndalen;SN99770;10.12.2023 17:00;-3;-
Istjørndalen;SN99770;10.12.2023 18:00;-1.1;-
Istjørndalen;SN99770;10.12.2023 19:00;-0.9;-
Istjørndalen;SN99770;10.12.2023 20:00;-0.9;-
Istjørndalen;SN99770;10.12.2023 21:00;-0.8;-
Istjørndalen;SN99770;10.12.2023 22:00;-0.7;-
Istjørndalen;SN99770;10.12.2023 23:00;-0.8;-
Istjørndalen;SN99770;11.12.2023 00:00;-1;-
Istjørndalen;SN99770;11.12.2023 01:00;-1.1;-
Istjørndalen;SN99770;11.12.2023 02:00;-2.1;-
Istjørndalen;SN99770;11.12.2023 03:00;-3.1;-
Istjørndalen;SN99770;11.12.2023 04:00;-3.3;-
Istjørndalen;SN99770;11.12.2023 05:00;-4.8;-
Istjørndalen;SN99770;11.12.2023 06:00;-5;-
Istjørndalen;SN99770;11.12.2023 07:00;-3.5;-
Istjørndalen;SN99770;11.12.2023 08:00;-4.4;-
Istjørndalen;SN99770;11.12.2023 09:00;-4.9;-
Istjørndalen;SN99770;11.12.2023 10:00;-5.3;-
Istjørndalen;SN99770;11.12.2023 11:00;-5.5;-
Istjørndalen;SN99770;11.12.2023 12:00;-5.5;-
Istjørndalen;SN99770;11.12.2023 13:00;-5.5;-
Istjørndalen;SN99770;11.12.2023 14:00;-5.9;-
Istjørndalen;SN99770;11.12.2023 15:00;-6.3;-
Istjørndalen;SN99770;11.12.2023 16:00;-6.8;-
Istjørndalen;SN99770;11.12.2023 17:00;-7.2;-
Istjørndalen;SN99770;11.12.2023 18:00;-8;-
Istjørndalen;SN99770;11.12.2023 19:00;-7.2;-
Istjørndalen;SN99770;11.12.2023 20:00;-7;-
Istjørndalen;SN99770;11.12.2023 21:00;-7.3;-
Istjørndalen;SN99770;11.12.2023 22:00;-7.6;-
Istjørndalen;SN99770;11.12.2023 23:00;-8.2;-
Istjørndalen;SN99770;12.12.2023 00:00;-7.9;-
Istjørndalen;SN99770;12.12.2023 01:00;-8;-
Istjørndalen;SN99770;12.12.2023 02:00;-8.3;-
Istjørndalen;SN99770;12.12.2023 03:00;-8.8;-
Istjørndalen;SN99770;12.12.2023 04:00;-9.3;-
Istjørndalen;SN99770;12.12.2023 05:00;-9.8;-
Istjørndalen;SN99770;12.12.2023 06:00;-12.2;-
Istjørndalen;SN99770;12.12.2023 07:00;-10.2;-
Istjørndalen;SN99770;12.12.2023 08:00;-10.3;-
Istjørndalen;SN99770;12.12.2023 09:00;-10.1;-
Istjørndalen;SN99770;12.12.2023 10:00;-9.9;-
Istjørndalen;SN99770;12.12.2023 11:00;-10;-
Istjørndalen;SN99770;12.12.2023 12:00;-10.2;-
Istjørndalen;SN99770;12.12.2023 13:00;-10.2;-
Istjørndalen;SN99770;12.12.2023 14:00;-9.9;-
Istjørndalen;SN99770;12.12.2023 15:00;-10.2;-
Istjørndalen;SN99770;12.12.2023 16:00;-10.5;-
Istjørndalen;SN99770;12.12.2023 17:00;-10.2;-
Istjørndalen;SN99770;12.12.2023 18:00;-10.9;-
Istjørndalen;SN99770;12.12.2023 19:00;-10.9;-
Istjørndalen;SN99770;12.12.2023 20:00;-11;-
Istjørndalen;SN99770;12.12.2023 21:00;-10.8;-
Istjørndalen;SN99770;12.12.2023 22:00;-13.6;-
Istjørndalen;SN99770;12.12.2023 23:00;-12.1;-
Istjørndalen;SN99770;13.12.2023 00:00;-10.3;-
Istjørndalen;SN99770;13.12.2023 01:00;-11.2;-
Istjørndalen;SN99770;13.12.2023 02:00;-9.5;-
Istjørndalen;SN99770;13.12.2023 03:00;-7.8;-
Istjørndalen;SN99770;13.12.2023 04:00;-6;-
Istjørndalen;SN99770;13.12.2023 05:00;-5.7;-
Istjørndalen;SN99770;13.12.2023 06:00;-4.7;-
Istjørndalen;SN99770;13.12.2023 07:00;-4.6;-
Istjørndalen;SN99770;13.12.2023 08:00;-3.7;-
Istjørndalen;SN99770;13.12.2023 09:00;-4.1;-
Istjørndalen;SN99770;13.12.2023 10:00;-4.4;-
Istjørndalen;SN99770;13.12.2023 11:00;-4.2;-
Istjørndalen;SN99770;13.12.2023 12:00;-4.2;-
Istjørndalen;SN99770;13.12.2023 13:00;-3.1;-
Istjørndalen;SN99770;13.12.2023 14:00;-2.4;-
Istjørndalen;SN99770;13.12.2023 15:00;-1.5;-
Istjørndalen;SN99770;13.12.2023 16:00;-0.9;-
Istjørndalen;SN99770;13.12.2023 17:00;-0.7;-
Istjørndalen;SN99770;13.12.2023 18:00;-0.5;-
Istjørndalen;SN99770;13.12.2023 19:00;-0.4;-
Istjørndalen;SN99770;13.12.2023 20:00;-0.9;-
Istjørndalen;SN99770;13.12.2023 21:00;-1.2;-
Istjørndalen;SN99770;13.12.2023 22:00;-1.2;-
Istjørndalen;SN99770;13.12.2023 23:00;-1.1;-
Istjørndalen;SN99770;14.12.2023 00:00;-1.5;-
Istjørndalen;SN99770;14.12.2023 01:00;-0.8;-
Istjørndalen;SN99770;14.12.2023 02:00;-0.7;-
Istjørndalen;SN99770;14.12.2023 03:00;-0.6;-
Istjørndalen;SN99770;14.12.2023 04:00;-1.7;-
Istjørndalen;SN99770;14.12.2023 05:00;-1.6;-
Istjørndalen;SN99770;14.12.2023 06:00;-1.1;-
Istjørndalen;SN99770;14.12.2023 07:00;-1;-
Istjørndalen;SN99770;14.12.2023 08:00;-0.3;-
Istjørndalen;SN99770;14.12.2023 09:00;-0.7;-
Istjørndalen;SN99770;14.12.2023 10:00;-0.3;-
Istjørndalen;SN99770;14.12.2023 11:00;-0.6;-
Istjørndalen;SN99770;14.12.2023 12:00;-1.3;-
Istjørndalen;SN99770;14.12.2023 13:00;-1.7;-
Istjørndalen;SN99770;14.12.2023 14:00;-2.4;-
Istjørndalen;SN99770;14.12.2023 15:00;-1.9;-
Istjørndalen;SN99770;14.12.2023 16:00;-1.7;-
Istjørndalen;SN99770;14.12.2023 17:00;-2.6;-
Istjørndalen;SN99770;14.12.2023 18:00;-3.9;-
Istjørndalen;SN99770;14.12.2023 19:00;-4.3;-
Istjørndalen;SN99770;14.12.2023 20:00;-5.2;-
Istjørndalen;SN99770;14.12.2023 21:00;-5.9;-
Istjørndalen;SN99770;14.12.2023 22:00;-4.6;-
Istjørndalen;SN99770;14.12.2023 23:00;-6;-
Istjørndalen;SN99770;15.12.2023 00:00;-5.6;-
Istjørndalen;SN99770;15.12.2023 01:00;-3.4;-
Istjørndalen;SN99770;15.12.2023 02:00;-1.3;-
Istjørndalen;SN99770;15.12.2023 03:00;0;-
Istjørndalen;SN99770;15.12.2023 04:00;0.3;-
Istjørndalen;SN99770;15.12.2023 05:00;0.5;-
Istjørndalen;SN99770;15.12.2023 06:00;0.7;-
Istjørndalen;SN99770;15.12.2023 07:00;0.7;-
Istjørndalen;SN99770;15.12.2023 08:00;-0.1;-
Istjørndalen;SN99770;15.12.2023 09:00;1.1;-
Istjørndalen;SN99770;15.12.2023 10:00;1.8;-
Istjørndalen;SN99770;15.12.2023 11:00;2;-
Istjørndalen;SN99770;15.12.2023 12:00;1.7;-
Istjørndalen;SN99770;15.12.2023 13:00;1.2;-
Istjørndalen;SN99770;15.12.2023 14:00;1.2;-
Istjørndalen;SN99770;15.12.2023 15:00;0.4;-
Istjørndalen;SN99770;15.12.2023 16:00;-0.2;-
Istjørndalen;SN99770;15.12.2023 17:00;-2.9;-
Istjørndalen;SN99770;15.12.2023 18:00;-3.7;-
Istjørndalen;SN99770;15.12.2023 19:00;-2.4;-
Istjørndalen;SN99770;15.12.2023 20:00;-2.1;-
Istjørndalen;SN99770;15.12.2023 21:00;-1.9;-
Istjørndalen;SN99770;15.12.2023 22:00;-2.1;-
Istjørndalen;SN99770;15.12.2023 23:00;-2;-
Istjørndalen;SN99770;16.12.2023 00:00;-2.1;-
Istjørndalen;SN99770;16.12.2023 01:00;-2.1;-
Istjørndalen;SN99770;16.12.2023 02:00;-3.1;-
Istjørndalen;SN99770;16.12.2023 03:00;-2.3;-
Istjørndalen;SN99770;16.12.2023 04:00;-2.8;-
Istjørndalen;SN99770;16.12.2023 05:00;-2.6;-
Istjørndalen;SN99770;16.12.2023 06:00;-4.9;-
Istjørndalen;SN99770;16.12.2023 07:00;-5.3;-
Istjørndalen;SN99770;16.12.2023 08:00;-6.4;-
Istjørndalen;SN99770;16.12.2023 09:00;-5.2;-
Istjørndalen;SN99770;16.12.2023 10:00;-2.5;-
Istjørndalen;SN99770;16.12.2023 11:00;-2.2;-
Istjørndalen;SN99770;16.12.2023 12:00;-2.6;-
Istjørndalen;SN99770;16.12.2023 13:00;-2.5;-
Istjørndalen;SN99770;16.12.2023 14:00;-2.3;-
Istjørndalen;SN99770;16.12.2023 15:00;-3.1;-
Istjørndalen;SN99770;16.12.2023 16:00;-3.4;-
Istjørndalen;SN99770;16.12.2023 17:00;-3.6;-
Istjørndalen;SN99770;16.12.2023 18:00;-3.8;-
Istjørndalen;SN99770;16.12.2023 19:00;-3.4;-
Istjørndalen;SN99770;16.12.2023 20:00;-3;-
Istjørndalen;SN99770;16.12.2023 21:00;-2.5;-
Istjørndalen;SN99770;16.12.2023 22:00;-2.1;-
Istjørndalen;SN99770;16.12.2023 23:00;-2.3;-
Istjørndalen;SN99770;17.12.2023 00:00;-2.4;-
Istjørndalen;SN99770;17.12.2023 01:00;-2;-
Istjørndalen;SN99770;17.12.2023 02:00;-2.3;-
Istjørndalen;SN99770;17.12.2023 03:00;-1.9;-
Istjørndalen;SN99770;17.12.2023 04:00;-1.9;-
Istjørndalen;SN99770;17.12.2023 05:00;-1.4;-
Istjørndalen;SN99770;17.12.2023 06:00;-1;-
Istjørndalen;SN99770;17.12.2023 07:00;-1.3;-
Istjørndalen;SN99770;17.12.2023 08:00;-1.4;-
Istjørndalen;SN99770;17.12.2023 09:00;-0.8;-
Istjørndalen;SN99770;17.12.2023 10:00;-0.6;-
Istjørndalen;SN99770;17.12.2023 11:00;-0.7;-
Istjørndalen;SN99770;17.12.2023 12:00;-0.7;-
Istjørndalen;SN99770;17.12.2023 13:00;-1;-
Istjørndalen;SN99770;17.12.2023 14:00;-1.1;-
Istjørndalen;SN99770;17.12.2023 15:00;-1.3;-
Istjørndalen;SN99770;17.12.2023 16:00;-1.5;-
Istjørndalen;SN99770;17.12.2023 17:00;-0.8;-
Istjørndalen;SN99770;17.12.2023 18:00;-0.9;-
Istjørndalen;SN99770;17.12.2023 19:00;-1.9;-
Istjørndalen;SN99770;17.12.2023 20:00;-1.9;-
Istjørndalen;SN99770;17.12.2023 21:00;-2;-
Istjørndalen;SN99770;17.12.2023 22:00;-3.5;-
Istjørndalen;SN99770;17.12.2023 23:00;-2.2;-
Istjørndalen;SN99770;18.12.2023 00:00;-2.9;-
Istjørndalen;SN99770;18.12.2023 01:00;-0.7;-
Istjørndalen;SN99770;18.12.2023 02:00;-1;-
Istjørndalen;SN99770;18.12.2023 03:00;-0.4;-
Istjørndalen;SN99770;18.12.2023 04:00;-0.7;-
Istjørndalen;SN99770;18.12.2023 05:00;-1.3;-
Istjørndalen;SN99770;18.12.2023 06:00;-1.2;-
Istjørndalen;SN99770;18.12.2023 07:00;-1.5;-
Istjørndalen;SN99770;18.12.2023 08:00;-1.8;-
Istjørndalen;SN99770;18.12.2023 09:00;-2.4;-
Istjørndalen;SN99770;18.12.2023 10:00;-2.5;-
Istjørndalen;SN99770;18.12.2023 11:00;-2.6;-
Istjørndalen;SN99770;18.12.2023 12:00;-3.2;-
Istjørndalen;SN99770;18.12.2023 13:00;-3.1;-
Istjørndalen;SN99770;18.12.2023 14:00;-3.4;-
Istjørndalen;SN99770;18.12.2023 15:00;-4.1;-
Istjørndalen;SN99770;18.12.2023 16:00;-3.9;-
Istjørndalen;SN99770;18.12.2023 17:00;-4;-
Istjørndalen;SN99770;18.12.2023 18:00;-4.3;-
Istjørndalen;SN99770;18.12.2023 19:00;-4.8;-
Istjørndalen;SN99770;18.12.2023 20:00;-4.7;-
Istjørndalen;SN99770;18.12.2023 21:00;-5.1;-
Istjørndalen;SN99770;18.12.2023 22:00;-5.1;-
Istjørndalen;SN99770;18.12.2023 23:00;-5.8;-
Istjørndalen;SN99770;19.12.2023 00:00;-5.5;-
Istjørndalen;SN99770;19.12.2023 01:00;-6;-
Istjørndalen;SN99770;19.12.2023 02:00;-6.2;-
Istjørndalen;SN99770;19.12.2023 03:00;-6;-
Istjørndalen;SN99770;19.12.2023 04:00;-6.7;-
Istjørndalen;SN99770;19.12.2023 05:00;-6.1;-
Istjørndalen;SN99770;19.12.2023 06:00;-5.6;-
Istjørndalen;SN99770;19.12.2023 07:00;-5.8;-
Istjørndalen;SN99770;19.12.2023 08:00;-5.7;-
Istjørndalen;SN99770;19.12.2023 09:00;-6.3;-
Istjørndalen;SN99770;19.12.2023 10:00;-6.4;-
Istjørndalen;SN99770;19.12.2023 11:00;-6;-
Istjørndalen;SN99770;19.12.2023 12:00;-5.8;-
Istjørndalen;SN99770;19.12.2023 13:00;-5;-
Istjørndalen;SN99770;19.12.2023 14:00;-5.7;-
Istjørndalen;SN99770;19.12.2023 15:00;-5.6;-
Istjørndalen;SN99770;19.12.2023 16:00;-5.6;-
Istjørndalen;SN99770;19.12.2023 17:00;-5.8;-
Istjørndalen;SN99770;19.12.2023 18:00;-6.9;-
Istjørndalen;SN99770;19.12.2023 19:00;-6.9;-
Istjørndalen;SN99770;19.12.2023 20:00;-7.9;-
Istjørndalen;SN99770;19.12.2023 21:00;-7.7;-
Istjørndalen;SN99770;19.12.2023 22:00;-8.4;-
Istjørndalen;SN99770;19.12.2023 23:00;-8.7;-
Istjørndalen;SN99770;20.12.2023 00:00;-8.4;-
Istjørndalen;SN99770;20.12.2023 01:00;-7.9;-
Istjørndalen;SN99770;20.12.2023 02:00;-8.6;-
Istjørndalen;SN99770;20.12.2023 03:00;-8.5;-
Istjørndalen;SN99770;20.12.2023 04:00;-9.3;-
Istjørndalen;SN99770;20.12.2023 05:00;-11.2;-
Istjørndalen;SN99770;20.12.2023 06:00;-11;-
Istjørndalen;SN99770;20.12.2023 07:00;-11.2;-
Istjørndalen;SN99770;20.12.2023 08:00;-10.4;-
Istjørndalen;SN99770;20.12.2023 09:00;-10.5;-
Istjørndalen;SN99770;20.12.2023 10:00;-10.5;-
Istjørndalen;SN99770;20.12.2023 11:00;-9.4;-
Istjørndalen;SN99770;20.12.2023 12:00;-10.6;-
Istjørndalen;SN99770;20.12.2023 13:00;-9.3;-
Istjørndalen;SN99770;20.12.2023 14:00;-9.1;-
Istjørndalen;SN99770;20.12.2023 15:00;-9.3;-
Istjørndalen;SN99770;20.12.2023 16:00;-9.9;-
Istjørndalen;SN99770;20.12.2023 17:00;-9.5;-
Istjørndalen;SN99770;20.12.2023 18:00;-11.1;-
Istjørndalen;SN99770;20.12.2023 19:00;-10.4;-
Istjørndalen;SN99770;20.12.2023 20:00;-11.7;-
Istjørndalen;SN99770;20.12.2023 21:00;-12.4;-
Istjørndalen;SN99770;20.12.2023 22:00;-9.9;-
Istjørndalen;SN99770;20.12.2023 23:00;-10.1;-
Istjørndalen;SN99770;21.12.2023 00:00;-10.5;-
Istjørndalen;SN99770;21.12.2023 01:00;-9.7;-
Istjørndalen;SN99770;21.12.2023 02:00;-9.6;-
Istjørndalen;SN99770;21.12.2023 03:00;-9.5;-
Istjørndalen;SN99770;21.12.2023 04:00;-9.3;-
Istjørndalen;SN99770;21.12.2023 05:00;-10.9;-
Istjørndalen;SN99770;21.12.2023 06:00;-10.8;-
Istjørndalen;SN99770;21.12.2023 07:00;-11.5;-
Istjørndalen;SN99770;21.12.2023 08:00;-9.7;-
Istjørndalen;SN99770;21.12.2023 09:00;-12;-
Istjørndalen;SN99770;21.12.2023 10:00;-10.7;-
Istjørndalen;SN99770;21.12.2023 11:00;-12.5;-
Istjørndalen;SN99770;21.12.2023 12:00;-12.1;-
Istjørndalen;SN99770;21.12.2023 13:00;-12.5;-
Istjørndalen;SN99770;21.12.2023 14:00;-12.2;-
Istjørndalen;SN99770;21.12.2023 15:00;-13.6;-
Istjørndalen;SN99770;21.12.2023 16:00;-13.5;-
Istjørndalen;SN99770;21.12.2023 17:00;-13;-
Istjørndalen;SN99770;21.12.2023 18:00;-13.6;-
Istjørndalen;SN99770;21.12.2023 19:00;-14.6;-
Istjørndalen;SN99770;21.12.2023 20:00;-14.5;-
Istjørndalen;SN99770;21.12.2023 21:00;-13.6;-
Istjørndalen;SN99770;21.12.2023 22:00;-14.3;-
Istjørndalen;SN99770;21.12.2023 23:00;-14.5;-
Istjørndalen;SN99770;22.12.2023 00:00;-13.5;-
Istjørndalen;SN99770;22.12.2023 01:00;-13.4;-
Istjørndalen;SN99770;22.12.2023 02:00;-13.8;-
Istjørndalen;SN99770;22.12.2023 03:00;-15;-
Istjørndalen;SN99770;22.12.2023 04:00;-15.2;-
Istjørndalen;SN99770;22.12.2023 05:00;-14.1;-
Istjørndalen;SN99770;22.12.2023 06:00;-14.2;-
Istjørndalen;SN99770;22.12.2023 07:00;-16;-
Istjørndalen;SN99770;22.12.2023 08:00;-15.9;-
Istjørndalen;SN99770;22.12.2023 09:00;-15.7;-
Istjørndalen;SN99770;22.12.2023 10:00;-13.6;-
Istjørndalen;SN99770;22.12.2023 11:00;-13.7;-
Istjørndalen;SN99770;22.12.2023 12:00;-13.5;-
Istjørndalen;SN99770;22.12.2023 13:00;-14.3;-
Istjørndalen;SN99770;22.12.2023 14:00;-13.1;-
Istjørndalen;SN99770;22.12.2023 15:00;-14.3;-
Istjørndalen;SN99770;22.12.2023 16:00;-15.1;-
Istjørndalen;SN99770;22.12.2023 17:00;-14.6;-
Istjørndalen;SN99770;22.12.2023 18:00;-14.6;-
Istjørndalen;SN99770;22.12.2023 19:00;-14.7;-
Istjørndalen;SN99770;22.12.2023 20:00;-14.9;-
Istjørndalen;SN99770;22.12.2023 21:00;-16;-
Istjørndalen;SN99770;22.12.2023 22:00;-16.5;-
Istjørndalen;SN99770;22.12.2023 23:00;-16.5;-
Istjørndalen;SN99770;23.12.2023 00:00;-16.3;-
Istjørndalen;SN99770;23.12.2023 01:00;-16.2;-
Istjørndalen;SN99770;23.12.2023 02:00;-16.6;-
Istjørndalen;SN99770;23.12.2023 03:00;-17.8;-
Istjørndalen;SN99770;23.12.2023 04:00;-18.1;-
Istjørndalen;SN99770;23.12.2023 05:00;-18.2;-
Istjørndalen;SN99770;23.12.2023 06:00;-17.5;-
Istjørndalen;SN99770;23.12.2023 07:00;-17.5;-
Istjørndalen;SN99770;23.12.2023 08:00;-16.9;-
Istjørndalen;SN99770;23.12.2023 09:00;-17.5;-
Istjørndalen;SN99770;23.12.2023 10:00;-17.1;-
Istjørndalen;SN99770;23.12.2023 11:00;-18.5;-
Istjørndalen;SN99770;23.12.2023 12:00;-18.2;-
Istjørndalen;SN99770;23.12.2023 13:00;-18.3;-
Istjørndalen;SN99770;23.12.2023 14:00;-18.6;-
Istjørndalen;SN99770;23.12.2023 15:00;-19.3;-
Istjørndalen;SN99770;23.12.2023 16:00;-19.2;-
Istjørndalen;SN99770;23.12.2023 17:00;-18.8;-
Istjørndalen;SN99770;23.12.2023 18:00;-20.3;-
Istjørndalen;SN99770;23.12.2023 19:00;-20.9;-
Istjørndalen;SN99770;23.12.2023 20:00;-21;-
Istjørndalen;SN99770;23.12.2023 21:00;-20;-
Istjørndalen;SN99770;23.12.2023 22:00;-22.4;-
Istjørndalen;SN99770;23.12.2023 23:00;-22.2;-
Istjørndalen;SN99770;24.12.2023 00:00;-21.8;-
Istjørndalen;SN99770;24.12.2023 01:00;-19.7;-
Istjørndalen;SN99770;24.12.2023 02:00;-21.7;-
Istjørndalen;SN99770;24.12.2023 03:00;-20.1;-
Istjørndalen;SN99770;24.12.2023 04:00;-19.6;-
Istjørndalen;SN99770;24.12.2023 05:00;-19.3;-
Istjørndalen;SN99770;24.12.2023 06:00;-18.6;-
Istjørndalen;SN99770;24.12.2023 07:00;-19.4;-
Istjørndalen;SN99770;24.12.2023 08:00;-19.9;-
Istjørndalen;SN99770;24.12.2023 09:00;-20;-
Istjørndalen;SN99770;24.12.2023 10:00;-19.5;-
Istjørndalen;SN99770;24.12.2023 11:00;-21.2;-
Istjørndalen;SN99770;24.12.2023 12:00;-19.1;-
Istjørndalen;SN99770;24.12.2023 13:00;-20.8;-
Istjørndalen;SN99770;24.12.2023 14:00;-19.8;-
Istjørndalen;SN99770;24.12.2023 15:00;-20.1;-
Istjørndalen;SN99770;24.12.2023 16:00;-21.5;-
Istjørndalen;SN99770;24.12.2023 17:00;-21.5;-
Istjørndalen;SN99770;24.12.2023 18:00;-22;-
Istjørndalen;SN99770;24.12.2023 19:00;-19.9;-
Istjørndalen;SN99770;24.12.2023 20:00;-19.9;-
Istjørndalen;SN99770;24.12.2023 21:00;-22.6;-
Istjørndalen;SN99770;24.12.2023 22:00;-20.8;-
Istjørndalen;SN99770;24.12.2023 23:00;-20.8;-
Istjørndalen;SN99770;25.12.2023 00:00;-20.2;-
Istjørndalen;SN99770;25.12.2023 01:00;-19.9;-
Istjørndalen;SN99770;25.12.2023 02:00;-19.6;-
Istjørndalen;SN99770;25.12.2023 03:00;-20;-
Istjørndalen;SN99770;25.12.2023 04:00;-20.8;-
Istjørndalen;SN99770;25.12.2023 05:00;-18.3;-
Istjørndalen;SN99770;25.12.2023 06:00;-18;-
Istjørndalen;SN99770;25.12.2023 07:00;-17.4;-
Istjørndalen;SN99770;25.12.2023 08:00;-17.9;-
Istjørndalen;SN99770;25.12.2023 09:00;-16.1;-
Istjørndalen;SN99770;25.12.2023 10:00;-16.7;-
Istjørndalen;SN99770;25.12.2023 11:00;-15.8;-
Istjørndalen;SN99770;25.12.2023 12:00;-16.7;-
Istjørndalen;SN99770;25.12.2023 13:00;-16.9;-
Istjørndalen;SN99770;25.12.2023 14:00;-16.7;-
Istjørndalen;SN99770;25.12.2023 15:00;-16.3;-
Istjørndalen;SN99770;25.12.2023 16:00;-15.3;-
Istjørndalen;SN99770;25.12.2023 17:00;-16.2;-
Istjørndalen;SN99770;25.12.2023 18:00;-15.8;-
Istjørndalen;SN99770;25.12.2023 19:00;-15.4;-
Istjørndalen;SN99770;25.12.2023 20:00;-14.7;-
Istjørndalen;SN99770;25.12.2023 21:00;-14.5;-
Istjørndalen;SN99770;25.12.2023 22:00;-13.5;-
Istjørndalen;SN99770;25.12.2023 23:00;-12.6;-
Istjørndalen;SN99770;26.12.2023 00:00;-12.1;-
Istjørndalen;SN99770;26.12.2023 01:00;-11.5;-
Istjørndalen;SN99770;26.12.2023 02:00;-9.3;-
Istjørndalen;SN99770;26.12.2023 03:00;-9.9;-
Istjørndalen;SN99770;26.12.2023 04:00;-10.6;-
Istjørndalen;SN99770;26.12.2023 05:00;-9;-
Istjørndalen;SN99770;26.12.2023 06:00;-8.8;-
Istjørndalen;SN99770;26.12.2023 07:00;-8.8;-
Istjørndalen;SN99770;26.12.2023 08:00;-8.1;-
Istjørndalen;SN99770;26.12.2023 09:00;-7.8;-
Istjørndalen;SN99770;26.12.2023 10:00;-7;-
Istjørndalen;SN99770;26.12.2023 11:00;-6.6;-
Istjørndalen;SN99770;26.12.2023 12:00;-7;-
Istjørndalen;SN99770;26.12.2023 13:00;-6.3;-
Istjørndalen;SN99770;26.12.2023 14:00;-6.1;-
Istjørndalen;SN99770;26.12.2023 15:00;-5.6;-
Istjørndalen;SN99770;26.12.2023 16:00;-5.5;-
Istjørndalen;SN99770;26.12.2023 17:00;-5.6;-
Istjørndalen;SN99770;26.12.2023 18:00;-5.9;-
Istjørndalen;SN99770;26.12.2023 19:00;-5.5;-
Istjørndalen;SN99770;26.12.2023 20:00;-5.9;-
Istjørndalen;SN99770;26.12.2023 21:00;-5.1;-
Istjørndalen;SN99770;26.12.2023 22:00;-7.3;-
Istjørndalen;SN99770;26.12.2023 23:00;-5.8;-
Istjørndalen;SN99770;27.12.2023 00:00;-5.8;-
Istjørndalen;SN99770;27.12.2023 01:00;-6;-
Istjørndalen;SN99770;27.12.2023 02:00;-6.1;-
Istjørndalen;SN99770;27.12.2023 03:00;-6;-
Istjørndalen;SN99770;27.12.2023 04:00;-7.3;-
Istjørndalen;SN99770;27.12.2023 05:00;-6.3;-
Istjørndalen;SN99770;27.12.2023 06:00;-6.1;-
Istjørndalen;SN99770;27.12.2023 07:00;-7.3;-
Istjørndalen;SN99770;27.12.2023 08:00;-7.1;-
Istjørndalen;SN99770;27.12.2023 09:00;-7.6;-
Istjørndalen;SN99770;27.12.2023 10:00;-7.6;-
Istjørndalen;SN99770;27.12.2023 11:00;-7.5;-
Istjørndalen;SN99770;27.12.2023 12:00;-7;-
Istjørndalen;SN99770;27.12.2023 13:00;-6.6;-
Istjørndalen;SN99770;27.12.2023 14:00;-6.7;-
Istjørndalen;SN99770;27.12.2023 15:00;-6.6;-
Istjørndalen;SN99770;27.12.2023 16:00;-6.1;-
Istjørndalen;SN99770;27.12.2023 17:00;-6;-
Istjørndalen;SN99770;27.12.2023 18:00;-5.4;-
Istjørndalen;SN99770;27.12.2023 19:00;-5.3;-
Istjørndalen;SN99770;27.12.2023 20:00;-5.1;-
Istjørndalen;SN99770;27.12.2023 21:00;-5.4;-
Istjørndalen;SN99770;27.12.2023 22:00;-5.2;-
Istjørndalen;SN99770;27.12.2023 23:00;-5.2;-
Istjørndalen;SN99770;28.12.2023 00:00;-5.5;-
Istjørndalen;SN99770;28.12.2023 01:00;-5.7;-
Istjørndalen;SN99770;28.12.2023 02:00;-6.6;-
Istjørndalen;SN99770;28.12.2023 03:00;-6.9;-
Istjørndalen;SN99770;28.12.2023 04:00;-6.1;-
Istjørndalen;SN99770;28.12.2023 05:00;-5.7;-
Istjørndalen;SN99770;28.12.2023 06:00;-5;-
Istjørndalen;SN99770;28.12.2023 07:00;-5;-
Istjørndalen;SN99770;28.12.2023 08:00;-4.8;-
Istjørndalen;SN99770;28.12.2023 09:00;-4.8;-
Istjørndalen;SN99770;28.12.2023 10:00;-4.3;-
Istjørndalen;SN99770;28.12.2023 11:00;-4.3;-
Istjørndalen;SN99770;28.12.2023 12:00;-4.1;-
Istjørndalen;SN99770;28.12.2023 13:00;-3.8;-
Istjørndalen;SN99770;28.12.2023 14:00;-3.4;-
Istjørndalen;SN99770;28.12.2023 15:00;-3.3;-
Istjørndalen;SN99770;28.12.2023 16:00;-2.7;-
Istjørndalen;SN99770;28.12.2023 17:00;-3.6;-
Istjørndalen;SN99770;28.12.2023 18:00;-3.2;-
Istjørndalen;SN99770;28.12.2023 19:00;-4.1;-
Istjørndalen;SN99770;28.12.2023 20:00;-3.6;-
Istjørndalen;SN99770;28.12.2023 21:00;-3.6;-
Istjørndalen;SN99770;28.12.2023 22:00;-3.6;-
Istjørndalen;SN99770;28.12.2023 23:00;-4.8;-
Istjørndalen;SN99770;29.12.2023 00:00;-3.2;-
Istjørndalen;SN99770;29.12.2023 01:00;-1.8;-
Istjørndalen;SN99770;29.12.2023 02:00;-2.4;-
Istjørndalen;SN99770;29.12.2023 03:00;-3;-
Istjørndalen;SN99770;29.12.2023 04:00;-3.7;-
Istjørndalen;SN99770;29.12.2023 05:00;-3.7;-
Istjørndalen;SN99770;29.12.2023 06:00;-4.6;-
Istjørndalen;SN99770;29.12.2023 07:00;-2.3;-
Istjørndalen;SN99770;29.12.2023 08:00;-2.2;-
Istjørndalen;SN99770;29.12.2023 09:00;-2.5;-
Istjørndalen;SN99770;29.12.2023 10:00;-2.6;-
Istjørndalen;SN99770;29.12.2023 11:00;-2.6;-
Istjørndalen;SN99770;29.12.2023 12:00;-2.3;-
Istjørndalen;SN99770;29.12.2023 13:00;-3.8;-
Istjørndalen;SN99770;29.12.2023 14:00;-4;-
Istjørndalen;SN99770;29.12.2023 15:00;-3.2;-
Istjørndalen;SN99770;29.12.2023 16:00;-2.9;-
Istjørndalen;SN99770;29.12.2023 17:00;-2.7;-
Istjørndalen;SN99770;29.12.2023 18:00;-1.3;-
Istjørndalen;SN99770;29.12.2023 19:00;-0.2;-
Istjørndalen;SN99770;29.12.2023 20:00;-0.6;-
Istjørndalen;SN99770;29.12.2023 21:00;0.2;-
Istjørndalen;SN99770;29.12.2023 22:00;-0.6;-
Istjørndalen;SN99770;29.12.2023 23:00;-0.7;-
Istjørndalen;SN99770;30.12.2023 00:00;-0.1;-
Istjørndalen;SN99770;30.12.2023 01:00;-0.2;-
Istjørndalen;SN99770;30.12.2023 02:00;-0.9;-
Istjørndalen;SN99770;30.12.2023 03:00;-0.7;-
Istjørndalen;SN99770;30.12.2023 04:00;-2;-
Istjørndalen;SN99770;30.12.2023 05:00;-1.4;-
Istjørndalen;SN99770;30.12.2023 06:00;-2.5;-
Istjørndalen;SN99770;30.12.2023 07:00;-3.9;-
Istjørndalen;SN99770;30.12.2023 08:00;-0.8;-
Istjørndalen;SN99770;30.12.2023 09:00;-1.9;-
Istjørndalen;SN99770;30.12.2023 10:00;-1.6;-
Istjørndalen;SN99770;30.12.2023 11:00;-1.3;-
Istjørndalen;SN99770;30.12.2023 12:00;-1;-
Istjørndalen;SN99770;30.12.2023 13:00;-0.9;-
Istjørndalen;SN99770;30.12.2023 14:00;-0.9;-
Istjørndalen;SN99770;30.12.2023 15:00;-0.7;-
Istjørndalen;SN99770;30.12.2023 16:00;-0.8;-
Istjørndalen;SN99770;30.12.2023 17:00;-1;-
Istjørndalen;SN99770;30.12.2023 18:00;-0.8;-
Istjørndalen;SN99770;30.12.2023 19:00;-1;-
Istjørndalen;SN99770;30.12.2023 20:00;-1.4;-
Istjørndalen;SN99770;30.12.2023 21:00;-1.3;-
Istjørndalen;SN99770;30.12.2023 22:00;-1.5;-
Istjørndalen;SN99770;30.12.2023 23:00;-1.7;-
Istjørndalen;SN99770;31.12.2023 00:00;-1.8;-
Istjørndalen;SN99770;31.12.2023 01:00;-2;-
Istjørndalen;SN99770;31.12.2023 02:00;-2;-
Istjørndalen;SN99770;31.12.2023 03:00;-1.8;-
Istjørndalen;SN99770;31.12.2023 04:00;-1.4;-
Istjørndalen;SN99770;31.12.2023 05:00;-1.3;-
Istjørndalen;SN99770;31.12.2023 06:00;-1.6;-
Istjørndalen;SN99770;31.12.2023 07:00;-1.3;-
Istjørndalen;SN99770;31.12.2023 08:00;-2.1;-
Istjørndalen;SN99770;31.12.2023 09:00;-1.5;-
Istjørndalen;SN99770;31.12.2023 10:00;-1.3;-
Istjørndalen;SN99770;31.12.2023 11:00;-1;-
Istjørndalen;SN99770;31.12.2023 12:00;-1.1;-
Istjørndalen;SN99770;31.12.2023 13:00;-1.4;-
Istjørndalen;SN99770;31.12.2023 14:00;-0.6;-
Istjørndalen;SN99770;31.12.2023 15:00;-1;-
Istjørndalen;SN99770;31.12.2023 16:00;-1.3;-
Istjørndalen;SN99770;31.12.2023 17:00;-0.8;-
Istjørndalen;SN99770;31.12.2023 18:00;-1.1;-
Istjørndalen;SN99770;31.12.2023 19:00;-0.7;-
Istjørndalen;SN99770;31.12.2023 20:00;-0.7;-
Istjørndalen;SN99770;31.12.2023 21:00;-0.9;-
Istjørndalen;SN99770;31.12.2023 22:00;-0.8;-
Istjørndalen;SN99770;31.12.2023 23:00;-2.3;-
Istjørndalen;SN99770;01.01.2024 00:00;-2.6;-
Istjørndalen;SN99770;01.01.2024 01:00;-4.4;-
Istjørndalen;SN99770;01.01.2024 02:00;-5.1;-
Istjørndalen;SN99770;01.01.2024 03:00;-5.7;-
Istjørndalen;SN99770;01.01.2024 04:00;-4.7;-
Istjørndalen;SN99770;01.01.2024 05:00;-5.1;-
Istjørndalen;SN99770;01.01.2024 06:00;-5.3;-
Istjørndalen;SN99770;01.01.2024 07:00;-5.4;-
Istjørndalen;SN99770;01.01.2024 08:00;-5.4;-
Istjørndalen;SN99770;01.01.2024 09:00;-5.7;-
Istjørndalen;SN99770;01.01.2024 10:00;-7.2;-
Istjørndalen;SN99770;01.01.2024 11:00;-8.1;-
Istjørndalen;SN99770;01.01.2024 12:00;-6.8;-
Istjørndalen;SN99770;01.01.2024 13:00;-6.2;-
Istjørndalen;SN99770;01.01.2024 14:00;-4;-
Istjørndalen;SN99770;01.01.2024 15:00;-3.9;-
Istjørndalen;SN99770;01.01.2024 16:00;-4.1;-
Istjørndalen;SN99770;01.01.2024 17:00;-4.3;-
Istjørndalen;SN99770;01.01.2024 18:00;-4.5;-
Istjørndalen;SN99770;01.01.2024 19:00;-4.3;-
Istjørndalen;SN99770;01.01.2024 20:00;-3.6;-
Istjørndalen;SN99770;01.01.2024 21:00;-3.6;-
Istjørndalen;SN99770;01.01.2024 22:00;-3.8;-
Istjørndalen;SN99770;01.01.2024 23:00;-4.8;-
Istjørndalen;SN99770;02.01.2024 00:00;-5.4;-
Istjørndalen;SN99770;02.01.2024 01:00;-6.2;-
Istjørndalen;SN99770;02.01.2024 02:00;-6.7;-
Istjørndalen;SN99770;02.01.2024 03:00;-7.4;-
Istjørndalen;SN99770;02.01.2024 04:00;-7.7;-
Istjørndalen;SN99770;02.01.2024 05:00;-8.2;-
Istjørndalen;SN99770;02.01.2024 06:00;-8.2;-
Istjørndalen;SN99770;02.01.2024 07:00;-8.3;-
Istjørndalen;SN99770;02.01.2024 08:00;-8.5;-
Istjørndalen;SN99770;02.01.2024 09:00;-8.7;-
Istjørndalen;SN99770;02.01.2024 10:00;-9.3;-
Istjørndalen;SN99770;02.01.2024 11:00;-10.1;-
Istjørndalen;SN99770;02.01.2024 12:00;-10;-
Istjørndalen;SN99770;02.01.2024 13:00;-10.1;-
Istjørndalen;SN99770;02.01.2024 14:00;-10;-
Istjørndalen;SN99770;02.01.2024 15:00;-10.2;-
Istjørndalen;SN99770;02.01.2024 16:00;-10.1;-
Istjørndalen;SN99770;02.01.2024 17:00;-10.3;-
Istjørndalen;SN99770;02.01.2024 18:00;-10.3;-
Istjørndalen;SN99770;02.01.2024 19:00;-10.2;-
Istjørndalen;SN99770;02.01.2024 20:00;-10.2;-
Istjørndalen;SN99770;02.01.2024 21:00;-10.6;-
Istjørndalen;SN99770;02.01.2024 22:00;-10.9;-
Istjørndalen;SN99770;02.01.2024 23:00;-10.8;-
Istjørndalen;SN99770;03.01.2024 00:00;-10.5;-
Istjørndalen;SN99770;03.01.2024 01:00;-11.7;-
Istjørndalen;SN99770;03.01.2024 02:00;-11.5;-
Istjørndalen;SN99770;03.01.2024 03:00;-11.6;-
Istjørndalen;SN99770;03.01.2024 04:00;-11.6;-
Istjørndalen;SN99770;03.01.2024 05:00;-11.7;-
Istjørndalen;SN99770;03.01.2024 06:00;-12;-
Istjørndalen;SN99770;03.01.2024 07:00;-12;-
Istjørndalen;SN99770;03.01.2024 08:00;-12.4;-
Istjørndalen;SN99770;03.01.2024 09:00;-12.4;-
Istjørndalen;SN99770;03.01.2024 10:00;-12.9;-
Istjørndalen;SN99770;03.01.2024 11:00;-13;-
Istjørndalen;SN99770;03.01.2024 12:00;-13.2;-
Istjørndalen;SN99770;03.01.2024 13:00;-14.4;-
Istjørndalen;SN99770;03.01.2024 14:00;-15.8;-
Istjørndalen;SN99770;03.01.2024 15:00;-15.2;-
Istjørndalen;SN99770;03.01.2024 16:00;-14.8;-
Istjørndalen;SN99770;03.01.2024 17:00;-14.7;-
Istjørndalen;SN99770;03.01.2024 18:00;-14.1;-
Istjørndalen;SN99770;03.01.2024 19:00;-14.4;-
Istjørndalen;SN99770;03.01.2024 20:00;-14.5;-
Istjørndalen;SN99770;03.01.2024 21:00;-14.4;-
Istjørndalen;SN99770;03.01.2024 22:00;-15.4;-
Istjørndalen;SN99770;03.01.2024 23:00;-15.6;-
Istjørndalen;SN99770;04.01.2024 00:00;-15.7;-
Istjørndalen;SN99770;04.01.2024 01:00;-15.9;-
Istjørndalen;SN99770;04.01.2024 02:00;-16;-
Istjørndalen;SN99770;04.01.2024 03:00;-16;-
Istjørndalen;SN99770;04.01.2024 04:00;-16.4;-
Istjørndalen;SN99770;04.01.2024 05:00;-16.2;-
Istjørndalen;SN99770;04.01.2024 06:00;-16.7;-
Istjørndalen;SN99770;04.01.2024 07:00;-16.8;-
Istjørndalen;SN99770;04.01.2024 08:00;-16;-
Istjørndalen;SN99770;04.01.2024 09:00;-16.4;-
Istjørndalen;SN99770;04.01.2024 10:00;-16.7;-
Istjørndalen;SN99770;04.01.2024 11:00;-18.3;-
Istjørndalen;SN99770;04.01.2024 12:00;-18.6;-
Istjørndalen;SN99770;04.01.2024 13:00;-19.5;-
Istjørndalen;SN99770;04.01.2024 14:00;-19.9;-
Istjørndalen;SN99770;04.01.2024 15:00;-20.5;-
Istjørndalen;SN99770;04.01.2024 16:00;-20.5;-
Istjørndalen;SN99770;04.01.2024 17:00;-21.4;-
Istjørndalen;SN99770;04.01.2024 18:00;-20.7;-
Istjørndalen;SN99770;04.01.2024 19:00;-20.5;-
Istjørndalen;SN99770;04.01.2024 20:00;-20.8;-
Istjørndalen;SN99770;04.01.2024 21:00;-21.1;-
Istjørndalen;SN99770;04.01.2024 22:00;-21.6;-
Istjørndalen;SN99770;04.01.2024 23:00;-21.3;-
Istjørndalen;SN99770;05.01.2024 00:00;-21.3;-
Istjørndalen;SN99770;05.01.2024 01:00;-21.5;-
Istjørndalen;SN99770;05.01.2024 02:00;-21.4;-
Istjørndalen;SN99770;05.01.2024 03:00;-21.3;-
Istjørndalen;SN99770;05.01.2024 04:00;-22.2;-
Istjørndalen;SN99770;05.01.2024 05:00;-22.2;-
Istjørndalen;SN99770;05.01.2024 06:00;-21.8;-
Istjørndalen;SN99770;05.01.2024 07:00;-21.6;-
Istjørndalen;SN99770;05.01.2024 08:00;-24.2;-
Istjørndalen;SN99770;05.01.2024 09:00;-23.1;-
Istjørndalen;SN99770;05.01.2024 10:00;-23.2;-
Istjørndalen;SN99770;05.01.2024 11:00;-22;-
Istjørndalen;SN99770;05.01.2024 12:00;-22.4;-
Istjørndalen;SN99770;05.01.2024 13:00;-20.8;-
Istjørndalen;SN99770;05.01.2024 14:00;-19.6;-
Istjørndalen;SN99770;05.01.2024 15:00;-19.9;-
Istjørndalen;SN99770;05.01.2024 16:00;-19.7;-
Istjørndalen;SN99770;05.01.2024 17:00;-18.8;-
Istjørndalen;SN99770;05.01.2024 18:00;-19.4;-
Istjørndalen;SN99770;05.01.2024 19:00;-20;-
Istjørndalen;SN99770;05.01.2024 20:00;-17.4;-
Istjørndalen;SN99770;05.01.2024 21:00;-17.3;-
Istjørndalen;SN99770;05.01.2024 22:00;-16.8;-
Istjørndalen;SN99770;05.01.2024 23:00;-17;-
Istjørndalen;SN99770;06.01.2024 00:00;-17;-
Istjørndalen;SN99770;06.01.2024 01:00;-16.9;-
Istjørndalen;SN99770;06.01.2024 02:00;-17.3;-
Istjørndalen;SN99770;06.01.2024 03:00;-17.1;-
Istjørndalen;SN99770;06.01.2024 04:00;-17;-
Istjørndalen;SN99770;06.01.2024 05:00;-16.8;-
Istjørndalen;SN99770;06.01.2024 06:00;-16.8;-
Istjørndalen;SN99770;06.01.2024 07:00;-16.8;-
Istjørndalen;SN99770;06.01.2024 08:00;-16.6;-
Istjørndalen;SN99770;06.01.2024 09:00;-16.8;-
Istjørndalen;SN99770;06.01.2024 10:00;-16.8;-
Istjørndalen;SN99770;06.01.2024 11:00;-17.1;-
Istjørndalen;SN99770;06.01.2024 12:00;-17.5;-
Istjørndalen;SN99770;06.01.2024 13:00;-17.7;-
Istjørndalen;SN99770;06.01.2024 14:00;-17.3;-
Istjørndalen;SN99770;06.01.2024 15:00;-18.3;-
Istjørndalen;SN99770;06.01.2024 16:00;-18.5;-
Istjørndalen;SN99770;06.01.2024 17:00;-18.5;-
Istjørndalen;SN99770;06.01.2024 18:00;-18.1;-
Istjørndalen;SN99770;06.01.2024 19:00;-18.4;-
Istjørndalen;SN99770;06.01.2024 20:00;-18.5;-
Istjørndalen;SN99770;06.01.2024 21:00;-18.4;-
Istjørndalen;SN99770;06.01.2024 22:00;-18.1;-
Istjørndalen;SN99770;06.01.2024 23:00;-18.1;-
Istjørndalen;SN99770;07.01.2024 00:00;-18.2;-
Istjørndalen;SN99770;07.01.2024 01:00;-19.5;-
Istjørndalen;SN99770;07.01.2024 02:00;-18.9;-
Istjørndalen;SN99770;07.01.2024 03:00;-18.7;-
Istjørndalen;SN99770;07.01.2024 04:00;-18.4;-
Istjørndalen;SN99770;07.01.2024 05:00;-18.5;-
Istjørndalen;SN99770;07.01.2024 06:00;-18.4;-
Istjørndalen;SN99770;07.01.2024 07:00;-18.4;-
Istjørndalen;SN99770;07.01.2024 08:00;-18.2;-
Istjørndalen;SN99770;07.01.2024 09:00;-19.1;-
Istjørndalen;SN99770;07.01.2024 10:00;-20.9;-
Istjørndalen;SN99770;07.01.2024 11:00;-21.3;-
Istjørndalen;SN99770;07.01.2024 12:00;-21.6;-
Istjørndalen;SN99770;07.01.2024 13:00;-22;-
Istjørndalen;SN99770;07.01.2024 14:00;-22.1;-
Istjørndalen;SN99770;07.01.2024 15:00;-22.7;-
Istjørndalen;SN99770;07.01.2024 16:00;-22.9;-
Istjørndalen;SN99770;07.01.2024 17:00;-22.5;-
Istjørndalen;SN99770;07.01.2024 18:00;-21.3;-
Istjørndalen;SN99770;07.01.2024 19:00;-22.1;-
Istjørndalen;SN99770;07.01.2024 20:00;-21.9;-
Istjørndalen;SN99770;07.01.2024 21:00;-21.8;-
Istjørndalen;SN99770;07.01.2024 22:00;-21.2;-
Istjørndalen;SN99770;07.01.2024 23:00;-20.1;-
Istjørndalen;SN99770;08.01.2024 00:00;-19.1;-
Istjørndalen;SN99770;08.01.2024 01:00;-18.8;-
Istjørndalen;SN99770;08.01.2024 02:00;-18.1;-
Istjørndalen;SN99770;08.01.2024 03:00;-17.9;-
Istjørndalen;SN99770;08.01.2024 04:00;-18;-
Istjørndalen;SN99770;08.01.2024 05:00;-18;-
Istjørndalen;SN99770;08.01.2024 06:00;-17.4;-
Istjørndalen;SN99770;08.01.2024 07:00;-16.5;-
Istjørndalen;SN99770;08.01.2024 08:00;-16.8;-
Istjørndalen;SN99770;08.01.2024 09:00;-16.5;-
Istjørndalen;SN99770;08.01.2024 10:00;-15.8;-
Istjørndalen;SN99770;08.01.2024 11:00;-15.1;-
Istjørndalen;SN99770;08.01.2024 12:00;-14.5;-
Istjørndalen;SN99770;08.01.2024 13:00;-14.4;-
Istjørndalen;SN99770;08.01.2024 14:00;-14.1;-
Istjørndalen;SN99770;08.01.2024 15:00;-13.7;-
Istjørndalen;SN99770;08.01.2024 16:00;-13.9;-
Istjørndalen;SN99770;08.01.2024 17:00;-13.8;-
Istjørndalen;SN99770;08.01.2024 18:00;-13.6;-
Istjørndalen;SN99770;08.01.2024 19:00;-14.1;-
Istjørndalen;SN99770;08.01.2024 20:00;-14.6;-
Istjørndalen;SN99770;08.01.2024 21:00;-14.2;-
Istjørndalen;SN99770;08.01.2024 22:00;-13.6;-
Istjørndalen;SN99770;08.01.2024 23:00;-13.1;-
Istjørndalen;SN99770;09.01.2024 00:00;-13.4;-
Istjørndalen;SN99770;09.01.2024 01:00;-13.2;-
Istjørndalen;SN99770;09.01.2024 02:00;-13.3;-
Istjørndalen;SN99770;09.01.2024 03:00;-13;-
Istjørndalen;SN99770;09.01.2024 04:00;-13.2;-
Istjørndalen;SN99770;09.01.2024 05:00;-13.4;-
Istjørndalen;SN99770;09.01.2024 06:00;-13.5;-
Istjørndalen;SN99770;09.01.2024 07:00;-13.3;-
Istjørndalen;SN99770;09.01.2024 08:00;-13.4;-
Istjørndalen;SN99770;09.01.2024 09:00;-13.5;-
Istjørndalen;SN99770;09.01.2024 10:00;-13.1;-
Istjørndalen;SN99770;09.01.2024 11:00;-14.1;-
Istjørndalen;SN99770;09.01.2024 12:00;-14.9;-
Istjørndalen;SN99770;09.01.2024 13:00;-16.3;-
Istjørndalen;SN99770;09.01.2024 14:00;-16.8;-
Istjørndalen;SN99770;09.01.2024 15:00;-16.7;-
Istjørndalen;SN99770;09.01.2024 16:00;-17.4;-
Istjørndalen;SN99770;09.01.2024 17:00;-17.2;-
Istjørndalen;SN99770;09.01.2024 18:00;-17.2;-
Istjørndalen;SN99770;09.01.2024 19:00;-16;-
Istjørndalen;SN99770;09.01.2024 20:00;-16.5;-
Istjørndalen;SN99770;09.01.2024 21:00;-16.4;-
Istjørndalen;SN99770;09.01.2024 22:00;-14.9;-
Istjørndalen;SN99770;09.01.2024 23:00;-14;-
Istjørndalen;SN99770;10.01.2024 00:00;-14.3;-
Istjørndalen;SN99770;10.01.2024 01:00;-15.1;-
Istjørndalen;SN99770;10.01.2024 02:00;-13.7;-
Istjørndalen;SN99770;10.01.2024 03:00;-13.9;-
Istjørndalen;SN99770;10.01.2024 04:00;-13.3;-
Istjørndalen;SN99770;10.01.2024 05:00;-13.5;-
Istjørndalen;SN99770;10.01.2024 06:00;-13.7;-
Istjørndalen;SN99770;10.01.2024 07:00;-14.1;-
Istjørndalen;SN99770;10.01.2024 08:00;-14.2;-
Istjørndalen;SN99770;10.01.2024 09:00;-14.4;-
Istjørndalen;SN99770;10.01.2024 10:00;-14.3;-
Istjørndalen;SN99770;10.01.2024 11:00;-14.9;-
Istjørndalen;SN99770;10.01.2024 12:00;-15.1;-
Istjørndalen;SN99770;10.01.2024 13:00;-15.4;-
Istjørndalen;SN99770;10.01.2024 14:00;-16.5;-
Istjørndalen;SN99770;10.01.2024 15:00;-16.4;-
Istjørndalen;SN99770;10.01.2024 16:00;-16.1;-
Istjørndalen;SN99770;10.01.2024 17:00;-16.3;-
Istjørndalen;SN99770;10.01.2024 18:00;-16.6;-
Istjørndalen;SN99770;10.01.2024 19:00;-16.6;-
Istjørndalen;SN99770;10.01.2024 20:00;-16.1;-
Istjørndalen;SN99770;10.01.2024 21:00;-16.1;-
Istjørndalen;SN99770;10.01.2024 22:00;-15.9;-
Istjørndalen;SN99770;10.01.2024 23:00;-16;-
Istjørndalen;SN99770;11.01.2024 00:00;-15.8;-
Istjørndalen;SN99770;11.01.2024 01:00;-15.7;-
Istjørndalen;SN99770;11.01.2024 02:00;-15.6;-
Istjørndalen;SN99770;11.01.2024 03:00;-14.9;-
Istjørndalen;SN99770;11.01.2024 04:00;-14.6;-
Istjørndalen;SN99770;11.01.2024 05:00;-14.1;-
Istjørndalen;SN99770;11.01.2024 06:00;-13.8;-
Istjørndalen;SN99770;11.01.2024 07:00;-13.3;-
Istjørndalen;SN99770;11.01.2024 08:00;-14.1;-
Istjørndalen;SN99770;11.01.2024 09:00;-14;-
Istjørndalen;SN99770;11.01.2024 10:00;-13.5;-
Istjørndalen;SN99770;11.01.2024 11:00;-14.1;-
Istjørndalen;SN99770;11.01.2024 12:00;-14.3;-
Istjørndalen;SN99770;11.01.2024 13:00;-15;-
Istjørndalen;SN99770;11.01.2024 14:00;-14.3;-
Istjørndalen;SN99770;11.01.2024 15:00;-14.1;-
Istjørndalen;SN99770;11.01.2024 16:00;-15.9;-
Istjørndalen;SN99770;11.01.2024 17:00;-14.5;-
Istjørndalen;SN99770;11.01.2024 18:00;-16.1;-
Istjørndalen;SN99770;11.01.2024 19:00;-16.3;-
Istjørndalen;SN99770;11.01.2024 20:00;-16.6;-
Istjørndalen;SN99770;11.01.2024 21:00;-16.8;-
Istjørndalen;SN99770;11.01.2024 22:00;-16.2;-
Istjørndalen;SN99770;11.01.2024 23:00;-16.1;-
Istjørndalen;SN99770;12.01.2024 00:00;-16.5;-
Istjørndalen;SN99770;12.01.2024 01:00;-17.5;-
Istjørndalen;SN99770;12.01.2024 02:00;-15.4;-
Istjørndalen;SN99770;12.01.2024 03:00;-16.4;-
Istjørndalen;SN99770;12.01.2024 04:00;-16;-
Istjørndalen;SN99770;12.01.2024 05:00;-14.2;-
Istjørndalen;SN99770;12.01.2024 06:00;-15;-
Istjørndalen;SN99770;12.01.2024 07:00;-14.9;-
Istjørndalen;SN99770;12.01.2024 08:00;-13.3;-
Istjørndalen;SN99770;12.01.2024 09:00;-15.1;-
Istjørndalen;SN99770;12.01.2024 10:00;-12.1;-
Istjørndalen;SN99770;12.01.2024 11:00;-14.3;-
Istjørndalen;SN99770;12.01.2024 12:00;-12.8;-
Istjørndalen;SN99770;12.01.2024 13:00;-12.9;-
Istjørndalen;SN99770;12.01.2024 14:00;-12.9;-
Istjørndalen;SN99770;12.01.2024 15:00;-12.8;-
Istjørndalen;SN99770;12.01.2024 16:00;-13.2;-
Istjørndalen;SN99770;12.01.2024 17:00;-14.1;-
Istjørndalen;SN99770;12.01.2024 18:00;-14.4;-
Istjørndalen;SN99770;12.01.2024 19:00;-14;-
Istjørndalen;SN99770;12.01.2024 20:00;-14.9;-
Istjørndalen;SN99770;12.01.2024 21:00;-14.6;-
Istjørndalen;SN99770;12.01.2024 22:00;-14.8;-
Istjørndalen;SN99770;12.01.2024 23:00;-14.3;-
Istjørndalen;SN99770;13.01.2024 00:00;-14.1;-
Istjørndalen;SN99770;13.01.2024 01:00;-14.9;-
Istjørndalen;SN99770;13.01.2024 02:00;-13.7;-
Istjørndalen;SN99770;13.01.2024 03:00;-13.4;-
Istjørndalen;SN99770;13.01.2024 04:00;-13.6;-
Istjørndalen;SN99770;13.01.2024 05:00;-13.9;-
Istjørndalen;SN99770;13.01.2024 06:00;-14.6;-
Istjørndalen;SN99770;13.01.2024 07:00;-15.4;-
Istjørndalen;SN99770;13.01.2024 08:00;-15.5;-
Istjørndalen;SN99770;13.01.2024 09:00;-16;-
Istjørndalen;SN99770;13.01.2024 10:00;-16.5;-
Istjørndalen;SN99770;13.01.2024 11:00;-16.7;-
Istjørndalen;SN99770;13.01.2024 12:00;-17.3;-
Istjørndalen;SN99770;13.01.2024 13:00;-17.3;-
Istjørndalen;SN99770;13.01.2024 14:00;-18.1;-
Istjørndalen;SN99770;13.01.2024 15:00;-17.1;-
Istjørndalen;SN99770;13.01.2024 16:00;-16.2;-
Istjørndalen;SN99770;13.01.2024 17:00;-15.9;-
Istjørndalen;SN99770;13.01.2024 18:00;-16;-
Istjørndalen;SN99770;13.01.2024 19:00;-16.1;-
Istjørndalen;SN99770;13.01.2024 20:00;-16.3;-
Istjørndalen;SN99770;13.01.2024 21:00;-16.4;-
Istjørndalen;SN99770;13.01.2024 22:00;-16.8;-
Istjørndalen;SN99770;13.01.2024 23:00;-17.3;-
Istjørndalen;SN99770;14.01.2024 00:00;-18.2;-
Istjørndalen;SN99770;14.01.2024 01:00;-18.4;-
Istjørndalen;SN99770;14.01.2024 02:00;-19.2;-
Istjørndalen;SN99770;14.01.2024 03:00;-19.5;-
Istjørndalen;SN99770;14.01.2024 04:00;-19.5;-
Istjørndalen;SN99770;14.01.2024 05:00;-21.1;-
Istjørndalen;SN99770;14.01.2024 06:00;-20.3;-
Istjørndalen;SN99770;14.01.2024 07:00;-21.2;-
Istjørndalen;SN99770;14.01.2024 08:00;-20.7;-
Istjørndalen;SN99770;14.01.2024 09:00;-20.2;-
Istjørndalen;SN99770;14.01.2024 10:00;-20;-
Istjørndalen;SN99770;14.01.2024 11:00;-20.3;-
Istjørndalen;SN99770;14.01.2024 12:00;-21.5;-
Istjørndalen;SN99770;14.01.2024 13:00;-22.9;-
Istjørndalen;SN99770;14.01.2024 14:00;-23.7;-
Istjørndalen;SN99770;14.01.2024 15:00;-24.6;-
Istjørndalen;SN99770;14.01.2024 16:00;-24.7;-
Istjørndalen;SN99770;14.01.2024 17:00;-24;-
Istjørndalen;SN99770;14.01.2024 18:00;-24.8;-
Istjørndalen;SN99770;14.01.2024 19:00;-25;-
Istjørndalen;SN99770;14.01.2024 20:00;-23.9;-
Istjørndalen;SN99770;14.01.2024 21:00;-24.3;-
Istjørndalen;SN99770;14.01.2024 22:00;-24.2;-
Istjørndalen;SN99770;14.01.2024 23:00;-26.1;-
Istjørndalen;SN99770;15.01.2024 00:00;-25.9;-
Istjørndalen;SN99770;15.01.2024 01:00;-25.2;-
Istjørndalen;SN99770;15.01.2024 02:00;-25.3;-
Istjørndalen;SN99770;15.01.2024 03:00;-25.1;-
Istjørndalen;SN99770;15.01.2024 04:00;-24.8;-
Istjørndalen;SN99770;15.01.2024 05:00;-25.4;-
Istjørndalen;SN99770;15.01.2024 06:00;-23.7;-
Istjørndalen;SN99770;15.01.2024 07:00;-25.4;-
Istjørndalen;SN99770;15.01.2024 08:00;-25.4;-
Istjørndalen;SN99770;15.01.2024 09:00;-22.5;-
Istjørndalen;SN99770;15.01.2024 10:00;-25.2;-
Istjørndalen;SN99770;15.01.2024 11:00;-24.2;-
Istjørndalen;SN99770;15.01.2024 12:00;-23.6;-
Istjørndalen;SN99770;15.01.2024 13:00;-23;-
Istjørndalen;SN99770;15.01.2024 14:00;-23.7;-
Istjørndalen;SN99770;15.01.2024 15:00;-21.4;-
Istjørndalen;SN99770;15.01.2024 16:00;-20.9;-
Istjørndalen;SN99770;15.01.2024 17:00;-21.8;-
Istjørndalen;SN99770;15.01.2024 18:00;-20;-
Istjørndalen;SN99770;15.01.2024 19:00;-22.2;-
Istjørndalen;SN99770;15.01.2024 20:00;-22.1;-
Istjørndalen;SN99770;15.01.2024 21:00;-21;-
Istjørndalen;SN99770;15.01.2024 22:00;-21.4;-
Istjørndalen;SN99770;15.01.2024 23:00;-20.7;-
Istjørndalen;SN99770;16.01.2024 00:00;-21.7;-
Istjørndalen;SN99770;16.01.2024 01:00;-23.5;-
Istjørndalen;SN99770;16.01.2024 02:00;-22.7;-
Istjørndalen;SN99770;16.01.2024 03:00;-20.1;-
Istjørndalen;SN99770;16.01.2024 04:00;-21.1;-
Istjørndalen;SN99770;16.01.2024 05:00;-20.8;-
Istjørndalen;SN99770;16.01.2024 06:00;-19.1;-
Istjørndalen;SN99770;16.01.2024 07:00;-20.9;-
Istjørndalen;SN99770;16.01.2024 08:00;-21.1;-
Istjørndalen;SN99770;16.01.2024 09:00;-21.1;-
Istjørndalen;SN99770;16.01.2024 10:00;-23.8;-
Istjørndalen;SN99770;16.01.2024 11:00;-24;-
Istjørndalen;SN99770;16.01.2024 12:00;-24.3;-
Istjørndalen;SN99770;16.01.2024 13:00;-24.9;-
Istjørndalen;SN99770;16.01.2024 14:00;-25.2;-
Istjørndalen;SN99770;16.01.2024 15:00;-23.8;-
Istjørndalen;SN99770;16.01.2024 16:00;-24.6;-
Istjørndalen;SN99770;16.01.2024 17:00;-26;-
Istjørndalen;SN99770;16.01.2024 18:00;-26.6;-
Istjørndalen;SN99770;16.01.2024 19:00;-27;-
Istjørndalen;SN99770;16.01.2024 20:00;-25.5;-
Istjørndalen;SN99770;16.01.2024 21:00;-25.8;-
Istjørndalen;SN99770;16.01.2024 22:00;-28.9;-
Istjørndalen;SN99770;16.01.2024 23:00;-26.5;-
Istjørndalen;SN99770;17.01.2024 00:00;-26.4;-
Istjørndalen;SN99770;17.01.2024 01:00;-23.6;-
Istjørndalen;SN99770;17.01.2024 02:00;-22.7;-
Istjørndalen;SN99770;17.01.2024 03:00;-22.7;-
Istjørndalen;SN99770;17.01.2024 04:00;-22;-
Istjørndalen;SN99770;17.01.2024 05:00;-23;-
Istjørndalen;SN99770;17.01.2024 06:00;-22.3;-
Istjørndalen;SN99770;17.01.2024 07:00;-21.4;-
Istjørndalen;SN99770;17.01.2024 08:00;-19.8;-
Istjørndalen;SN99770;17.01.2024 09:00;-18.1;-
Istjørndalen;SN99770;17.01.2024 10:00;-16.2;-
Istjørndalen;SN99770;17.01.2024 11:00;-15.4;-
Istjørndalen;SN99770;17.01.2024 12:00;-15.2;-
Istjørndalen;SN99770;17.01.2024 13:00;-12;-
Istjørndalen;SN99770;17.01.2024 14:00;-9.1;-
Istjørndalen;SN99770;17.01.2024 15:00;-8.3;-
Istjørndalen;SN99770;17.01.2024 16:00;-10.2;-
Istjørndalen;SN99770;17.01.2024 17:00;-10.2;-
Istjørndalen;SN99770;17.01.2024 18:00;-9.2;-
Istjørndalen;SN99770;17.01.2024 19:00;-11.3;-
Istjørndalen;SN99770;17.01.2024 20:00;-13.9;-
Istjørndalen;SN99770;17.01.2024 21:00;-12;-
Istjørndalen;SN99770;17.01.2024 22:00;-15;-
Istjørndalen;SN99770;17.01.2024 23:00;-16.6;-
Istjørndalen;SN99770;18.01.2024 00:00;-15.4;-
Istjørndalen;SN99770;18.01.2024 01:00;-17.8;-
Istjørndalen;SN99770;18.01.2024 02:00;-16.7;-
Istjørndalen;SN99770;18.01.2024 03:00;-17.2;-
Istjørndalen;SN99770;18.01.2024 04:00;-16.1;-
Istjørndalen;SN99770;18.01.2024 05:00;-16.6;-
Istjørndalen;SN99770;18.01.2024 06:00;-16.5;-
Istjørndalen;SN99770;18.01.2024 07:00;-16.6;-
Istjørndalen;SN99770;18.01.2024 08:00;-17.6;-
Istjørndalen;SN99770;18.01.2024 09:00;-18.7;-
Istjørndalen;SN99770;18.01.2024 10:00;-18.8;-
Istjørndalen;SN99770;18.01.2024 11:00;-19.3;-
Istjørndalen;SN99770;18.01.2024 12:00;-19.7;-
Istjørndalen;SN99770;18.01.2024 13:00;-22.9;-
Istjørndalen;SN99770;18.01.2024 14:00;-20.3;-
Istjørndalen;SN99770;18.01.2024 15:00;-19.6;-
Istjørndalen;SN99770;18.01.2024 16:00;-20.9;-
Istjørndalen;SN99770;18.01.2024 17:00;-19.6;-
Istjørndalen;SN99770;18.01.2024 18:00;-18.2;-
Istjørndalen;SN99770;18.01.2024 19:00;-16.8;-
Istjørndalen;SN99770;18.01.2024 20:00;-16.8;-
Istjørndalen;SN99770;18.01.2024 21:00;-16.4;-
Istjørndalen;SN99770;18.01.2024 22:00;-16.1;-
Istjørndalen;SN99770;18.01.2024 23:00;-17.3;-
Istjørndalen;SN99770;19.01.2024 00:00;-16;-
Istjørndalen;SN99770;19.01.2024 01:00;-16.8;-
Istjørndalen;SN99770;19.01.2024 02:00;-19.5;-
Istjørndalen;SN99770;19.01.2024 03:00;-21;-
Istjørndalen;SN99770;19.01.2024 04:00;-20.4;-
Istjørndalen;SN99770;19.01.2024 05:00;-21.3;-
Istjørndalen;SN99770;19.01.2024 06:00;-22.4;-
Istjørndalen;SN99770;19.01.2024 07:00;-22.9;-
Istjørndalen;SN99770;19.01.2024 08:00;-23.3;-
Istjørndalen;SN99770;19.01.2024 09:00;-21.9;-
Istjørndalen;SN99770;19.01.2024 10:00;-22.9;-
Istjørndalen;SN99770;19.01.2024 11:00;-22;-
Istjørndalen;SN99770;19.01.2024 12:00;-22.1;-
Istjørndalen;SN99770;19.01.2024 13:00;-22.9;-
Istjørndalen;SN99770;19.01.2024 14:00;-21.8;-
Istjørndalen;SN99770;19.01.2024 15:00;-23.1;-
Istjørndalen;SN99770;19.01.2024 16:00;-22.8;-
Istjørndalen;SN99770;19.01.2024 17:00;-22.2;-
Istjørndalen;SN99770;19.01.2024 18:00;-21.1;-
Istjørndalen;SN99770;19.01.2024 19:00;-23.4;-
Istjørndalen;SN99770;19.01.2024 20:00;-21.1;-
Istjørndalen;SN99770;19.01.2024 21:00;-22.2;-
Istjørndalen;SN99770;19.01.2024 22:00;-22.4;-
Istjørndalen;SN99770;19.01.2024 23:00;-21.7;-
Istjørndalen;SN99770;20.01.2024 00:00;-22.9;-
Istjørndalen;SN99770;20.01.2024 01:00;-22.5;-
Istjørndalen;SN99770;20.01.2024 02:00;-22.3;-
Istjørndalen;SN99770;20.01.2024 03:00;-21.9;-
Istjørndalen;SN99770;20.01.2024 04:00;-21;-
Istjørndalen;SN99770;20.01.2024 05:00;-21.5;-
Istjørndalen;SN99770;20.01.2024 06:00;-21.8;-
Istjørndalen;SN99770;20.01.2024 07:00;-20.9;-
Istjørndalen;SN99770;20.01.2024 08:00;-21.8;-
Istjørndalen;SN99770;20.01.2024 09:00;-21.2;-
Istjørndalen;SN99770;20.01.2024 10:00;-21.3;-
Istjørndalen;SN99770;20.01.2024 11:00;-21.2;-
Istjørndalen;SN99770;20.01.2024 12:00;-20.2;-
Istjørndalen;SN99770;20.01.2024 13:00;-18.5;-
Istjørndalen;SN99770;20.01.2024 14:00;-18.3;-
Istjørndalen;SN99770;20.01.2024 15:00;-20.3;-
Istjørndalen;SN99770;20.01.2024 16:00;-20.4;-
Istjørndalen;SN99770;20.01.2024 17:00;-18.8;-
Istjørndalen;SN99770;20.01.2024 18:00;-18;-
Istjørndalen;SN99770;20.01.2024 19:00;-17.3;-
Istjørndalen;SN99770;20.01.2024 20:00;-17.4;-
Istjørndalen;SN99770;20.01.2024 21:00;-19.2;-
Istjørndalen;SN99770;20.01.2024 22:00;-18.1;-
Istjørndalen;SN99770;20.01.2024 23:00;-18.1;-
Istjørndalen;SN99770;21.01.2024 00:00;-18.5;-
Istjørndalen;SN99770;21.01.2024 01:00;-18.8;-
Istjørndalen;SN99770;21.01.2024 02:00;-18.3;-
Istjørndalen;SN99770;21.01.2024 03:00;-20.4;-
Istjørndalen;SN99770;21.01.2024 04:00;-18.2;-
Istjørndalen;SN99770;21.01.2024 05:00;-20.6;-
Istjørndalen;SN99770;21.01.2024 06:00;-18.1;-
Istjørndalen;SN99770;21.01.2024 07:00;-18.4;-
Istjørndalen;SN99770;21.01.2024 08:00;-17.8;-
Istjørndalen;SN99770;21.01.2024 09:00;-16.7;-
Istjørndalen;SN99770;21.01.2024 10:00;-16.3;-
Istjørndalen;SN99770;21.01.2024 11:00;-15.9;-
Istjørndalen;SN99770;21.01.2024 12:00;-14;-
Istjørndalen;SN99770;21.01.2024 13:00;-13;-
Istjørndalen;SN99770;21.01.2024 14:00;-13.3;-
Istjørndalen;SN99770;21.01.2024 15:00;-12.4;-
Istjørndalen;SN99770;21.01.2024 16:00;-11.4;-
Istjørndalen;SN99770;21.01.2024 17:00;-11.6;-
Istjørndalen;SN99770;21.01.2024 18:00;-11.7;-
Istjørndalen;SN99770;21.01.2024 19:00;-12.8;-
Istjørndalen;SN99770;21.01.2024 20:00;-11.1;-
Istjørndalen;SN99770;21.01.2024 21:00;-10.6;-
Istjørndalen;SN99770;21.01.2024 22:00;-12.3;-
Istjørndalen;SN99770;21.01.2024 23:00;-13.1;-
Istjørndalen;SN99770;22.01.2024 00:00;-11.1;-
Istjørndalen;SN99770;22.01.2024 01:00;-8.7;-
Istjørndalen;SN99770;22.01.2024 02:00;-10.5;-
Istjørndalen;SN99770;22.01.2024 03:00;-9.4;-
Istjørndalen;SN99770;22.01.2024 04:00;-7.4;-
Istjørndalen;SN99770;22.01.2024 05:00;-7.8;-
Istjørndalen;SN99770;22.01.2024 06:00;-8.2;-
Istjørndalen;SN99770;22.01.2024 07:00;-8;-
Istjørndalen;SN99770;22.01.2024 08:00;-8.6;-
Istjørndalen;SN99770;22.01.2024 09:00;-9.2;-
Istjørndalen;SN99770;22.01.2024 10:00;-9.5;-
Istjørndalen;SN99770;22.01.2024 11:00;-9.3;-
Istjørndalen;SN99770;22.01.2024 12:00;-9.3;-
Istjørndalen;SN99770;22.01.2024 13:00;-9;-
Istjørndalen;SN99770;22.01.2024 14:00;-9.1;-
Istjørndalen;SN99770;22.01.2024 15:00;-8.6;-
Istjørndalen;SN99770;22.01.2024 16:00;-8.2;-
Istjørndalen;SN99770;22.01.2024 17:00;-8;-
Istjørndalen;SN99770;22.01.2024 18:00;-7.5;-
Istjørndalen;SN99770;22.01.2024 19:00;-7;-
Istjørndalen;SN99770;22.01.2024 20:00;-7;-
Istjørndalen;SN99770;22.01.2024 21:00;-6.8;-
Istjørndalen;SN99770;22.01.2024 22:00;-6.9;-
Istjørndalen;SN99770;22.01.2024 23:00;-6.1;-
Istjørndalen;SN99770;23.01.2024 00:00;-5.4;-
Istjørndalen;SN99770;23.01.2024 01:00;-5.1;-
Istjørndalen;SN99770;23.01.2024 02:00;-4.6;-
Istjørndalen;SN99770;23.01.2024 03:00;-4.7;-
Istjørndalen;SN99770;23.01.2024 04:00;-4.3;-
Istjørndalen;SN99770;23.01.2024 05:00;-4.1;-
Istjørndalen;SN99770;23.01.2024 06:00;-3.8;-
Istjørndalen;SN99770;23.01.2024 07:00;-3.6;-
Istjørndalen;SN99770;23.01.2024 08:00;-3.4;-
Istjørndalen;SN99770;23.01.2024 09:00;-3.4;-
Istjørndalen;SN99770;23.01.2024 10:00;-3.3;-
Istjørndalen;SN99770;23.01.2024 11:00;-3.1;-
Istjørndalen;SN99770;23.01.2024 12:00;-2.8;-
Istjørndalen;SN99770;23.01.2024 13:00;-2.7;-
Istjørndalen;SN99770;23.01.2024 14:00;-2.8;-
Istjørndalen;SN99770;23.01.2024 15:00;-2.9;-
Istjørndalen;SN99770;23.01.2024 16:00;-2.8;-
Istjørndalen;SN99770;23.01.2024 17:00;-3;-
Istjørndalen;SN99770;23.01.2024 18:00;-3.3;-
Istjørndalen;SN99770;23.01.2024 19:00;-3.2;-
Istjørndalen;SN99770;23.01.2024 20:00;-3.4;-
Istjørndalen;SN99770;23.01.2024 21:00;-3.5;-
Istjørndalen;SN99770;23.01.2024 22:00;-3.1;-
Istjørndalen;SN99770;23.01.2024 23:00;-2.9;-
Istjørndalen;SN99770;24.01.2024 00:00;-2.8;-
Istjørndalen;SN99770;24.01.2024 01:00;-2.7;-
Istjørndalen;SN99770;24.01.2024 02:00;-2.5;-
Istjørndalen;SN99770;24.01.2024 03:00;-2.4;-
Istjørndalen;SN99770;24.01.2024 04:00;-2.2;-
Istjørndalen;SN99770;24.01.2024 05:00;-2.2;-
Istjørndalen;SN99770;24.01.2024 06:00;-2.4;-
Istjørndalen;SN99770;24.01.2024 07:00;-2.3;-
Istjørndalen;SN99770;24.01.2024 08:00;-2.4;-
Istjørndalen;SN99770;24.01.2024 09:00;-2.9;-
Istjørndalen;SN99770;24.01.2024 10:00;-3.1;-
Istjørndalen;SN99770;24.01.2024 11:00;-3.1;-
Istjørndalen;SN99770;24.01.2024 12:00;-4;-
Istjørndalen;SN99770;24.01.2024 13:00;-4.8;-
Istjørndalen;SN99770;24.01.2024 14:00;-6.8;-
Istjørndalen;SN99770;24.01.2024 15:00;-7.6;-
Istjørndalen;SN99770;24.01.2024 16:00;-8.2;-
Istjørndalen;SN99770;24.01.2024 17:00;-6.9;-
Istjørndalen;SN99770;24.01.2024 18:00;-7.9;-
Istjørndalen;SN99770;24.01.2024 19:00;-7.4;-
Istjørndalen;SN99770;24.01.2024 20:00;-5.4;-
Istjørndalen;SN99770;24.01.2024 21:00;-5.8;-
Istjørndalen;SN99770;24.01.2024 22:00;-6.3;-
Istjørndalen;SN99770;24.01.2024 23:00;-5.7;-
Istjørndalen;SN99770;25.01.2024 00:00;-4.1;-
Istjørndalen;SN99770;25.01.2024 01:00;-4.3;-
Istjørndalen;SN99770;25.01.2024 02:00;-5.4;-
Istjørndalen;SN99770;25.01.2024 03:00;-6.5;-
Istjørndalen;SN99770;25.01.2024 04:00;-5.8;-
Istjørndalen;SN99770;25.01.2024 05:00;-5.7;-
Istjørndalen;SN99770;25.01.2024 06:00;-5.8;-
Istjørndalen;SN99770;25.01.2024 07:00;-5.1;-
Istjørndalen;SN99770;25.01.2024 08:00;-5.6;-
Istjørndalen;SN99770;25.01.2024 09:00;-5.2;-
Istjørndalen;SN99770;25.01.2024 10:00;-4.2;-
Istjørndalen;SN99770;25.01.2024 11:00;-3.8;-
Istjørndalen;SN99770;25.01.2024 12:00;-3.6;-
Istjørndalen;SN99770;25.01.2024 13:00;-2.6;-
Istjørndalen;SN99770;25.01.2024 14:00;-3.6;-
Istjørndalen;SN99770;25.01.2024 15:00;-3.1;-
Istjørndalen;SN99770;25.01.2024 16:00;-2.8;-
Istjørndalen;SN99770;25.01.2024 17:00;-1.6;-
Istjørndalen;SN99770;25.01.2024 18:00;-3;-
Istjørndalen;SN99770;25.01.2024 19:00;-1.7;-
Istjørndalen;SN99770;25.01.2024 20:00;-2.6;-
Istjørndalen;SN99770;25.01.2024 21:00;-0.9;-
Istjørndalen;SN99770;25.01.2024 22:00;-1.1;-
Istjørndalen;SN99770;25.01.2024 23:00;-1.5;-
Istjørndalen;SN99770;26.01.2024 00:00;-1.1;-
Istjørndalen;SN99770;26.01.2024 01:00;-0.5;-
Istjørndalen;SN99770;26.01.2024 02:00;2.6;-
Istjørndalen;SN99770;26.01.2024 03:00;2.8;-
Istjørndalen;SN99770;26.01.2024 04:00;3.1;-
Istjørndalen;SN99770;26.01.2024 05:00;1.4;-
Istjørndalen;SN99770;26.01.2024 06:00;0.8;-
Istjørndalen;SN99770;26.01.2024 07:00;1.8;-
Istjørndalen;SN99770;26.01.2024 08:00;1.1;-
Istjørndalen;SN99770;26.01.2024 09:00;3.7;-
Istjørndalen;SN99770;26.01.2024 10:00;1.5;-
Istjørndalen;SN99770;26.01.2024 11:00;1.6;-
Istjørndalen;SN99770;26.01.2024 12:00;2.6;-
Istjørndalen;SN99770;26.01.2024 13:00;2.3;-
Istjørndalen;SN99770;26.01.2024 14:00;2.5;-
Istjørndalen;SN99770;26.01.2024 15:00;2.7;-
Istjørndalen;SN99770;26.01.2024 16:00;2.7;-
Istjørndalen;SN99770;26.01.2024 17:00;1.8;-
Istjørndalen;SN99770;26.01.2024 18:00;-1.3;-
Istjørndalen;SN99770;26.01.2024 19:00;0.3;-
Istjørndalen;SN99770;26.01.2024 20:00;0.7;-
Istjørndalen;SN99770;26.01.2024 21:00;0.1;-
Istjørndalen;SN99770;26.01.2024 22:00;0.1;-
Istjørndalen;SN99770;26.01.2024 23:00;0;-
Istjørndalen;SN99770;27.01.2024 00:00;-0.6;-
Istjørndalen;SN99770;27.01.2024 01:00;-1.6;-
Istjørndalen;SN99770;27.01.2024 02:00;-3;-
Istjørndalen;SN99770;27.01.2024 03:00;-4.1;-
Istjørndalen;SN99770;27.01.2024 04:00;-2;-
Istjørndalen;SN99770;27.01.2024 05:00;-2;-
Istjørndalen;SN99770;27.01.2024 06:00;-2.3;-
Istjørndalen;SN99770;27.01.2024 07:00;-1.8;-
Istjørndalen;SN99770;27.01.2024 08:00;-2.3;-
Istjørndalen;SN99770;27.01.2024 09:00;-2;-
Istjørndalen;SN99770;27.01.2024 10:00;-2.1;-
Istjørndalen;SN99770;27.01.2024 11:00;-2.1;-
Istjørndalen;SN99770;27.01.2024 12:00;-1.7;-
Istjørndalen;SN99770;27.01.2024 13:00;-1.8;-
Istjørndalen;SN99770;27.01.2024 14:00;-3;-
Istjørndalen;SN99770;27.01.2024 15:00;-3.8;-
Istjørndalen;SN99770;27.01.2024 16:00;-5.3;-
Istjørndalen;SN99770;27.01.2024 17:00;-5.9;-
Istjørndalen;SN99770;27.01.2024 18:00;-6.9;-
Istjørndalen;SN99770;27.01.2024 19:00;-6.7;-
Istjørndalen;SN99770;27.01.2024 20:00;-6.4;-
Istjørndalen;SN99770;27.01.2024 21:00;-4.8;-
Istjørndalen;SN99770;27.01.2024 22:00;-4.7;-
Istjørndalen;SN99770;27.01.2024 23:00;-4.2;-
Istjørndalen;SN99770;28.01.2024 00:00;-4;-
Istjørndalen;SN99770;28.01.2024 01:00;-3.9;-
Istjørndalen;SN99770;28.01.2024 02:00;-4.5;-
Istjørndalen;SN99770;28.01.2024 03:00;-3.4;-
Istjørndalen;SN99770;28.01.2024 04:00;-4.6;-
Istjørndalen;SN99770;28.01.2024 05:00;-4.1;-
Istjørndalen;SN99770;28.01.2024 06:00;-3.9;-
Istjørndalen;SN99770;28.01.2024 07:00;-3.6;-
Istjørndalen;SN99770;28.01.2024 08:00;-4.8;-
Istjørndalen;SN99770;28.01.2024 09:00;-5.9;-
Istjørndalen;SN99770;28.01.2024 10:00;-5.5;-
Istjørndalen;SN99770;28.01.2024 11:00;-6;-
Istjørndalen;SN99770;28.01.2024 12:00;-6.8;-
Istjørndalen;SN99770;28.01.2024 13:00;-6.5;-
Istjørndalen;SN99770;28.01.2024 14:00;-7.1;-
Istjørndalen;SN99770;28.01.2024 15:00;-8.5;-
Istjørndalen;SN99770;28.01.2024 16:00;-7.5;-
Istjørndalen;SN99770;28.01.2024 17:00;-10.4;-
Istjørndalen;SN99770;28.01.2024 18:00;-10.6;-
Istjørndalen;SN99770;28.01.2024 19:00;-10.7;-
Istjørndalen;SN99770;28.01.2024 20:00;-9.8;-
Istjørndalen;SN99770;28.01.2024 21:00;-10.7;-
Istjørndalen;SN99770;28.01.2024 22:00;-9.9;-
Istjørndalen;SN99770;28.01.2024 23:00;-12.1;-
Istjørndalen;SN99770;29.01.2024 00:00;-10.9;-
Istjørndalen;SN99770;29.01.2024 01:00;-11.1;-
Istjørndalen;SN99770;29.01.2024 02:00;-11.7;-
Istjørndalen;SN99770;29.01.2024 03:00;-11.2;-
Istjørndalen;SN99770;29.01.2024 04:00;-11.6;-
Istjørndalen;SN99770;29.01.2024 05:00;-10.2;-
Istjørndalen;SN99770;29.01.2024 06:00;-9.6;-
Istjørndalen;SN99770;29.01.2024 07:00;-5.9;-
Istjørndalen;SN99770;29.01.2024 08:00;-5.4;-
Istjørndalen;SN99770;29.01.2024 09:00;-4.7;-
Istjørndalen;SN99770;29.01.2024 10:00;-4.3;-
Istjørndalen;SN99770;29.01.2024 11:00;-4.5;-
Istjørndalen;SN99770;29.01.2024 12:00;-4;-
Istjørndalen;SN99770;29.01.2024 13:00;-4.2;-
Istjørndalen;SN99770;29.01.2024 14:00;-4.3;-
Istjørndalen;SN99770;29.01.2024 15:00;-4.3;-
Istjørndalen;SN99770;29.01.2024 16:00;-3.7;-
Istjørndalen;SN99770;29.01.2024 17:00;-3.4;-
Istjørndalen;SN99770;29.01.2024 18:00;-4.2;-
Istjørndalen;SN99770;29.01.2024 19:00;-3.6;-
Istjørndalen;SN99770;29.01.2024 20:00;-3.4;-
Istjørndalen;SN99770;29.01.2024 21:00;-3.7;-
Istjørndalen;SN99770;29.01.2024 22:00;-4.3;-
Istjørndalen;SN99770;29.01.2024 23:00;-4.3;-
Istjørndalen;SN99770;30.01.2024 00:00;-4.1;-
Istjørndalen;SN99770;30.01.2024 01:00;-4.2;-
Istjørndalen;SN99770;30.01.2024 02:00;-4.3;-
Istjørndalen;SN99770;30.01.2024 03:00;-4.1;-
Istjørndalen;SN99770;30.01.2024 04:00;-4.3;-
Istjørndalen;SN99770;30.01.2024 05:00;-3.6;-
Istjørndalen;SN99770;30.01.2024 06:00;-3.8;-
Istjørndalen;SN99770;30.01.2024 07:00;-3.9;-
Istjørndalen;SN99770;30.01.2024 08:00;-3.7;-
Istjørndalen;SN99770;30.01.2024 09:00;-3.7;-
Istjørndalen;SN99770;30.01.2024 10:00;-3.7;-
Istjørndalen;SN99770;30.01.2024 11:00;-4.6;-
Istjørndalen;SN99770;30.01.2024 12:00;-5.1;-
Istjørndalen;SN99770;30.01.2024 13:00;-5.7;-
Istjørndalen;SN99770;30.01.2024 14:00;-5;-
Istjørndalen;SN99770;30.01.2024 15:00;-5.6;-
Istjørndalen;SN99770;30.01.2024 16:00;-5.8;-
Istjørndalen;SN99770;30.01.2024 17:00;-5.7;-
Istjørndalen;SN99770;30.01.2024 18:00;-6.1;-
Istjørndalen;SN99770;30.01.2024 19:00;-6.8;-
Istjørndalen;SN99770;30.01.2024 20:00;-7;-
Istjørndalen;SN99770;30.01.2024 21:00;-7.2;-
Istjørndalen;SN99770;30.01.2024 22:00;-6.9;-
Istjørndalen;SN99770;30.01.2024 23:00;-6.6;-
Istjørndalen;SN99770;31.01.2024 00:00;-7.5;-
Istjørndalen;SN99770;31.01.2024 01:00;-7.9;-
Istjørndalen;SN99770;31.01.2024 02:00;-7.9;-
Istjørndalen;SN99770;31.01.2024 03:00;-7.4;-
Istjørndalen;SN99770;31.01.2024 04:00;-7.1;-
Istjørndalen;SN99770;31.01.2024 05:00;-7.6;-
Istjørndalen;SN99770;31.01.2024 06:00;-7.7;-
Istjørndalen;SN99770;31.01.2024 07:00;-7.9;-
Istjørndalen;SN99770;31.01.2024 08:00;-8.3;-
Istjørndalen;SN99770;31.01.2024 09:00;-9.5;-
Istjørndalen;SN99770;31.01.2024 10:00;-10.3;-
Istjørndalen;SN99770;31.01.2024 11:00;-10.5;-
Istjørndalen;SN99770;31.01.2024 12:00;-10.9;-
Istjørndalen;SN99770;31.01.2024 13:00;-10.9;-
Istjørndalen;SN99770;31.01.2024 14:00;-10.9;-
Istjørndalen;SN99770;31.01.2024 15:00;-11.1;-
Istjørndalen;SN99770;31.01.2024 16:00;-11.1;-
Istjørndalen;SN99770;31.01.2024 17:00;-11;-
Istjørndalen;SN99770;31.01.2024 18:00;-11;-
Istjørndalen;SN99770;31.01.2024 19:00;-11.1;-
Istjørndalen;SN99770;31.01.2024 20:00;-11.4;-
Istjørndalen;SN99770;31.01.2024 21:00;-12;-
Istjørndalen;SN99770;31.01.2024 22:00;-11.1;-
Istjørndalen;SN99770;31.01.2024 23:00;-11.3;-
Istjørndalen;SN99770;01.02.2024 00:00;-11.7;-
Istjørndalen;SN99770;01.02.2024 01:00;-13.3;-
Istjørndalen;SN99770;01.02.2024 02:00;-13.7;-
Istjørndalen;SN99770;01.02.2024 03:00;-13.6;-
Istjørndalen;SN99770;01.02.2024 04:00;-15.1;-
Istjørndalen;SN99770;01.02.2024 05:00;-13.5;-
Istjørndalen;SN99770;01.02.2024 06:00;-14.3;-
Istjørndalen;SN99770;01.02.2024 07:00;-13.5;-
Istjørndalen;SN99770;01.02.2024 08:00;-12.1;-
Istjørndalen;SN99770;01.02.2024 09:00;-11.7;-
Istjørndalen;SN99770;01.02.2024 10:00;-11.7;-
Istjørndalen;SN99770;01.02.2024 11:00;-12.2;-
Istjørndalen;SN99770;01.02.2024 12:00;-11.1;-
Istjørndalen;SN99770;01.02.2024 13:00;-11.5;-
Istjørndalen;SN99770;01.02.2024 14:00;-11.6;-
Istjørndalen;SN99770;01.02.2024 15:00;-12.8;-
Istjørndalen;SN99770;01.02.2024 16:00;-12.7;-
Istjørndalen;SN99770;01.02.2024 17:00;-11.3;-
Istjørndalen;SN99770;01.02.2024 18:00;-11;-
Istjørndalen;SN99770;01.02.2024 19:00;-10.8;-
Istjørndalen;SN99770;01.02.2024 20:00;-11;-
Istjørndalen;SN99770;01.02.2024 21:00;-11.3;-
Istjørndalen;SN99770;01.02.2024 22:00;-11;-
Istjørndalen;SN99770;01.02.2024 23:00;-11.1;-
Istjørndalen;SN99770;02.02.2024 00:00;-11.2;-
Istjørndalen;SN99770;02.02.2024 01:00;-11;-
Istjørndalen;SN99770;02.02.2024 02:00;-11.1;-
Istjørndalen;SN99770;02.02.2024 03:00;-10.7;-
Istjørndalen;SN99770;02.02.2024 04:00;-10.9;-
Istjørndalen;SN99770;02.02.2024 05:00;-11;-
Istjørndalen;SN99770;02.02.2024 06:00;-10.8;-
Istjørndalen;SN99770;02.02.2024 07:00;-10.8;-
Istjørndalen;SN99770;02.02.2024 08:00;-11;-
Istjørndalen;SN99770;02.02.2024 09:00;-11;-
Istjørndalen;SN99770;02.02.2024 10:00;-11.6;-
Istjørndalen;SN99770;02.02.2024 11:00;-14.1;-
Istjørndalen;SN99770;02.02.2024 12:00;-14.5;-
Istjørndalen;SN99770;02.02.2024 13:00;-14.9;-
Istjørndalen;SN99770;02.02.2024 14:00;-15.7;-
Istjørndalen;SN99770;02.02.2024 15:00;-13.4;-
Istjørndalen;SN99770;02.02.2024 16:00;-12.9;-
Istjørndalen;SN99770;02.02.2024 17:00;-12.9;-
Istjørndalen;SN99770;02.02.2024 18:00;-12.3;-
Istjørndalen;SN99770;02.02.2024 19:00;-12.6;-
Istjørndalen;SN99770;02.02.2024 20:00;-12.7;-
Istjørndalen;SN99770;02.02.2024 21:00;-13.1;-
Istjørndalen;SN99770;02.02.2024 22:00;-12.2;-
Istjørndalen;SN99770;02.02.2024 23:00;-12.4;-
Istjørndalen;SN99770;03.02.2024 00:00;-12.5;-
Istjørndalen;SN99770;03.02.2024 01:00;-11.8;-
Istjørndalen;SN99770;03.02.2024 02:00;-11.6;-
Istjørndalen;SN99770;03.02.2024 03:00;-12.6;-
Istjørndalen;SN99770;03.02.2024 04:00;-12.4;-
Istjørndalen;SN99770;03.02.2024 05:00;-11.7;-
Istjørndalen;SN99770;03.02.2024 06:00;-11.4;-
Istjørndalen;SN99770;03.02.2024 07:00;-11.1;-
Istjørndalen;SN99770;03.02.2024 08:00;-11.3;-
Istjørndalen;SN99770;03.02.2024 09:00;-10.9;-
Istjørndalen;SN99770;03.02.2024 10:00;-11.5;-
Istjørndalen;SN99770;03.02.2024 11:00;-11.4;-
Istjørndalen;SN99770;03.02.2024 12:00;-11.3;-
Istjørndalen;SN99770;03.02.2024 13:00;-13.8;-
Istjørndalen;SN99770;03.02.2024 14:00;-12.6;-
Istjørndalen;SN99770;03.02.2024 15:00;-13.6;-
Istjørndalen;SN99770;03.02.2024 16:00;-13;-
Istjørndalen;SN99770;03.02.2024 17:00;-12;-
Istjørndalen;SN99770;03.02.2024 18:00;-12.3;-
Istjørndalen;SN99770;03.02.2024 19:00;-13;-
Istjørndalen;SN99770;03.02.2024 20:00;-12.7;-
Istjørndalen;SN99770;03.02.2024 21:00;-12.8;-
Istjørndalen;SN99770;03.02.2024 22:00;-13.6;-
Istjørndalen;SN99770;03.02.2024 23:00;-10.2;-
Istjørndalen;SN99770;04.02.2024 00:00;-10;-
Istjørndalen;SN99770;04.02.2024 01:00;-9.8;-
Istjørndalen;SN99770;04.02.2024 02:00;-10.4;-
Istjørndalen;SN99770;04.02.2024 03:00;-12;-
Istjørndalen;SN99770;04.02.2024 04:00;-9.7;-
Istjørndalen;SN99770;04.02.2024 05:00;-10.2;-
Istjørndalen;SN99770;04.02.2024 06:00;-9.1;-
Istjørndalen;SN99770;04.02.2024 07:00;-8.8;-
Istjørndalen;SN99770;04.02.2024 08:00;-7.9;-
Istjørndalen;SN99770;04.02.2024 09:00;-7.1;-
Istjørndalen;SN99770;04.02.2024 10:00;-6.5;-
Istjørndalen;SN99770;04.02.2024 11:00;-5.9;-
Istjørndalen;SN99770;04.02.2024 12:00;-3.3;-
Istjørndalen;SN99770;04.02.2024 13:00;-2.7;-
Istjørndalen;SN99770;04.02.2024 14:00;-2.7;-
Istjørndalen;SN99770;04.02.2024 15:00;-1.7;-
Istjørndalen;SN99770;04.02.2024 16:00;-1.9;-
Istjørndalen;SN99770;04.02.2024 17:00;-2.2;-
Istjørndalen;SN99770;04.02.2024 18:00;-2.2;-
Istjørndalen;SN99770;04.02.2024 19:00;-2.2;-
Istjørndalen;SN99770;04.02.2024 20:00;-2.2;-
Istjørndalen;SN99770;04.02.2024 21:00;-2.4;-
Istjørndalen;SN99770;04.02.2024 22:00;-2.4;-
Istjørndalen;SN99770;04.02.2024 23:00;-2.1;-
Istjørndalen;SN99770;05.02.2024 00:00;-2.2;-
Istjørndalen;SN99770;05.02.2024 01:00;-2;-
Istjørndalen;SN99770;05.02.2024 02:00;-1.7;-
Istjørndalen;SN99770;05.02.2024 03:00;-1.9;-
Istjørndalen;SN99770;05.02.2024 04:00;-2;-
Istjørndalen;SN99770;05.02.2024 05:00;-2;-
Istjørndalen;SN99770;05.02.2024 06:00;-1.8;-
Istjørndalen;SN99770;05.02.2024 07:00;-2.6;-
Istjørndalen;SN99770;05.02.2024 08:00;-2.6;-
Istjørndalen;SN99770;05.02.2024 09:00;-2.6;-
Istjørndalen;SN99770;05.02.2024 10:00;-2.7;-
Istjørndalen;SN99770;05.02.2024 11:00;-3.1;-
Istjørndalen;SN99770;05.02.2024 12:00;-3.3;-
Istjørndalen;SN99770;05.02.2024 13:00;-3.2;-
Istjørndalen;SN99770;05.02.2024 14:00;-3.3;-
Istjørndalen;SN99770;05.02.2024 15:00;-3.4;-
Istjørndalen;SN99770;05.02.2024 16:00;-3.4;-
Istjørndalen;SN99770;05.02.2024 17:00;-3.6;-
Istjørndalen;SN99770;05.02.2024 18:00;-4.1;-
Istjørndalen;SN99770;05.02.2024 19:00;-4.2;-
Istjørndalen;SN99770;05.02.2024 20:00;-4.6;-
Istjørndalen;SN99770;05.02.2024 21:00;-4.9;-
Istjørndalen;SN99770;05.02.2024 22:00;-4.6;-
Istjørndalen;SN99770;05.02.2024 23:00;-4.8;-
Istjørndalen;SN99770;06.02.2024 00:00;-5.2;-
Istjørndalen;SN99770;06.02.2024 01:00;-5.5;-
Istjørndalen;SN99770;06.02.2024 02:00;-6.7;-
Istjørndalen;SN99770;06.02.2024 03:00;-5.5;-
Istjørndalen;SN99770;06.02.2024 04:00;-6.6;-
Istjørndalen;SN99770;06.02.2024 05:00;-7.6;-
Istjørndalen;SN99770;06.02.2024 06:00;-8.8;-
Istjørndalen;SN99770;06.02.2024 07:00;-9.5;-
Istjørndalen;SN99770;06.02.2024 08:00;-8.7;-
Istjørndalen;SN99770;06.02.2024 09:00;-9.4;-
Istjørndalen;SN99770;06.02.2024 10:00;-9.5;-
Istjørndalen;SN99770;06.02.2024 11:00;-11.4;-
Istjørndalen;SN99770;06.02.2024 12:00;-10.4;-
Istjørndalen;SN99770;06.02.2024 13:00;-12.6;-
Istjørndalen;SN99770;06.02.2024 14:00;-13.2;-
Istjørndalen;SN99770;06.02.2024 15:00;-12;-
Istjørndalen;SN99770;06.02.2024 16:00;-9.8;-
Istjørndalen;SN99770;06.02.2024 17:00;-10.9;-
Istjørndalen;SN99770;06.02.2024 18:00;-10.5;-
Istjørndalen;SN99770;06.02.2024 19:00;-10.6;-
Istjørndalen;SN99770;06.02.2024 20:00;-11;-
Istjørndalen;SN99770;06.02.2024 21:00;-10.6;-
Istjørndalen;SN99770;06.02.2024 22:00;-9.7;-
Istjørndalen;SN99770;06.02.2024 23:00;-10.2;-
Istjørndalen;SN99770;07.02.2024 00:00;-9.9;-
Istjørndalen;SN99770;07.02.2024 01:00;-9.9;-
Istjørndalen;SN99770;07.02.2024 02:00;-10.4;-
Istjørndalen;SN99770;07.02.2024 03:00;-9.8;-
Istjørndalen;SN99770;07.02.2024 04:00;-10.9;-
Istjørndalen;SN99770;07.02.2024 05:00;-11.1;-
Istjørndalen;SN99770;07.02.2024 06:00;-9.9;-
Istjørndalen;SN99770;07.02.2024 07:00;-10.1;-
Istjørndalen;SN99770;07.02.2024 08:00;-9.6;-
Istjørndalen;SN99770;07.02.2024 09:00;-10.3;-
Istjørndalen;SN99770;07.02.2024 10:00;-11.7;-
Istjørndalen;SN99770;07.02.2024 11:00;-10.7;-
Istjørndalen;SN99770;07.02.2024 12:00;-11.8;-
Istjørndalen;SN99770;07.02.2024 13:00;-10.7;-
Istjørndalen;SN99770;07.02.2024 14:00;-9.3;-
Istjørndalen;SN99770;07.02.2024 15:00;-8.6;-
Istjørndalen;SN99770;07.02.2024 16:00;-8.7;-
Istjørndalen;SN99770;07.02.2024 17:00;-7.7;-
Istjørndalen;SN99770;07.02.2024 18:00;-7.7;-
Istjørndalen;SN99770;07.02.2024 19:00;-7.6;-
Istjørndalen;SN99770;07.02.2024 20:00;-7.6;-
Istjørndalen;SN99770;07.02.2024 21:00;-7.3;-
Istjørndalen;SN99770;07.02.2024 22:00;-7.3;-
Istjørndalen;SN99770;07.02.2024 23:00;-7.5;-
Istjørndalen;SN99770;08.02.2024 00:00;-7.6;-
Istjørndalen;SN99770;08.02.2024 01:00;-8.1;-
Istjørndalen;SN99770;08.02.2024 02:00;-8;-
Istjørndalen;SN99770;08.02.2024 03:00;-8.6;-
Istjørndalen;SN99770;08.02.2024 04:00;-8.7;-
Istjørndalen;SN99770;08.02.2024 05:00;-8.7;-
Istjørndalen;SN99770;08.02.2024 06:00;-9.4;-
Istjørndalen;SN99770;08.02.2024 07:00;-9.5;-
Istjørndalen;SN99770;08.02.2024 08:00;-10;-
Istjørndalen;SN99770;08.02.2024 09:00;-10.1;-
Istjørndalen;SN99770;08.02.2024 10:00;-8.6;-
Istjørndalen;SN99770;08.02.2024 11:00;-8.6;-
Istjørndalen;SN99770;08.02.2024 12:00;-8.7;-
Istjørndalen;SN99770;08.02.2024 13:00;-9.1;-
Istjørndalen;SN99770;08.02.2024 14:00;-9.1;-
Istjørndalen;SN99770;08.02.2024 15:00;-11;-
Istjørndalen;SN99770;08.02.2024 16:00;-10.2;-
Istjørndalen;SN99770;08.02.2024 17:00;-9.9;-
Istjørndalen;SN99770;08.02.2024 18:00;-10;-
Istjørndalen;SN99770;08.02.2024 19:00;-11.4;-
Istjørndalen;SN99770;08.02.2024 20:00;-12;-
Istjørndalen;SN99770;08.02.2024 21:00;-11.1;-
Istjørndalen;SN99770;08.02.2024 22:00;-12.2;-
Istjørndalen;SN99770;08.02.2024 23:00;-11.7;-
Istjørndalen;SN99770;09.02.2024 00:00;-12.7;-
Istjørndalen;SN99770;09.02.2024 01:00;-13.2;-
Istjørndalen;SN99770;09.02.2024 02:00;-13.9;-
Istjørndalen;SN99770;09.02.2024 03:00;-13.1;-
Istjørndalen;SN99770;09.02.2024 04:00;-12.8;-
Istjørndalen;SN99770;09.02.2024 05:00;-14.1;-
Istjørndalen;SN99770;09.02.2024 06:00;-13.3;-
Istjørndalen;SN99770;09.02.2024 07:00;-15.4;-
Istjørndalen;SN99770;09.02.2024 08:00;-14.3;-
Istjørndalen;SN99770;09.02.2024 09:00;-12.8;-
Istjørndalen;SN99770;09.02.2024 10:00;-13.3;-
Istjørndalen;SN99770;09.02.2024 11:00;-13.2;-
Istjørndalen;SN99770;09.02.2024 12:00;-9.8;-
Istjørndalen;SN99770;09.02.2024 13:00;-9.5;-
Istjørndalen;SN99770;09.02.2024 14:00;-9.5;-
Istjørndalen;SN99770;09.02.2024 15:00;-10.1;-
Istjørndalen;SN99770;09.02.2024 16:00;-9.4;-
Istjørndalen;SN99770;09.02.2024 17:00;-9.2;-
Istjørndalen;SN99770;09.02.2024 18:00;-8.5;-
Istjørndalen;SN99770;09.02.2024 19:00;-8.6;-
Istjørndalen;SN99770;09.02.2024 20:00;-7.9;-
Istjørndalen;SN99770;09.02.2024 21:00;-5.3;-
Istjørndalen;SN99770;09.02.2024 22:00;-5.4;-
Istjørndalen;SN99770;09.02.2024 23:00;-5.8;-
Istjørndalen;SN99770;10.02.2024 00:00;-5.4;-
Istjørndalen;SN99770;10.02.2024 01:00;-5.4;-
Istjørndalen;SN99770;10.02.2024 02:00;-5.6;-
Istjørndalen;SN99770;10.02.2024 03:00;-5.2;-
Istjørndalen;SN99770;10.02.2024 04:00;-4.7;-
Istjørndalen;SN99770;10.02.2024 05:00;-5.4;-
Istjørndalen;SN99770;10.02.2024 06:00;-5;-
Istjørndalen;SN99770;10.02.2024 07:00;-4.9;-
Istjørndalen;SN99770;10.02.2024 08:00;-4.5;-
Istjørndalen;SN99770;10.02.2024 09:00;-5.1;-
Istjørndalen;SN99770;10.02.2024 10:00;-4.5;-
Istjørndalen;SN99770;10.02.2024 11:00;-4.1;-
Istjørndalen;SN99770;10.02.2024 12:00;-3.7;-
Istjørndalen;SN99770;10.02.2024 13:00;-4.1;-
Istjørndalen;SN99770;10.02.2024 14:00;-3.6;-
Istjørndalen;SN99770;10.02.2024 15:00;-3.1;-
Istjørndalen;SN99770;10.02.2024 16:00;-3.1;-
Istjørndalen;SN99770;10.02.2024 17:00;-3.7;-
Istjørndalen;SN99770;10.02.2024 18:00;-4.1;-
Istjørndalen;SN99770;10.02.2024 19:00;-4.2;-
Istjørndalen;SN99770;10.02.2024 20:00;-4.9;-
Istjørndalen;SN99770;10.02.2024 21:00;-4.4;-
Istjørndalen;SN99770;10.02.2024 22:00;-4.4;-
Istjørndalen;SN99770;10.02.2024 23:00;-6.3;-
Istjørndalen;SN99770;11.02.2024 00:00;-6.2;-
Istjørndalen;SN99770;11.02.2024 01:00;-5.2;-
Istjørndalen;SN99770;11.02.2024 02:00;-5;-
Istjørndalen;SN99770;11.02.2024 03:00;-5.4;-
Istjørndalen;SN99770;11.02.2024 04:00;-6;-
Istjørndalen;SN99770;11.02.2024 05:00;-6.7;-
Istjørndalen;SN99770;11.02.2024 06:00;-6.7;-
Istjørndalen;SN99770;11.02.2024 07:00;-7.2;-
Istjørndalen;SN99770;11.02.2024 08:00;-6.9;-
Istjørndalen;SN99770;11.02.2024 09:00;-8;-
Istjørndalen;SN99770;11.02.2024 10:00;-7.3;-
Istjørndalen;SN99770;11.02.2024 11:00;-7.4;-
Istjørndalen;SN99770;11.02.2024 12:00;-7.9;-
Istjørndalen;SN99770;11.02.2024 13:00;-7.7;-
Istjørndalen;SN99770;11.02.2024 14:00;-7.3;-
Istjørndalen;SN99770;11.02.2024 15:00;-7.6;-
Istjørndalen;SN99770;11.02.2024 16:00;-7.2;-
Istjørndalen;SN99770;11.02.2024 17:00;-8.5;-
Istjørndalen;SN99770;11.02.2024 18:00;-6.5;-
Istjørndalen;SN99770;11.02.2024 19:00;-6.9;-
Istjørndalen;SN99770;11.02.2024 20:00;-7.6;-
Istjørndalen;SN99770;11.02.2024 21:00;-7.6;-
Istjørndalen;SN99770;11.02.2024 22:00;-8.1;-
Istjørndalen;SN99770;11.02.2024 23:00;-8.6;-
Istjørndalen;SN99770;12.02.2024 00:00;-9.1;-
Istjørndalen;SN99770;12.02.2024 01:00;-10.3;-
Istjørndalen;SN99770;12.02.2024 02:00;-10.7;-
Istjørndalen;SN99770;12.02.2024 03:00;-10.9;-
Istjørndalen;SN99770;12.02.2024 04:00;-12.4;-
Istjørndalen;SN99770;12.02.2024 05:00;-13.9;-
Istjørndalen;SN99770;12.02.2024 06:00;-15.4;-
Istjørndalen;SN99770;12.02.2024 07:00;-15.3;-
Istjørndalen;SN99770;12.02.2024 08:00;-15.9;-
Istjørndalen;SN99770;12.02.2024 09:00;-15.6;-
Istjørndalen;SN99770;12.02.2024 10:00;-16.1;-
Istjørndalen;SN99770;12.02.2024 11:00;-14.2;-
Istjørndalen;SN99770;12.02.2024 12:00;-12.2;-
Istjørndalen;SN99770;12.02.2024 13:00;-14;-
Istjørndalen;SN99770;12.02.2024 14:00;-15.4;-
Istjørndalen;SN99770;12.02.2024 15:00;-16.5;-
Istjørndalen;SN99770;12.02.2024 16:00;-14.5;-
Istjørndalen;SN99770;12.02.2024 17:00;-13.6;-
Istjørndalen;SN99770;12.02.2024 18:00;-15.8;-
Istjørndalen;SN99770;12.02.2024 19:00;-11.5;-
Istjørndalen;SN99770;12.02.2024 20:00;-13.7;-
Istjørndalen;SN99770;12.02.2024 21:00;-13.3;-
Istjørndalen;SN99770;12.02.2024 22:00;-13.3;-
Istjørndalen;SN99770;12.02.2024 23:00;-13.3;-
Istjørndalen;SN99770;13.02.2024 00:00;-13.7;-
Istjørndalen;SN99770;13.02.2024 01:00;-14;-
Istjørndalen;SN99770;13.02.2024 02:00;-14;-
Istjørndalen;SN99770;13.02.2024 03:00;-12.7;-
Istjørndalen;SN99770;13.02.2024 04:00;-14.8;-
Istjørndalen;SN99770;13.02.2024 05:00;-13;-
Istjørndalen;SN99770;13.02.2024 06:00;-14.8;-
Istjørndalen;SN99770;13.02.2024 07:00;-15.3;-
Istjørndalen;SN99770;13.02.2024 08:00;-15.3;-
Istjørndalen;SN99770;13.02.2024 09:00;-12;-
Istjørndalen;SN99770;13.02.2024 10:00;-14;-
Istjørndalen;SN99770;13.02.2024 11:00;-11.6;-
Istjørndalen;SN99770;13.02.2024 12:00;-12.3;-
Istjørndalen;SN99770;13.02.2024 13:00;-10.7;-
Istjørndalen;SN99770;13.02.2024 14:00;-9.2;-
Istjørndalen;SN99770;13.02.2024 15:00;-8.9;-
Istjørndalen;SN99770;13.02.2024 16:00;-6.5;-
Istjørndalen;SN99770;13.02.2024 17:00;-7.8;-
Istjørndalen;SN99770;13.02.2024 18:00;-5.2;-
Istjørndalen;SN99770;13.02.2024 19:00;-4.9;-
Istjørndalen;SN99770;13.02.2024 20:00;-4.6;-
Istjørndalen;SN99770;13.02.2024 21:00;-4.4;-
Istjørndalen;SN99770;13.02.2024 22:00;-3.7;-
Istjørndalen;SN99770;13.02.2024 23:00;-4;-
Istjørndalen;SN99770;14.02.2024 00:00;-4;-
Istjørndalen;SN99770;14.02.2024 01:00;-3.6;-
Istjørndalen;SN99770;14.02.2024 02:00;-3.5;-
Istjørndalen;SN99770;14.02.2024 03:00;-3.3;-
Istjørndalen;SN99770;14.02.2024 04:00;-3.4;-
Istjørndalen;SN99770;14.02.2024 05:00;-3.1;-
Istjørndalen;SN99770;14.02.2024 06:00;-2.8;-
Istjørndalen;SN99770;14.02.2024 07:00;-3.4;-
Istjørndalen;SN99770;14.02.2024 08:00;-3.1;-
Istjørndalen;SN99770;14.02.2024 09:00;-2.8;-
Istjørndalen;SN99770;14.02.2024 10:00;-2.4;-
Istjørndalen;SN99770;14.02.2024 11:00;-1.8;-
Istjørndalen;SN99770;14.02.2024 12:00;-2.4;-
Istjørndalen;SN99770;14.02.2024 13:00;-2.6;-
Istjørndalen;SN99770;14.02.2024 14:00;-1.6;-
Istjørndalen;SN99770;14.02.2024 15:00;-1.5;-
Istjørndalen;SN99770;14.02.2024 16:00;-1.5;-
Istjørndalen;SN99770;14.02.2024 17:00;-1;-
Istjørndalen;SN99770;14.02.2024 18:00;-0.6;-
Istjørndalen;SN99770;14.02.2024 19:00;-0.1;-
Istjørndalen;SN99770;14.02.2024 20:00;0.2;-
Istjørndalen;SN99770;14.02.2024 21:00;0.2;-
Istjørndalen;SN99770;14.02.2024 22:00;0;-
Istjørndalen;SN99770;14.02.2024 23:00;0.4;-
Istjørndalen;SN99770;15.02.2024 00:00;1;-
Istjørndalen;SN99770;15.02.2024 01:00;0.1;-
Istjørndalen;SN99770;15.02.2024 02:00;-0.2;-
Istjørndalen;SN99770;15.02.2024 03:00;0.3;-
Istjørndalen;SN99770;15.02.2024 04:00;0.3;-
Istjørndalen;SN99770;15.02.2024 05:00;1.3;-
Istjørndalen;SN99770;15.02.2024 06:00;0.8;-
Istjørndalen;SN99770;15.02.2024 07:00;0.1;-
Istjørndalen;SN99770;15.02.2024 08:00;-0.3;-
Istjørndalen;SN99770;15.02.2024 09:00;-0.5;-
Istjørndalen;SN99770;15.02.2024 10:00;-0.6;-
Istjørndalen;SN99770;15.02.2024 11:00;-0.3;-
Istjørndalen;SN99770;15.02.2024 12:00;-1.4;-
Istjørndalen;SN99770;15.02.2024 13:00;-2.8;-
Istjørndalen;SN99770;15.02.2024 14:00;-3.4;-
Istjørndalen;SN99770;15.02.2024 15:00;-3.7;-
Istjørndalen;SN99770;15.02.2024 16:00;-3.3;-
Istjørndalen;SN99770;15.02.2024 17:00;-2.9;-
Istjørndalen;SN99770;15.02.2024 18:00;-3.6;-
Istjørndalen;SN99770;15.02.2024 19:00;-3.4;-
Istjørndalen;SN99770;15.02.2024 20:00;-3.4;-
Istjørndalen;SN99770;15.02.2024 21:00;-3.9;-
Istjørndalen;SN99770;15.02.2024 22:00;-4.8;-
Istjørndalen;SN99770;15.02.2024 23:00;-4.8;-
Istjørndalen;SN99770;16.02.2024 00:00;-4.3;-
Istjørndalen;SN99770;16.02.2024 01:00;-5.3;-
Istjørndalen;SN99770;16.02.2024 02:00;-6.2;-
Istjørndalen;SN99770;16.02.2024 03:00;-7.4;-
Istjørndalen;SN99770;16.02.2024 04:00;-7.4;-
Istjørndalen;SN99770;16.02.2024 05:00;-8.4;-
Istjørndalen;SN99770;16.02.2024 06:00;-8.2;-
Istjørndalen;SN99770;16.02.2024 07:00;-8.7;-
Istjørndalen;SN99770;16.02.2024 08:00;-8.7;-
Istjørndalen;SN99770;16.02.2024 09:00;-9.8;-
Istjørndalen;SN99770;16.02.2024 10:00;-10.2;-
Istjørndalen;SN99770;16.02.2024 11:00;-10.3;-
Istjørndalen;SN99770;16.02.2024 12:00;-10.3;-
Istjørndalen;SN99770;16.02.2024 13:00;-10.3;-
Istjørndalen;SN99770;16.02.2024 14:00;-10.4;-
Istjørndalen;SN99770;16.02.2024 15:00;-10.2;-
Istjørndalen;SN99770;16.02.2024 16:00;-10.2;-
Istjørndalen;SN99770;16.02.2024 17:00;-10.5;-
Istjørndalen;SN99770;16.02.2024 18:00;-10.3;-
Istjørndalen;SN99770;16.02.2024 19:00;-10.5;-
Istjørndalen;SN99770;16.02.2024 20:00;-10.5;-
Istjørndalen;SN99770;16.02.2024 21:00;-10.5;-
Istjørndalen;SN99770;16.02.2024 22:00;-9.6;-
Istjørndalen;SN99770;16.02.2024 23:00;-9.7;-
Istjørndalen;SN99770;17.02.2024 00:00;-9.7;-
Istjørndalen;SN99770;17.02.2024 01:00;-9.5;-
Istjørndalen;SN99770;17.02.2024 02:00;-9.8;-
Istjørndalen;SN99770;17.02.2024 03:00;-10.5;-
Istjørndalen;SN99770;17.02.2024 04:00;-12.3;-
Istjørndalen;SN99770;17.02.2024 05:00;-13;-
Istjørndalen;SN99770;17.02.2024 06:00;-11.5;-
Istjørndalen;SN99770;17.02.2024 07:00;-11.1;-
Istjørndalen;SN99770;17.02.2024 08:00;-12.4;-
Istjørndalen;SN99770;17.02.2024 09:00;-13.6;-
Istjørndalen;SN99770;17.02.2024 10:00;-14;-
Istjørndalen;SN99770;17.02.2024 11:00;-14.4;-
Istjørndalen;SN99770;17.02.2024 12:00;-14.4;-
Istjørndalen;SN99770;17.02.2024 13:00;-14.8;-
Istjørndalen;SN99770;17.02.2024 14:00;-14.6;-
Istjørndalen;SN99770;17.02.2024 15:00;-14.8;-
Istjørndalen;SN99770;17.02.2024 16:00;-12.9;-
Istjørndalen;SN99770;17.02.2024 17:00;-12.5;-
Istjørndalen;SN99770;17.02.2024 18:00;-13;-
Istjørndalen;SN99770;17.02.2024 19:00;-13.7;-
Istjørndalen;SN99770;17.02.2024 20:00;-14.2;-
Istjørndalen;SN99770;17.02.2024 21:00;-14.6;-
Istjørndalen;SN99770;17.02.2024 22:00;-14.9;-
Istjørndalen;SN99770;17.02.2024 23:00;-15.2;-
Istjørndalen;SN99770;18.02.2024 00:00;-15.3;-
Istjørndalen;SN99770;18.02.2024 01:00;-15.3;-
Istjørndalen;SN99770;18.02.2024 02:00;-15.2;-
Istjørndalen;SN99770;18.02.2024 03:00;-15.2;-
Istjørndalen;SN99770;18.02.2024 04:00;-15.3;-
Istjørndalen;SN99770;18.02.2024 05:00;-15;-
Istjørndalen;SN99770;18.02.2024 06:00;-15.3;-
Istjørndalen;SN99770;18.02.2024 07:00;-15.8;-
Istjørndalen;SN99770;18.02.2024 08:00;-16;-
Istjørndalen;SN99770;18.02.2024 09:00;-15;-
Istjørndalen;SN99770;18.02.2024 10:00;-15.3;-
Istjørndalen;SN99770;18.02.2024 11:00;-14.7;-
Istjørndalen;SN99770;18.02.2024 12:00;-14.3;-
Istjørndalen;SN99770;18.02.2024 13:00;-13.9;-
Istjørndalen;SN99770;18.02.2024 14:00;-14.3;-
Istjørndalen;SN99770;18.02.2024 15:00;-15;-
Istjørndalen;SN99770;18.02.2024 16:00;-13.9;-
Istjørndalen;SN99770;18.02.2024 17:00;-13.8;-
Istjørndalen;SN99770;18.02.2024 18:00;-13.7;-
Istjørndalen;SN99770;18.02.2024 19:00;-13.7;-
Istjørndalen;SN99770;18.02.2024 20:00;-13.7;-
Istjørndalen;SN99770;18.02.2024 21:00;-13.2;-
Istjørndalen;SN99770;18.02.2024 22:00;-14;-
Istjørndalen;SN99770;18.02.2024 23:00;-13.9;-
Istjørndalen;SN99770;19.02.2024 00:00;-14.2;-
Istjørndalen;SN99770;19.02.2024 01:00;-13.7;-
Istjørndalen;SN99770;19.02.2024 02:00;-13.9;-
Istjørndalen;SN99770;19.02.2024 03:00;-14.2;-
Istjørndalen;SN99770;19.02.2024 04:00;-14.6;-
Istjørndalen;SN99770;19.02.2024 05:00;-15;-
Istjørndalen;SN99770;19.02.2024 06:00;-15.2;-
Istjørndalen;SN99770;19.02.2024 07:00;-14.8;-
Istjørndalen;SN99770;19.02.2024 08:00;-14.6;-
Istjørndalen;SN99770;19.02.2024 09:00;-15.2;-
Istjørndalen;SN99770;19.02.2024 10:00;-15.6;-
Istjørndalen;SN99770;19.02.2024 11:00;-16.3;-
Istjørndalen;SN99770;19.02.2024 12:00;-16.9;-
Istjørndalen;SN99770;19.02.2024 13:00;-16;-
Istjørndalen;SN99770;19.02.2024 14:00;-17.1;-
Istjørndalen;SN99770;19.02.2024 15:00;-17.6;-
Istjørndalen;SN99770;19.02.2024 16:00;-17;-
Istjørndalen;SN99770;19.02.2024 17:00;-16.9;-
Istjørndalen;SN99770;19.02.2024 18:00;-16.3;-
Istjørndalen;SN99770;19.02.2024 19:00;-15.6;-
Istjørndalen;SN99770;19.02.2024 20:00;-14.6;-
Istjørndalen;SN99770;19.02.2024 21:00;-14.8;-
Istjørndalen;SN99770;19.02.2024 22:00;-14.6;-
Istjørndalen;SN99770;19.02.2024 23:00;-11.3;-
Istjørndalen;SN99770;20.02.2024 00:00;-12.8;-
Istjørndalen;SN99770;20.02.2024 01:00;-13.5;-
Istjørndalen;SN99770;20.02.2024 02:00;-14.2;-
Istjørndalen;SN99770;20.02.2024 03:00;-13.4;-
Istjørndalen;SN99770;20.02.2024 04:00;-12.7;-
Istjørndalen;SN99770;20.02.2024 05:00;-12.9;-
Istjørndalen;SN99770;20.02.2024 06:00;-12.7;-
Istjørndalen;SN99770;20.02.2024 07:00;-13.9;-
Istjørndalen;SN99770;20.02.2024 08:00;-14.2;-
Istjørndalen;SN99770;20.02.2024 09:00;-12.9;-
Istjørndalen;SN99770;20.02.2024 10:00;-14.6;-
Istjørndalen;SN99770;20.02.2024 11:00;-15.4;-
Istjørndalen;SN99770;20.02.2024 12:00;-16.4;-
Istjørndalen;SN99770;20.02.2024 13:00;-16.1;-
Istjørndalen;SN99770;20.02.2024 14:00;-16.7;-
Istjørndalen;SN99770;20.02.2024 15:00;-14.6;-
Istjørndalen;SN99770;20.02.2024 16:00;-14.2;-
Istjørndalen;SN99770;20.02.2024 17:00;-14.3;-
Istjørndalen;SN99770;20.02.2024 18:00;-13.7;-
Istjørndalen;SN99770;20.02.2024 19:00;-13.8;-
Istjørndalen;SN99770;20.02.2024 20:00;-13.2;-
Istjørndalen;SN99770;20.02.2024 21:00;-12.1;-
Istjørndalen;SN99770;20.02.2024 22:00;-11.5;-
Istjørndalen;SN99770;20.02.2024 23:00;-11.5;-
Istjørndalen;SN99770;21.02.2024 00:00;-11.4;-
Istjørndalen;SN99770;21.02.2024 01:00;-11.2;-
Istjørndalen;SN99770;21.02.2024 02:00;-11.5;-
Istjørndalen;SN99770;21.02.2024 03:00;-11.5;-
Istjørndalen;SN99770;21.02.2024 04:00;-11.3;-
Istjørndalen;SN99770;21.02.2024 05:00;-11.3;-
Istjørndalen;SN99770;21.02.2024 06:00;-11.5;-
Istjørndalen;SN99770;21.02.2024 07:00;-11.5;-
Istjørndalen;SN99770;21.02.2024 08:00;-11.3;-
Istjørndalen;SN99770;21.02.2024 09:00;-11.2;-
Istjørndalen;SN99770;21.02.2024 10:00;-11.3;-
Istjørndalen;SN99770;21.02.2024 11:00;-11.4;-
Istjørndalen;SN99770;21.02.2024 12:00;-11.4;-
Istjørndalen;SN99770;21.02.2024 13:00;-11.5;-
Istjørndalen;SN99770;21.02.2024 14:00;-11.9;-
Istjørndalen;SN99770;21.02.2024 15:00;-11.6;-
Istjørndalen;SN99770;21.02.2024 16:00;-11.5;-
Istjørndalen;SN99770;21.02.2024 17:00;-11.8;-
Istjørndalen;SN99770;21.02.2024 18:00;-11.5;-
Istjørndalen;SN99770;21.02.2024 19:00;-11.7;-
Istjørndalen;SN99770;21.02.2024 20:00;-11.5;-
Istjørndalen;SN99770;21.02.2024 21:00;-11.5;-
Istjørndalen;SN99770;21.02.2024 22:00;-11.4;-
Istjørndalen;SN99770;21.02.2024 23:00;-11.5;-
Istjørndalen;SN99770;22.02.2024 00:00;-11.6;-
Istjørndalen;SN99770;22.02.2024 01:00;-11.7;-
Istjørndalen;SN99770;22.02.2024 02:00;-11.7;-
Istjørndalen;SN99770;22.02.2024 03:00;-12.1;-
Istjørndalen;SN99770;22.02.2024 04:00;-14.2;-
Istjørndalen;SN99770;22.02.2024 05:00;-12.7;-
Istjørndalen;SN99770;22.02.2024 06:00;-11.5;-
Istjørndalen;SN99770;22.02.2024 07:00;-11;-
Istjørndalen;SN99770;22.02.2024 08:00;-14.1;-
Istjørndalen;SN99770;22.02.2024 09:00;-12.7;-
Istjørndalen;SN99770;22.02.2024 10:00;-13.1;-
Istjørndalen;SN99770;22.02.2024 11:00;-13.1;-
Istjørndalen;SN99770;22.02.2024 12:00;-12.1;-
Istjørndalen;SN99770;22.02.2024 13:00;-12.1;-
Istjørndalen;SN99770;22.02.2024 14:00;-13.6;-
Istjørndalen;SN99770;22.02.2024 15:00;-14.2;-
Istjørndalen;SN99770;22.02.2024 16:00;-12.9;-
Istjørndalen;SN99770;22.02.2024 17:00;-11.3;-
Istjørndalen;SN99770;22.02.2024 18:00;-13.9;-
Istjørndalen;SN99770;22.02.2024 19:00;-12.2;-
Istjørndalen;SN99770;22.02.2024 20:00;-13;-
Istjørndalen;SN99770;22.02.2024 21:00;-10.9;-
Istjørndalen;SN99770;22.02.2024 22:00;-10.2;-
Istjørndalen;SN99770;22.02.2024 23:00;-12.4;-
Istjørndalen;SN99770;23.02.2024 00:00;-10.2;-
Istjørndalen;SN99770;23.02.2024 01:00;-7.7;-
Istjørndalen;SN99770;23.02.2024 02:00;-7.7;-
Istjørndalen;SN99770;23.02.2024 03:00;-8;-
Istjørndalen;SN99770;23.02.2024 04:00;-7.7;-
Istjørndalen;SN99770;23.02.2024 05:00;-6.8;-
Istjørndalen;SN99770;23.02.2024 06:00;-6.6;-
Istjørndalen;SN99770;23.02.2024 07:00;-6.9;-
Istjørndalen;SN99770;23.02.2024 08:00;-6.3;-
Istjørndalen;SN99770;23.02.2024 09:00;-7;-
Istjørndalen;SN99770;23.02.2024 10:00;-7.9;-
Istjørndalen;SN99770;23.02.2024 11:00;-6.3;-
Istjørndalen;SN99770;23.02.2024 12:00;-6.8;-
Istjørndalen;SN99770;23.02.2024 13:00;-4.9;-
Istjørndalen;SN99770;23.02.2024 14:00;-4.4;-
Istjørndalen;SN99770;23.02.2024 15:00;-4.7;-
Istjørndalen;SN99770;23.02.2024 16:00;-4;-
Istjørndalen;SN99770;23.02.2024 17:00;-5;-
Istjørndalen;SN99770;23.02.2024 18:00;-5.6;-
Istjørndalen;SN99770;23.02.2024 19:00;-4.9;-
Istjørndalen;SN99770;23.02.2024 20:00;-5.3;-
Istjørndalen;SN99770;23.02.2024 21:00;-5.1;-
Istjørndalen;SN99770;23.02.2024 22:00;-4.5;-
Istjørndalen;SN99770;23.02.2024 23:00;-3.3;-
Istjørndalen;SN99770;24.02.2024 00:00;-4.3;-
Istjørndalen;SN99770;24.02.2024 01:00;-4.5;-
Istjørndalen;SN99770;24.02.2024 02:00;-4.7;-
Istjørndalen;SN99770;24.02.2024 03:00;-5.8;-
Istjørndalen;SN99770;24.02.2024 04:00;-6.1;-
Istjørndalen;SN99770;24.02.2024 05:00;-5.6;-
Istjørndalen;SN99770;24.02.2024 06:00;-5.4;-
Istjørndalen;SN99770;24.02.2024 07:00;-5.5;-
Istjørndalen;SN99770;24.02.2024 08:00;-5.1;-
Istjørndalen;SN99770;24.02.2024 09:00;-5.6;-
Istjørndalen;SN99770;24.02.2024 10:00;-5;-
Istjørndalen;SN99770;24.02.2024 11:00;-5.4;-
Istjørndalen;SN99770;24.02.2024 12:00;-5.3;-
Istjørndalen;SN99770;24.02.2024 13:00;-4.8;-
Istjørndalen;SN99770;24.02.2024 14:00;-5.7;-
Istjørndalen;SN99770;24.02.2024 15:00;-5.4;-
Istjørndalen;SN99770;24.02.2024 16:00;-5.5;-
Istjørndalen;SN99770;24.02.2024 17:00;-5.8;-
Istjørndalen;SN99770;24.02.2024 18:00;-6.6;-
Istjørndalen;SN99770;24.02.2024 19:00;-7;-
Istjørndalen;SN99770;24.02.2024 20:00;-6.7;-
Istjørndalen;SN99770;24.02.2024 21:00;-7.9;-
Istjørndalen;SN99770;24.02.2024 22:00;-6.6;-
Istjørndalen;SN99770;24.02.2024 23:00;-7.4;-
Istjørndalen;SN99770;25.02.2024 00:00;-7.4;-
Istjørndalen;SN99770;25.02.2024 01:00;-7.2;-
Istjørndalen;SN99770;25.02.2024 02:00;-6.7;-
Istjørndalen;SN99770;25.02.2024 03:00;-8.2;-
Istjørndalen;SN99770;25.02.2024 04:00;-8.5;-
Istjørndalen;SN99770;25.02.2024 05:00;-9.1;-
Istjørndalen;SN99770;25.02.2024 06:00;-7.9;-
Istjørndalen;SN99770;25.02.2024 07:00;-9.6;-
Istjørndalen;SN99770;25.02.2024 08:00;-10.5;-
Istjørndalen;SN99770;25.02.2024 09:00;-11.3;-
Istjørndalen;SN99770;25.02.2024 10:00;-11.7;-
Istjørndalen;SN99770;25.02.2024 11:00;-10.4;-
Istjørndalen;SN99770;25.02.2024 12:00;-10.9;-
Istjørndalen;SN99770;25.02.2024 13:00;-10.3;-
Istjørndalen;SN99770;25.02.2024 14:00;-12;-
Istjørndalen;SN99770;25.02.2024 15:00;-10.1;-
Istjørndalen;SN99770;25.02.2024 16:00;-11.8;-
Istjørndalen;SN99770;25.02.2024 17:00;-10.7;-
Istjørndalen;SN99770;25.02.2024 18:00;-12.2;-
Istjørndalen;SN99770;25.02.2024 19:00;-13.9;-
Istjørndalen;SN99770;25.02.2024 20:00;-13.4;-
Istjørndalen;SN99770;25.02.2024 21:00;-14.4;-
Istjørndalen;SN99770;25.02.2024 22:00;-13.6;-
Istjørndalen;SN99770;25.02.2024 23:00;-14;-
Istjørndalen;SN99770;26.02.2024 00:00;-13.5;-
Istjørndalen;SN99770;26.02.2024 01:00;-13.2;-
Istjørndalen;SN99770;26.02.2024 02:00;-11.6;-
Istjørndalen;SN99770;26.02.2024 03:00;-12.3;-
Istjørndalen;SN99770;26.02.2024 04:00;-11.5;-
Istjørndalen;SN99770;26.02.2024 05:00;-11.4;-
Istjørndalen;SN99770;26.02.2024 06:00;-11;-
Istjørndalen;SN99770;26.02.2024 07:00;-11.2;-
Istjørndalen;SN99770;26.02.2024 08:00;-11.2;-
Istjørndalen;SN99770;26.02.2024 09:00;-11.2;-
Istjørndalen;SN99770;26.02.2024 10:00;-11.3;-
Istjørndalen;SN99770;26.02.2024 11:00;-11.2;-
Istjørndalen;SN99770;26.02.2024 12:00;-11.2;-
Istjørndalen;SN99770;26.02.2024 13:00;-11.2;-
Istjørndalen;SN99770;26.02.2024 14:00;-11.1;-
Istjørndalen;SN99770;26.02.2024 15:00;-11.4;-
Istjørndalen;SN99770;26.02.2024 16:00;-14.1;-
Istjørndalen;SN99770;26.02.2024 17:00;-13.2;-
Istjørndalen;SN99770;26.02.2024 18:00;-14.1;-
Istjørndalen;SN99770;26.02.2024 19:00;-14.7;-
Istjørndalen;SN99770;26.02.2024 20:00;-14.3;-
Istjørndalen;SN99770;26.02.2024 21:00;-14.8;-
Istjørndalen;SN99770;26.02.2024 22:00;-14.5;-
Istjørndalen;SN99770;26.02.2024 23:00;-13.9;-
Istjørndalen;SN99770;27.02.2024 00:00;-11.5;-
Istjørndalen;SN99770;27.02.2024 01:00;-12.3;-
Istjørndalen;SN99770;27.02.2024 02:00;-11.7;-
Istjørndalen;SN99770;27.02.2024 03:00;-11;-
Istjørndalen;SN99770;27.02.2024 04:00;-10;-
Istjørndalen;SN99770;27.02.2024 05:00;-9.6;-
Istjørndalen;SN99770;27.02.2024 06:00;-9.4;-
Istjørndalen;SN99770;27.02.2024 07:00;-9.3;-
Istjørndalen;SN99770;27.02.2024 08:00;-8.4;-
Istjørndalen;SN99770;27.02.2024 09:00;-8;-
Istjørndalen;SN99770;27.02.2024 10:00;-5.7;-
Istjørndalen;SN99770;27.02.2024 11:00;-5.3;-
Istjørndalen;SN99770;27.02.2024 12:00;-5.3;-
Istjørndalen;SN99770;27.02.2024 13:00;-5.2;-
Istjørndalen;SN99770;27.02.2024 14:00;-5;-
Istjørndalen;SN99770;27.02.2024 15:00;-4.6;-
Istjørndalen;SN99770;27.02.2024 16:00;-4.7;-
Istjørndalen;SN99770;27.02.2024 17:00;-4.6;-
Istjørndalen;SN99770;27.02.2024 18:00;-4.3;-
Istjørndalen;SN99770;27.02.2024 19:00;-4.5;-
Istjørndalen;SN99770;27.02.2024 20:00;-3.8;-
Istjørndalen;SN99770;27.02.2024 21:00;-4.1;-
Istjørndalen;SN99770;27.02.2024 22:00;-4.3;-
Istjørndalen;SN99770;27.02.2024 23:00;-3.7;-
Istjørndalen;SN99770;28.02.2024 00:00;-3.6;-
Istjørndalen;SN99770;28.02.2024 01:00;-0.9;-
Istjørndalen;SN99770;28.02.2024 02:00;-0.8;-
Istjørndalen;SN99770;28.02.2024 03:00;-1;-
Istjørndalen;SN99770;28.02.2024 04:00;-1.1;-
Istjørndalen;SN99770;28.02.2024 05:00;-0.8;-
Istjørndalen;SN99770;28.02.2024 06:00;-0.8;-
Istjørndalen;SN99770;28.02.2024 07:00;-0.6;-
Istjørndalen;SN99770;28.02.2024 08:00;-0.3;-
Istjørndalen;SN99770;28.02.2024 09:00;-0.4;-
Istjørndalen;SN99770;28.02.2024 10:00;-0.5;-
Istjørndalen;SN99770;28.02.2024 11:00;0.1;-
Istjørndalen;SN99770;28.02.2024 12:00;0.8;-
Istjørndalen;SN99770;28.02.2024 13:00;1.6;-
Istjørndalen;SN99770;28.02.2024 14:00;1.2;-
Istjørndalen;SN99770;28.02.2024 15:00;1.5;-
Istjørndalen;SN99770;28.02.2024 16:00;1.3;-
Istjørndalen;SN99770;28.02.2024 17:00;2;-
Istjørndalen;SN99770;28.02.2024 18:00;1.1;-
Istjørndalen;SN99770;28.02.2024 19:00;2;-
Istjørndalen;SN99770;28.02.2024 20:00;1.6;-
Istjørndalen;SN99770;28.02.2024 21:00;1.9;-
Istjørndalen;SN99770;28.02.2024 22:00;2;-
Istjørndalen;SN99770;28.02.2024 23:00;1.8;-
Istjørndalen;SN99770;29.02.2024 00:00;1.9;-
Istjørndalen;SN99770;29.02.2024 01:00;2.4;-
Istjørndalen;SN99770;29.02.2024 02:00;1.6;-
Istjørndalen;SN99770;29.02.2024 03:00;1.1;-
Istjørndalen;SN99770;29.02.2024 04:00;0.2;-
Istjørndalen;SN99770;29.02.2024 05:00;1.5;-
Istjørndalen;SN99770;29.02.2024 06:00;0.6;-
Istjørndalen;SN99770;29.02.2024 07:00;-1.1;-
Istjørndalen;SN99770;29.02.2024 08:00;-1.1;-
Istjørndalen;SN99770;29.02.2024 09:00;-1.1;-
Istjørndalen;SN99770;29.02.2024 10:00;-1.2;-
Istjørndalen;SN99770;29.02.2024 11:00;-1.6;-
Istjørndalen;SN99770;29.02.2024 12:00;-3.1;-
Istjørndalen;SN99770;29.02.2024 13:00;-3.7;-
Istjørndalen;SN99770;29.02.2024 14:00;-4.4;-
Istjørndalen;SN99770;29.02.2024 15:00;-4.8;-
Istjørndalen;SN99770;29.02.2024 16:00;-5;-
Istjørndalen;SN99770;29.02.2024 17:00;-5.1;-
Istjørndalen;SN99770;29.02.2024 18:00;-5.2;-
Istjørndalen;SN99770;29.02.2024 19:00;-5.8;-
Istjørndalen;SN99770;29.02.2024 20:00;-6.4;-
Istjørndalen;SN99770;29.02.2024 21:00;-8.6;-
Istjørndalen;SN99770;29.02.2024 22:00;-8.3;-
Istjørndalen;SN99770;29.02.2024 23:00;-9.2;-
Istjørndalen;SN99770;01.03.2024 00:00;-8.3;-
Istjørndalen;SN99770;01.03.2024 01:00;-8.5;-
Istjørndalen;SN99770;01.03.2024 02:00;-8.7;-
Istjørndalen;SN99770;01.03.2024 03:00;-11.1;-
Istjørndalen;SN99770;01.03.2024 04:00;-9.9;-
Istjørndalen;SN99770;01.03.2024 05:00;-10.6;-
Istjørndalen;SN99770;01.03.2024 06:00;-8.5;-
Istjørndalen;SN99770;01.03.2024 07:00;-8.2;-
Istjørndalen;SN99770;01.03.2024 08:00;-6.2;-
Istjørndalen;SN99770;01.03.2024 09:00;-8.3;-
Istjørndalen;SN99770;01.03.2024 10:00;-9.4;-
Istjørndalen;SN99770;01.03.2024 11:00;-6.7;-
Istjørndalen;SN99770;01.03.2024 12:00;-8.3;-
Istjørndalen;SN99770;01.03.2024 13:00;-6.8;-
Istjørndalen;SN99770;01.03.2024 14:00;-5.3;-
Istjørndalen;SN99770;01.03.2024 15:00;-5;-
Istjørndalen;SN99770;01.03.2024 16:00;-5.2;-
Istjørndalen;SN99770;01.03.2024 17:00;-5;-
Istjørndalen;SN99770;01.03.2024 18:00;-5;-
Istjørndalen;SN99770;01.03.2024 19:00;-5.8;-
Istjørndalen;SN99770;01.03.2024 20:00;-6.3;-
Istjørndalen;SN99770;01.03.2024 21:00;-6.6;-
Istjørndalen;SN99770;01.03.2024 22:00;-6.9;-
Istjørndalen;SN99770;01.03.2024 23:00;-7.7;-
Istjørndalen;SN99770;02.03.2024 00:00;-7.8;-
Istjørndalen;SN99770;02.03.2024 01:00;-8.5;-
Istjørndalen;SN99770;02.03.2024 02:00;-9;-
Istjørndalen;SN99770;02.03.2024 03:00;-8.6;-
Istjørndalen;SN99770;02.03.2024 04:00;-8.7;-
Istjørndalen;SN99770;02.03.2024 05:00;-10.7;-
Istjørndalen;SN99770;02.03.2024 06:00;-11.2;-
Istjørndalen;SN99770;02.03.2024 07:00;-10.5;-
Istjørndalen;SN99770;02.03.2024 08:00;-11.8;-
Istjørndalen;SN99770;02.03.2024 09:00;-12;-
Istjørndalen;SN99770;02.03.2024 10:00;-12.7;-
Istjørndalen;SN99770;02.03.2024 11:00;-13.3;-
Istjørndalen;SN99770;02.03.2024 12:00;-13.9;-
Istjørndalen;SN99770;02.03.2024 13:00;-14.2;-
Istjørndalen;SN99770;02.03.2024 14:00;-14.7;-
Istjørndalen;SN99770;02.03.2024 15:00;-11.9;-
Istjørndalen;SN99770;02.03.2024 16:00;-11.9;-
Istjørndalen;SN99770;02.03.2024 17:00;-11.3;-
Istjørndalen;SN99770;02.03.2024 18:00;-11.1;-
Istjørndalen;SN99770;02.03.2024 19:00;-11;-
Istjørndalen;SN99770;02.03.2024 20:00;-10.2;-
Istjørndalen;SN99770;02.03.2024 21:00;-10.2;-
Istjørndalen;SN99770;02.03.2024 22:00;-9.1;-
Istjørndalen;SN99770;02.03.2024 23:00;-10;-
Istjørndalen;SN99770;03.03.2024 00:00;-8.7;-
Istjørndalen;SN99770;03.03.2024 01:00;-8.3;-
Istjørndalen;SN99770;03.03.2024 02:00;-7.1;-
Istjørndalen;SN99770;03.03.2024 03:00;-6.6;-
Istjørndalen;SN99770;03.03.2024 04:00;-4.7;-
Istjørndalen;SN99770;03.03.2024 05:00;-4.4;-
Istjørndalen;SN99770;03.03.2024 06:00;-3.9;-
Istjørndalen;SN99770;03.03.2024 07:00;-4.6;-
Istjørndalen;SN99770;03.03.2024 08:00;-4.5;-
Istjørndalen;SN99770;03.03.2024 09:00;-3.2;-
Istjørndalen;SN99770;03.03.2024 10:00;-0.8;-
Istjørndalen;SN99770;03.03.2024 11:00;-0.6;-
Istjørndalen;SN99770;03.03.2024 12:00;-0.3;-
Istjørndalen;SN99770;03.03.2024 13:00;-0.3;-
Istjørndalen;SN99770;03.03.2024 14:00;-0.2;-
Istjørndalen;SN99770;03.03.2024 15:00;-0.2;-
Istjørndalen;SN99770;03.03.2024 16:00;-0.9;-
Istjørndalen;SN99770;03.03.2024 17:00;-0.5;-
Istjørndalen;SN99770;03.03.2024 18:00;-3;-
Istjørndalen;SN99770;03.03.2024 19:00;-2.4;-
Istjørndalen;SN99770;03.03.2024 20:00;-2.8;-
Istjørndalen;SN99770;03.03.2024 21:00;-1.2;-
Istjørndalen;SN99770;03.03.2024 22:00;-1.3;-
Istjørndalen;SN99770;03.03.2024 23:00;-1.1;-
Istjørndalen;SN99770;04.03.2024 00:00;-1.3;-
Istjørndalen;SN99770;04.03.2024 01:00;-1.3;-
Istjørndalen;SN99770;04.03.2024 02:00;-1.2;-
Istjørndalen;SN99770;04.03.2024 03:00;-1.3;-
Istjørndalen;SN99770;04.03.2024 04:00;-1.5;-
Istjørndalen;SN99770;04.03.2024 05:00;-1.5;-
Istjørndalen;SN99770;04.03.2024 06:00;-1.6;-
Istjørndalen;SN99770;04.03.2024 07:00;-1.5;-
Istjørndalen;SN99770;04.03.2024 08:00;-1.8;-
Istjørndalen;SN99770;04.03.2024 09:00;-1.8;-
Istjørndalen;SN99770;04.03.2024 10:00;-1.7;-
Istjørndalen;SN99770;04.03.2024 11:00;-1.8;-
Istjørndalen;SN99770;04.03.2024 12:00;-1.9;-
Istjørndalen;SN99770;04.03.2024 13:00;-1.5;-
Istjørndalen;SN99770;04.03.2024 14:00;-1.6;-
Istjørndalen;SN99770;04.03.2024 15:00;-1.8;-
Istjørndalen;SN99770;04.03.2024 16:00;-1.8;-
Istjørndalen;SN99770;04.03.2024 17:00;-2;-
Istjørndalen;SN99770;04.03.2024 18:00;-2.4;-
Istjørndalen;SN99770;04.03.2024 19:00;-2.3;-
Istjørndalen;SN99770;04.03.2024 20:00;-2.2;-
Istjørndalen;SN99770;04.03.2024 21:00;-2.7;-
Istjørndalen;SN99770;04.03.2024 22:00;-3.2;-
Istjørndalen;SN99770;04.03.2024 23:00;-3.5;-
Istjørndalen;SN99770;05.03.2024 00:00;-4.6;-
Istjørndalen;SN99770;05.03.2024 01:00;-5.6;-
Istjørndalen;SN99770;05.03.2024 02:00;-6.5;-
Istjørndalen;SN99770;05.03.2024 03:00;-6.6;-
Istjørndalen;SN99770;05.03.2024 04:00;-6.3;-
Istjørndalen;SN99770;05.03.2024 05:00;-6.3;-
Istjørndalen;SN99770;05.03.2024 06:00;-6.8;-
Istjørndalen;SN99770;05.03.2024 07:00;-8.5;-
Istjørndalen;SN99770;05.03.2024 08:00;-8.6;-
Istjørndalen;SN99770;05.03.2024 09:00;-8;-
Istjørndalen;SN99770;05.03.2024 10:00;-6.5;-
Istjørndalen;SN99770;05.03.2024 11:00;-5.6;-
Istjørndalen;SN99770;05.03.2024 12:00;-3.9;-
Istjørndalen;SN99770;05.03.2024 13:00;-4.8;-
Istjørndalen;SN99770;05.03.2024 14:00;-3.9;-
Istjørndalen;SN99770;05.03.2024 15:00;-3.2;-
Istjørndalen;SN99770;05.03.2024 16:00;-3;-
Istjørndalen;SN99770;05.03.2024 17:00;-3;-
Istjørndalen;SN99770;05.03.2024 18:00;-2.7;-
Istjørndalen;SN99770;05.03.2024 19:00;-1.9;-
Istjørndalen;SN99770;05.03.2024 20:00;-2.3;-
Istjørndalen;SN99770;05.03.2024 21:00;-2.2;-
Istjørndalen;SN99770;05.03.2024 22:00;-1.6;-
Istjørndalen;SN99770;05.03.2024 23:00;-0.9;-
Istjørndalen;SN99770;06.03.2024 00:00;0;-
Istjørndalen;SN99770;06.03.2024 01:00;0.1;-
Istjørndalen;SN99770;06.03.2024 02:00;0.7;-
Istjørndalen;SN99770;06.03.2024 03:00;1.3;-
Istjørndalen;SN99770;06.03.2024 04:00;1.1;-
Istjørndalen;SN99770;06.03.2024 05:00;0.2;-
Istjørndalen;SN99770;06.03.2024 06:00;0.5;-
Istjørndalen;SN99770;06.03.2024 07:00;0.7;-
Istjørndalen;SN99770;06.03.2024 08:00;0.6;-
Istjørndalen;SN99770;06.03.2024 09:00;0.6;-
Istjørndalen;SN99770;06.03.2024 10:00;0.1;-
Istjørndalen;SN99770;06.03.2024 11:00;0.2;-
Istjørndalen;SN99770;06.03.2024 12:00;0.3;-
Istjørndalen;SN99770;06.03.2024 13:00;-1.1;-
Istjørndalen;SN99770;06.03.2024 14:00;-2.3;-
Istjørndalen;SN99770;06.03.2024 15:00;-2.8;-
Istjørndalen;SN99770;06.03.2024 16:00;-4.2;-
Istjørndalen;SN99770;06.03.2024 17:00;-6.4;-
Istjørndalen;SN99770;06.03.2024 18:00;-7.7;-
Istjørndalen;SN99770;06.03.2024 19:00;-7.8;-
Istjørndalen;SN99770;06.03.2024 20:00;-7.6;-
Istjørndalen;SN99770;06.03.2024 21:00;-8.3;-
Istjørndalen;SN99770;06.03.2024 22:00;-10.1;-
Istjørndalen;SN99770;06.03.2024 23:00;-9;-
Istjørndalen;SN99770;07.03.2024 00:00;-8.3;-
Istjørndalen;SN99770;07.03.2024 01:00;-7.5;-
Istjørndalen;SN99770;07.03.2024 02:00;-6.3;-
Istjørndalen;SN99770;07.03.2024 03:00;-8.9;-
Istjørndalen;SN99770;07.03.2024 04:00;-9.8;-
Istjørndalen;SN99770;07.03.2024 05:00;-10;-
Istjørndalen;SN99770;07.03.2024 06:00;-10.5;-
Istjørndalen;SN99770;07.03.2024 07:00;-10.4;-
Istjørndalen;SN99770;07.03.2024 08:00;-12.8;-
Istjørndalen;SN99770;07.03.2024 09:00;-11;-
Istjørndalen;SN99770;07.03.2024 10:00;-11;-
Istjørndalen;SN99770;07.03.2024 11:00;-12.2;-
Istjørndalen;SN99770;07.03.2024 12:00;-11;-
Istjørndalen;SN99770;07.03.2024 13:00;-10.1;-
Istjørndalen;SN99770;07.03.2024 14:00;-8.8;-
Istjørndalen;SN99770;07.03.2024 15:00;-7.9;-
Istjørndalen;SN99770;07.03.2024 16:00;-7.5;-
Istjørndalen;SN99770;07.03.2024 17:00;-7.7;-
Istjørndalen;SN99770;07.03.2024 18:00;-5.8;-
Istjørndalen;SN99770;07.03.2024 19:00;-6.9;-
Istjørndalen;SN99770;07.03.2024 20:00;-5.7;-
Istjørndalen;SN99770;07.03.2024 21:00;-4.1;-
Istjørndalen;SN99770;07.03.2024 22:00;-2.7;-
Istjørndalen;SN99770;07.03.2024 23:00;-2.1;-
Istjørndalen;SN99770;08.03.2024 00:00;-3.6;-
Istjørndalen;SN99770;08.03.2024 01:00;-1.3;-
Istjørndalen;SN99770;08.03.2024 02:00;-1.2;-
Istjørndalen;SN99770;08.03.2024 03:00;-1.2;-
Istjørndalen;SN99770;08.03.2024 04:00;-0.8;-
Istjørndalen;SN99770;08.03.2024 05:00;0.3;-
Istjørndalen;SN99770;08.03.2024 06:00;-0.1;-
Istjørndalen;SN99770;08.03.2024 07:00;-0.3;-
Istjørndalen;SN99770;08.03.2024 08:00;-0.4;-
Istjørndalen;SN99770;08.03.2024 09:00;-0.3;-
Istjørndalen;SN99770;08.03.2024 10:00;-0.6;-
Istjørndalen;SN99770;08.03.2024 11:00;-0.8;-
Istjørndalen;SN99770;08.03.2024 12:00;-1.3;-
Istjørndalen;SN99770;08.03.2024 13:00;-1;-
Istjørndalen;SN99770;08.03.2024 14:00;-0.3;-
Istjørndalen;SN99770;08.03.2024 15:00;-0.7;-
Istjørndalen;SN99770;08.03.2024 16:00;-0.6;-
Istjørndalen;SN99770;08.03.2024 17:00;-0.9;-
Istjørndalen;SN99770;08.03.2024 18:00;-1.4;-
Istjørndalen;SN99770;08.03.2024 19:00;-1.7;-
Istjørndalen;SN99770;08.03.2024 20:00;-1.8;-
Istjørndalen;SN99770;08.03.2024 21:00;-1.6;-
Istjørndalen;SN99770;08.03.2024 22:00;-1.7;-
Istjørndalen;SN99770;08.03.2024 23:00;-2;-
Istjørndalen;SN99770;09.03.2024 00:00;-2.5;-
Istjørndalen;SN99770;09.03.2024 01:00;-2.2;-
Istjørndalen;SN99770;09.03.2024 02:00;-2.2;-
Istjørndalen;SN99770;09.03.2024 03:00;-1.6;-
Istjørndalen;SN99770;09.03.2024 04:00;-2.2;-
Istjørndalen;SN99770;09.03.2024 05:00;-0.4;-
Istjørndalen;SN99770;09.03.2024 06:00;0.8;-
Istjørndalen;SN99770;09.03.2024 07:00;0.6;-
Istjørndalen;SN99770;09.03.2024 08:00;1.1;-
Istjørndalen;SN99770;09.03.2024 09:00;1.2;-
Istjørndalen;SN99770;09.03.2024 10:00;0;-
Istjørndalen;SN99770;09.03.2024 11:00;-0.6;-
Istjørndalen;SN99770;09.03.2024 12:00;-1.1;-
Istjørndalen;SN99770;09.03.2024 13:00;-1.1;-
Istjørndalen;SN99770;09.03.2024 14:00;-1.7;-
Istjørndalen;SN99770;09.03.2024 15:00;-2.4;-
Istjørndalen;SN99770;09.03.2024 16:00;-2.4;-
Istjørndalen;SN99770;09.03.2024 17:00;-2.6;-
Istjørndalen;SN99770;09.03.2024 18:00;-4.7;-
Istjørndalen;SN99770;09.03.2024 19:00;-5.8;-
Istjørndalen;SN99770;09.03.2024 20:00;-4.1;-
Istjørndalen;SN99770;09.03.2024 21:00;-6.2;-
Istjørndalen;SN99770;09.03.2024 22:00;-6.8;-
Istjørndalen;SN99770;09.03.2024 23:00;-7.1;-
Istjørndalen;SN99770;10.03.2024 00:00;-7;-
Istjørndalen;SN99770;10.03.2024 01:00;-7.1;-
Istjørndalen;SN99770;10.03.2024 02:00;-6.6;-
Istjørndalen;SN99770;10.03.2024 03:00;-6.5;-
Istjørndalen;SN99770;10.03.2024 04:00;-7.5;-
Istjørndalen;SN99770;10.03.2024 05:00;-8.4;-
Istjørndalen;SN99770;10.03.2024 06:00;-8.3;-
Istjørndalen;SN99770;10.03.2024 07:00;-9;-
Istjørndalen;SN99770;10.03.2024 08:00;-8.7;-
Istjørndalen;SN99770;10.03.2024 09:00;-8.9;-
Istjørndalen;SN99770;10.03.2024 10:00;-8.5;-
Istjørndalen;SN99770;10.03.2024 11:00;-8.6;-
Istjørndalen;SN99770;10.03.2024 12:00;-8.7;-
Istjørndalen;SN99770;10.03.2024 13:00;-8.3;-
Istjørndalen;SN99770;10.03.2024 14:00;-8.5;-
Istjørndalen;SN99770;10.03.2024 15:00;-8.7;-
Istjørndalen;SN99770;10.03.2024 16:00;-9.3;-
Istjørndalen;SN99770;10.03.2024 17:00;-9.9;-
Istjørndalen;SN99770;10.03.2024 18:00;-10.8;-
Istjørndalen;SN99770;10.03.2024 19:00;-11.1;-
Istjørndalen;SN99770;10.03.2024 20:00;-11.1;-
Istjørndalen;SN99770;10.03.2024 21:00;-11.5;-
Istjørndalen;SN99770;10.03.2024 22:00;-10.9;-
Istjørndalen;SN99770;10.03.2024 23:00;-11.5;-
Istjørndalen;SN99770;11.03.2024 00:00;-12.2;-
Istjørndalen;SN99770;11.03.2024 01:00;-12.3;-
Istjørndalen;SN99770;11.03.2024 02:00;-11.7;-
Istjørndalen;SN99770;11.03.2024 03:00;-12.3;-
Istjørndalen;SN99770;11.03.2024 04:00;-12.5;-
Istjørndalen;SN99770;11.03.2024 05:00;-13.9;-
Istjørndalen;SN99770;11.03.2024 06:00;-13.3;-
Istjørndalen;SN99770;11.03.2024 07:00;-13;-
Istjørndalen;SN99770;11.03.2024 08:00;-12.6;-
Istjørndalen;SN99770;11.03.2024 09:00;-12.3;-
Istjørndalen;SN99770;11.03.2024 10:00;-11.9;-
Istjørndalen;SN99770;11.03.2024 11:00;-10.7;-
Istjørndalen;SN99770;11.03.2024 12:00;-11;-
Istjørndalen;SN99770;11.03.2024 13:00;-11.1;-
Istjørndalen;SN99770;11.03.2024 14:00;-11.3;-
Istjørndalen;SN99770;11.03.2024 15:00;-12.2;-
Istjørndalen;SN99770;11.03.2024 16:00;-12.5;-
Istjørndalen;SN99770;11.03.2024 17:00;-12.5;-
Istjørndalen;SN99770;11.03.2024 18:00;-13.1;-
Istjørndalen;SN99770;11.03.2024 19:00;-13.5;-
Istjørndalen;SN99770;11.03.2024 20:00;-13.9;-
Istjørndalen;SN99770;11.03.2024 21:00;-14.3;-
Istjørndalen;SN99770;11.03.2024 22:00;-15.2;-
Istjørndalen;SN99770;11.03.2024 23:00;-15.7;-
Istjørndalen;SN99770;12.03.2024 00:00;-16.6;-
Istjørndalen;SN99770;12.03.2024 01:00;-17.4;-
Istjørndalen;SN99770;12.03.2024 02:00;-18.1;-
Istjørndalen;SN99770;12.03.2024 03:00;-19.4;-
Istjørndalen;SN99770;12.03.2024 04:00;-19.6;-
Istjørndalen;SN99770;12.03.2024 05:00;-19.2;-
Istjørndalen;SN99770;12.03.2024 06:00;-20.1;-
Istjørndalen;SN99770;12.03.2024 07:00;-21;-
Istjørndalen;SN99770;12.03.2024 08:00;-21;-
Istjørndalen;SN99770;12.03.2024 09:00;-21.9;-
Istjørndalen;SN99770;12.03.2024 10:00;-21.8;-
Istjørndalen;SN99770;12.03.2024 11:00;-21;-
Istjørndalen;SN99770;12.03.2024 12:00;-21.4;-
Istjørndalen;SN99770;12.03.2024 13:00;-20;-
Istjørndalen;SN99770;12.03.2024 14:00;-20.9;-
Istjørndalen;SN99770;12.03.2024 15:00;-19.3;-
Istjørndalen;SN99770;12.03.2024 16:00;-18.9;-
Istjørndalen;SN99770;12.03.2024 17:00;-18.6;-
Istjørndalen;SN99770;12.03.2024 18:00;-17.3;-
Istjørndalen;SN99770;12.03.2024 19:00;-16;-
Istjørndalen;SN99770;12.03.2024 20:00;-11.4;-
Istjørndalen;SN99770;12.03.2024 21:00;-11;-
Istjørndalen;SN99770;12.03.2024 22:00;-10.6;-
Istjørndalen;SN99770;12.03.2024 23:00;-10.3;-
Istjørndalen;SN99770;13.03.2024 00:00;-10.6;-
Istjørndalen;SN99770;13.03.2024 01:00;-10.7;-
Istjørndalen;SN99770;13.03.2024 02:00;-10.6;-
Istjørndalen;SN99770;13.03.2024 03:00;-10.9;-
Istjørndalen;SN99770;13.03.2024 04:00;-11.1;-
Istjørndalen;SN99770;13.03.2024 05:00;-11.1;-
Istjørndalen;SN99770;13.03.2024 06:00;-11.5;-
Istjørndalen;SN99770;13.03.2024 07:00;-11.4;-
Istjørndalen;SN99770;13.03.2024 08:00;-11.7;-
Istjørndalen;SN99770;13.03.2024 09:00;-11.8;-
Istjørndalen;SN99770;13.03.2024 10:00;-11.7;-
Istjørndalen;SN99770;13.03.2024 11:00;-13;-
Istjørndalen;SN99770;13.03.2024 12:00;-12.9;-
Istjørndalen;SN99770;13.03.2024 13:00;-12.3;-
Istjørndalen;SN99770;13.03.2024 14:00;-12.5;-
Istjørndalen;SN99770;13.03.2024 15:00;-13.3;-
Istjørndalen;SN99770;13.03.2024 16:00;-13.3;-
Istjørndalen;SN99770;13.03.2024 17:00;-13.5;-
Istjørndalen;SN99770;13.03.2024 18:00;-13.4;-
Istjørndalen;SN99770;13.03.2024 19:00;-13.8;-
Istjørndalen;SN99770;13.03.2024 20:00;-14.3;-
Istjørndalen;SN99770;13.03.2024 21:00;-14.1;-
Istjørndalen;SN99770;13.03.2024 22:00;-14.3;-
Istjørndalen;SN99770;13.03.2024 23:00;-14.6;-
Istjørndalen;SN99770;14.03.2024 00:00;-15.6;-
Istjørndalen;SN99770;14.03.2024 01:00;-16.5;-
Istjørndalen;SN99770;14.03.2024 02:00;-17;-
Istjørndalen;SN99770;14.03.2024 03:00;-17.3;-
Istjørndalen;SN99770;14.03.2024 04:00;-18.1;-
Istjørndalen;SN99770;14.03.2024 05:00;-19.4;-
Istjørndalen;SN99770;14.03.2024 06:00;-19.4;-
Istjørndalen;SN99770;14.03.2024 07:00;-19.4;-
Istjørndalen;SN99770;14.03.2024 08:00;-20.1;-
Istjørndalen;SN99770;14.03.2024 09:00;-20.9;-
Istjørndalen;SN99770;14.03.2024 10:00;-20.3;-
Istjørndalen;SN99770;14.03.2024 11:00;-20.9;-
Istjørndalen;SN99770;14.03.2024 12:00;-21.5;-
Istjørndalen;SN99770;14.03.2024 13:00;-23;-
Istjørndalen;SN99770;14.03.2024 14:00;-22.2;-
Istjørndalen;SN99770;14.03.2024 15:00;-23.1;-
Istjørndalen;SN99770;14.03.2024 16:00;-23.2;-
Istjørndalen;SN99770;14.03.2024 17:00;-24.4;-
Istjørndalen;SN99770;14.03.2024 18:00;-25.5;-
Istjørndalen;SN99770;14.03.2024 19:00;-25.9;-
Istjørndalen;SN99770;14.03.2024 20:00;-25.3;-
Istjørndalen;SN99770;14.03.2024 21:00;-26.1;-
Istjørndalen;SN99770;14.03.2024 22:00;-25.1;-
Istjørndalen;SN99770;14.03.2024 23:00;-24.5;-
Istjørndalen;SN99770;15.03.2024 00:00;-24.7;-
Istjørndalen;SN99770;15.03.2024 01:00;-25.1;-
Istjørndalen;SN99770;15.03.2024 02:00;-26.1;-
Istjørndalen;SN99770;15.03.2024 03:00;-25.5;-
Istjørndalen;SN99770;15.03.2024 04:00;-24.8;-
Istjørndalen;SN99770;15.03.2024 05:00;-24.8;-
Istjørndalen;SN99770;15.03.2024 06:00;-25.3;-
Istjørndalen;SN99770;15.03.2024 07:00;-25.8;-
Istjørndalen;SN99770;15.03.2024 08:00;-25.7;-
Istjørndalen;SN99770;15.03.2024 09:00;-26.7;-
Istjørndalen;SN99770;15.03.2024 10:00;-26.1;-
Istjørndalen;SN99770;15.03.2024 11:00;-27.1;-
Istjørndalen;SN99770;15.03.2024 12:00;-26.8;-
Istjørndalen;SN99770;15.03.2024 13:00;-26.9;-
Istjørndalen;SN99770;15.03.2024 14:00;-26.7;-
Istjørndalen;SN99770;15.03.2024 15:00;-26.8;-
Istjørndalen;SN99770;15.03.2024 16:00;-27.5;-
Istjørndalen;SN99770;15.03.2024 17:00;-25.9;-
Istjørndalen;SN99770;15.03.2024 18:00;-26.1;-
Istjørndalen;SN99770;15.03.2024 19:00;-24.7;-
Istjørndalen;SN99770;15.03.2024 20:00;-24.9;-
Istjørndalen;SN99770;15.03.2024 21:00;-24.5;-
Istjørndalen;SN99770;15.03.2024 22:00;-23.6;-
Istjørndalen;SN99770;15.03.2024 23:00;-23.4;-
Istjørndalen;SN99770;16.03.2024 00:00;-23.3;-
Istjørndalen;SN99770;16.03.2024 01:00;-23;-
Istjørndalen;SN99770;16.03.2024 02:00;-22.7;-
Istjørndalen;SN99770;16.03.2024 03:00;-22.9;-
Istjørndalen;SN99770;16.03.2024 04:00;-22.2;-
Istjørndalen;SN99770;16.03.2024 05:00;-22.9;-
Istjørndalen;SN99770;16.03.2024 06:00;-23.7;-
Istjørndalen;SN99770;16.03.2024 07:00;-22.6;-
Istjørndalen;SN99770;16.03.2024 08:00;-23.2;-
Istjørndalen;SN99770;16.03.2024 09:00;-23.2;-
Istjørndalen;SN99770;16.03.2024 10:00;-24.4;-
Istjørndalen;SN99770;16.03.2024 11:00;-24;-
Istjørndalen;SN99770;16.03.2024 12:00;-24.2;-
Istjørndalen;SN99770;16.03.2024 13:00;-24.3;-
Istjørndalen;SN99770;16.03.2024 14:00;-24;-
Istjørndalen;SN99770;16.03.2024 15:00;-24.2;-
Istjørndalen;SN99770;16.03.2024 16:00;-23.5;-
Istjørndalen;SN99770;16.03.2024 17:00;-22.7;-
Istjørndalen;SN99770;16.03.2024 18:00;-24.7;-
Istjørndalen;SN99770;16.03.2024 19:00;-24.4;-
Istjørndalen;SN99770;16.03.2024 20:00;-23.8;-
Istjørndalen;SN99770;16.03.2024 21:00;-23.3;-
Istjørndalen;SN99770;16.03.2024 22:00;-24.8;-
Istjørndalen;SN99770;16.03.2024 23:00;-25.5;-
Istjørndalen;SN99770;17.03.2024 00:00;-24.5;-
Istjørndalen;SN99770;17.03.2024 01:00;-24.4;-
Istjørndalen;SN99770;17.03.2024 02:00;-24.2;-
Istjørndalen;SN99770;17.03.2024 03:00;-22.7;-
Istjørndalen;SN99770;17.03.2024 04:00;-24.7;-
Istjørndalen;SN99770;17.03.2024 05:00;-24.9;-
Istjørndalen;SN99770;17.03.2024 06:00;-24.4;-
Istjørndalen;SN99770;17.03.2024 07:00;-24.5;-
Istjørndalen;SN99770;17.03.2024 08:00;-24.8;-
Istjørndalen;SN99770;17.03.2024 09:00;-24.9;-
Istjørndalen;SN99770;17.03.2024 10:00;-23.6;-
Istjørndalen;SN99770;17.03.2024 11:00;-24;-
Istjørndalen;SN99770;17.03.2024 12:00;-24;-
Istjørndalen;SN99770;17.03.2024 13:00;-23.5;-
Istjørndalen;SN99770;17.03.2024 14:00;-23.5;-
Istjørndalen;SN99770;17.03.2024 15:00;-24.3;-
Istjørndalen;SN99770;17.03.2024 16:00;-24.4;-
Istjørndalen;SN99770;17.03.2024 17:00;-24.3;-
Istjørndalen;SN99770;17.03.2024 18:00;-25.5;-
Istjørndalen;SN99770;17.03.2024 19:00;-26.1;-
Istjørndalen;SN99770;17.03.2024 20:00;-25.8;-
Istjørndalen;SN99770;17.03.2024 21:00;-25.8;-
Istjørndalen;SN99770;17.03.2024 22:00;-24.2;-
Istjørndalen;SN99770;17.03.2024 23:00;-24.5;-
Istjørndalen;SN99770;18.03.2024 00:00;-24.3;-
Istjørndalen;SN99770;18.03.2024 01:00;-23.7;-
Istjørndalen;SN99770;18.03.2024 02:00;-23.2;-
Istjørndalen;SN99770;18.03.2024 03:00;-23.6;-
Istjørndalen;SN99770;18.03.2024 04:00;-23.5;-
Istjørndalen;SN99770;18.03.2024 05:00;-23.7;-
Istjørndalen;SN99770;18.03.2024 06:00;-24;-
Istjørndalen;SN99770;18.03.2024 07:00;-23.6;-
Istjørndalen;SN99770;18.03.2024 08:00;-23.4;-
Istjørndalen;SN99770;18.03.2024 09:00;-22.8;-
Istjørndalen;SN99770;18.03.2024 10:00;-22.6;-
Istjørndalen;SN99770;18.03.2024 11:00;-22.9;-
Istjørndalen;SN99770;18.03.2024 12:00;-23.1;-
Istjørndalen;SN99770;18.03.2024 13:00;-22.4;-
Istjørndalen;SN99770;18.03.2024 14:00;-22.9;-
Istjørndalen;SN99770;18.03.2024 15:00;-21.9;-
Istjørndalen;SN99770;18.03.2024 16:00;-22.4;-
Istjørndalen;SN99770;18.03.2024 17:00;-22.7;-
Istjørndalen;SN99770;18.03.2024 18:00;-22.4;-
Istjørndalen;SN99770;18.03.2024 19:00;-22.8;-
Istjørndalen;SN99770;18.03.2024 20:00;-22.6;-
Istjørndalen;SN99770;18.03.2024 21:00;-22.1;-
Istjørndalen;SN99770;18.03.2024 22:00;-22.6;-
Istjørndalen;SN99770;18.03.2024 23:00;-22.1;-
Istjørndalen;SN99770;19.03.2024 00:00;-22.3;-
Istjørndalen;SN99770;19.03.2024 01:00;-22.7;-
Istjørndalen;SN99770;19.03.2024 02:00;-22.5;-
Istjørndalen;SN99770;19.03.2024 03:00;-22.5;-
Istjørndalen;SN99770;19.03.2024 04:00;-22.8;-
Istjørndalen;SN99770;19.03.2024 05:00;-23.3;-
Istjørndalen;SN99770;19.03.2024 06:00;-24.7;-
Istjørndalen;SN99770;19.03.2024 07:00;-23.5;-
Istjørndalen;SN99770;19.03.2024 08:00;-22.8;-
Istjørndalen;SN99770;19.03.2024 09:00;-23.4;-
Istjørndalen;SN99770;19.03.2024 10:00;-23.1;-
Istjørndalen;SN99770;19.03.2024 11:00;-23.4;-
Istjørndalen;SN99770;19.03.2024 12:00;-22.4;-
Istjørndalen;SN99770;19.03.2024 13:00;-22.4;-
Istjørndalen;SN99770;19.03.2024 14:00;-22.7;-
Istjørndalen;SN99770;19.03.2024 15:00;-22.5;-
Istjørndalen;SN99770;19.03.2024 16:00;-22.3;-
Istjørndalen;SN99770;19.03.2024 17:00;-22.3;-
Istjørndalen;SN99770;19.03.2024 18:00;-22.9;-
Istjørndalen;SN99770;19.03.2024 19:00;-22.5;-
Istjørndalen;SN99770;19.03.2024 20:00;-22.3;-
Istjørndalen;SN99770;19.03.2024 21:00;-22.9;-
Istjørndalen;SN99770;19.03.2024 22:00;-21.9;-
Istjørndalen;SN99770;19.03.2024 23:00;-21.9;-
Istjørndalen;SN99770;20.03.2024 00:00;-21.6;-
Istjørndalen;SN99770;20.03.2024 01:00;-22.2;-
Istjørndalen;SN99770;20.03.2024 02:00;-22.2;-
Istjørndalen;SN99770;20.03.2024 03:00;-22.8;-
Istjørndalen;SN99770;20.03.2024 04:00;-22.5;-
Istjørndalen;SN99770;20.03.2024 05:00;-22.7;-
Istjørndalen;SN99770;20.03.2024 06:00;-21.4;-
Istjørndalen;SN99770;20.03.2024 07:00;-22.9;-
Istjørndalen;SN99770;20.03.2024 08:00;-22.2;-
Istjørndalen;SN99770;20.03.2024 09:00;-22.2;-
Istjørndalen;SN99770;20.03.2024 10:00;-22.2;-
Istjørndalen;SN99770;20.03.2024 11:00;-20.3;-
Istjørndalen;SN99770;20.03.2024 12:00;-21.2;-
Istjørndalen;SN99770;20.03.2024 13:00;-21.3;-
Istjørndalen;SN99770;20.03.2024 14:00;-20.8;-
Istjørndalen;SN99770;20.03.2024 15:00;-21;-
Istjørndalen;SN99770;20.03.2024 16:00;-21.2;-
Istjørndalen;SN99770;20.03.2024 17:00;-21.4;-
Istjørndalen;SN99770;20.03.2024 18:00;-21.5;-
Istjørndalen;SN99770;20.03.2024 19:00;-21;-
Istjørndalen;SN99770;20.03.2024 20:00;-22.1;-
Istjørndalen;SN99770;20.03.2024 21:00;-21.4;-
Istjørndalen;SN99770;20.03.2024 22:00;-21.5;-
Istjørndalen;SN99770;20.03.2024 23:00;-21.3;-
Istjørndalen;SN99770;21.03.2024 00:00;-21.6;-
Istjørndalen;SN99770;21.03.2024 01:00;-21.3;-
Istjørndalen;SN99770;21.03.2024 02:00;-21.7;-
Istjørndalen;SN99770;21.03.2024 03:00;-21.5;-
Istjørndalen;SN99770;21.03.2024 04:00;-21.3;-
Istjørndalen;SN99770;21.03.2024 05:00;-21.6;-
Istjørndalen;SN99770;21.03.2024 06:00;-21.2;-
Istjørndalen;SN99770;21.03.2024 07:00;-20.8;-
Istjørndalen;SN99770;21.03.2024 08:00;-20.4;-
Istjørndalen;SN99770;21.03.2024 09:00;-19.6;-
Istjørndalen;SN99770;21.03.2024 10:00;-18.7;-
Istjørndalen;SN99770;21.03.2024 11:00;-20.2;-
Istjørndalen;SN99770;21.03.2024 12:00;-19.6;-
Istjørndalen;SN99770;21.03.2024 13:00;-19.5;-
Istjørndalen;SN99770;21.03.2024 14:00;-19;-
Istjørndalen;SN99770;21.03.2024 15:00;-18.9;-
Istjørndalen;SN99770;21.03.2024 16:00;-21.3;-
Istjørndalen;SN99770;21.03.2024 17:00;-20;-
Istjørndalen;SN99770;21.03.2024 18:00;-19.5;-
Istjørndalen;SN99770;21.03.2024 19:00;-19.8;-
Istjørndalen;SN99770;21.03.2024 20:00;-20.8;-
Istjørndalen;SN99770;21.03.2024 21:00;-20.4;-
Istjørndalen;SN99770;21.03.2024 22:00;-20.1;-
Istjørndalen;SN99770;21.03.2024 23:00;-20.1;-
Istjørndalen;SN99770;22.03.2024 00:00;-18.9;-
Istjørndalen;SN99770;22.03.2024 01:00;-19.8;-
Istjørndalen;SN99770;22.03.2024 02:00;-19.7;-
Istjørndalen;SN99770;22.03.2024 03:00;-20.4;-
Istjørndalen;SN99770;22.03.2024 04:00;-19.5;-
Istjørndalen;SN99770;22.03.2024 05:00;-19.8;-
Istjørndalen;SN99770;22.03.2024 06:00;-20.4;-
Istjørndalen;SN99770;22.03.2024 07:00;-20.6;-
Istjørndalen;SN99770;22.03.2024 08:00;-19.9;-
Istjørndalen;SN99770;22.03.2024 09:00;-17.8;-
Istjørndalen;SN99770;22.03.2024 10:00;-17.9;-
Istjørndalen;SN99770;22.03.2024 11:00;-16.6;-
Istjørndalen;SN99770;22.03.2024 12:00;-18.1;-
Istjørndalen;SN99770;22.03.2024 13:00;-16.7;-
Istjørndalen;SN99770;22.03.2024 14:00;-17;-
Istjørndalen;SN99770;22.03.2024 15:00;-18.1;-
Istjørndalen;SN99770;22.03.2024 16:00;-17.3;-
Istjørndalen;SN99770;22.03.2024 17:00;-17.2;-
Istjørndalen;SN99770;22.03.2024 18:00;-18.4;-
Istjørndalen;SN99770;22.03.2024 19:00;-17.6;-
Istjørndalen;SN99770;22.03.2024 20:00;-17.9;-
Istjørndalen;SN99770;22.03.2024 21:00;-17.3;-
Istjørndalen;SN99770;22.03.2024 22:00;-17.6;-
Istjørndalen;SN99770;22.03.2024 23:00;-19.4;-
Istjørndalen;SN99770;23.03.2024 00:00;-20.8;-
Istjørndalen;SN99770;23.03.2024 01:00;-19.7;-
Istjørndalen;SN99770;23.03.2024 02:00;-19.7;-
Istjørndalen;SN99770;23.03.2024 03:00;-20;-
Istjørndalen;SN99770;23.03.2024 04:00;-18.2;-
Istjørndalen;SN99770;23.03.2024 05:00;-18.8;-
Istjørndalen;SN99770;23.03.2024 06:00;-21.7;-
Istjørndalen;SN99770;23.03.2024 07:00;-19.4;-
Istjørndalen;SN99770;23.03.2024 08:00;-19.6;-
Istjørndalen;SN99770;23.03.2024 09:00;-18.5;-
Istjørndalen;SN99770;23.03.2024 10:00;-19;-
Istjørndalen;SN99770;23.03.2024 11:00;-18.6;-
Istjørndalen;SN99770;23.03.2024 12:00;-18.5;-
Istjørndalen;SN99770;23.03.2024 13:00;-18.8;-
Istjørndalen;SN99770;23.03.2024 14:00;-18.5;-
Istjørndalen;SN99770;23.03.2024 15:00;-18.1;-
Istjørndalen;SN99770;23.03.2024 16:00;-18.3;-
Istjørndalen;SN99770;23.03.2024 17:00;-17.3;-
Istjørndalen;SN99770;23.03.2024 18:00;-16.1;-
Istjørndalen;SN99770;23.03.2024 19:00;-16.4;-
Istjørndalen;SN99770;23.03.2024 20:00;-16.1;-
Istjørndalen;SN99770;23.03.2024 21:00;-16.6;-
Istjørndalen;SN99770;23.03.2024 22:00;-16.5;-
Istjørndalen;SN99770;23.03.2024 23:00;-16.8;-
Istjørndalen;SN99770;24.03.2024 00:00;-17.5;-
Istjørndalen;SN99770;24.03.2024 01:00;-17.1;-
Istjørndalen;SN99770;24.03.2024 02:00;-16.9;-
Istjørndalen;SN99770;24.03.2024 03:00;-17;-
Istjørndalen;SN99770;24.03.2024 04:00;-16.9;-
Istjørndalen;SN99770;24.03.2024 05:00;-17.8;-
Istjørndalen;SN99770;24.03.2024 06:00;-17.4;-
Istjørndalen;SN99770;24.03.2024 07:00;-17.3;-
Istjørndalen;SN99770;24.03.2024 08:00;-17.4;-
Istjørndalen;SN99770;24.03.2024 09:00;-17.4;-
Istjørndalen;SN99770;24.03.2024 10:00;-17.3;-
Istjørndalen;SN99770;24.03.2024 11:00;-16.8;-
Istjørndalen;SN99770;24.03.2024 12:00;-17.9;-
Istjørndalen;SN99770;24.03.2024 13:00;-16.7;-
Istjørndalen;SN99770;24.03.2024 14:00;-16.5;-
Istjørndalen;SN99770;24.03.2024 15:00;-17.3;-
Istjørndalen;SN99770;24.03.2024 16:00;-17;-
Istjørndalen;SN99770;24.03.2024 17:00;-17.4;-
Istjørndalen;SN99770;24.03.2024 18:00;-17.3;-
Istjørndalen;SN99770;24.03.2024 19:00;-17.6;-
Istjørndalen;SN99770;24.03.2024 20:00;-16.9;-
Istjørndalen;SN99770;24.03.2024 21:00;-17;-
Istjørndalen;SN99770;24.03.2024 22:00;-17.5;-
Istjørndalen;SN99770;24.03.2024 23:00;-17.1;-
Istjørndalen;SN99770;25.03.2024 00:00;-16.5;-
Istjørndalen;SN99770;25.03.2024 01:00;-17.9;-
Istjørndalen;SN99770;25.03.2024 02:00;-17.4;-
Istjørndalen;SN99770;25.03.2024 03:00;-17;-
Istjørndalen;SN99770;25.03.2024 04:00;-16.9;-
Istjørndalen;SN99770;25.03.2024 05:00;-16.9;-
Istjørndalen;SN99770;25.03.2024 06:00;-17.5;-
Istjørndalen;SN99770;25.03.2024 07:00;-16.9;-
Istjørndalen;SN99770;25.03.2024 08:00;-16.8;-
Istjørndalen;SN99770;25.03.2024 09:00;-16.6;-
Istjørndalen;SN99770;25.03.2024 10:00;-16.3;-
Istjørndalen;SN99770;25.03.2024 11:00;-16.6;-
Istjørndalen;SN99770;25.03.2024 12:00;-16.2;-
Istjørndalen;SN99770;25.03.2024 13:00;-16.4;-
Istjørndalen;SN99770;25.03.2024 14:00;-16.6;-
Istjørndalen;SN99770;25.03.2024 15:00;-16.8;-
Istjørndalen;SN99770;25.03.2024 16:00;-16.1;-
Istjørndalen;SN99770;25.03.2024 17:00;-16.7;-
Istjørndalen;SN99770;25.03.2024 18:00;-16.3;-
Istjørndalen;SN99770;25.03.2024 19:00;-16.5;-
Istjørndalen;SN99770;25.03.2024 20:00;-16.5;-
Istjørndalen;SN99770;25.03.2024 21:00;-16.3;-
Istjørndalen;SN99770;25.03.2024 22:00;-18.6;-
Istjørndalen;SN99770;25.03.2024 23:00;-16.4;-
Istjørndalen;SN99770;26.03.2024 00:00;-18.3;-
Istjørndalen;SN99770;26.03.2024 01:00;-18.5;-
Istjørndalen;SN99770;26.03.2024 02:00;-17.7;-
Istjørndalen;SN99770;26.03.2024 03:00;-17.2;-
Istjørndalen;SN99770;26.03.2024 04:00;-17.1;-
Istjørndalen;SN99770;26.03.2024 05:00;-19.4;-
Istjørndalen;SN99770;26.03.2024 06:00;-19.5;-
Istjørndalen;SN99770;26.03.2024 07:00;-19;-
Istjørndalen;SN99770;26.03.2024 08:00;-17;-
Istjørndalen;SN99770;26.03.2024 09:00;-16.1;-
Istjørndalen;SN99770;26.03.2024 10:00;-15.3;-
Istjørndalen;SN99770;26.03.2024 11:00;-15.4;-
Istjørndalen;SN99770;26.03.2024 12:00;-13.7;-
Istjørndalen;SN99770;26.03.2024 13:00;-13.5;-
Istjørndalen;SN99770;26.03.2024 14:00;-13;-
Istjørndalen;SN99770;26.03.2024 15:00;-13.9;-
Istjørndalen;SN99770;26.03.2024 16:00;-14.5;-
Istjørndalen;SN99770;26.03.2024 17:00;-14;-
Istjørndalen;SN99770;26.03.2024 18:00;-14.1;-
Istjørndalen;SN99770;26.03.2024 19:00;-14.6;-
Istjørndalen;SN99770;26.03.2024 20:00;-16.4;-
Istjørndalen;SN99770;26.03.2024 21:00;-15;-
Istjørndalen;SN99770;26.03.2024 22:00;-13.2;-
Istjørndalen;SN99770;26.03.2024 23:00;-12.7;-
Istjørndalen;SN99770;27.03.2024 00:00;-13.6;-
Istjørndalen;SN99770;27.03.2024 01:00;-12.5;-
Istjørndalen;SN99770;27.03.2024 02:00;-12.5;-
Istjørndalen;SN99770;27.03.2024 03:00;-11.7;-
Istjørndalen;SN99770;27.03.2024 04:00;-11.5;-
Istjørndalen;SN99770;27.03.2024 05:00;-11.5;-
Istjørndalen;SN99770;27.03.2024 06:00;-11.3;-
Istjørndalen;SN99770;27.03.2024 07:00;-11.5;-
Istjørndalen;SN99770;27.03.2024 08:00;-11.7;-
Istjørndalen;SN99770;27.03.2024 09:00;-10.7;-
Istjørndalen;SN99770;27.03.2024 10:00;-9.7;-
Istjørndalen;SN99770;27.03.2024 11:00;-9.4;-
Istjørndalen;SN99770;27.03.2024 12:00;-9;-
Istjørndalen;SN99770;27.03.2024 13:00;-8.9;-
Istjørndalen;SN99770;27.03.2024 14:00;-9;-
Istjørndalen;SN99770;27.03.2024 15:00;-8.9;-
Istjørndalen;SN99770;27.03.2024 16:00;-8.7;-
Istjørndalen;SN99770;27.03.2024 17:00;-8.8;-
Istjørndalen;SN99770;27.03.2024 18:00;-8.8;-
Istjørndalen;SN99770;27.03.2024 19:00;-9.1;-
Istjørndalen;SN99770;27.03.2024 20:00;-8.9;-
Istjørndalen;SN99770;27.03.2024 21:00;-8.7;-
Istjørndalen;SN99770;27.03.2024 22:00;-8.6;-
Istjørndalen;SN99770;27.03.2024 23:00;-8.3;-
Istjørndalen;SN99770;28.03.2024 00:00;-8.5;-
Istjørndalen;SN99770;28.03.2024 01:00;-8.5;-
Istjørndalen;SN99770;28.03.2024 02:00;-8.5;-
Istjørndalen;SN99770;28.03.2024 03:00;-8.7;-
Istjørndalen;SN99770;28.03.2024 04:00;-8.5;-
Istjørndalen;SN99770;28.03.2024 05:00;-8.3;-
Istjørndalen;SN99770;28.03.2024 06:00;-9.3;-
Istjørndalen;SN99770;28.03.2024 07:00;-9.3;-
Istjørndalen;SN99770;28.03.2024 08:00;-9.5;-
Istjørndalen;SN99770;28.03.2024 09:00;-9.9;-
Istjørndalen;SN99770;28.03.2024 10:00;-11.4;-
Istjørndalen;SN99770;28.03.2024 11:00;-11.7;-
Istjørndalen;SN99770;28.03.2024 12:00;-12.7;-
Istjørndalen;SN99770;28.03.2024 13:00;-13.3;-
Istjørndalen;SN99770;28.03.2024 14:00;-14.6;-
Istjørndalen;SN99770;28.03.2024 15:00;-14.9;-
Istjørndalen;SN99770;28.03.2024 16:00;-15.2;-
Istjørndalen;SN99770;28.03.2024 17:00;-15.5;-
Istjørndalen;SN99770;28.03.2024 18:00;-16.1;-
Istjørndalen;SN99770;28.03.2024 19:00;-16.5;-
Istjørndalen;SN99770;28.03.2024 20:00;-16.8;-
Istjørndalen;SN99770;28.03.2024 21:00;-17.3;-
Istjørndalen;SN99770;28.03.2024 22:00;-17.8;-
Istjørndalen;SN99770;28.03.2024 23:00;-18.8;-
Istjørndalen;SN99770;29.03.2024 00:00;-19.8;-
Istjørndalen;SN99770;29.03.2024 01:00;-21;-
Istjørndalen;SN99770;29.03.2024 02:00;-20.7;-
Istjørndalen;SN99770;29.03.2024 03:00;-21.4;-
Istjørndalen;SN99770;29.03.2024 04:00;-21;-
Istjørndalen;SN99770;29.03.2024 05:00;-21.8;-
Istjørndalen;SN99770;29.03.2024 06:00;-22.4;-
Istjørndalen;SN99770;29.03.2024 07:00;-21.7;-
Istjørndalen;SN99770;29.03.2024 08:00;-21.1;-
Istjørndalen;SN99770;29.03.2024 09:00;-21.3;-
Istjørndalen;SN99770;29.03.2024 10:00;-21.7;-
Istjørndalen;SN99770;29.03.2024 11:00;-21.5;-
Istjørndalen;SN99770;29.03.2024 12:00;-22.4;-
Istjørndalen;SN99770;29.03.2024 13:00;-22.9;-
Istjørndalen;SN99770;29.03.2024 14:00;-22.7;-
Istjørndalen;SN99770;29.03.2024 15:00;-23.4;-
Istjørndalen;SN99770;29.03.2024 16:00;-23.3;-
Istjørndalen;SN99770;29.03.2024 17:00;-23.8;-
Istjørndalen;SN99770;29.03.2024 18:00;-23.3;-
Istjørndalen;SN99770;29.03.2024 19:00;-24.5;-
Istjørndalen;SN99770;29.03.2024 20:00;-24.5;-
Istjørndalen;SN99770;29.03.2024 21:00;-23.9;-
Istjørndalen;SN99770;29.03.2024 22:00;-21.5;-
Istjørndalen;SN99770;29.03.2024 23:00;-23.9;-
Istjørndalen;SN99770;30.03.2024 00:00;-22;-
Istjørndalen;SN99770;30.03.2024 01:00;-19.3;-
Istjørndalen;SN99770;30.03.2024 02:00;-18.7;-
Istjørndalen;SN99770;30.03.2024 03:00;-18.9;-
Istjørndalen;SN99770;30.03.2024 04:00;-18.7;-
Istjørndalen;SN99770;30.03.2024 05:00;-18;-
Istjørndalen;SN99770;30.03.2024 06:00;-19.5;-
Istjørndalen;SN99770;30.03.2024 07:00;-21.3;-
Istjørndalen;SN99770;30.03.2024 08:00;-22.4;-
Istjørndalen;SN99770;30.03.2024 09:00;-22.1;-
Istjørndalen;SN99770;30.03.2024 10:00;-22.1;-
Istjørndalen;SN99770;30.03.2024 11:00;-21.5;-
Istjørndalen;SN99770;30.03.2024 12:00;-22.6;-
Istjørndalen;SN99770;30.03.2024 13:00;-23.2;-
Istjørndalen;SN99770;30.03.2024 14:00;-24;-
Istjørndalen;SN99770;30.03.2024 15:00;-22.2;-
Istjørndalen;SN99770;30.03.2024 16:00;-22.2;-
Istjørndalen;SN99770;30.03.2024 17:00;-21.6;-
Istjørndalen;SN99770;30.03.2024 18:00;-22;-
Istjørndalen;SN99770;30.03.2024 19:00;-22.7;-
Istjørndalen;SN99770;30.03.2024 20:00;-23;-
Istjørndalen;SN99770;30.03.2024 21:00;-23.4;-
Istjørndalen;SN99770;30.03.2024 22:00;-23.6;-
Istjørndalen;SN99770;30.03.2024 23:00;-23.8;-
Istjørndalen;SN99770;31.03.2024 00:00;-24.5;-
Istjørndalen;SN99770;31.03.2024 01:00;-25;-
Istjørndalen;SN99770;31.03.2024 02:00;-25.7;-
Istjørndalen;SN99770;31.03.2024 03:00;-26;-
Istjørndalen;SN99770;31.03.2024 04:00;-25.5;-
Istjørndalen;SN99770;31.03.2024 05:00;-25.4;-
Istjørndalen;SN99770;31.03.2024 06:00;-23.9;-
Istjørndalen;SN99770;31.03.2024 07:00;-23.2;-
Istjørndalen;SN99770;31.03.2024 08:00;-22.5;-
Istjørndalen;SN99770;31.03.2024 09:00;-22.9;-
Istjørndalen;SN99770;31.03.2024 10:00;-23.2;-
Istjørndalen;SN99770;31.03.2024 11:00;-21.2;-
Istjørndalen;SN99770;31.03.2024 12:00;-20.9;-
Istjørndalen;SN99770;31.03.2024 13:00;-20.5;-
Istjørndalen;SN99770;31.03.2024 14:00;-18.9;-
Istjørndalen;SN99770;31.03.2024 15:00;-18.5;-
Istjørndalen;SN99770;31.03.2024 16:00;-17.8;-
Istjørndalen;SN99770;31.03.2024 17:00;-17.1;-
Istjørndalen;SN99770;31.03.2024 18:00;-18.8;-
Istjørndalen;SN99770;31.03.2024 19:00;-16.1;-
Istjørndalen;SN99770;31.03.2024 20:00;-18;-
Istjørndalen;SN99770;31.03.2024 21:00;-17.9;-
Istjørndalen;SN99770;31.03.2024 22:00;-19.1;-
Istjørndalen;SN99770;31.03.2024 23:00;-18.8;-
Istjørndalen;SN99770;01.04.2024 00:00;-18.2;-
Istjørndalen;SN99770;01.04.2024 01:00;-19.1;-
Istjørndalen;SN99770;01.04.2024 02:00;-18.7;-
Istjørndalen;SN99770;01.04.2024 03:00;-19.3;-
Istjørndalen;SN99770;01.04.2024 04:00;-19.2;-
Istjørndalen;SN99770;01.04.2024 05:00;-18.5;-
Istjørndalen;SN99770;01.04.2024 06:00;-17.9;-
Istjørndalen;SN99770;01.04.2024 07:00;-17.6;-
Istjørndalen;SN99770;01.04.2024 08:00;-17.7;-
Istjørndalen;SN99770;01.04.2024 09:00;-17.6;-
Istjørndalen;SN99770;01.04.2024 10:00;-18.1;-
Istjørndalen;SN99770;01.04.2024 11:00;-17;-
Istjørndalen;SN99770;01.04.2024 12:00;-18.1;-
Istjørndalen;SN99770;01.04.2024 13:00;-16.5;-
Istjørndalen;SN99770;01.04.2024 14:00;-16.8;-
Istjørndalen;SN99770;01.04.2024 15:00;-16.6;-
Istjørndalen;SN99770;01.04.2024 16:00;-15.9;-
Istjørndalen;SN99770;01.04.2024 17:00;-18.4;-
Istjørndalen;SN99770;01.04.2024 18:00;-16.9;-
Istjørndalen;SN99770;01.04.2024 19:00;-16.2;-
Istjørndalen;SN99770;01.04.2024 20:00;-16.3;-
Istjørndalen;SN99770;01.04.2024 21:00;-15.6;-
Istjørndalen;SN99770;01.04.2024 22:00;-16;-
Istjørndalen;SN99770;01.04.2024 23:00;-16;-
Istjørndalen;SN99770;02.04.2024 00:00;-15.2;-
Istjørndalen;SN99770;02.04.2024 01:00;-15.5;-
Istjørndalen;SN99770;02.04.2024 02:00;-14.6;-
Istjørndalen;SN99770;02.04.2024 03:00;-15.8;-
Istjørndalen;SN99770;02.04.2024 04:00;-17.4;-
Istjørndalen;SN99770;02.04.2024 05:00;-16.4;-
Istjørndalen;SN99770;02.04.2024 06:00;-18.2;-
Istjørndalen;SN99770;02.04.2024 07:00;-17.7;-
Istjørndalen;SN99770;02.04.2024 08:00;-17.9;-
Istjørndalen;SN99770;02.04.2024 09:00;-18.3;-
Istjørndalen;SN99770;02.04.2024 10:00;-17.6;-
Istjørndalen;SN99770;02.04.2024 11:00;-17;-
Istjørndalen;SN99770;02.04.2024 12:00;-18.6;-
Istjørndalen;SN99770;02.04.2024 13:00;-19;-
Istjørndalen;SN99770;02.04.2024 14:00;-19.3;-
Istjørndalen;SN99770;02.04.2024 15:00;-19.9;-
Istjørndalen;SN99770;02.04.2024 16:00;-19.9;-
Istjørndalen;SN99770;02.04.2024 17:00;-19.7;-
Istjørndalen;SN99770;02.04.2024 18:00;-21.5;-
Istjørndalen;SN99770;02.04.2024 19:00;-20.7;-
Istjørndalen;SN99770;02.04.2024 20:00;-20;-
Istjørndalen;SN99770;02.04.2024 21:00;-19.5;-
Istjørndalen;SN99770;02.04.2024 22:00;-19.1;-
Istjørndalen;SN99770;02.04.2024 23:00;-18.8;-
Istjørndalen;SN99770;03.04.2024 00:00;-18.3;-
Istjørndalen;SN99770;03.04.2024 01:00;-18.6;-
Istjørndalen;SN99770;03.04.2024 02:00;-18.4;-
Istjørndalen;SN99770;03.04.2024 03:00;-17.7;-
Istjørndalen;SN99770;03.04.2024 04:00;-17.5;-
Istjørndalen;SN99770;03.04.2024 05:00;-16.9;-
Istjørndalen;SN99770;03.04.2024 06:00;-16.8;-
Istjørndalen;SN99770;03.04.2024 07:00;-15.4;-
Istjørndalen;SN99770;03.04.2024 08:00;-16.5;-
Istjørndalen;SN99770;03.04.2024 09:00;-15.8;-
Istjørndalen;SN99770;03.04.2024 10:00;-15;-
Istjørndalen;SN99770;03.04.2024 11:00;-13.8;-
Istjørndalen;SN99770;03.04.2024 12:00;-14;-
Istjørndalen;SN99770;03.04.2024 13:00;-13.1;-
Istjørndalen;SN99770;03.04.2024 14:00;-12.7;-
Istjørndalen;SN99770;03.04.2024 15:00;-12.6;-
Istjørndalen;SN99770;03.04.2024 16:00;-11.7;-
Istjørndalen;SN99770;03.04.2024 17:00;-12.8;-
Istjørndalen;SN99770;03.04.2024 18:00;-11.5;-
Istjørndalen;SN99770;03.04.2024 19:00;-13.6;-
Istjørndalen;SN99770;03.04.2024 20:00;-12.8;-
Istjørndalen;SN99770;03.04.2024 21:00;-11.4;-
Istjørndalen;SN99770;03.04.2024 22:00;-12.2;-
Istjørndalen;SN99770;03.04.2024 23:00;-11;-
Istjørndalen;SN99770;04.04.2024 00:00;-11.1;-
Istjørndalen;SN99770;04.04.2024 01:00;-11.2;-
Istjørndalen;SN99770;04.04.2024 02:00;-11.5;-
Istjørndalen;SN99770;04.04.2024 03:00;-10.9;-
Istjørndalen;SN99770;04.04.2024 04:00;-11.2;-
Istjørndalen;SN99770;04.04.2024 05:00;-10.5;-
Istjørndalen;SN99770;04.04.2024 06:00;-9.8;-
Istjørndalen;SN99770;04.04.2024 07:00;-9.3;-
Istjørndalen;SN99770;04.04.2024 08:00;-7.9;-
Istjørndalen;SN99770;04.04.2024 09:00;-8.4;-
Istjørndalen;SN99770;04.04.2024 10:00;-6.9;-
Istjørndalen;SN99770;04.04.2024 11:00;-6.5;-
Istjørndalen;SN99770;04.04.2024 12:00;-7;-
Istjørndalen;SN99770;04.04.2024 13:00;-6.9;-
Istjørndalen;SN99770;04.04.2024 14:00;-5.3;-
Istjørndalen;SN99770;04.04.2024 15:00;-5.9;-
Istjørndalen;SN99770;04.04.2024 16:00;-6.3;-
Istjørndalen;SN99770;04.04.2024 17:00;-6.8;-
Istjørndalen;SN99770;04.04.2024 18:00;-8.1;-
Istjørndalen;SN99770;04.04.2024 19:00;-9.3;-
Istjørndalen;SN99770;04.04.2024 20:00;-10;-
Istjørndalen;SN99770;04.04.2024 21:00;-11.3;-
Istjørndalen;SN99770;04.04.2024 22:00;-12.1;-
Istjørndalen;SN99770;04.04.2024 23:00;-12.5;-
Istjørndalen;SN99770;05.04.2024 00:00;-12.9;-
Istjørndalen;SN99770;05.04.2024 01:00;-13.1;-
Istjørndalen;SN99770;05.04.2024 02:00;-13.6;-
Istjørndalen;SN99770;05.04.2024 03:00;-14;-
Istjørndalen;SN99770;05.04.2024 04:00;-14.4;-
Istjørndalen;SN99770;05.04.2024 05:00;-14.4;-
Istjørndalen;SN99770;05.04.2024 06:00;-14.8;-
Istjørndalen;SN99770;05.04.2024 07:00;-15.4;-
Istjørndalen;SN99770;05.04.2024 08:00;-15.9;-
Istjørndalen;SN99770;05.04.2024 09:00;-15.6;-
Istjørndalen;SN99770;05.04.2024 10:00;-15.1;-
Istjørndalen;SN99770;05.04.2024 11:00;-15.7;-
Istjørndalen;SN99770;05.04.2024 12:00;-16.4;-
Istjørndalen;SN99770;05.04.2024 13:00;-17.8;-
Istjørndalen;SN99770;05.04.2024 14:00;-17.7;-
Istjørndalen;SN99770;05.04.2024 15:00;-18.2;-
Istjørndalen;SN99770;05.04.2024 16:00;-19.8;-
Istjørndalen;SN99770;05.04.2024 17:00;-20.1;-
Istjørndalen;SN99770;05.04.2024 18:00;-20.5;-
Istjørndalen;SN99770;05.04.2024 19:00;-22.3;-
Istjørndalen;SN99770;05.04.2024 20:00;-21.5;-
Istjørndalen;SN99770;05.04.2024 21:00;-21.1;-
Istjørndalen;SN99770;05.04.2024 22:00;-21.5;-
Istjørndalen;SN99770;05.04.2024 23:00;-22.4;-
Istjørndalen;SN99770;06.04.2024 00:00;-22.7;-
Istjørndalen;SN99770;06.04.2024 01:00;-23.9;-
Istjørndalen;SN99770;06.04.2024 02:00;-22.8;-
Istjørndalen;SN99770;06.04.2024 03:00;-22.4;-
Istjørndalen;SN99770;06.04.2024 04:00;-23.4;-
Istjørndalen;SN99770;06.04.2024 05:00;-22.6;-
Istjørndalen;SN99770;06.04.2024 06:00;-20.7;-
Istjørndalen;SN99770;06.04.2024 07:00;-20.6;-
Istjørndalen;SN99770;06.04.2024 08:00;-19.8;-
Istjørndalen;SN99770;06.04.2024 09:00;-19.8;-
Istjørndalen;SN99770;06.04.2024 10:00;-19.8;-
Istjørndalen;SN99770;06.04.2024 11:00;-19.2;-
Istjørndalen;SN99770;06.04.2024 12:00;-19.6;-
Istjørndalen;SN99770;06.04.2024 13:00;-19.3;-
Istjørndalen;SN99770;06.04.2024 14:00;-19.7;-
Istjørndalen;SN99770;06.04.2024 15:00;-20;-
Istjørndalen;SN99770;06.04.2024 16:00;-19.1;-
Istjørndalen;SN99770;06.04.2024 17:00;-19.3;-
Istjørndalen;SN99770;06.04.2024 18:00;-18.9;-
Istjørndalen;SN99770;06.04.2024 19:00;-19.5;-
Istjørndalen;SN99770;06.04.2024 20:00;-19.4;-
Istjørndalen;SN99770;06.04.2024 21:00;-19.3;-
Istjørndalen;SN99770;06.04.2024 22:00;-19;-
Istjørndalen;SN99770;06.04.2024 23:00;-18.8;-
Istjørndalen;SN99770;07.04.2024 00:00;-19.8;-
Istjørndalen;SN99770;07.04.2024 01:00;-18.8;-
Istjørndalen;SN99770;07.04.2024 02:00;-18.9;-
Istjørndalen;SN99770;07.04.2024 03:00;-18.9;-
Istjørndalen;SN99770;07.04.2024 04:00;-18.5;-
Istjørndalen;SN99770;07.04.2024 05:00;-18.5;-
Istjørndalen;SN99770;07.04.2024 06:00;-18.3;-
Istjørndalen;SN99770;07.04.2024 07:00;-17.3;-
Istjørndalen;SN99770;07.04.2024 08:00;-16.8;-
Istjørndalen;SN99770;07.04.2024 09:00;-16.6;-
Istjørndalen;SN99770;07.04.2024 10:00;-14.7;-
Istjørndalen;SN99770;07.04.2024 11:00;-14.5;-
Istjørndalen;SN99770;07.04.2024 12:00;-14.3;-
Istjørndalen;SN99770;07.04.2024 13:00;-15.4;-
Istjørndalen;SN99770;07.04.2024 14:00;-17.2;-
Istjørndalen;SN99770;07.04.2024 15:00;-16.2;-
Istjørndalen;SN99770;07.04.2024 16:00;-15;-
Istjørndalen;SN99770;07.04.2024 17:00;-17;-
Istjørndalen;SN99770;07.04.2024 18:00;-17.1;-
Istjørndalen;SN99770;07.04.2024 19:00;-18.9;-
Istjørndalen;SN99770;07.04.2024 20:00;-17.4;-
Istjørndalen;SN99770;07.04.2024 21:00;-18.5;-
Istjørndalen;SN99770;07.04.2024 22:00;-18.1;-
Istjørndalen;SN99770;07.04.2024 23:00;-18.3;-
Istjørndalen;SN99770;08.04.2024 00:00;-15.5;-
Istjørndalen;SN99770;08.04.2024 01:00;-19.4;-
Istjørndalen;SN99770;08.04.2024 02:00;-18.8;-
Istjørndalen;SN99770;08.04.2024 03:00;-16.4;-
Istjørndalen;SN99770;08.04.2024 04:00;-15.2;-
Istjørndalen;SN99770;08.04.2024 05:00;-17.3;-
Istjørndalen;SN99770;08.04.2024 06:00;-17.2;-
Istjørndalen;SN99770;08.04.2024 07:00;-17;-
Istjørndalen;SN99770;08.04.2024 08:00;-16.8;-
Istjørndalen;SN99770;08.04.2024 09:00;-15.4;-
Istjørndalen;SN99770;08.04.2024 10:00;-14.4;-
Istjørndalen;SN99770;08.04.2024 11:00;-16.7;-
Istjørndalen;SN99770;08.04.2024 12:00;-16.4;-
Istjørndalen;SN99770;08.04.2024 13:00;-15.4;-
Istjørndalen;SN99770;08.04.2024 14:00;-16.9;-
Istjørndalen;SN99770;08.04.2024 15:00;-15.2;-
Istjørndalen;SN99770;08.04.2024 16:00;-16.1;-
Istjørndalen;SN99770;08.04.2024 17:00;-17.7;-
Istjørndalen;SN99770;08.04.2024 18:00;-17.7;-
Istjørndalen;SN99770;08.04.2024 19:00;-17.3;-
Istjørndalen;SN99770;08.04.2024 20:00;-17;-
Istjørndalen;SN99770;08.04.2024 21:00;-16.4;-
Istjørndalen;SN99770;08.04.2024 22:00;-16.7;-
Istjørndalen;SN99770;08.04.2024 23:00;-16;-
Istjørndalen;SN99770;09.04.2024 00:00;-15.4;-
Istjørndalen;SN99770;09.04.2024 01:00;-16.2;-
Istjørndalen;SN99770;09.04.2024 02:00;-15.5;-
Istjørndalen;SN99770;09.04.2024 03:00;-14.3;-
Istjørndalen;SN99770;09.04.2024 04:00;-14.2;-
Istjørndalen;SN99770;09.04.2024 05:00;-13.4;-
Istjørndalen;SN99770;09.04.2024 06:00;-11.8;-
Istjørndalen;SN99770;09.04.2024 07:00;-11;-
Istjørndalen;SN99770;09.04.2024 08:00;-10.7;-
Istjørndalen;SN99770;09.04.2024 09:00;-9.8;-
Istjørndalen;SN99770;09.04.2024 10:00;-9.7;-
Istjørndalen;SN99770;09.04.2024 11:00;-9.5;-
Istjørndalen;SN99770;09.04.2024 12:00;-8.3;-
Istjørndalen;SN99770;09.04.2024 13:00;-9;-
Istjørndalen;SN99770;09.04.2024 14:00;-10.6;-
Istjørndalen;SN99770;09.04.2024 15:00;-8.6;-
Istjørndalen;SN99770;09.04.2024 16:00;-9;-
Istjørndalen;SN99770;09.04.2024 17:00;-9.6;-
Istjørndalen;SN99770;09.04.2024 18:00;-11.1;-
Istjørndalen;SN99770;09.04.2024 19:00;-10.2;-
Istjørndalen;SN99770;09.04.2024 20:00;-10.3;-
Istjørndalen;SN99770;09.04.2024 21:00;-12;-
Istjørndalen;SN99770;09.04.2024 22:00;-10.4;-
Istjørndalen;SN99770;09.04.2024 23:00;-10.7;-
Istjørndalen;SN99770;10.04.2024 00:00;-10.3;-
Istjørndalen;SN99770;10.04.2024 01:00;-11.2;-
Istjørndalen;SN99770;10.04.2024 02:00;-12.6;-
Istjørndalen;SN99770;10.04.2024 03:00;-12.9;-
Istjørndalen;SN99770;10.04.2024 04:00;-12.3;-
Istjørndalen;SN99770;10.04.2024 05:00;-14.4;-
Istjørndalen;SN99770;10.04.2024 06:00;-13.7;-
Istjørndalen;SN99770;10.04.2024 07:00;-13.1;-
Istjørndalen;SN99770;10.04.2024 08:00;-11.7;-
Istjørndalen;SN99770;10.04.2024 09:00;-12.3;-
Istjørndalen;SN99770;10.04.2024 10:00;-11.2;-
Istjørndalen;SN99770;10.04.2024 11:00;-12.8;-
Istjørndalen;SN99770;10.04.2024 12:00;-11.8;-
Istjørndalen;SN99770;10.04.2024 13:00;-11.3;-
Istjørndalen;SN99770;10.04.2024 14:00;-12.5;-
Istjørndalen;SN99770;10.04.2024 15:00;-12.1;-
Istjørndalen;SN99770;10.04.2024 16:00;-12.6;-
Istjørndalen;SN99770;10.04.2024 17:00;-12.9;-
Istjørndalen;SN99770;10.04.2024 18:00;-12.6;-
Istjørndalen;SN99770;10.04.2024 19:00;-13.2;-
Istjørndalen;SN99770;10.04.2024 20:00;-14.2;-
Istjørndalen;SN99770;10.04.2024 21:00;-15.1;-
Istjørndalen;SN99770;10.04.2024 22:00;-15;-
Istjørndalen;SN99770;10.04.2024 23:00;-15.7;-
Istjørndalen;SN99770;11.04.2024 00:00;-13.7;-
Istjørndalen;SN99770;11.04.2024 01:00;-14;-
Istjørndalen;SN99770;11.04.2024 02:00;-17.2;-
Istjørndalen;SN99770;11.04.2024 03:00;-18;-
Istjørndalen;SN99770;11.04.2024 04:00;-18.1;-
Istjørndalen;SN99770;11.04.2024 05:00;-16.6;-
Istjørndalen;SN99770;11.04.2024 06:00;-17;-
Istjørndalen;SN99770;11.04.2024 07:00;-16.4;-
Istjørndalen;SN99770;11.04.2024 08:00;-15.8;-
Istjørndalen;SN99770;11.04.2024 09:00;-14.1;-
Istjørndalen;SN99770;11.04.2024 10:00;-12.6;-
Istjørndalen;SN99770;11.04.2024 11:00;-14.2;-
Istjørndalen;SN99770;11.04.2024 12:00;-12.8;-
Istjørndalen;SN99770;11.04.2024 13:00;-13.1;-
Istjørndalen;SN99770;11.04.2024 14:00;-13.3;-
Istjørndalen;SN99770;11.04.2024 15:00;-11.7;-
Istjørndalen;SN99770;11.04.2024 16:00;-14.8;-
Istjørndalen;SN99770;11.04.2024 17:00;-15.3;-
Istjørndalen;SN99770;11.04.2024 18:00;-15.3;-
Istjørndalen;SN99770;11.04.2024 19:00;-15.3;-
Istjørndalen;SN99770;11.04.2024 20:00;-17.1;-
Istjørndalen;SN99770;11.04.2024 21:00;-16.6;-
Istjørndalen;SN99770;11.04.2024 22:00;-18.4;-
Istjørndalen;SN99770;11.04.2024 23:00;-17.5;-
Istjørndalen;SN99770;12.04.2024 00:00;-18;-
Istjørndalen;SN99770;12.04.2024 01:00;-16.6;-
Istjørndalen;SN99770;12.04.2024 02:00;-18;-
Istjørndalen;SN99770;12.04.2024 03:00;-17.2;-
Istjørndalen;SN99770;12.04.2024 04:00;-18.4;-
Istjørndalen;SN99770;12.04.2024 05:00;-18;-
Istjørndalen;SN99770;12.04.2024 06:00;-16.3;-
Istjørndalen;SN99770;12.04.2024 07:00;-16.5;-
Istjørndalen;SN99770;12.04.2024 08:00;-14;-
Istjørndalen;SN99770;12.04.2024 09:00;-13.7;-
Istjørndalen;SN99770;12.04.2024 10:00;-12.7;-
Istjørndalen;SN99770;12.04.2024 11:00;-12.4;-
Istjørndalen;SN99770;12.04.2024 12:00;-12.2;-
Istjørndalen;SN99770;12.04.2024 13:00;-11.9;-
Istjørndalen;SN99770;12.04.2024 14:00;-11.8;-
Istjørndalen;SN99770;12.04.2024 15:00;-12.6;-
Istjørndalen;SN99770;12.04.2024 16:00;-12.6;-
Istjørndalen;SN99770;12.04.2024 17:00;-13.2;-
Istjørndalen;SN99770;12.04.2024 18:00;-13.8;-
Istjørndalen;SN99770;12.04.2024 19:00;-13.9;-
Istjørndalen;SN99770;12.04.2024 20:00;-12.9;-
Istjørndalen;SN99770;12.04.2024 21:00;-12.7;-
Istjørndalen;SN99770;12.04.2024 22:00;-12.4;-
Istjørndalen;SN99770;12.04.2024 23:00;-13.5;-
Istjørndalen;SN99770;13.04.2024 00:00;-10.6;-
Istjørndalen;SN99770;13.04.2024 01:00;-7.9;-
Istjørndalen;SN99770;13.04.2024 02:00;-8.3;-
Istjørndalen;SN99770;13.04.2024 03:00;-8.1;-
Istjørndalen;SN99770;13.04.2024 04:00;-6.9;-
Istjørndalen;SN99770;13.04.2024 05:00;-6.2;-
Istjørndalen;SN99770;13.04.2024 06:00;-6.3;-
Istjørndalen;SN99770;13.04.2024 07:00;-5.7;-
Istjørndalen;SN99770;13.04.2024 08:00;-5.8;-
Istjørndalen;SN99770;13.04.2024 09:00;-5.7;-
Istjørndalen;SN99770;13.04.2024 10:00;-5.4;-
Istjørndalen;SN99770;13.04.2024 11:00;-5.2;-
Istjørndalen;SN99770;13.04.2024 12:00;-5.5;-
Istjørndalen;SN99770;13.04.2024 13:00;-5.6;-
Istjørndalen;SN99770;13.04.2024 14:00;-6.3;-
Istjørndalen;SN99770;13.04.2024 15:00;-6;-
Istjørndalen;SN99770;13.04.2024 16:00;-5.9;-
Istjørndalen;SN99770;13.04.2024 17:00;-6.1;-
Istjørndalen;SN99770;13.04.2024 18:00;-6.6;-
Istjørndalen;SN99770;13.04.2024 19:00;-6.9;-
Istjørndalen;SN99770;13.04.2024 20:00;-7.2;-
Istjørndalen;SN99770;13.04.2024 21:00;-7.6;-
Istjørndalen;SN99770;13.04.2024 22:00;-7.3;-
Istjørndalen;SN99770;13.04.2024 23:00;-9.8;-
Istjørndalen;SN99770;14.04.2024 00:00;-10.7;-
Istjørndalen;SN99770;14.04.2024 01:00;-13.1;-
Istjørndalen;SN99770;14.04.2024 02:00;-11.3;-
Istjørndalen;SN99770;14.04.2024 03:00;-11.7;-
Istjørndalen;SN99770;14.04.2024 04:00;-11.8;-
Istjørndalen;SN99770;14.04.2024 05:00;-10.8;-
Istjørndalen;SN99770;14.04.2024 06:00;-12.4;-
Istjørndalen;SN99770;14.04.2024 07:00;-11.9;-
Istjørndalen;SN99770;14.04.2024 08:00;-10.4;-
Istjørndalen;SN99770;14.04.2024 09:00;-11.3;-
Istjørndalen;SN99770;14.04.2024 10:00;-10.2;-
Istjørndalen;SN99770;14.04.2024 11:00;-10.3;-
Istjørndalen;SN99770;14.04.2024 12:00;-10.2;-
Istjørndalen;SN99770;14.04.2024 13:00;-10.3;-
Istjørndalen;SN99770;14.04.2024 14:00;-10.5;-
Istjørndalen;SN99770;14.04.2024 15:00;-10.7;-
Istjørndalen;SN99770;14.04.2024 16:00;-11.2;-
Istjørndalen;SN99770;14.04.2024 17:00;-11.7;-
Istjørndalen;SN99770;14.04.2024 18:00;-11.7;-
Istjørndalen;SN99770;14.04.2024 19:00;-13.2;-
Istjørndalen;SN99770;14.04.2024 20:00;-16.2;-
Istjørndalen;SN99770;14.04.2024 21:00;-16.1;-
Istjørndalen;SN99770;14.04.2024 22:00;-16.4;-
Istjørndalen;SN99770;14.04.2024 23:00;-18.2;-
Istjørndalen;SN99770;15.04.2024 00:00;-17.2;-
Istjørndalen;SN99770;15.04.2024 01:00;-19.6;-
Istjørndalen;SN99770;15.04.2024 02:00;-18.4;-
Istjørndalen;SN99770;15.04.2024 03:00;-19.1;-
Istjørndalen;SN99770;15.04.2024 04:00;-21.1;-
Istjørndalen;SN99770;15.04.2024 05:00;-18.4;-
Istjørndalen;SN99770;15.04.2024 06:00;-18.1;-
Istjørndalen;SN99770;15.04.2024 07:00;-17.8;-
Istjørndalen;SN99770;15.04.2024 08:00;-15.5;-
Istjørndalen;SN99770;15.04.2024 09:00;-14;-
Istjørndalen;SN99770;15.04.2024 10:00;-14;-
Istjørndalen;SN99770;15.04.2024 11:00;-13.7;-
Istjørndalen;SN99770;15.04.2024 12:00;-13.5;-
Istjørndalen;SN99770;15.04.2024 13:00;-15.5;-
Istjørndalen;SN99770;15.04.2024 14:00;-16.3;-
Istjørndalen;SN99770;15.04.2024 15:00;-14.9;-
Istjørndalen;SN99770;15.04.2024 16:00;-16.2;-
Istjørndalen;SN99770;15.04.2024 17:00;-15.9;-
Istjørndalen;SN99770;15.04.2024 18:00;-17.3;-
Istjørndalen;SN99770;15.04.2024 19:00;-19.2;-
Istjørndalen;SN99770;15.04.2024 20:00;-18;-
Istjørndalen;SN99770;15.04.2024 21:00;-17.4;-
Istjørndalen;SN99770;15.04.2024 22:00;-17.4;-
Istjørndalen;SN99770;15.04.2024 23:00;-17.5;-
Istjørndalen;SN99770;16.04.2024 00:00;-16.7;-
Istjørndalen;SN99770;16.04.2024 01:00;-17;-
Istjørndalen;SN99770;16.04.2024 02:00;-16.7;-
Istjørndalen;SN99770;16.04.2024 03:00;-17;-
Istjørndalen;SN99770;16.04.2024 04:00;-16.3;-
Istjørndalen;SN99770;16.04.2024 05:00;-16.3;-
Istjørndalen;SN99770;16.04.2024 06:00;-15.5;-
Istjørndalen;SN99770;16.04.2024 07:00;-14.9;-
Istjørndalen;SN99770;16.04.2024 08:00;-13.6;-
Istjørndalen;SN99770;16.04.2024 09:00;-16;-
Istjørndalen;SN99770;16.04.2024 10:00;-13.9;-
Istjørndalen;SN99770;16.04.2024 11:00;-12.9;-
Istjørndalen;SN99770;16.04.2024 12:00;-14.7;-
Istjørndalen;SN99770;16.04.2024 13:00;-11.4;-
Istjørndalen;SN99770;16.04.2024 14:00;-13.8;-
Istjørndalen;SN99770;16.04.2024 15:00;-12.5;-
Istjørndalen;SN99770;16.04.2024 16:00;-13.1;-
Istjørndalen;SN99770;16.04.2024 17:00;-14.4;-
Istjørndalen;SN99770;16.04.2024 18:00;-14;-
Istjørndalen;SN99770;16.04.2024 19:00;-13.1;-
Istjørndalen;SN99770;16.04.2024 20:00;-13.3;-
Istjørndalen;SN99770;16.04.2024 21:00;-13.1;-
Istjørndalen;SN99770;16.04.2024 22:00;-13.3;-
Istjørndalen;SN99770;16.04.2024 23:00;-12.2;-
Istjørndalen;SN99770;17.04.2024 00:00;-13.3;-
Istjørndalen;SN99770;17.04.2024 01:00;-12.2;-
Istjørndalen;SN99770;17.04.2024 02:00;-11;-
Istjørndalen;SN99770;17.04.2024 03:00;-11;-
Istjørndalen;SN99770;17.04.2024 04:00;-13.2;-
Istjørndalen;SN99770;17.04.2024 05:00;-11.4;-
Istjørndalen;SN99770;17.04.2024 06:00;-10.6;-
Istjørndalen;SN99770;17.04.2024 07:00;-11.8;-
Istjørndalen;SN99770;17.04.2024 08:00;-13;-
Istjørndalen;SN99770;17.04.2024 09:00;-10.5;-
Istjørndalen;SN99770;17.04.2024 10:00;-10.5;-
Istjørndalen;SN99770;17.04.2024 11:00;-9.9;-
Istjørndalen;SN99770;17.04.2024 12:00;-12.5;-
Istjørndalen;SN99770;17.04.2024 13:00;-10.9;-
Istjørndalen;SN99770;17.04.2024 14:00;-10;-
Istjørndalen;SN99770;17.04.2024 15:00;-10.9;-
Istjørndalen;SN99770;17.04.2024 16:00;-11.4;-
Istjørndalen;SN99770;17.04.2024 17:00;-10.6;-
Istjørndalen;SN99770;17.04.2024 18:00;-10.9;-
Istjørndalen;SN99770;17.04.2024 19:00;-12.1;-
Istjørndalen;SN99770;17.04.2024 20:00;-12.3;-
Istjørndalen;SN99770;17.04.2024 21:00;-13.4;-
Istjørndalen;SN99770;17.04.2024 22:00;-11.6;-
Istjørndalen;SN99770;17.04.2024 23:00;-13;-
Istjørndalen;SN99770;18.04.2024 00:00;-13.4;-
Istjørndalen;SN99770;18.04.2024 01:00;-10.8;-
Istjørndalen;SN99770;18.04.2024 02:00;-10.6;-
Istjørndalen;SN99770;18.04.2024 03:00;-9.4;-
Istjørndalen;SN99770;18.04.2024 04:00;-10.3;-
Istjørndalen;SN99770;18.04.2024 05:00;-10.5;-
Istjørndalen;SN99770;18.04.2024 06:00;-7.4;-
Istjørndalen;SN99770;18.04.2024 07:00;-4.3;-
Istjørndalen;SN99770;18.04.2024 08:00;-5.4;-
Istjørndalen;SN99770;18.04.2024 09:00;-4.8;-
Istjørndalen;SN99770;18.04.2024 10:00;-5.8;-
Istjørndalen;SN99770;18.04.2024 11:00;-5;-
Istjørndalen;SN99770;18.04.2024 12:00;-5.1;-
Istjørndalen;SN99770;18.04.2024 13:00;-4.3;-
Istjørndalen;SN99770;18.04.2024 14:00;-3.8;-
Istjørndalen;SN99770;18.04.2024 15:00;-4.4;-
Istjørndalen;SN99770;18.04.2024 16:00;-4;-
Istjørndalen;SN99770;18.04.2024 17:00;-5.5;-
Istjørndalen;SN99770;18.04.2024 18:00;-5;-
Istjørndalen;SN99770;18.04.2024 19:00;-3.8;-
Istjørndalen;SN99770;18.04.2024 20:00;-3.2;-
Istjørndalen;SN99770;18.04.2024 21:00;-4.3;-
Istjørndalen;SN99770;18.04.2024 22:00;-3.8;-
Istjørndalen;SN99770;18.04.2024 23:00;-1.4;-
Istjørndalen;SN99770;19.04.2024 00:00;-1.6;-
Istjørndalen;SN99770;19.04.2024 01:00;-2;-
Istjørndalen;SN99770;19.04.2024 02:00;-2.6;-
Istjørndalen;SN99770;19.04.2024 03:00;-2.5;-
Istjørndalen;SN99770;19.04.2024 04:00;-3;-
Istjørndalen;SN99770;19.04.2024 05:00;-3;-
Istjørndalen;SN99770;19.04.2024 06:00;-3.6;-
Istjørndalen;SN99770;19.04.2024 07:00;-3.7;-
Istjørndalen;SN99770;19.04.2024 08:00;-3.8;-
Istjørndalen;SN99770;19.04.2024 09:00;-3.8;-
Istjørndalen;SN99770;19.04.2024 10:00;-3.8;-
Istjørndalen;SN99770;19.04.2024 11:00;-3.8;-
Istjørndalen;SN99770;19.04.2024 12:00;-3.4;-
Istjørndalen;SN99770;19.04.2024 13:00;-3.3;-
Istjørndalen;SN99770;19.04.2024 14:00;-3.3;-
Istjørndalen;SN99770;19.04.2024 15:00;-3.5;-
Istjørndalen;SN99770;19.04.2024 16:00;-3.1;-
Istjørndalen;SN99770;19.04.2024 17:00;-3.5;-
Istjørndalen;SN99770;19.04.2024 18:00;-4;-
Istjørndalen;SN99770;19.04.2024 19:00;-3.8;-
Istjørndalen;SN99770;19.04.2024 20:00;-3.9;-
Istjørndalen;SN99770;19.04.2024 21:00;-4.1;-
Istjørndalen;SN99770;19.04.2024 22:00;-4.1;-
Istjørndalen;SN99770;19.04.2024 23:00;-3.3;-
Istjørndalen;SN99770;20.04.2024 00:00;-3.2;-
Istjørndalen;SN99770;20.04.2024 01:00;-3.3;-
Istjørndalen;SN99770;20.04.2024 02:00;-3.3;-
Istjørndalen;SN99770;20.04.2024 03:00;-3;-
Istjørndalen;SN99770;20.04.2024 04:00;-2.6;-
Istjørndalen;SN99770;20.04.2024 05:00;-2.4;-
Istjørndalen;SN99770;20.04.2024 06:00;-2.3;-
Istjørndalen;SN99770;20.04.2024 07:00;-2.3;-
Istjørndalen;SN99770;20.04.2024 08:00;-1.8;-
Istjørndalen;SN99770;20.04.2024 09:00;-1.7;-
Istjørndalen;SN99770;20.04.2024 10:00;-1.9;-
Istjørndalen;SN99770;20.04.2024 11:00;-1.8;-
Istjørndalen;SN99770;20.04.2024 12:00;-1.6;-
Istjørndalen;SN99770;20.04.2024 13:00;-1.8;-
Istjørndalen;SN99770;20.04.2024 14:00;-1.4;-
Istjørndalen;SN99770;20.04.2024 15:00;-1.4;-
Istjørndalen;SN99770;20.04.2024 16:00;-2.5;-
Istjørndalen;SN99770;20.04.2024 17:00;-2.6;-
Istjørndalen;SN99770;20.04.2024 18:00;-2;-
Istjørndalen;SN99770;20.04.2024 19:00;-1.6;-
Istjørndalen;SN99770;20.04.2024 20:00;-1.7;-
Istjørndalen;SN99770;20.04.2024 21:00;-2.8;-
Istjørndalen;SN99770;20.04.2024 22:00;-3.3;-
Istjørndalen;SN99770;20.04.2024 23:00;-3.6;-
Istjørndalen;SN99770;21.04.2024 00:00;-4;-
Istjørndalen;SN99770;21.04.2024 01:00;-4.5;-
Istjørndalen;SN99770;21.04.2024 02:00;-4.5;-
Istjørndalen;SN99770;21.04.2024 03:00;-4.7;-
Istjørndalen;SN99770;21.04.2024 04:00;-4.5;-
Istjørndalen;SN99770;21.04.2024 05:00;-4.5;-
Istjørndalen;SN99770;21.04.2024 06:00;-4.7;-
Istjørndalen;SN99770;21.04.2024 07:00;-4.8;-
Istjørndalen;SN99770;21.04.2024 08:00;-4.7;-
Istjørndalen;SN99770;21.04.2024 09:00;-4.5;-
Istjørndalen;SN99770;21.04.2024 10:00;-3.7;-
Istjørndalen;SN99770;21.04.2024 11:00;-2.4;-
Istjørndalen;SN99770;21.04.2024 12:00;-1.3;-
Istjørndalen;SN99770;21.04.2024 13:00;-1.5;-
Istjørndalen;SN99770;21.04.2024 14:00;0.5;-
Istjørndalen;SN99770;21.04.2024 15:00;1.3;-
Istjørndalen;SN99770;21.04.2024 16:00;1.8;-
Istjørndalen;SN99770;21.04.2024 17:00;1.2;-
Istjørndalen;SN99770;21.04.2024 18:00;0.3;-
Istjørndalen;SN99770;21.04.2024 19:00;0.3;-
Istjørndalen;SN99770;21.04.2024 20:00;0.5;-
Istjørndalen;SN99770;21.04.2024 21:00;1;-
Istjørndalen;SN99770;21.04.2024 22:00;1;-
Istjørndalen;SN99770;21.04.2024 23:00;0.9;-
Istjørndalen;SN99770;22.04.2024 00:00;0.9;-
Istjørndalen;SN99770;22.04.2024 01:00;0.4;-
Istjørndalen;SN99770;22.04.2024 02:00;2.4;-
Istjørndalen;SN99770;22.04.2024 03:00;2.7;-
Istjørndalen;SN99770;22.04.2024 04:00;2.6;-
Istjørndalen;SN99770;22.04.2024 05:00;2.3;-
Istjørndalen;SN99770;22.04.2024 06:00;2.4;-
Istjørndalen;SN99770;22.04.2024 07:00;2.5;-
Istjørndalen;SN99770;22.04.2024 08:00;2.9;-
Istjørndalen;SN99770;22.04.2024 09:00;3.1;-
Istjørndalen;SN99770;22.04.2024 10:00;3.6;-
Istjørndalen;SN99770;22.04.2024 11:00;3.6;-
Istjørndalen;SN99770;22.04.2024 12:00;2.7;-
Istjørndalen;SN99770;22.04.2024 13:00;2.8;-
Istjørndalen;SN99770;22.04.2024 14:00;2.3;-
Istjørndalen;SN99770;22.04.2024 15:00;1.8;-
Istjørndalen;SN99770;22.04.2024 16:00;1.3;-
Istjørndalen;SN99770;22.04.2024 17:00;0.9;-
Istjørndalen;SN99770;22.04.2024 18:00;0.7;-
Istjørndalen;SN99770;22.04.2024 19:00;0.2;-
Istjørndalen;SN99770;22.04.2024 20:00;-1;-
Istjørndalen;SN99770;22.04.2024 21:00;-1.3;-
Istjørndalen;SN99770;22.04.2024 22:00;-1.2;-
Istjørndalen;SN99770;22.04.2024 23:00;-2.3;-
Istjørndalen;SN99770;23.04.2024 00:00;-2.7;-
Istjørndalen;SN99770;23.04.2024 01:00;-2.3;-
Istjørndalen;SN99770;23.04.2024 02:00;-3.1;-
Istjørndalen;SN99770;23.04.2024 03:00;-2.6;-
Istjørndalen;SN99770;23.04.2024 04:00;-2.1;-
Istjørndalen;SN99770;23.04.2024 05:00;-1.9;-
Istjørndalen;SN99770;23.04.2024 06:00;-1.7;-
Istjørndalen;SN99770;23.04.2024 07:00;-0.8;-
Istjørndalen;SN99770;23.04.2024 08:00;-1.1;-
Istjørndalen;SN99770;23.04.2024 09:00;-0.8;-
Istjørndalen;SN99770;23.04.2024 10:00;-0.1;-
Istjørndalen;SN99770;23.04.2024 11:00;-0.1;-
Istjørndalen;SN99770;23.04.2024 12:00;-1.6;-
Istjørndalen;SN99770;23.04.2024 13:00;-1.1;-
Istjørndalen;SN99770;23.04.2024 14:00;-1.2;-
Istjørndalen;SN99770;23.04.2024 15:00;-1.5;-
Istjørndalen;SN99770;23.04.2024 16:00;-0.6;-
Istjørndalen;SN99770;23.04.2024 17:00;-2;-
Istjørndalen;SN99770;23.04.2024 18:00;-1.9;-
Istjørndalen;SN99770;23.04.2024 19:00;-4.4;-
Istjørndalen;SN99770;23.04.2024 20:00;-4.9;-
Istjørndalen;SN99770;23.04.2024 21:00;-6.5;-
Istjørndalen;SN99770;23.04.2024 22:00;-6.2;-
Istjørndalen;SN99770;23.04.2024 23:00;-4.2;-
Istjørndalen;SN99770;24.04.2024 00:00;-4.1;-
Istjørndalen;SN99770;24.04.2024 01:00;-3.1;-
Istjørndalen;SN99770;24.04.2024 02:00;-3.3;-
Istjørndalen;SN99770;24.04.2024 03:00;-3.7;-
Istjørndalen;SN99770;24.04.2024 04:00;-4.1;-
Istjørndalen;SN99770;24.04.2024 05:00;-3.8;-
Istjørndalen;SN99770;24.04.2024 06:00;-4.1;-
Istjørndalen;SN99770;24.04.2024 07:00;-4.3;-
Istjørndalen;SN99770;24.04.2024 08:00;-4.1;-
Istjørndalen;SN99770;24.04.2024 09:00;-3.9;-
Istjørndalen;SN99770;24.04.2024 10:00;-3.9;-
Istjørndalen;SN99770;24.04.2024 11:00;-3.7;-
Istjørndalen;SN99770;24.04.2024 12:00;-3.3;-
Istjørndalen;SN99770;24.04.2024 13:00;-2.8;-
Istjørndalen;SN99770;24.04.2024 14:00;-2.9;-
Istjørndalen;SN99770;24.04.2024 15:00;-2.1;-
Istjørndalen;SN99770;24.04.2024 16:00;-2.1;-
Istjørndalen;SN99770;24.04.2024 17:00;-2.6;-
Istjørndalen;SN99770;24.04.2024 18:00;-2.4;-
Istjørndalen;SN99770;24.04.2024 19:00;-2.6;-
Istjørndalen;SN99770;24.04.2024 20:00;-3;-
Istjørndalen;SN99770;24.04.2024 21:00;-4.8;-
Istjørndalen;SN99770;24.04.2024 22:00;-5.1;-
Istjørndalen;SN99770;24.04.2024 23:00;-4.7;-
Istjørndalen;SN99770;25.04.2024 00:00;-6;-
Istjørndalen;SN99770;25.04.2024 01:00;-5;-
Istjørndalen;SN99770;25.04.2024 02:00;-5.6;-
Istjørndalen;SN99770;25.04.2024 03:00;-4;-
Istjørndalen;SN99770;25.04.2024 04:00;-4.5;-
Istjørndalen;SN99770;25.04.2024 05:00;-4.4;-
Istjørndalen;SN99770;25.04.2024 06:00;-4.1;-
Istjørndalen;SN99770;25.04.2024 07:00;-2.6;-
Istjørndalen;SN99770;25.04.2024 08:00;-1.3;-
Istjørndalen;SN99770;25.04.2024 09:00;-2.5;-
Istjørndalen;SN99770;25.04.2024 10:00;-1.3;-
Istjørndalen;SN99770;25.04.2024 11:00;-0.6;-
Istjørndalen;SN99770;25.04.2024 12:00;-0.7;-
Istjørndalen;SN99770;25.04.2024 13:00;-1.5;-
Istjørndalen;SN99770;25.04.2024 14:00;-1.6;-
Istjørndalen;SN99770;25.04.2024 15:00;-1.5;-
Istjørndalen;SN99770;25.04.2024 16:00;-1.2;-
Istjørndalen;SN99770;25.04.2024 17:00;-2.1;-
Istjørndalen;SN99770;25.04.2024 18:00;-3;-
Istjørndalen;SN99770;25.04.2024 19:00;-3.7;-
Istjørndalen;SN99770;25.04.2024 20:00;-4.3;-
Istjørndalen;SN99770;25.04.2024 21:00;-5.8;-
Istjørndalen;SN99770;25.04.2024 22:00;-5.9;-
Istjørndalen;SN99770;25.04.2024 23:00;-7.1;-
Istjørndalen;SN99770;26.04.2024 00:00;-6.8;-
Istjørndalen;SN99770;26.04.2024 01:00;-7.9;-
Istjørndalen;SN99770;26.04.2024 02:00;-7.5;-
Istjørndalen;SN99770;26.04.2024 03:00;-9.3;-
Istjørndalen;SN99770;26.04.2024 04:00;-8.1;-
Istjørndalen;SN99770;26.04.2024 05:00;-7;-
Istjørndalen;SN99770;26.04.2024 06:00;-6.9;-
Istjørndalen;SN99770;26.04.2024 07:00;-6.7;-
Istjørndalen;SN99770;26.04.2024 08:00;-4.1;-
Istjørndalen;SN99770;26.04.2024 09:00;-1.8;-
Istjørndalen;SN99770;26.04.2024 10:00;-2.8;-
Istjørndalen;SN99770;26.04.2024 11:00;-3.7;-
Istjørndalen;SN99770;26.04.2024 12:00;-4.1;-
Istjørndalen;SN99770;26.04.2024 13:00;-4.5;-
Istjørndalen;SN99770;26.04.2024 14:00;-4.3;-
Istjørndalen;SN99770;26.04.2024 15:00;-4;-
Istjørndalen;SN99770;26.04.2024 16:00;-3.7;-
Istjørndalen;SN99770;26.04.2024 17:00;-4.5;-
Istjørndalen;SN99770;26.04.2024 18:00;-4.3;-
Istjørndalen;SN99770;26.04.2024 19:00;-5.6;-
Istjørndalen;SN99770;26.04.2024 20:00;-6.4;-
Istjørndalen;SN99770;26.04.2024 21:00;-8.3;-
Istjørndalen;SN99770;26.04.2024 22:00;-6.9;-
Istjørndalen;SN99770;26.04.2024 23:00;-6.8;-
Istjørndalen;SN99770;27.04.2024 00:00;-8.2;-
Istjørndalen;SN99770;27.04.2024 01:00;-7.8;-
Istjørndalen;SN99770;27.04.2024 02:00;-8.2;-
Istjørndalen;SN99770;27.04.2024 03:00;-8.1;-
Istjørndalen;SN99770;27.04.2024 04:00;-7;-
Istjørndalen;SN99770;27.04.2024 05:00;-5.8;-
Istjørndalen;SN99770;27.04.2024 06:00;-5.4;-
Istjørndalen;SN99770;27.04.2024 07:00;-5.2;-
Istjørndalen;SN99770;27.04.2024 08:00;-4.4;-
Istjørndalen;SN99770;27.04.2024 09:00;-4.8;-
Istjørndalen;SN99770;27.04.2024 10:00;-4.7;-
Istjørndalen;SN99770;27.04.2024 11:00;-2.7;-
Istjørndalen;SN99770;27.04.2024 12:00;-2.9;-
Istjørndalen;SN99770;27.04.2024 13:00;-3.2;-
Istjørndalen;SN99770;27.04.2024 14:00;-0.7;-
Istjørndalen;SN99770;27.04.2024 15:00;-3.5;-
Istjørndalen;SN99770;27.04.2024 16:00;-2.1;-
Istjørndalen;SN99770;27.04.2024 17:00;-3;-
Istjørndalen;SN99770;27.04.2024 18:00;-2.8;-
Istjørndalen;SN99770;27.04.2024 19:00;-2.8;-
Istjørndalen;SN99770;27.04.2024 20:00;-2.8;-
Istjørndalen;SN99770;27.04.2024 21:00;-2.8;-
Istjørndalen;SN99770;27.04.2024 22:00;-2.7;-
Istjørndalen;SN99770;27.04.2024 23:00;-2.8;-
Istjørndalen;SN99770;28.04.2024 00:00;-2.6;-
Istjørndalen;SN99770;28.04.2024 01:00;-2.1;-
Istjørndalen;SN99770;28.04.2024 02:00;-1.6;-
Istjørndalen;SN99770;28.04.2024 03:00;-1.9;-
Istjørndalen;SN99770;28.04.2024 04:00;-1.9;-
Istjørndalen;SN99770;28.04.2024 05:00;-1.8;-
Istjørndalen;SN99770;28.04.2024 06:00;-1.4;-
Istjørndalen;SN99770;28.04.2024 07:00;-0.1;-
Istjørndalen;SN99770;28.04.2024 08:00;-0.5;-
Istjørndalen;SN99770;28.04.2024 09:00;0.2;-
Istjørndalen;SN99770;28.04.2024 10:00;0.6;-
Istjørndalen;SN99770;28.04.2024 11:00;0.9;-
Istjørndalen;SN99770;28.04.2024 12:00;1.1;-
Istjørndalen;SN99770;28.04.2024 13:00;0.8;-
Istjørndalen;SN99770;28.04.2024 14:00;0.5;-
Istjørndalen;SN99770;28.04.2024 15:00;1;-
Istjørndalen;SN99770;28.04.2024 16:00;0.5;-
Istjørndalen;SN99770;28.04.2024 17:00;0.3;-
Istjørndalen;SN99770;28.04.2024 18:00;-0.2;-
Istjørndalen;SN99770;28.04.2024 19:00;0.2;-
Istjørndalen;SN99770;28.04.2024 20:00;0.2;-
Istjørndalen;SN99770;28.04.2024 21:00;-0.7;-
Istjørndalen;SN99770;28.04.2024 22:00;-0.7;-
Istjørndalen;SN99770;28.04.2024 23:00;-1;-
Istjørndalen;SN99770;29.04.2024 00:00;-0.6;-
Istjørndalen;SN99770;29.04.2024 01:00;-0.3;-
Istjørndalen;SN99770;29.04.2024 02:00;-0.2;-
Istjørndalen;SN99770;29.04.2024 03:00;-0.4;-
Istjørndalen;SN99770;29.04.2024 04:00;-0.6;-
Istjørndalen;SN99770;29.04.2024 05:00;-0.3;-
Istjørndalen;SN99770;29.04.2024 06:00;0;-
Istjørndalen;SN99770;29.04.2024 07:00;0.2;-
Istjørndalen;SN99770;29.04.2024 08:00;0.3;-
Istjørndalen;SN99770;29.04.2024 09:00;1.2;-
Istjørndalen;SN99770;29.04.2024 10:00;0.6;-
Istjørndalen;SN99770;29.04.2024 11:00;0.7;-
Istjørndalen;SN99770;29.04.2024 12:00;0.9;-
Istjørndalen;SN99770;29.04.2024 13:00;1.9;-
Istjørndalen;SN99770;29.04.2024 14:00;1.1;-
Istjørndalen;SN99770;29.04.2024 15:00;1.4;-
Istjørndalen;SN99770;29.04.2024 16:00;1.9;-
Istjørndalen;SN99770;29.04.2024 17:00;0.8;-
Istjørndalen;SN99770;29.04.2024 18:00;0.6;-
Istjørndalen;SN99770;29.04.2024 19:00;0;-
Istjørndalen;SN99770;29.04.2024 20:00;-0.8;-
Istjørndalen;SN99770;29.04.2024 21:00;-1.2;-
Istjørndalen;SN99770;29.04.2024 22:00;-0.7;-
Istjørndalen;SN99770;29.04.2024 23:00;-0.8;-
Istjørndalen;SN99770;30.04.2024 00:00;-0.7;-
Istjørndalen;SN99770;30.04.2024 01:00;-0.9;-
Istjørndalen;SN99770;30.04.2024 02:00;-0.9;-
Istjørndalen;SN99770;30.04.2024 03:00;-0.9;-
Istjørndalen;SN99770;30.04.2024 04:00;-0.8;-
Istjørndalen;SN99770;30.04.2024 05:00;-0.7;-
Istjørndalen;SN99770;30.04.2024 06:00;-0.5;-
Istjørndalen;SN99770;30.04.2024 07:00;-0.1;-
Istjørndalen;SN99770;30.04.2024 08:00;0;-
Istjørndalen;SN99770;30.04.2024 09:00;0;-
Istjørndalen;SN99770;30.04.2024 10:00;0.5;-
Istjørndalen;SN99770;30.04.2024 11:00;0.4;-
Istjørndalen;SN99770;30.04.2024 12:00;0.3;-
Istjørndalen;SN99770;30.04.2024 13:00;0.3;-
Istjørndalen;SN99770;30.04.2024 14:00;0.6;-
Istjørndalen;SN99770;30.04.2024 15:00;0.8;-
Istjørndalen;SN99770;30.04.2024 16:00;1;-
Istjørndalen;SN99770;30.04.2024 17:00;0.7;-
Istjørndalen;SN99770;30.04.2024 18:00;0.6;-
Istjørndalen;SN99770;30.04.2024 19:00;0.4;-
Istjørndalen;SN99770;30.04.2024 20:00;0.2;-
Istjørndalen;SN99770;30.04.2024 21:00;0;-
Istjørndalen;SN99770;30.04.2024 22:00;0;-
Istjørndalen;SN99770;30.04.2024 23:00;-0.1;-
Istjørndalen;SN99770;01.05.2024 00:00;-0.2;-
Istjørndalen;SN99770;01.05.2024 01:00;-0.4;-
Istjørndalen;SN99770;01.05.2024 02:00;-0.6;-
Istjørndalen;SN99770;01.05.2024 03:00;-0.9;-
Istjørndalen;SN99770;01.05.2024 04:00;-1;-
Istjørndalen;SN99770;01.05.2024 05:00;-1;-
Istjørndalen;SN99770;01.05.2024 06:00;-0.7;-
Istjørndalen;SN99770;01.05.2024 07:00;-0.6;-
Istjørndalen;SN99770;01.05.2024 08:00;-0.6;-
Istjørndalen;SN99770;01.05.2024 09:00;-0.6;-
Istjørndalen;SN99770;01.05.2024 10:00;0.1;-
Istjørndalen;SN99770;01.05.2024 11:00;0.5;-
Istjørndalen;SN99770;01.05.2024 12:00;0.6;-
Istjørndalen;SN99770;01.05.2024 13:00;0.2;-
Istjørndalen;SN99770;01.05.2024 14:00;0.5;-
Istjørndalen;SN99770;01.05.2024 15:00;0.9;-
Istjørndalen;SN99770;01.05.2024 16:00;0.6;-
Istjørndalen;SN99770;01.05.2024 17:00;-0.5;-
Istjørndalen;SN99770;01.05.2024 18:00;-0.8;-
Istjørndalen;SN99770;01.05.2024 19:00;-1;-
Istjørndalen;SN99770;01.05.2024 20:00;-1.1;-
Istjørndalen;SN99770;01.05.2024 21:00;-1.1;-
Istjørndalen;SN99770;01.05.2024 22:00;-1.3;-
Istjørndalen;SN99770;01.05.2024 23:00;-1.7;-
Istjørndalen;SN99770;02.05.2024 00:00;-2;-
Data valid for 31.07.2025 (CC BY 4.0), The Norwegian Meteorological Institute (MET Norway);;;;